o crystal_red
v 1.2969996929168701 0 3.131229877471924
v 0.0000018644128658706904 -0.337856262922287 3.277634620666504
v 1.2542974948883057 -0.33785632252693176 3.028139114379883
v 0.0000018644128658706904 -0.337856262922287 3.277634620666504
v 1.2969996929168701 0 3.131229877471924
v 0.0000019255512597737834 0 3.3892195224761963
v 1.2542974948883057 -0.33785632252693176 3.028139114379883
v 2.3965413570404053 0 2.3965394496917725
v 1.2969996929168701 0 3.131229877471924
v 2.3965413570404053 0 2.3965394496917725
v 1.2542974948883057 -0.33785632252693176 3.028139114379883
v 2.317638874053955 -0.3378562033176422 2.317636251449585
v 2.317638874053955 -0.3378562033176422 2.317636251449585
v 3.1312315464019775 0 1.2969963550567627
v 2.3965413570404053 0 2.3965394496917725
v 3.1312315464019775 0 1.2969963550567627
v 2.317638874053955 -0.3378562033176422 2.317636251449585
v 3.0281403064727783 -0.33785632252693176 1.254294991493225
v 3.0281403064727783 -0.33785632252693176 1.254294991493225
v 3.389219284057617 0 -0.0000022618323782808147
v 3.1312315464019775 0 1.2969963550567627
v 3.389219284057617 0 -0.0000022618323782808147
v 3.0281403064727783 -0.33785632252693176 1.254294991493225
v 3.277634620666504 -0.337856262922287 -0.000002189779024774907
v 3.277634620666504 -0.337856262922287 -0.000002189779024774907
v 3.1312296390533447 0 -1.2969996929168701
v 3.389219284057617 0 -0.0000022618323782808147
v 3.1312296390533447 0 -1.2969996929168701
v 3.277634620666504 -0.337856262922287 -0.000002189779024774907
v 3.0281386375427246 -0.33785632252693176 -1.2542974948883057
v 3.0281386375427246 -0.33785632252693176 -1.2542974948883057
v 2.3965392112731934 0 -2.396541118621826
v 3.1312296390533447 0 -1.2969996929168701
v 2.3965392112731934 0 -2.396541118621826
v 3.0281386375427246 -0.33785632252693176 -1.2542974948883057
v 2.317636251449585 -0.33785614371299744 -2.317638635635376
v 2.317636251449585 -0.33785614371299744 -2.317638635635376
v 1.2969961166381836 0 -3.1312315464019775
v 2.3965392112731934 0 -2.396541118621826
v 1.2969961166381836 0 -3.1312315464019775
v 2.317636251449585 -0.33785614371299744 -2.317638635635376
v 1.254294753074646 -0.33785632252693176 -3.028140068054199
v 1.254294753074646 -0.33785632252693176 -3.028140068054199
v -0.0000025981137241615215 0 -3.389219284057617
v 1.2969961166381836 0 -3.1312315464019775
v -0.0000025981137241615215 0 -3.389219284057617
v 1.254294753074646 -0.33785632252693176 -3.028140068054199
v -0.0000025151448426186107 -0.33785632252693176 -3.277634620666504
v 0.0000015017465102573624 -0.6922677755355835 2.728120803833008
v 1.006845235824585 -1.271605134010315 2.4307355880737305
v 1.0440078973770142 -0.6922680735588074 2.520453929901123
v 1.8604059219360352 -1.2716052532196045 1.8604040145874023
v 1.0440078973770142 -0.6922680735588074 2.520453929901123
v 1.006845235824585 -1.271605134010315 2.4307355880737305
v 1.0440078973770142 -0.6922680735588074 2.520453929901123
v 1.8604059219360352 -1.2716052532196045 1.8604040145874023
v 1.9290738105773926 -0.6922672390937805 1.9290719032287598
v 1.006845235824585 -1.271605134010315 2.4307355880737305
v 0.0000015017465102573624 -0.6922677755355835 2.728120803833008
v 0.0000014379659205587814 -1.271605134010315 2.631009817123413
v 1.9290738105773926 -0.6922672390937805 1.9290719032287598
v 2.430737257003784 -1.2716052532196045 1.0068424940109253
v 2.520455837249756 -0.6922680735588074 1.044005036354065
v 2.430737257003784 -1.2716052532196045 1.0068424940109253
v 1.9290738105773926 -0.6922672390937805 1.9290719032287598
v 1.8604059219360352 -1.2716052532196045 1.8604040145874023
v 2.631009817123413 -1.271605134010315 -0.0000017288712115259841
v 2.520455837249756 -0.6922680735588074 1.044005036354065
v 2.430737257003784 -1.2716052532196045 1.0068424940109253
v 2.520455837249756 -0.6922680735588074 1.044005036354065
v 2.631009817123413 -1.271605134010315 -0.0000017288712115259841
v 2.7281205654144287 -0.6922677755355835 -0.000001799642518562905
v 2.4307353496551514 -1.2716050148010254 -1.006845235824585
v 2.7281205654144287 -0.6922677755355835 -0.000001799642518562905
v 2.631009817123413 -1.271605134010315 -0.0000017288712115259841
v 2.7281205654144287 -0.6922677755355835 -0.000001799642518562905
v 2.4307353496551514 -1.2716050148010254 -1.006845235824585
v 2.520453929901123 -0.6922680139541626 -1.0440078973770142
v 1.8604038953781128 -1.271605134010315 -1.8604059219360352
v 2.520453929901123 -0.6922680139541626 -1.0440078973770142
v 2.4307353496551514 -1.2716050148010254 -1.006845235824585
v 2.520453929901123 -0.6922680139541626 -1.0440078973770142
v 1.8604038953781128 -1.271605134010315 -1.8604059219360352
v 1.9290716648101807 -0.6922671794891357 -1.9290738105773926
v 1.006845235824585 -1.271605134010315 2.4307355880737305
v 0.0000016258674122582306 -1.4495728015899658 2.9155704975128174
v 1.1157417297363281 -1.4495726823806763 2.6936352252960205
v 0.0000016258674122582306 -1.4495728015899658 2.9155704975128174
v 1.006845235824585 -1.271605134010315 2.4307355880737305
v 0.0000014379659205587814 -1.271605134010315 2.631009817123413
v 1.1157417297363281 -1.4495726823806763 2.6936352252960205
v 1.8604059219360352 -1.2716052532196045 1.8604040145874023
v 1.006845235824585 -1.271605134010315 2.4307355880737305
v 1.8604059219360352 -1.2716052532196045 1.8604040145874023
v 1.1157417297363281 -1.4495726823806763 2.6936352252960205
v 2.0616209506988525 -1.4495728015899658 2.0616185665130615
v 2.0616209506988525 -1.4495728015899658 2.0616185665130615
v 2.430737257003784 -1.2716052532196045 1.0068424940109253
v 1.8604059219360352 -1.2716052532196045 1.8604040145874023
v 2.430737257003784 -1.2716052532196045 1.0068424940109253
v 2.0616209506988525 -1.4495728015899658 2.0616185665130615
v 2.693636894226074 -1.4495728015899658 1.115739345550537
v 2.631009817123413 -1.271605134010315 -0.0000017288712115259841
v 2.693636894226074 -1.4495728015899658 1.115739345550537
v 2.9155704975128174 -1.4495728015899658 -0.0000019317790247441735
v 2.693636894226074 -1.4495728015899658 1.115739345550537
v 2.631009817123413 -1.271605134010315 -0.0000017288712115259841
v 2.430737257003784 -1.2716052532196045 1.0068424940109253
v 2.9155704975128174 -1.4495728015899658 -0.0000019317790247441735
v 2.4307353496551514 -1.2716050148010254 -1.006845235824585
v 2.631009817123413 -1.271605134010315 -0.0000017288712115259841
v 2.4307353496551514 -1.2716050148010254 -1.006845235824585
v 2.9155704975128174 -1.4495728015899658 -0.0000019317790247441735
v 2.6936347484588623 -1.4495725631713867 -1.1157417297363281
v 2.6936347484588623 -1.4495725631713867 -1.1157417297363281
v 1.8604038953781128 -1.271605134010315 -1.8604059219360352
v 2.4307353496551514 -1.2716050148010254 -1.006845235824585
v 1.8604038953781128 -1.271605134010315 -1.8604059219360352
v 2.6936347484588623 -1.4495725631713867 -1.1157417297363281
v 2.0616183280944824 -1.4495726823806763 -2.0616209506988525
v 2.0616183280944824 -1.4495726823806763 -2.0616209506988525
v 1.0068422555923462 -1.271605134010315 -2.430737018585205
v 1.8604038953781128 -1.271605134010315 -1.8604059219360352
v 1.0068422555923462 -1.271605134010315 -2.430737018585205
v 2.0616183280944824 -1.4495726823806763 -2.0616209506988525
v 1.115739107131958 -1.4495726823806763 -2.693636417388916
v 0.0000017002406593746855 -1.978451132774353 3.034457206726074
v 0.9463746547698975 -1.9784504175186157 2.2847466468811035
v 1.1612378358840942 -1.978451132774353 2.8034722805023193
v 0.9463746547698975 -1.9784504175186157 2.2847466468811035
v 0.0000017002406593746855 -1.978451132774353 3.034457206726074
v 0.00000148250046549947 -1.9784504175186157 2.4729931354522705
v 0.9463746547698975 -1.9784504175186157 2.2847466468811035
v 1.653462290763855 -2.0439369678497314 2.474578619003296
v 1.1612378358840942 -1.978451132774353 2.8034722805023193
v 1.653462290763855 -2.0439369678497314 2.474578619003296
v 0.9463746547698975 -1.9784504175186157 2.2847466468811035
v 1.3475227355957031 -2.0439364910125732 2.0167083740234375
v 1.653462290763855 -2.0439369678497314 2.474578619003296
v 1.3475227355957031 -2.0439364910125732 2.0167083740234375
v 1.8995739221572876 -2.1460559368133545 2.310131788253784
v 1.8995739221572876 -2.1460559368133545 2.310131788253784
v 1.3475227355957031 -2.0439364910125732 2.0167083740234375
v 1.548097014427185 -2.146055221557617 1.8826892375946045
v 1.748671054840088 -2.299855947494507 1.7486692667007446
v 1.8995739221572876 -2.1460559368133545 2.310131788253784
v 1.548097014427185 -2.146055221557617 1.8826892375946045
v 1.8995739221572876 -2.1460559368133545 2.310131788253784
v 1.748671054840088 -2.299855947494507 1.7486692667007446
v 2.145686626434326 -2.299856662750244 2.145684242248535
v 1.748671054840088 -2.299855947494507 1.7486692667007446
v 2.310133218765259 -2.1460559368133545 1.8995721340179443
v 2.145686626434326 -2.299856662750244 2.145684242248535
v 2.310133218765259 -2.1460559368133545 1.8995721340179443
v 1.748671054840088 -2.299855947494507 1.7486692667007446
v 1.882690191268921 -2.1460554599761963 1.5480948686599731
v 2.310133218765259 -2.1460559368133545 1.8995721340179443
v 1.882690191268921 -2.1460554599761963 1.5480948686599731
v 2.016709804534912 -2.0439364910125732 1.3475207090377808
v 2.310133218765259 -2.1460559368133545 1.8995721340179443
v 2.016709804534912 -2.0439364910125732 1.3475207090377808
v 2.4745800495147705 -2.0439369678497314 1.6534596681594849
v 2.2847485542297363 -1.9784504175186157 0.9463722109794617
v 2.4745800495147705 -2.0439369678497314 1.6534596681594849
v 2.016709804534912 -2.0439364910125732 1.3475207090377808
v 2.4745800495147705 -2.0439369678497314 1.6534596681594849
v 2.2847485542297363 -1.9784504175186157 0.9463722109794617
v 2.803473949432373 -1.978451132774353 1.1612350940704346
v 2.4729928970336914 -1.9784502983093262 -0.000001679544539001654
v 2.803473949432373 -1.978451132774353 1.1612350940704346
v 2.2847485542297363 -1.9784504175186157 0.9463722109794617
v 2.803473949432373 -1.978451132774353 1.1612350940704346
v 2.4729928970336914 -1.9784502983093262 -0.000001679544539001654
v 3.034457206726074 -1.978450894355774 -0.0000020137488263571868
v 2.2847466468811035 -1.9784502983093262 -0.9463747143745422
v 3.034457206726074 -1.978450894355774 -0.0000020137488263571868
v 2.4729928970336914 -1.9784502983093262 -0.000001679544539001654
v 3.034457206726074 -1.978450894355774 -0.0000020137488263571868
v 2.2847466468811035 -1.9784502983093262 -0.9463747143745422
v 2.8034720420837402 -1.978450894355774 -1.1612378358840942
v 2.2847466468811035 -1.9784502983093262 -0.9463747143745422
v 2.474578619003296 -2.0439367294311523 -1.653462290763855
v 2.8034720420837402 -1.978450894355774 -1.1612378358840942
v 2.474578619003296 -2.0439367294311523 -1.653462290763855
v 2.2847466468811035 -1.9784502983093262 -0.9463747143745422
v 2.0167081356048584 -2.043936252593994 -1.3475227355957031
v 2.474578619003296 -2.0439367294311523 -1.653462290763855
v 2.0167081356048584 -2.043936252593994 -1.3475227355957031
v 2.310131549835205 -2.1460556983947754 -1.8995739221572876
v 2.310131549835205 -2.1460556983947754 -1.8995739221572876
v 2.0167081356048584 -2.043936252593994 -1.3475227355957031
v 1.8826888799667358 -2.146054983139038 -1.548097014427185
v 1.748669147491455 -2.299855947494507 -1.748671054840088
v 2.310131549835205 -2.1460556983947754 -1.8995739221572876
v 1.8826888799667358 -2.146054983139038 -1.548097014427185
v 2.310131549835205 -2.1460556983947754 -1.8995739221572876
v 1.748669147491455 -2.299855947494507 -1.748671054840088
v 2.145684003829956 -2.299856424331665 -2.145686388015747
v 1.748669147491455 -2.299855947494507 -1.748671054840088
v 1.8995720148086548 -2.1460556983947754 -2.3101329803466797
v 2.145684003829956 -2.299856424331665 -2.145686388015747
v 1.8995720148086548 -2.1460556983947754 -2.3101329803466797
v 1.748669147491455 -2.299855947494507 -1.748671054840088
v 1.5480947494506836 -2.146055221557617 -1.882690191268921
v 1.8995720148086548 -2.1460556983947754 -2.3101329803466797
v 1.5480947494506836 -2.146055221557617 -1.882690191268921
v 1.3475204706192017 -2.043936252593994 -2.016709566116333
v 1.8995720148086548 -2.1460556983947754 -2.3101329803466797
v 1.3475204706192017 -2.043936252593994 -2.016709566116333
v 1.6534594297409058 -2.0439367294311523 -2.4745795726776123
v 0.9463719725608826 -1.9784502983093262 -2.2847485542297363
v 1.6534594297409058 -2.0439367294311523 -2.4745795726776123
v 1.3475204706192017 -2.043936252593994 -2.016709566116333
v 1.6534594297409058 -2.0439367294311523 -2.4745795726776123
v 0.9463719725608826 -1.9784502983093262 -2.2847485542297363
v 1.1612348556518555 -1.978450894355774 -2.803473472595215
v -0.0000018765888398775132 -1.9784502983093262 -2.4729928970336914
v 1.1612348556518555 -1.978450894355774 -2.803473472595215
v 0.9463719725608826 -1.9784502983093262 -2.2847485542297363
v 1.1612348556518555 -1.978450894355774 -2.803473472595215
v -0.0000018765888398775132 -1.9784502983093262 -2.4729928970336914
v -0.000002327256652279175 -1.978450894355774 -3.034457206726074
v 1.1612378358840942 -1.978451132774353 2.8034722805023193
v 0.0000016258674122582306 -1.4495728015899658 2.9155704975128174
v 0.0000017002406593746855 -1.978451132774353 3.034457206726074
v 0.0000016258674122582306 -1.4495728015899658 2.9155704975128174
v 1.1612378358840942 -1.978451132774353 2.8034722805023193
v 1.1157417297363281 -1.4495726823806763 2.6936352252960205
v 1.653462290763855 -2.0439369678497314 2.474578619003296
v 1.1157417297363281 -1.4495726823806763 2.6936352252960205
v 1.1612378358840942 -1.978451132774353 2.8034722805023193
v 1.1157417297363281 -1.4495726823806763 2.6936352252960205
v 1.653462290763855 -2.0439369678497314 2.474578619003296
v 2.0616209506988525 -1.4495728015899658 2.0616185665130615
v 2.0616209506988525 -1.4495728015899658 2.0616185665130615
v 1.653462290763855 -2.0439369678497314 2.474578619003296
v 1.8995739221572876 -2.1460559368133545 2.310131788253784
v 2.0616209506988525 -1.4495728015899658 2.0616185665130615
v 1.8995739221572876 -2.1460559368133545 2.310131788253784
v 2.145686626434326 -2.299856662750244 2.145684242248535
v 2.310133218765259 -2.1460559368133545 1.8995721340179443
v 2.0616209506988525 -1.4495728015899658 2.0616185665130615
v 2.145686626434326 -2.299856662750244 2.145684242248535
v 2.4745800495147705 -2.0439369678497314 1.6534596681594849
v 2.0616209506988525 -1.4495728015899658 2.0616185665130615
v 2.310133218765259 -2.1460559368133545 1.8995721340179443
v 2.803473949432373 -1.978451132774353 1.1612350940704346
v 2.0616209506988525 -1.4495728015899658 2.0616185665130615
v 2.4745800495147705 -2.0439369678497314 1.6534596681594849
v 2.0616209506988525 -1.4495728015899658 2.0616185665130615
v 2.803473949432373 -1.978451132774353 1.1612350940704346
v 2.693636894226074 -1.4495728015899658 1.115739345550537
v 3.034457206726074 -1.978450894355774 -0.0000020137488263571868
v 2.693636894226074 -1.4495728015899658 1.115739345550537
v 2.803473949432373 -1.978451132774353 1.1612350940704346
v 2.693636894226074 -1.4495728015899658 1.115739345550537
v 3.034457206726074 -1.978450894355774 -0.0000020137488263571868
v 2.9155704975128174 -1.4495728015899658 -0.0000019317790247441735
v 2.8034720420837402 -1.978450894355774 -1.1612378358840942
v 2.9155704975128174 -1.4495728015899658 -0.0000019317790247441735
v 3.034457206726074 -1.978450894355774 -0.0000020137488263571868
v 2.9155704975128174 -1.4495728015899658 -0.0000019317790247441735
v 2.8034720420837402 -1.978450894355774 -1.1612378358840942
v 2.6936347484588623 -1.4495725631713867 -1.1157417297363281
v 2.474578619003296 -2.0439367294311523 -1.653462290763855
v 2.6936347484588623 -1.4495725631713867 -1.1157417297363281
v 2.8034720420837402 -1.978450894355774 -1.1612378358840942
v 2.6936347484588623 -1.4495725631713867 -1.1157417297363281
v 2.474578619003296 -2.0439367294311523 -1.653462290763855
v 2.0616183280944824 -1.4495726823806763 -2.0616209506988525
v 2.0616183280944824 -1.4495726823806763 -2.0616209506988525
v 2.474578619003296 -2.0439367294311523 -1.653462290763855
v 2.310131549835205 -2.1460556983947754 -1.8995739221572876
v 2.0616183280944824 -1.4495726823806763 -2.0616209506988525
v 2.310131549835205 -2.1460556983947754 -1.8995739221572876
v 2.145684003829956 -2.299856424331665 -2.145686388015747
v 1.8995720148086548 -2.1460556983947754 -2.3101329803466797
v 2.0616183280944824 -1.4495726823806763 -2.0616209506988525
v 2.145684003829956 -2.299856424331665 -2.145686388015747
v 1.6534594297409058 -2.0439367294311523 -2.4745795726776123
v 2.0616183280944824 -1.4495726823806763 -2.0616209506988525
v 1.8995720148086548 -2.1460556983947754 -2.3101329803466797
v 1.1612348556518555 -1.978450894355774 -2.803473472595215
v 2.0616183280944824 -1.4495726823806763 -2.0616209506988525
v 1.6534594297409058 -2.0439367294311523 -2.4745795726776123
v 2.0616183280944824 -1.4495726823806763 -2.0616209506988525
v 1.1612348556518555 -1.978450894355774 -2.803473472595215
v 1.115739107131958 -1.4495726823806763 -2.693636417388916
v -0.000002327256652279175 -1.978450894355774 -3.034457206726074
v 1.115739107131958 -1.4495726823806763 -2.693636417388916
v 1.1612348556518555 -1.978450894355774 -2.803473472595215
v 1.115739107131958 -1.4495726823806763 -2.693636417388916
v -0.000002327256652279175 -1.978450894355774 -3.034457206726074
v -0.0000022376909782906296 -1.4495726823806763 -2.9155709743499756
v 1.1148954629898071 -0.5901370048522949 2.691591739654541
v 0.000001664200794948556 -0.3660679757595062 2.977224111557007
v 0.0000016199309129660833 -0.5901368856430054 2.913358688354492
v 0.000001664200794948556 -0.3660679757595062 2.977224111557007
v 1.1148954629898071 -0.5901370048522949 2.691591739654541
v 1.1393355131149292 -0.3660680949687958 2.750596046447754
v 2.0600569248199463 -0.5901365876197815 2.0600550174713135
v 1.1393355131149292 -0.3660680949687958 2.750596046447754
v 1.1148954629898071 -0.5901370048522949 2.691591739654541
v 1.1393355131149292 -0.3660680949687958 2.750596046447754
v 2.0600569248199463 -0.5901365876197815 2.0600550174713135
v 2.1052165031433105 -0.36606794595718384 2.1052141189575195
v 2.6915934085845947 -0.5901368856430054 1.114892601966858
v 2.1052165031433105 -0.36606794595718384 2.1052141189575195
v 2.0600569248199463 -0.5901365876197815 2.0600550174713135
v 2.1052165031433105 -0.36606794595718384 2.1052141189575195
v 2.6915934085845947 -0.5901368856430054 1.114892601966858
v 2.7505972385406494 -0.3660680651664734 1.139332890510559
v 2.913358449935913 -0.5901368260383606 -0.000001929338395711966
v 2.7505972385406494 -0.3660680651664734 1.139332890510559
v 2.6915934085845947 -0.5901368856430054 1.114892601966858
v 2.7505972385406494 -0.3660680651664734 1.139332890510559
v 2.913358449935913 -0.5901368260383606 -0.000001929338395711966
v 2.9772238731384277 -0.3660679757595062 -0.0000019745777990465285
v 2.691591501235962 -0.5901369452476501 -1.1148954629898071
v 2.9772238731384277 -0.3660679757595062 -0.0000019745777990465285
v 2.913358449935913 -0.5901368260383606 -0.000001929338395711966
v 2.9772238731384277 -0.3660679757595062 -0.0000019745777990465285
v 2.691591501235962 -0.5901369452476501 -1.1148954629898071
v 2.7505955696105957 -0.3660680651664734 -1.1393355131149292
v 2.0600547790527344 -0.5901365280151367 -2.060056686401367
v 2.7505955696105957 -0.3660680651664734 -1.1393355131149292
v 2.691591501235962 -0.5901369452476501 -1.1148954629898071
v 2.7505955696105957 -0.3660680651664734 -1.1393355131149292
v 2.0600547790527344 -0.5901365280151367 -2.060056686401367
v 2.1052138805389404 -0.36606788635253906 -2.1052162647247314
v 1.1393355131149292 -0.3660680949687958 2.750596046447754
v 0.0000018644128658706904 -0.337856262922287 3.277634620666504
v 0.000001664200794948556 -0.3660679757595062 2.977224111557007
v 0.0000018644128658706904 -0.337856262922287 3.277634620666504
v 1.1393355131149292 -0.3660680949687958 2.750596046447754
v 1.2542974948883057 -0.33785632252693176 3.028139114379883
v 2.1052165031433105 -0.36606794595718384 2.1052141189575195
v 1.2542974948883057 -0.33785632252693176 3.028139114379883
v 1.1393355131149292 -0.3660680949687958 2.750596046447754
v 1.2542974948883057 -0.33785632252693176 3.028139114379883
v 2.1052165031433105 -0.36606794595718384 2.1052141189575195
v 2.317638874053955 -0.3378562033176422 2.317636251449585
v 2.7505972385406494 -0.3660680651664734 1.139332890510559
v 2.317638874053955 -0.3378562033176422 2.317636251449585
v 2.1052165031433105 -0.36606794595718384 2.1052141189575195
v 2.317638874053955 -0.3378562033176422 2.317636251449585
v 2.7505972385406494 -0.3660680651664734 1.139332890510559
v 3.0281403064727783 -0.33785632252693176 1.254294991493225
v 2.9772238731384277 -0.3660679757595062 -0.0000019745777990465285
v 3.0281403064727783 -0.33785632252693176 1.254294991493225
v 2.7505972385406494 -0.3660680651664734 1.139332890510559
v 3.0281403064727783 -0.33785632252693176 1.254294991493225
v 2.9772238731384277 -0.3660679757595062 -0.0000019745777990465285
v 3.277634620666504 -0.337856262922287 -0.000002189779024774907
v 2.7505955696105957 -0.3660680651664734 -1.1393355131149292
v 3.277634620666504 -0.337856262922287 -0.000002189779024774907
v 2.9772238731384277 -0.3660679757595062 -0.0000019745777990465285
v 3.277634620666504 -0.337856262922287 -0.000002189779024774907
v 2.7505955696105957 -0.3660680651664734 -1.1393355131149292
v 3.0281386375427246 -0.33785632252693176 -1.2542974948883057
v 2.1052138805389404 -0.36606788635253906 -2.1052162647247314
v 3.0281386375427246 -0.33785632252693176 -1.2542974948883057
v 2.7505955696105957 -0.3660680651664734 -1.1393355131149292
v 3.0281386375427246 -0.33785632252693176 -1.2542974948883057
v 2.1052138805389404 -0.36606788635253906 -2.1052162647247314
v 2.317636251449585 -0.33785614371299744 -2.317638635635376
v 1.13933265209198 -0.3660680055618286 -2.7505970001220703
v 2.317636251449585 -0.33785614371299744 -2.317638635635376
v 2.1052138805389404 -0.36606788635253906 -2.1052162647247314
v 2.317636251449585 -0.33785614371299744 -2.317638635635376
v 1.13933265209198 -0.3660680055618286 -2.7505970001220703
v 1.254294753074646 -0.33785632252693176 -3.028140068054199
v -0.0000022849549168313388 -0.3660679757595062 -2.9772238731384277
v 1.254294753074646 -0.33785632252693176 -3.028140068054199
v 1.13933265209198 -0.3660680055618286 -2.7505970001220703
v 1.254294753074646 -0.33785632252693176 -3.028140068054199
v -0.0000022849549168313388 -0.3660679757595062 -2.9772238731384277
v -0.0000025151448426186107 -0.33785632252693176 -3.277634620666504
v 1.0440078973770142 -0.6922680735588074 2.520453929901123
v 0.0000016199309129660833 -0.5901368856430054 2.913358688354492
v 0.0000015017465102573624 -0.6922677755355835 2.728120803833008
v 0.0000016199309129660833 -0.5901368856430054 2.913358688354492
v 1.0440078973770142 -0.6922680735588074 2.520453929901123
v 1.1148954629898071 -0.5901370048522949 2.691591739654541
v 1.9290738105773926 -0.6922672390937805 1.9290719032287598
v 1.1148954629898071 -0.5901370048522949 2.691591739654541
v 1.0440078973770142 -0.6922680735588074 2.520453929901123
v 1.1148954629898071 -0.5901370048522949 2.691591739654541
v 1.9290738105773926 -0.6922672390937805 1.9290719032287598
v 2.0600569248199463 -0.5901365876197815 2.0600550174713135
v 2.520455837249756 -0.6922680735588074 1.044005036354065
v 2.0600569248199463 -0.5901365876197815 2.0600550174713135
v 1.9290738105773926 -0.6922672390937805 1.9290719032287598
v 2.0600569248199463 -0.5901365876197815 2.0600550174713135
v 2.520455837249756 -0.6922680735588074 1.044005036354065
v 2.6915934085845947 -0.5901368856430054 1.114892601966858
v 2.7281205654144287 -0.6922677755355835 -0.000001799642518562905
v 2.6915934085845947 -0.5901368856430054 1.114892601966858
v 2.520455837249756 -0.6922680735588074 1.044005036354065
v 2.6915934085845947 -0.5901368856430054 1.114892601966858
v 2.7281205654144287 -0.6922677755355835 -0.000001799642518562905
v 2.913358449935913 -0.5901368260383606 -0.000001929338395711966
v 2.520453929901123 -0.6922680139541626 -1.0440078973770142
v 2.913358449935913 -0.5901368260383606 -0.000001929338395711966
v 2.7281205654144287 -0.6922677755355835 -0.000001799642518562905
v 2.913358449935913 -0.5901368260383606 -0.000001929338395711966
v 2.520453929901123 -0.6922680139541626 -1.0440078973770142
v 2.691591501235962 -0.5901369452476501 -1.1148954629898071
v 1.9290716648101807 -0.6922671794891357 -1.9290738105773926
v 2.691591501235962 -0.5901369452476501 -1.1148954629898071
v 2.520453929901123 -0.6922680139541626 -1.0440078973770142
v 2.691591501235962 -0.5901369452476501 -1.1148954629898071
v 1.9290716648101807 -0.6922671794891357 -1.9290738105773926
v 2.0600547790527344 -0.5901365280151367 -2.060056686401367
v 1.0440047979354858 -0.6922680139541626 -2.5204555988311768
v 2.0600547790527344 -0.5901365280151367 -2.060056686401367
v 1.9290716648101807 -0.6922671794891357 -1.9290738105773926
v 0.00000148250046549947 -1.9784504175186157 2.4729931354522705
v 1.1469485759735107 -1.1793935298919678 2.1507275104522705
v 0.9463746547698975 -1.9784504175186157 2.2847466468811035
v 1.1469485759735107 -1.1793935298919678 2.1507275104522705
v 0.00000148250046549947 -1.9784504175186157 2.4729931354522705
v 0.0000014774257124372525 -1.1793934106826782 2.4729928970336914
v 0.9463746547698975 -1.9784504175186157 2.2847466468811035
v 1.1469485759735107 -1.1793935298919678 2.1507275104522705
v 1.3475227355957031 -2.0439364910125732 2.0167083740234375
v 1.748671054840088 -1.1793934106826782 1.748669147491455
v 1.3475227355957031 -2.0439364910125732 2.0167083740234375
v 1.1469485759735107 -1.1793935298919678 2.1507275104522705
v 1.3475227355957031 -2.0439364910125732 2.0167083740234375
v 1.748671054840088 -1.1793934106826782 1.748669147491455
v 1.548097014427185 -2.146055221557617 1.8826892375946045
v 1.548097014427185 -2.146055221557617 1.8826892375946045
v 1.748671054840088 -1.1793934106826782 1.748669147491455
v 1.748671054840088 -2.299855947494507 1.7486692667007446
v 1.748671054840088 -2.299855947494507 1.7486692667007446
v 1.748671054840088 -1.1793934106826782 1.748669147491455
v 1.882690191268921 -2.1460554599761963 1.5480948686599731
v 2.150728940963745 -1.1793934106826782 1.146946668624878
v 1.882690191268921 -2.1460554599761963 1.5480948686599731
v 1.748671054840088 -1.1793934106826782 1.748669147491455
v 1.882690191268921 -2.1460554599761963 1.5480948686599731
v 2.150728940963745 -1.1793934106826782 1.146946668624878
v 2.016709804534912 -2.0439364910125732 1.3475207090377808
v 2.016709804534912 -2.0439364910125732 1.3475207090377808
v 2.150728940963745 -1.1793934106826782 1.146946668624878
v 2.2847485542297363 -1.9784504175186157 0.9463722109794617
v 2.4729928970336914 -1.1793932914733887 -0.0000016770072761573829
v 2.2847485542297363 -1.9784504175186157 0.9463722109794617
v 2.150728940963745 -1.1793934106826782 1.146946668624878
v 2.2847485542297363 -1.9784504175186157 0.9463722109794617
v 2.4729928970336914 -1.1793932914733887 -0.0000016770072761573829
v 2.4729928970336914 -1.9784502983093262 -0.000001679544539001654
v 2.1507270336151123 -1.1793934106826782 -1.1469485759735107
v 2.4729928970336914 -1.9784502983093262 -0.000001679544539001654
v 2.4729928970336914 -1.1793932914733887 -0.0000016770072761573829
v 2.4729928970336914 -1.9784502983093262 -0.000001679544539001654
v 2.1507270336151123 -1.1793934106826782 -1.1469485759735107
v 2.2847466468811035 -1.9784502983093262 -0.9463747143745422
v 2.2847466468811035 -1.9784502983093262 -0.9463747143745422
v 2.1507270336151123 -1.1793934106826782 -1.1469485759735107
v 2.0167081356048584 -2.043936252593994 -1.3475227355957031
v 1.7486690282821655 -1.1793932914733887 -1.748671054840088
v 2.0167081356048584 -2.043936252593994 -1.3475227355957031
v 2.1507270336151123 -1.1793934106826782 -1.1469485759735107
v 2.0167081356048584 -2.043936252593994 -1.3475227355957031
v 1.7486690282821655 -1.1793932914733887 -1.748671054840088
v 1.8826888799667358 -2.146054983139038 -1.548097014427185
v 1.8826888799667358 -2.146054983139038 -1.548097014427185
v 1.7486690282821655 -1.1793932914733887 -1.748671054840088
v 1.748669147491455 -2.299855947494507 -1.748671054840088
v 1.748669147491455 -2.299855947494507 -1.748671054840088
v 1.7486690282821655 -1.1793932914733887 -1.748671054840088
v 1.5480947494506836 -2.146055221557617 -1.882690191268921
v 1.1469464302062988 -1.1793932914733887 -2.150728940963745
v 1.5480947494506836 -2.146055221557617 -1.882690191268921
v 1.7486690282821655 -1.1793932914733887 -1.748671054840088
v 1.5480947494506836 -2.146055221557617 -1.882690191268921
v 1.1469464302062988 -1.1793932914733887 -2.150728940963745
v 1.3475204706192017 -2.043936252593994 -2.016709566116333
v 1.3475204706192017 -2.043936252593994 -2.016709566116333
v 1.1469464302062988 -1.1793932914733887 -2.150728940963745
v 0.9463719725608826 -1.9784502983093262 -2.2847485542297363
v 1.9290716648101807 -0.6922671794891357 -1.9290738105773926
v 1.0068422555923462 -1.271605134010315 -2.430737018585205
v 1.0440047979354858 -0.6922680139541626 -2.5204555988311768
v 1.0068422555923462 -1.271605134010315 -2.430737018585205
v 1.9290716648101807 -0.6922671794891357 -1.9290738105773926
v 1.8604038953781128 -1.271605134010315 -1.8604059219360352
v -0.0000020197762751195114 -1.271605134010315 -2.631009817123413
v 1.0440047979354858 -0.6922680139541626 -2.5204555988311768
v 1.0068422555923462 -1.271605134010315 -2.430737018585205
v 1.0440047979354858 -0.6922680139541626 -2.5204555988311768
v -0.0000020197762751195114 -1.271605134010315 -2.631009817123413
v -0.0000020975385268684477 -0.6922677159309387 -2.7281205654144287
v -0.0000020197762751195114 -1.271605134010315 -2.631009817123413
v 1.115739107131958 -1.4495726823806763 -2.693636417388916
v -0.0000022376909782906296 -1.4495726823806763 -2.9155709743499756
v 1.115739107131958 -1.4495726823806763 -2.693636417388916
v -0.0000020197762751195114 -1.271605134010315 -2.631009817123413
v 1.0068422555923462 -1.271605134010315 -2.430737018585205
v 1.1148923635482788 -0.5901368260383606 -2.6915934085845947
v 2.1052138805389404 -0.36606788635253906 -2.1052162647247314
v 2.0600547790527344 -0.5901365280151367 -2.060056686401367
v 2.1052138805389404 -0.36606788635253906 -2.1052162647247314
v 1.1148923635482788 -0.5901368260383606 -2.6915934085845947
v 1.13933265209198 -0.3660680055618286 -2.7505970001220703
v -0.000002238745992144686 -0.5901367664337158 -2.913358449935913
v 1.13933265209198 -0.3660680055618286 -2.7505970001220703
v 1.1148923635482788 -0.5901368260383606 -2.6915934085845947
v 1.13933265209198 -0.3660680055618286 -2.7505970001220703
v -0.000002238745992144686 -0.5901367664337158 -2.913358449935913
v -0.0000022849549168313388 -0.3660679757595062 -2.9772238731384277
v 2.0600547790527344 -0.5901365280151367 -2.060056686401367
v 1.0440047979354858 -0.6922680139541626 -2.5204555988311768
v 1.1148923635482788 -0.5901368260383606 -2.6915934085845947
v -0.0000020975385268684477 -0.6922677159309387 -2.7281205654144287
v 1.1148923635482788 -0.5901368260383606 -2.6915934085845947
v 1.0440047979354858 -0.6922680139541626 -2.5204555988311768
v 1.1148923635482788 -0.5901368260383606 -2.6915934085845947
v -0.0000020975385268684477 -0.6922677159309387 -2.7281205654144287
v -0.000002238745992144686 -0.5901367664337158 -2.913358449935913
v 0.9463719725608826 -1.9784502983093262 -2.2847485542297363
v -0.0000018765888398775132 -1.1793932914733887 -2.4729928970336914
v -0.0000018765888398775132 -1.9784502983093262 -2.4729928970336914
v -0.0000018765888398775132 -1.1793932914733887 -2.4729928970336914
v 0.9463719725608826 -1.9784502983093262 -2.2847485542297363
v 1.1469464302062988 -1.1793932914733887 -2.150728940963745
v -1.2969996929168701 0 -3.1312296390533447
v -0.0000019685974166350206 -0.337856262922287 -3.277634620666504
v -1.2542974948883057 -0.33785632252693176 -3.0281386375427246
v -0.0000019685974166350206 -0.337856262922287 -3.277634620666504
v -1.2969996929168701 0 -3.1312296390533447
v -0.0000020332827261881903 0 -3.389219284057617
v -1.2542974948883057 -0.33785632252693176 -3.0281386375427246
v -2.396541118621826 0 -2.3965392112731934
v -1.2969996929168701 0 -3.1312296390533447
v -2.396541118621826 0 -2.3965392112731934
v -1.2542974948883057 -0.33785632252693176 -3.0281386375427246
v -2.317638635635376 -0.33785614371299744 -2.317636251449585
v -2.317638635635376 -0.33785614371299744 -2.317636251449585
v -3.1312315464019775 0 -1.2969961166381836
v -2.396541118621826 0 -2.3965392112731934
v -3.1312315464019775 0 -1.2969961166381836
v -2.317638635635376 -0.33785614371299744 -2.317636251449585
v -3.028140068054199 -0.33785632252693176 -1.254294753074646
v -3.028140068054199 -0.33785632252693176 -1.254294753074646
v -3.389219045639038 0 0.0000023695638446952216
v -3.1312315464019775 0 -1.2969961166381836
v -3.389219045639038 0 0.0000023695638446952216
v -3.028140068054199 -0.33785632252693176 -1.254294753074646
v -3.277634382247925 -0.337856262922287 0.0000022939634618523996
v -3.277634382247925 -0.337856262922287 0.0000022939634618523996
v -3.1312296390533447 0 1.2969996929168701
v -3.389219045639038 0 0.0000023695638446952216
v -3.1312296390533447 0 1.2969996929168701
v -3.277634382247925 -0.337856262922287 0.0000022939634618523996
v -3.0281383991241455 -0.337856262922287 1.2542974948883057
v -3.0281383991241455 -0.337856262922287 1.2542974948883057
v -2.3965389728546143 0 2.396540880203247
v -3.1312296390533447 0 1.2969996929168701
v -2.3965389728546143 0 2.396540880203247
v -3.0281383991241455 -0.337856262922287 1.2542974948883057
v -2.317636013031006 -0.33785614371299744 2.317638397216797
v -2.317636013031006 -0.33785614371299744 2.317638397216797
v -1.2969958782196045 0 3.1312313079833984
v -2.3965389728546143 0 2.396540880203247
v -1.2969958782196045 0 3.1312313079833984
v -2.317636013031006 -0.33785614371299744 2.317638397216797
v -1.254294514656067 -0.337856262922287 3.028140068054199
v -1.254294514656067 -0.337856262922287 3.028140068054199
v 0.000002705844963202253 0 3.389219045639038
v -1.2969958782196045 0 3.1312313079833984
v 0.000002705844963202253 0 3.389219045639038
v -1.254294514656067 -0.337856262922287 3.028140068054199
v 0.0000026193295070697786 -0.337856262922287 3.277634382247925
v -0.0000015884637605267926 -0.6922677159309387 -2.7281205654144287
v -1.006845235824585 -1.2716050148010254 -2.4307353496551514
v -1.0440078973770142 -0.6922680139541626 -2.520453929901123
v -1.006845235824585 -1.2716050148010254 -2.4307353496551514
v -0.0000015884637605267926 -0.6922677159309387 -2.7281205654144287
v -0.0000015215965731840697 -1.2716050148010254 -2.631009817123413
v -1.8604059219360352 -1.271605134010315 -1.8604038953781128
v -1.0440078973770142 -0.6922680139541626 -2.520453929901123
v -1.006845235824585 -1.2716050148010254 -2.4307353496551514
v -1.0440078973770142 -0.6922680139541626 -2.520453929901123
v -1.8604059219360352 -1.271605134010315 -1.8604038953781128
v -1.9290738105773926 -0.6922671794891357 -1.9290716648101807
v -1.9290738105773926 -0.6922671794891357 -1.9290716648101807
v -2.430737018585205 -1.271605134010315 -1.0068422555923462
v -2.5204555988311768 -0.6922680139541626 -1.0440047979354858
v -2.430737018585205 -1.271605134010315 -1.0068422555923462
v -1.9290738105773926 -0.6922671794891357 -1.9290716648101807
v -1.8604059219360352 -1.271605134010315 -1.8604038953781128
v -2.631009817123413 -1.2716050148010254 0.0000018125018641512725
v -2.5204555988311768 -0.6922680139541626 -1.0440047979354858
v -2.430737018585205 -1.271605134010315 -1.0068422555923462
v -2.5204555988311768 -0.6922680139541626 -1.0440047979354858
v -2.631009817123413 -1.2716050148010254 0.0000018125018641512725
v -2.7281200885772705 -0.6922677159309387 0.0000018863595414586598
v -2.4307351112365723 -1.2716050148010254 1.006845235824585
v -2.7281200885772705 -0.6922677159309387 0.0000018863595414586598
v -2.631009817123413 -1.2716050148010254 0.0000018125018641512725
v -2.7281200885772705 -0.6922677159309387 0.0000018863595414586598
v -2.4307351112365723 -1.2716050148010254 1.006845235824585
v -2.520453691482544 -0.6922679543495178 1.0440078973770142
v -1.8604035377502441 -1.2716050148010254 1.8604059219360352
v -2.520453691482544 -0.6922679543495178 1.0440078973770142
v -2.4307351112365723 -1.2716050148010254 1.006845235824585
v -2.520453691482544 -0.6922679543495178 1.0440078973770142
v -1.8604035377502441 -1.2716050148010254 1.8604059219360352
v -1.9290714263916016 -0.6922670602798462 1.9290738105773926
v -1.006845235824585 -1.2716050148010254 -2.4307353496551514
v -0.0000017185431033794885 -1.4495726823806763 -2.9155704975128174
v -1.1157417297363281 -1.4495725631713867 -2.6936347484588623
v -0.0000017185431033794885 -1.4495726823806763 -2.9155704975128174
v -1.006845235824585 -1.2716050148010254 -2.4307353496551514
v -0.0000015215965731840697 -1.2716050148010254 -2.631009817123413
v -1.1157417297363281 -1.4495725631713867 -2.6936347484588623
v -1.8604059219360352 -1.271605134010315 -1.8604038953781128
v -1.006845235824585 -1.2716050148010254 -2.4307353496551514
v -1.8604059219360352 -1.271605134010315 -1.8604038953781128
v -1.1157417297363281 -1.4495725631713867 -2.6936347484588623
v -2.0616209506988525 -1.4495726823806763 -2.0616183280944824
v -2.0616209506988525 -1.4495726823806763 -2.0616183280944824
v -2.430737018585205 -1.271605134010315 -1.0068422555923462
v -1.8604059219360352 -1.271605134010315 -1.8604038953781128
v -2.430737018585205 -1.271605134010315 -1.0068422555923462
v -2.0616209506988525 -1.4495726823806763 -2.0616183280944824
v -2.693636417388916 -1.4495726823806763 -1.115739107131958
v -2.693636417388916 -1.4495726823806763 -1.115739107131958
v -2.631009817123413 -1.2716050148010254 0.0000018125018641512725
v -2.430737018585205 -1.271605134010315 -1.0068422555923462
v -2.631009817123413 -1.2716050148010254 0.0000018125018641512725
v -2.693636417388916 -1.4495726823806763 -1.115739107131958
v -2.9155704975128174 -1.4495726823806763 0.000002024454943239107
v -2.9155704975128174 -1.4495726823806763 0.000002024454943239107
v -2.4307351112365723 -1.2716050148010254 1.006845235824585
v -2.631009817123413 -1.2716050148010254 0.0000018125018641512725
v -2.4307351112365723 -1.2716050148010254 1.006845235824585
v -2.9155704975128174 -1.4495726823806763 0.000002024454943239107
v -2.693634510040283 -1.4495723247528076 1.1157417297363281
v -2.693634510040283 -1.4495723247528076 1.1157417297363281
v -1.8604035377502441 -1.2716050148010254 1.8604059219360352
v -2.4307351112365723 -1.2716050148010254 1.006845235824585
v -1.8604035377502441 -1.2716050148010254 1.8604059219360352
v -2.693634510040283 -1.4495723247528076 1.1157417297363281
v -2.0616183280944824 -1.4495725631713867 2.0616204738616943
v -2.0616183280944824 -1.4495725631713867 2.0616204738616943
v -1.006842017173767 -1.2716050148010254 2.430736780166626
v -1.8604035377502441 -1.2716050148010254 1.8604059219360352
v -1.006842017173767 -1.2716050148010254 2.430736780166626
v -2.0616183280944824 -1.4495725631713867 2.0616204738616943
v -1.115738868713379 -1.4495725631713867 2.693636178970337
v -1.115738868713379 -1.4495725631713867 2.693636178970337
v 0.0000021034070414316375 -1.2716050148010254 2.631009817123413
v -1.006842017173767 -1.2716050148010254 2.430736780166626
v 0.0000021034070414316375 -1.2716050148010254 2.631009817123413
v -1.115738868713379 -1.4495725631713867 2.693636178970337
v 0.000002330366442038212 -1.4495725631713867 2.9155704975128174
v -0.0000017966955283554853 -1.978450894355774 -3.034457206726074
v -0.9463746547698975 -1.9784502983093262 -2.2847466468811035
v -1.1612378358840942 -1.978450894355774 -2.8034720420837402
v -0.9463746547698975 -1.9784502983093262 -2.2847466468811035
v -0.0000017966955283554853 -1.978450894355774 -3.034457206726074
v -0.000001561108206260542 -1.9784502983093262 -2.4729928970336914
v -0.9463746547698975 -1.9784502983093262 -2.2847466468811035
v -1.653462290763855 -2.0439367294311523 -2.474578619003296
v -1.1612378358840942 -1.978450894355774 -2.8034720420837402
v -1.653462290763855 -2.0439367294311523 -2.474578619003296
v -0.9463746547698975 -1.9784502983093262 -2.2847466468811035
v -1.3475227355957031 -2.043936252593994 -2.0167081356048584
v -1.653462290763855 -2.0439367294311523 -2.474578619003296
v -1.3475227355957031 -2.043936252593994 -2.0167081356048584
v -1.8995739221572876 -2.1460556983947754 -2.310131549835205
v -1.8995739221572876 -2.1460556983947754 -2.310131549835205
v -1.3475227355957031 -2.043936252593994 -2.0167081356048584
v -1.548097014427185 -2.146054983139038 -1.882689118385315
v -1.748671054840088 -2.299855947494507 -1.748669147491455
v -1.8995739221572876 -2.1460556983947754 -2.310131549835205
v -1.548097014427185 -2.146054983139038 -1.882689118385315
v -1.8995739221572876 -2.1460556983947754 -2.310131549835205
v -1.748671054840088 -2.299855947494507 -1.748669147491455
v -2.145686388015747 -2.299856424331665 -2.145684003829956
v -1.748671054840088 -2.299855947494507 -1.748669147491455
v -2.3101329803466797 -2.1460556983947754 -1.8995720148086548
v -2.145686388015747 -2.299856424331665 -2.145684003829956
v -2.3101329803466797 -2.1460556983947754 -1.8995720148086548
v -1.748671054840088 -2.299855947494507 -1.748669147491455
v -1.8826900720596313 -2.146055221557617 -1.5480947494506836
v -2.3101329803466797 -2.1460556983947754 -1.8995720148086548
v -1.8826900720596313 -2.146055221557617 -1.5480947494506836
v -2.016709566116333 -2.043936252593994 -1.3475204706192017
v -2.3101329803466797 -2.1460556983947754 -1.8995720148086548
v -2.016709566116333 -2.043936252593994 -1.3475204706192017
v -2.4745795726776123 -2.0439367294311523 -1.6534594297409058
v -2.2847485542297363 -1.9784502983093262 -0.9463720321655273
v -2.4745795726776123 -2.0439367294311523 -1.6534594297409058
v -2.016709566116333 -2.043936252593994 -1.3475204706192017
v -2.4745795726776123 -2.0439367294311523 -1.6534594297409058
v -2.2847485542297363 -1.9784502983093262 -0.9463720321655273
v -2.803473472595215 -1.978450894355774 -1.1612348556518555
v -2.4729926586151123 -1.9784501791000366 0.0000017581520523890504
v -2.803473472595215 -1.978450894355774 -1.1612348556518555
v -2.2847485542297363 -1.9784502983093262 -0.9463720321655273
v -2.803473472595215 -1.978450894355774 -1.1612348556518555
v -2.4729926586151123 -1.9784501791000366 0.0000017581520523890504
v -3.034456968307495 -1.9784507751464844 0.000002110203467964311
v -2.2847461700439453 -1.9784501791000366 0.9463747143745422
v -3.034456968307495 -1.9784507751464844 0.000002110203467964311
v -2.4729926586151123 -1.9784501791000366 0.0000017581520523890504
v -3.034456968307495 -1.9784507751464844 0.000002110203467964311
v -2.2847461700439453 -1.9784501791000366 0.9463747143745422
v -2.803471565246582 -1.9784507751464844 1.1612378358840942
v -2.2847461700439453 -1.9784501791000366 0.9463747143745422
v -2.4745781421661377 -2.0439364910125732 1.653462290763855
v -2.803471565246582 -1.9784507751464844 1.1612378358840942
v -2.4745781421661377 -2.0439364910125732 1.653462290763855
v -2.2847461700439453 -1.9784501791000366 0.9463747143745422
v -2.0167078971862793 -2.043936014175415 1.3475227355957031
v -2.4745781421661377 -2.0439364910125732 1.653462290763855
v -2.0167078971862793 -2.043936014175415 1.3475227355957031
v -2.310131311416626 -2.1460554599761963 1.8995739221572876
v -2.310131311416626 -2.1460554599761963 1.8995739221572876
v -2.0167078971862793 -2.043936014175415 1.3475227355957031
v -1.8826887607574463 -2.146054983139038 1.548097014427185
v -1.7486690282821655 -2.2998557090759277 1.748671054840088
v -2.310131311416626 -2.1460554599761963 1.8995739221572876
v -1.8826887607574463 -2.146054983139038 1.548097014427185
v -2.310131311416626 -2.1460554599761963 1.8995739221572876
v -1.7486690282821655 -2.2998557090759277 1.748671054840088
v -2.145683765411377 -2.299856424331665 2.145686149597168
v -1.7486690282821655 -2.2998557090759277 1.748671054840088
v -1.8995716571807861 -2.1460554599761963 2.3101327419281006
v -2.145683765411377 -2.299856424331665 2.145686149597168
v -1.8995716571807861 -2.1460554599761963 2.3101327419281006
v -1.7486690282821655 -2.2998557090759277 1.748671054840088
v -1.548094391822815 -2.146054983139038 1.8826900720596313
v -1.8995716571807861 -2.1460554599761963 2.3101327419281006
v -1.548094391822815 -2.146054983139038 1.8826900720596313
v -1.3475202322006226 -2.043936014175415 2.016709327697754
v -1.8995716571807861 -2.1460554599761963 2.3101327419281006
v -1.3475202322006226 -2.043936014175415 2.016709327697754
v -1.6534591913223267 -2.0439364910125732 2.4745795726776123
v -0.9463719129562378 -1.9784501791000366 2.284748077392578
v -1.6534591913223267 -2.0439364910125732 2.4745795726776123
v -1.3475202322006226 -2.043936014175415 2.016709327697754
v -1.6534591913223267 -2.0439364910125732 2.4745795726776123
v -0.9463719129562378 -1.9784501791000366 2.284748077392578
v -1.1612346172332764 -1.9784507751464844 2.803473472595215
v 0.000001955196239578072 -1.9784501791000366 2.4729926586151123
v -1.1612346172332764 -1.9784507751464844 2.803473472595215
v -0.9463719129562378 -1.9784501791000366 2.284748077392578
v -1.1612346172332764 -1.9784507751464844 2.803473472595215
v 0.000001955196239578072 -1.9784501791000366 2.4729926586151123
v 0.0000024237112938862992 -1.9784507751464844 3.034456968307495
v -1.1612378358840942 -1.978450894355774 -2.8034720420837402
v -0.0000017185431033794885 -1.4495726823806763 -2.9155704975128174
v -0.0000017966955283554853 -1.978450894355774 -3.034457206726074
v -0.0000017185431033794885 -1.4495726823806763 -2.9155704975128174
v -1.1612378358840942 -1.978450894355774 -2.8034720420837402
v -1.1157417297363281 -1.4495725631713867 -2.6936347484588623
v -1.653462290763855 -2.0439367294311523 -2.474578619003296
v -1.1157417297363281 -1.4495725631713867 -2.6936347484588623
v -1.1612378358840942 -1.978450894355774 -2.8034720420837402
v -1.1157417297363281 -1.4495725631713867 -2.6936347484588623
v -1.653462290763855 -2.0439367294311523 -2.474578619003296
v -2.0616209506988525 -1.4495726823806763 -2.0616183280944824
v -2.0616209506988525 -1.4495726823806763 -2.0616183280944824
v -1.653462290763855 -2.0439367294311523 -2.474578619003296
v -1.8995739221572876 -2.1460556983947754 -2.310131549835205
v -2.0616209506988525 -1.4495726823806763 -2.0616183280944824
v -1.8995739221572876 -2.1460556983947754 -2.310131549835205
v -2.145686388015747 -2.299856424331665 -2.145684003829956
v -2.3101329803466797 -2.1460556983947754 -1.8995720148086548
v -2.0616209506988525 -1.4495726823806763 -2.0616183280944824
v -2.145686388015747 -2.299856424331665 -2.145684003829956
v -2.4745795726776123 -2.0439367294311523 -1.6534594297409058
v -2.0616209506988525 -1.4495726823806763 -2.0616183280944824
v -2.3101329803466797 -2.1460556983947754 -1.8995720148086548
v -2.803473472595215 -1.978450894355774 -1.1612348556518555
v -2.0616209506988525 -1.4495726823806763 -2.0616183280944824
v -2.4745795726776123 -2.0439367294311523 -1.6534594297409058
v -2.0616209506988525 -1.4495726823806763 -2.0616183280944824
v -2.803473472595215 -1.978450894355774 -1.1612348556518555
v -2.693636417388916 -1.4495726823806763 -1.115739107131958
v -3.034456968307495 -1.9784507751464844 0.000002110203467964311
v -2.693636417388916 -1.4495726823806763 -1.115739107131958
v -2.803473472595215 -1.978450894355774 -1.1612348556518555
v -2.693636417388916 -1.4495726823806763 -1.115739107131958
v -3.034456968307495 -1.9784507751464844 0.000002110203467964311
v -2.9155704975128174 -1.4495726823806763 0.000002024454943239107
v -2.803471565246582 -1.9784507751464844 1.1612378358840942
v -2.9155704975128174 -1.4495726823806763 0.000002024454943239107
v -3.034456968307495 -1.9784507751464844 0.000002110203467964311
v -2.9155704975128174 -1.4495726823806763 0.000002024454943239107
v -2.803471565246582 -1.9784507751464844 1.1612378358840942
v -2.693634510040283 -1.4495723247528076 1.1157417297363281
v -2.4745781421661377 -2.0439364910125732 1.653462290763855
v -2.693634510040283 -1.4495723247528076 1.1157417297363281
v -2.803471565246582 -1.9784507751464844 1.1612378358840942
v -2.693634510040283 -1.4495723247528076 1.1157417297363281
v -2.4745781421661377 -2.0439364910125732 1.653462290763855
v -2.0616183280944824 -1.4495725631713867 2.0616204738616943
v -2.0616183280944824 -1.4495725631713867 2.0616204738616943
v -2.4745781421661377 -2.0439364910125732 1.653462290763855
v -2.310131311416626 -2.1460554599761963 1.8995739221572876
v -2.0616183280944824 -1.4495725631713867 2.0616204738616943
v -2.310131311416626 -2.1460554599761963 1.8995739221572876
v -2.145683765411377 -2.299856424331665 2.145686149597168
v -1.8995716571807861 -2.1460554599761963 2.3101327419281006
v -2.0616183280944824 -1.4495725631713867 2.0616204738616943
v -2.145683765411377 -2.299856424331665 2.145686149597168
v -1.6534591913223267 -2.0439364910125732 2.4745795726776123
v -2.0616183280944824 -1.4495725631713867 2.0616204738616943
v -1.8995716571807861 -2.1460554599761963 2.3101327419281006
v -1.1612346172332764 -1.9784507751464844 2.803473472595215
v -2.0616183280944824 -1.4495725631713867 2.0616204738616943
v -1.6534591913223267 -2.0439364910125732 2.4745795726776123
v -2.0616183280944824 -1.4495725631713867 2.0616204738616943
v -1.1612346172332764 -1.9784507751464844 2.803473472595215
v -1.115738868713379 -1.4495725631713867 2.693636178970337
v -1.1148954629898071 -0.5901369452476501 -2.691591501235962
v -0.0000017588364471521345 -0.36606794595718384 -2.9772238731384277
v -0.0000017125361182479537 -0.5901368260383606 -2.913358449935913
v -0.0000017588364471521345 -0.36606794595718384 -2.9772238731384277
v -1.1148954629898071 -0.5901369452476501 -2.691591501235962
v -1.1393355131149292 -0.3660680651664734 -2.7505955696105957
v -2.060056686401367 -0.5901365280151367 -2.0600547790527344
v -1.1393355131149292 -0.3660680651664734 -2.7505955696105957
v -1.1148954629898071 -0.5901369452476501 -2.691591501235962
v -1.1393355131149292 -0.3660680651664734 -2.7505955696105957
v -2.060056686401367 -0.5901365280151367 -2.0600547790527344
v -2.1052162647247314 -0.36606788635253906 -2.1052138805389404
v -2.6915934085845947 -0.5901368260383606 -1.1148923635482788
v -2.1052162647247314 -0.36606788635253906 -2.1052138805389404
v -2.060056686401367 -0.5901365280151367 -2.0600547790527344
v -2.1052162647247314 -0.36606788635253906 -2.1052138805389404
v -2.6915934085845947 -0.5901368260383606 -1.1148923635482788
v -2.7505970001220703 -0.3660680055618286 -1.13933265209198
v -2.913357973098755 -0.5901367664337158 0.000002021943373620161
v -2.7505970001220703 -0.3660680055618286 -1.13933265209198
v -2.6915934085845947 -0.5901368260383606 -1.1148923635482788
v -2.7505970001220703 -0.3660680055618286 -1.13933265209198
v -2.913357973098755 -0.5901367664337158 0.000002021943373620161
v -2.9772236347198486 -0.36606794595718384 0.000002069212996502756
v -2.691591501235962 -0.5901369452476501 1.1148954629898071
v -2.9772236347198486 -0.36606794595718384 0.000002069212996502756
v -2.913357973098755 -0.5901367664337158 0.000002021943373620161
v -2.9772236347198486 -0.36606794595718384 0.000002069212996502756
v -2.691591501235962 -0.5901369452476501 1.1148954629898071
v -2.7505953311920166 -0.3660680055618286 1.1393355131149292
v -2.0600545406341553 -0.5901364684104919 2.060056447982788
v -2.7505953311920166 -0.3660680055618286 1.1393355131149292
v -2.691591501235962 -0.5901369452476501 1.1148954629898071
v -2.7505953311920166 -0.3660680055618286 1.1393355131149292
v -2.0600545406341553 -0.5901364684104919 2.060056447982788
v -2.1052136421203613 -0.3660678565502167 2.1052160263061523
v -1.1393355131149292 -0.3660680651664734 -2.7505955696105957
v -0.0000019685974166350206 -0.337856262922287 -3.277634620666504
v -0.0000017588364471521345 -0.36606794595718384 -2.9772238731384277
v -0.0000019685974166350206 -0.337856262922287 -3.277634620666504
v -1.1393355131149292 -0.3660680651664734 -2.7505955696105957
v -1.2542974948883057 -0.33785632252693176 -3.0281386375427246
v -2.1052162647247314 -0.36606788635253906 -2.1052138805389404
v -1.2542974948883057 -0.33785632252693176 -3.0281386375427246
v -1.1393355131149292 -0.3660680651664734 -2.7505955696105957
v -1.2542974948883057 -0.33785632252693176 -3.0281386375427246
v -2.1052162647247314 -0.36606788635253906 -2.1052138805389404
v -2.317638635635376 -0.33785614371299744 -2.317636251449585
v -2.7505970001220703 -0.3660680055618286 -1.13933265209198
v -2.317638635635376 -0.33785614371299744 -2.317636251449585
v -2.1052162647247314 -0.36606788635253906 -2.1052138805389404
v -2.317638635635376 -0.33785614371299744 -2.317636251449585
v -2.7505970001220703 -0.3660680055618286 -1.13933265209198
v -3.028140068054199 -0.33785632252693176 -1.254294753074646
v -2.9772236347198486 -0.36606794595718384 0.000002069212996502756
v -3.028140068054199 -0.33785632252693176 -1.254294753074646
v -2.7505970001220703 -0.3660680055618286 -1.13933265209198
v -3.028140068054199 -0.33785632252693176 -1.254294753074646
v -2.9772236347198486 -0.36606794595718384 0.000002069212996502756
v -3.277634382247925 -0.337856262922287 0.0000022939634618523996
v -2.7505953311920166 -0.3660680055618286 1.1393355131149292
v -3.277634382247925 -0.337856262922287 0.0000022939634618523996
v -2.9772236347198486 -0.36606794595718384 0.000002069212996502756
v -3.277634382247925 -0.337856262922287 0.0000022939634618523996
v -2.7505953311920166 -0.3660680055618286 1.1393355131149292
v -3.0281383991241455 -0.337856262922287 1.2542974948883057
v -2.1052136421203613 -0.3660678565502167 2.1052160263061523
v -3.0281383991241455 -0.337856262922287 1.2542974948883057
v -2.7505953311920166 -0.3660680055618286 1.1393355131149292
v -3.0281383991241455 -0.337856262922287 1.2542974948883057
v -2.1052136421203613 -0.3660678565502167 2.1052160263061523
v -2.317636013031006 -0.33785614371299744 2.317638397216797
v -1.1393324136734009 -0.3660679757595062 2.750596523284912
v -2.317636013031006 -0.33785614371299744 2.317638397216797
v -2.1052136421203613 -0.3660678565502167 2.1052160263061523
v -2.317636013031006 -0.33785614371299744 2.317638397216797
v -1.1393324136734009 -0.3660679757595062 2.750596523284912
v -1.254294514656067 -0.337856262922287 3.028140068054199
v 0.000002379589886913891 -0.36606794595718384 2.9772236347198486
v -1.254294514656067 -0.337856262922287 3.028140068054199
v -1.1393324136734009 -0.3660679757595062 2.750596523284912
v -1.254294514656067 -0.337856262922287 3.028140068054199
v 0.000002379589886913891 -0.36606794595718384 2.9772236347198486
v 0.0000026193295070697786 -0.337856262922287 3.277634382247925
v -1.0440078973770142 -0.6922680139541626 -2.520453929901123
v -0.0000017125361182479537 -0.5901368260383606 -2.913358449935913
v -0.0000015884637605267926 -0.6922677159309387 -2.7281205654144287
v -0.0000017125361182479537 -0.5901368260383606 -2.913358449935913
v -1.0440078973770142 -0.6922680139541626 -2.520453929901123
v -1.1148954629898071 -0.5901369452476501 -2.691591501235962
v -1.9290738105773926 -0.6922671794891357 -1.9290716648101807
v -1.1148954629898071 -0.5901369452476501 -2.691591501235962
v -1.0440078973770142 -0.6922680139541626 -2.520453929901123
v -1.1148954629898071 -0.5901369452476501 -2.691591501235962
v -1.9290738105773926 -0.6922671794891357 -1.9290716648101807
v -2.060056686401367 -0.5901365280151367 -2.0600547790527344
v -2.5204555988311768 -0.6922680139541626 -1.0440047979354858
v -2.060056686401367 -0.5901365280151367 -2.0600547790527344
v -1.9290738105773926 -0.6922671794891357 -1.9290716648101807
v -2.060056686401367 -0.5901365280151367 -2.0600547790527344
v -2.5204555988311768 -0.6922680139541626 -1.0440047979354858
v -2.6915934085845947 -0.5901368260383606 -1.1148923635482788
v -2.7281200885772705 -0.6922677159309387 0.0000018863595414586598
v -2.6915934085845947 -0.5901368260383606 -1.1148923635482788
v -2.5204555988311768 -0.6922680139541626 -1.0440047979354858
v -2.6915934085845947 -0.5901368260383606 -1.1148923635482788
v -2.7281200885772705 -0.6922677159309387 0.0000018863595414586598
v -2.913357973098755 -0.5901367664337158 0.000002021943373620161
v -2.520453691482544 -0.6922679543495178 1.0440078973770142
v -2.913357973098755 -0.5901367664337158 0.000002021943373620161
v -2.7281200885772705 -0.6922677159309387 0.0000018863595414586598
v -2.913357973098755 -0.5901367664337158 0.000002021943373620161
v -2.520453691482544 -0.6922679543495178 1.0440078973770142
v -2.691591501235962 -0.5901369452476501 1.1148954629898071
v -1.9290714263916016 -0.6922670602798462 1.9290738105773926
v -2.691591501235962 -0.5901369452476501 1.1148954629898071
v -2.520453691482544 -0.6922679543495178 1.0440078973770142
v -2.691591501235962 -0.5901369452476501 1.1148954629898071
v -1.9290714263916016 -0.6922670602798462 1.9290738105773926
v -2.0600545406341553 -0.5901364684104919 2.060056447982788
v -1.0440045595169067 -0.6922679543495178 2.5204553604125977
v -2.0600545406341553 -0.5901364684104919 2.060056447982788
v -1.9290714263916016 -0.6922670602798462 1.9290738105773926
v -2.0600545406341553 -0.5901364684104919 2.060056447982788
v -1.0440045595169067 -0.6922679543495178 2.5204553604125977
v -1.1148921251296997 -0.5901368260383606 2.6915931701660156
v -0.000001561108206260542 -1.9784502983093262 -2.4729928970336914
v -1.1469485759735107 -1.1793934106826782 -2.1507270336151123
v -0.9463746547698975 -1.9784502983093262 -2.2847466468811035
v -1.1469485759735107 -1.1793934106826782 -2.1507270336151123
v -0.000001561108206260542 -1.9784502983093262 -2.4729928970336914
v -0.000001556033225824649 -1.1793932914733887 -2.4729926586151123
v -0.9463746547698975 -1.9784502983093262 -2.2847466468811035
v -1.1469485759735107 -1.1793934106826782 -2.1507270336151123
v -1.3475227355957031 -2.043936252593994 -2.0167081356048584
v -1.748671054840088 -1.1793932914733887 -1.748669147491455
v -1.3475227355957031 -2.043936252593994 -2.0167081356048584
v -1.1469485759735107 -1.1793934106826782 -2.1507270336151123
v -1.3475227355957031 -2.043936252593994 -2.0167081356048584
v -1.748671054840088 -1.1793932914733887 -1.748669147491455
v -1.548097014427185 -2.146054983139038 -1.882689118385315
v -1.548097014427185 -2.146054983139038 -1.882689118385315
v -1.748671054840088 -1.1793932914733887 -1.748669147491455
v -1.748671054840088 -2.299855947494507 -1.748669147491455
v -1.748671054840088 -2.299855947494507 -1.748669147491455
v -1.748671054840088 -1.1793932914733887 -1.748669147491455
v -1.8826900720596313 -2.146055221557617 -1.5480947494506836
v -2.150728940963745 -1.1793932914733887 -1.1469464302062988
v -1.8826900720596313 -2.146055221557617 -1.5480947494506836
v -1.748671054840088 -1.1793932914733887 -1.748669147491455
v -1.8826900720596313 -2.146055221557617 -1.5480947494506836
v -2.150728940963745 -1.1793932914733887 -1.1469464302062988
v -2.016709566116333 -2.043936252593994 -1.3475204706192017
v -2.016709566116333 -2.043936252593994 -1.3475204706192017
v -2.150728940963745 -1.1793932914733887 -1.1469464302062988
v -2.2847485542297363 -1.9784502983093262 -0.9463720321655273
v -2.4729926586151123 -1.1793932914733887 0.0000017556147895447793
v -2.2847485542297363 -1.9784502983093262 -0.9463720321655273
v -2.150728940963745 -1.1793932914733887 -1.1469464302062988
v -2.2847485542297363 -1.9784502983093262 -0.9463720321655273
v -2.4729926586151123 -1.1793932914733887 0.0000017556147895447793
v -2.4729926586151123 -1.9784501791000366 0.0000017581520523890504
v -2.1507270336151123 -1.1793932914733887 1.1469485759735107
v -2.4729926586151123 -1.9784501791000366 0.0000017581520523890504
v -2.4729926586151123 -1.1793932914733887 0.0000017556147895447793
v -2.4729926586151123 -1.9784501791000366 0.0000017581520523890504
v -2.1507270336151123 -1.1793932914733887 1.1469485759735107
v -2.2847461700439453 -1.9784501791000366 0.9463747143745422
v -2.2847461700439453 -1.9784501791000366 0.9463747143745422
v -2.1507270336151123 -1.1793932914733887 1.1469485759735107
v -2.0167078971862793 -2.043936014175415 1.3475227355957031
v -1.7486687898635864 -1.1793932914733887 1.748671054840088
v -2.0167078971862793 -2.043936014175415 1.3475227355957031
v -2.1507270336151123 -1.1793932914733887 1.1469485759735107
v -2.0167078971862793 -2.043936014175415 1.3475227355957031
v -1.7486687898635864 -1.1793932914733887 1.748671054840088
v -1.8826887607574463 -2.146054983139038 1.548097014427185
v -1.8826887607574463 -2.146054983139038 1.548097014427185
v -1.7486687898635864 -1.1793932914733887 1.748671054840088
v -1.7486690282821655 -2.2998557090759277 1.748671054840088
v -1.7486690282821655 -2.2998557090759277 1.748671054840088
v -1.7486687898635864 -1.1793932914733887 1.748671054840088
v -1.548094391822815 -2.146054983139038 1.8826900720596313
v -1.1469461917877197 -1.1793932914733887 2.150728464126587
v -1.548094391822815 -2.146054983139038 1.8826900720596313
v -1.7486687898635864 -1.1793932914733887 1.748671054840088
v -1.548094391822815 -2.146054983139038 1.8826900720596313
v -1.1469461917877197 -1.1793932914733887 2.150728464126587
v -1.3475202322006226 -2.043936014175415 2.016709327697754
v -1.3475202322006226 -2.043936014175415 2.016709327697754
v -1.1469461917877197 -1.1793932914733887 2.150728464126587
v -0.9463719129562378 -1.9784501791000366 2.284748077392578
v -1.9290714263916016 -0.6922670602798462 1.9290738105773926
v -1.006842017173767 -1.2716050148010254 2.430736780166626
v -1.0440045595169067 -0.6922679543495178 2.5204553604125977
v -1.006842017173767 -1.2716050148010254 2.430736780166626
v -1.9290714263916016 -0.6922670602798462 1.9290738105773926
v -1.8604035377502441 -1.2716050148010254 1.8604059219360352
v 0.0000021034070414316375 -1.2716050148010254 2.631009817123413
v -1.0440045595169067 -0.6922679543495178 2.5204553604125977
v -1.006842017173767 -1.2716050148010254 2.430736780166626
v -1.0440045595169067 -0.6922679543495178 2.5204553604125977
v 0.0000021034070414316375 -1.2716050148010254 2.631009817123413
v 0.0000021842554360773647 -0.692267656326294 2.7281200885772705
v 0.0000024237112938862992 -1.9784507751464844 3.034456968307495
v -1.115738868713379 -1.4495725631713867 2.693636178970337
v -1.1612346172332764 -1.9784507751464844 2.803473472595215
v -1.115738868713379 -1.4495725631713867 2.693636178970337
v 0.0000024237112938862992 -1.9784507751464844 3.034456968307495
v 0.000002330366442038212 -1.4495725631713867 2.9155704975128174
v -1.1148921251296997 -0.5901368260383606 2.6915931701660156
v -2.1052136421203613 -0.3660678565502167 2.1052160263061523
v -2.0600545406341553 -0.5901364684104919 2.060056447982788
v -2.1052136421203613 -0.3660678565502167 2.1052160263061523
v -1.1148921251296997 -0.5901368260383606 2.6915931701660156
v -1.1393324136734009 -0.3660679757595062 2.750596523284912
v 0.000002331350970052881 -0.590136706829071 2.913357973098755
v -1.1393324136734009 -0.3660679757595062 2.750596523284912
v -1.1148921251296997 -0.5901368260383606 2.6915931701660156
v -1.1393324136734009 -0.3660679757595062 2.750596523284912
v 0.000002331350970052881 -0.590136706829071 2.913357973098755
v 0.000002379589886913891 -0.36606794595718384 2.9772236347198486
v 0.0000021842554360773647 -0.692267656326294 2.7281200885772705
v -1.1148921251296997 -0.5901368260383606 2.6915931701660156
v -1.0440045595169067 -0.6922679543495178 2.5204553604125977
v -1.1148921251296997 -0.5901368260383606 2.6915931701660156
v 0.0000021842554360773647 -0.692267656326294 2.7281200885772705
v 0.000002331350970052881 -0.590136706829071 2.913357973098755
v -0.9463719129562378 -1.9784501791000366 2.284748077392578
v 0.000001955196239578072 -1.1793932914733887 2.4729926586151123
v 0.000001955196239578072 -1.9784501791000366 2.4729926586151123
v 0.000001955196239578072 -1.1793932914733887 2.4729926586151123
v -0.9463719129562378 -1.9784501791000366 2.284748077392578
v -1.1469461917877197 -1.1793932914733887 2.150728464126587
v -0.00000554448479306302 -1.3834505081176758 -3.667314052581787
v -0.1459178328514099 -1.591731309890747 -3.629085063934326
v -0.000005479232640936971 -1.591731309890747 -3.629084825515747
v -0.00000554448479306302 -1.3834505081176758 -3.667314052581787
v -0.000005479232640936971 -1.591731309890747 -3.629084825515747
v 0.1459069401025772 -1.591731309890747 -3.629085063934326
v -0.1459178328514099 -1.591731309890747 -3.629085063934326
v -0.000005351024810806848 -1.7263257503509521 -3.533801555633545
v -0.000005479232640936971 -1.591731309890747 -3.629084825515747
v -0.000005351024810806848 -1.7263257503509521 -3.533801555633545
v 0.1459069401025772 -1.591731309890747 -3.629085063934326
v -0.000005479232640936971 -1.591731309890747 -3.629084825515747
v -0.000005351024810806848 -1.7263257503509521 -3.533801555633545
v -0.1459178328514099 -1.591731309890747 -3.629085063934326
v -0.22601868212223053 -1.7263257503509521 -3.533801317214966
v -0.22601868212223053 -1.7263257503509521 -3.533801317214966
v -0.0000050922517402796075 -1.7811486721038818 -3.3605446815490723
v -0.000005351024810806848 -1.7263257503509521 -3.533801555633545
v -0.0000050922517402796075 -1.7811486721038818 -3.3605446815490723
v -0.22601868212223053 -1.7263257503509521 -3.533801317214966
v -0.33384808897972107 -1.7811486721038818 -3.3605446815490723
v -0.0000050922517402796075 -1.7811486721038818 -3.3605446815490723
v 0.22600795328617096 -1.7263258695602417 -3.533802032470703
v -0.000005351024810806848 -1.7263257503509521 -3.533801555633545
v 0.1459069401025772 -1.591731309890747 -3.629085063934326
v -0.000005351024810806848 -1.7263257503509521 -3.533801555633545
v 0.22600795328617096 -1.7263258695602417 -3.533802032470703
v 0.22600795328617096 -1.7263258695602417 -3.533802032470703
v -0.0000050922517402796075 -1.7811486721038818 -3.3605446815490723
v 0.3338378965854645 -1.7811486721038818 -3.3605449199676514
v -0.33384808897972107 -1.7811486721038818 -3.3605446815490723
v -0.00000470649456474348 -1.793399691581726 -3.106717824935913
v -0.0000050922517402796075 -1.7811486721038818 -3.3605446815490723
v -0.00000470649456474348 -1.793399691581726 -3.106717824935913
v 0.3338378965854645 -1.7811486721038818 -3.3605449199676514
v -0.0000050922517402796075 -1.7811486721038818 -3.3605446815490723
v -0.00000470649456474348 -1.793399691581726 -3.106717824935913
v -0.33384808897972107 -1.7811486721038818 -3.3605446815490723
v -0.39850348234176636 -1.793399691581726 -3.106717348098755
v -0.39850348234176636 -1.793399691581726 -3.106717348098755
v -0.000004294567133911187 -1.6011265516281128 -2.8384006023406982
v -0.00000470649456474348 -1.793399691581726 -3.106717824935913
v -0.000004294567133911187 -1.6011265516281128 -2.8384006023406982
v -0.39850348234176636 -1.793399691581726 -3.106717348098755
v -0.5772995948791504 -1.5678695440292358 -2.71907639503479
v -0.000004294567133911187 -1.6011265516281128 -2.8384006023406982
v 0.39849406480789185 -1.793399691581726 -3.106718063354492
v -0.00000470649456474348 -1.793399691581726 -3.106717824935913
v 0.3338378965854645 -1.7811486721038818 -3.3605449199676514
v -0.00000470649456474348 -1.793399691581726 -3.106717824935913
v 0.39849406480789185 -1.793399691581726 -3.106718063354492
v 0.39849406480789185 -1.793399691581726 -3.106718063354492
v -0.000004294567133911187 -1.6011265516281128 -2.8384006023406982
v 0.5772913694381714 -1.5678695440292358 -2.7190773487091064
v -0.08629290759563446 -1.6337003707885742 -3.8385324478149414
v -0.00000554448479306302 -1.3834505081176758 -3.667314052581787
v -0.0000057815109357761685 -1.6337003707885742 -3.8385329246520996
v -0.000005840820449520834 -1.8085825443267822 -3.869699716567993
v -0.08629290759563446 -1.6337003707885742 -3.8385324478149414
v -0.0000057815109357761685 -1.6337003707885742 -3.8385329246520996
v -0.08629290759563446 -1.6337003707885742 -3.8385324478149414
v -0.000005840820449520834 -1.8085825443267822 -3.869699716567993
v -0.1344558447599411 -1.8085825443267822 -3.869699478149414
v 0.08628132194280624 -1.6337004899978638 -3.8385329246520996
v -0.000005840820449520834 -1.8085825443267822 -3.869699716567993
v -0.0000057815109357761685 -1.6337003707885742 -3.8385329246520996
v -0.00000554448479306302 -1.3834505081176758 -3.667314052581787
v 0.08628132194280624 -1.6337004899978638 -3.8385329246520996
v -0.0000057815109357761685 -1.6337003707885742 -3.8385329246520996
v 0.08628132194280624 -1.6337004899978638 -3.8385329246520996
v -0.00000554448479306302 -1.3834505081176758 -3.667314052581787
v 0.16180828213691711 -1.6337003707885742 -3.8385329246520996
v -0.000005840820449520834 -1.8085825443267822 -3.869699716567993
v 0.08628132194280624 -1.6337004899978638 -3.8385329246520996
v 0.13444410264492035 -1.8085825443267822 -3.869699716567993
v 0.16180828213691711 -1.6337003707885742 -3.8385329246520996
v 0.160807266831398 -1.7935688495635986 -3.786926031112671
v 0.08628132194280624 -1.6337004899978638 -3.8385329246520996
v 0.160807266831398 -1.7935688495635986 -3.786926031112671
v 0.16180828213691711 -1.6337003707885742 -3.8385329246520996
v 0.2557620108127594 -1.7935688495635986 -3.78692626953125
v 0.2557620108127594 -1.7935688495635986 -3.78692626953125
v 0.2203063666820526 -1.9749250411987305 -3.7117912769317627
v 0.160807266831398 -1.7935688495635986 -3.786926031112671
v 0.2203063666820526 -1.9749250411987305 -3.7117912769317627
v 0.2557620108127594 -1.7935688495635986 -3.78692626953125
v 0.327798068523407 -1.9749250411987305 -3.711791515350342
v -0.000005824148502142634 -2.0764639377593994 -3.8477725982666016
v -0.1344558447599411 -1.8085825443267822 -3.869699478149414
v -0.000005840820449520834 -1.8085825443267822 -3.869699716567993
v 0.13444410264492035 -1.8085825443267822 -3.869699716567993
v -0.000005824148502142634 -2.0764639377593994 -3.8477725982666016
v -0.000005840820449520834 -1.8085825443267822 -3.869699716567993
v -0.1344558447599411 -1.8085825443267822 -3.869699478149414
v -0.000005824148502142634 -2.0764639377593994 -3.8477725982666016
v -0.1675919145345688 -2.0764636993408203 -3.8477725982666016
v -0.000005368817710404983 -2.2643911838531494 -3.5426511764526367
v -0.1675919145345688 -2.0764636993408203 -3.8477725982666016
v -0.000005824148502142634 -2.0764639377593994 -3.8477725982666016
v -0.1675919145345688 -2.0764636993408203 -3.8477725982666016
v -0.000005368817710404983 -2.2643911838531494 -3.5426511764526367
v -0.25537097454071045 -2.2643909454345703 -3.5426511764526367
v 0.16758015751838684 -2.0764639377593994 -3.8477725982666016
v -0.000005368817710404983 -2.2643911838531494 -3.5426511764526367
v -0.000005824148502142634 -2.0764639377593994 -3.8477725982666016
v -0.000005824148502142634 -2.0764639377593994 -3.8477725982666016
v 0.13444410264492035 -1.8085825443267822 -3.869699716567993
v 0.16758015751838684 -2.0764639377593994 -3.8477725982666016
v -0.000005368817710404983 -2.2643911838531494 -3.5426511764526367
v 0.16758015751838684 -2.0764639377593994 -3.8477725982666016
v 0.2553602457046509 -2.2643911838531494 -3.542651414871216
v -0.000005036096354160691 -2.340092420578003 -3.3217546939849854
v -0.25537097454071045 -2.2643909454345703 -3.5426511764526367
v -0.000005368817710404983 -2.2643911838531494 -3.5426511764526367
v 0.2553602457046509 -2.2643911838531494 -3.542651414871216
v -0.000005036096354160691 -2.340092420578003 -3.3217546939849854
v -0.000005368817710404983 -2.2643911838531494 -3.5426511764526367
v -0.25537097454071045 -2.2643909454345703 -3.5426511764526367
v -0.000005036096354160691 -2.340092420578003 -3.3217546939849854
v -0.34315040707588196 -2.340092182159424 -3.3217546939849854
v -0.000004197313501208555 -2.390808343887329 -2.7648518085479736
v -0.34315040707588196 -2.340092182159424 -3.3217546939849854
v -0.000005036096354160691 -2.340092420578003 -3.3217546939849854
v -0.34315040707588196 -2.340092182159424 -3.3217546939849854
v -0.000004197313501208555 -2.390808343887329 -2.7648518085479736
v -0.5489612817764282 -2.390808343887329 -2.7648513317108154
v -0.5489612817764282 -2.390808343887329 -2.7648513317108154
v -0.000004197313501208555 -2.390808343887329 -2.7648518085479736
v -0.0000032709669994801516 -2.390808582305908 -2.152992010116577
v -0.000005036096354160691 -2.340092420578003 -3.3217546939849854
v 0.5489530563354492 -2.390808343887329 -2.764852285385132
v -0.000004197313501208555 -2.390808343887329 -2.7648518085479736
v -0.000004197313501208555 -2.390808343887329 -2.7648518085479736
v 0.5489530563354492 -2.390808343887329 -2.764852285385132
v -0.0000032709669994801516 -2.390808582305908 -2.152992010116577
v 0.5489530563354492 -2.390808343887329 -2.764852285385132
v -0.000005036096354160691 -2.340092420578003 -3.3217546939849854
v 0.3431401550769806 -2.340092420578003 -3.3217551708221436
v -0.000005036096354160691 -2.340092420578003 -3.3217546939849854
v 0.2553602457046509 -2.2643911838531494 -3.542651414871216
v 0.3431401550769806 -2.340092420578003 -3.3217551708221436
v -0.00000554448479306302 -1.3834505081176758 -3.667314052581787
v -0.1618197113275528 -1.6337003707885742 -3.8385329246520996
v -0.1459178328514099 -1.591731309890747 -3.629085063934326
v -0.1618197113275528 -1.6337003707885742 -3.8385329246520996
v -0.22601868212223053 -1.7263257503509521 -3.533801317214966
v -0.1459178328514099 -1.591731309890747 -3.629085063934326
v -0.22601868212223053 -1.7263257503509521 -3.533801317214966
v -0.1618197113275528 -1.6337003707885742 -3.8385329246520996
v -0.25577324628829956 -1.793568730354309 -3.786925792694092
v -0.22601868212223053 -1.7263257503509521 -3.533801317214966
v -0.25577324628829956 -1.793568730354309 -3.786925792694092
v -0.32780933380126953 -1.9749248027801514 -3.7117910385131836
v -0.32780933380126953 -1.9749248027801514 -3.7117910385131836
v -0.33384808897972107 -1.7811486721038818 -3.3605446815490723
v -0.22601868212223053 -1.7263257503509521 -3.533801317214966
v -0.33384808897972107 -1.7811486721038818 -3.3605446815490723
v -0.32780933380126953 -1.9749248027801514 -3.7117910385131836
v -0.41395407915115356 -2.1182007789611816 -3.5004723072052
v -0.41395407915115356 -2.1182007789611816 -3.5004723072052
v -0.39850348234176636 -1.793399691581726 -3.106717348098755
v -0.33384808897972107 -1.7811486721038818 -3.3605446815490723
v -0.39850348234176636 -1.793399691581726 -3.106717348098755
v -0.41395407915115356 -2.1182007789611816 -3.5004723072052
v -0.5000990033149719 -2.1674375534057617 -3.285646915435791
v -0.7560969591140747 -2.20688796043396 -2.712684154510498
v -0.39850348234176636 -1.793399691581726 -3.106717348098755
v -0.5000990033149719 -2.1674375534057617 -3.285646915435791
v -0.39850348234176636 -1.793399691581726 -3.106717348098755
v -0.7560969591140747 -2.20688796043396 -2.712684154510498
v -0.7560967803001404 -1.9873359203338623 -2.6841769218444824
v -0.39850348234176636 -1.793399691581726 -3.106717348098755
v -0.7560967803001404 -1.9873359203338623 -2.6841769218444824
v -0.756096601486206 -1.7690222263336182 -2.6556694507598877
v -0.756096601486206 -1.7690222263336182 -2.6556694507598877
v -0.5772995948791504 -1.5678695440292358 -2.71907639503479
v -0.39850348234176636 -1.793399691581726 -3.106717348098755
v -0.5772995948791504 -1.5678695440292358 -2.71907639503479
v -0.756096601486206 -1.7690222263336182 -2.6556694507598877
v -0.7560964822769165 -1.5675901174545288 -2.549612283706665
v 0.39849406480789185 -1.793399691581726 -3.106718063354492
v 0.41394346952438354 -2.1182007789611816 -3.5004725456237793
v 0.3338378965854645 -1.7811486721038818 -3.3605449199676514
v 0.41394346952438354 -2.1182007789611816 -3.5004725456237793
v 0.39849406480789185 -1.793399691581726 -3.106718063354492
v 0.5000889301300049 -2.1674375534057617 -3.2856476306915283
v 0.41394346952438354 -2.1182007789611816 -3.5004725456237793
v 0.22600795328617096 -1.7263258695602417 -3.533802032470703
v 0.3338378965854645 -1.7811486721038818 -3.3605449199676514
v 0.22600795328617096 -1.7263258695602417 -3.533802032470703
v 0.41394346952438354 -2.1182007789611816 -3.5004725456237793
v 0.327798068523407 -1.9749250411987305 -3.711791515350342
v 0.22600795328617096 -1.7263258695602417 -3.533802032470703
v 0.327798068523407 -1.9749250411987305 -3.711791515350342
v 0.2557620108127594 -1.7935688495635986 -3.78692626953125
v 0.16180828213691711 -1.6337003707885742 -3.8385329246520996
v 0.22600795328617096 -1.7263258695602417 -3.533802032470703
v 0.2557620108127594 -1.7935688495635986 -3.78692626953125
v 0.22600795328617096 -1.7263258695602417 -3.533802032470703
v 0.16180828213691711 -1.6337003707885742 -3.8385329246520996
v 0.1459069401025772 -1.591731309890747 -3.629085063934326
v 0.1459069401025772 -1.591731309890747 -3.629085063934326
v 0.16180828213691711 -1.6337003707885742 -3.8385329246520996
v -0.00000554448479306302 -1.3834505081176758 -3.667314052581787
v 0.7560886740684509 -1.9873359203338623 -2.6841800212860107
v 0.5000889301300049 -2.1674375534057617 -3.2856476306915283
v 0.39849406480789185 -1.793399691581726 -3.106718063354492
v 0.39849406480789185 -1.793399691581726 -3.106718063354492
v 0.7560884952545166 -1.7690222263336182 -2.655672788619995
v 0.7560886740684509 -1.9873359203338623 -2.6841800212860107
v 0.5772913694381714 -1.5678695440292358 -2.7190773487091064
v 0.7560884952545166 -1.7690222263336182 -2.655672788619995
v 0.39849406480789185 -1.793399691581726 -3.106718063354492
v 0.7560884952545166 -1.7690222263336182 -2.655672788619995
v 0.5772913694381714 -1.5678695440292358 -2.7190773487091064
v 0.7560884356498718 -1.5675901174545288 -2.5496151447296143
v 0.5000889301300049 -2.1674375534057617 -3.2856476306915283
v 0.7560886740684509 -1.9873359203338623 -2.6841800212860107
v 0.7560888528823853 -2.20688796043396 -2.7126870155334473
v -0.548961341381073 -2.20688796043396 -2.753279685974121
v -0.5000990033149719 -2.1674375534057617 -3.285646915435791
v -0.35250458121299744 -2.1674375534057617 -3.285646915435791
v -0.5000990033149719 -2.1674375534057617 -3.285646915435791
v -0.548961341381073 -2.20688796043396 -2.753279685974121
v -0.7560969591140747 -2.20688796043396 -2.712684154510498
v -0.000003333372887937003 -2.20688796043396 -2.1989219188690186
v -0.7560969591140747 -2.20688796043396 -2.712684154510498
v -0.548961341381073 -2.20688796043396 -2.753279685974121
v -0.7560969591140747 -2.20688796043396 -2.712684154510498
v -0.000003333372887937003 -2.20688796043396 -2.1989219188690186
v -0.0000029357108815020183 -2.20688796043396 -1.9360800981521606
v 0.548953115940094 -2.20688796043396 -2.7532806396484375
v -0.0000029357108815020183 -2.20688796043396 -1.9360800981521606
v -0.000003333372887937003 -2.20688796043396 -2.1989219188690186
v -0.0000029357108815020183 -2.20688796043396 -1.9360800981521606
v 0.548953115940094 -2.20688796043396 -2.7532806396484375
v 0.7560888528823853 -2.20688796043396 -2.7126870155334473
v 0.548953115940094 -2.20688796043396 -2.7532806396484375
v 0.5000889301300049 -2.1674375534057617 -3.2856476306915283
v 0.7560888528823853 -2.20688796043396 -2.7126870155334473
v 0.5000889301300049 -2.1674375534057617 -3.2856476306915283
v 0.548953115940094 -2.20688796043396 -2.7532806396484375
v 0.3524947762489319 -2.1674375534057617 -3.2856476306915283
v -0.41395407915115356 -2.1182007789611816 -3.5004723072052
v -0.35250458121299744 -2.1674375534057617 -3.285646915435791
v -0.5000990033149719 -2.1674375534057617 -3.285646915435791
v -0.35250458121299744 -2.1674375534057617 -3.285646915435791
v -0.41395407915115356 -2.1182007789611816 -3.5004723072052
v -0.2864110767841339 -2.1182005405426025 -3.5004723072052
v 0.3524947762489319 -2.1674375534057617 -3.2856476306915283
v 0.41394346952438354 -2.1182007789611816 -3.5004725456237793
v 0.5000889301300049 -2.1674375534057617 -3.2856476306915283
v 0.41394346952438354 -2.1182007789611816 -3.5004725456237793
v 0.3524947762489319 -2.1674375534057617 -3.2856476306915283
v 0.2864004969596863 -2.1182007789611816 -3.5004725456237793
v -0.32780933380126953 -1.9749248027801514 -3.7117910385131836
v -0.2864110767841339 -2.1182005405426025 -3.5004723072052
v -0.41395407915115356 -2.1182007789611816 -3.5004723072052
v -0.2864110767841339 -2.1182005405426025 -3.5004723072052
v -0.32780933380126953 -1.9749248027801514 -3.7117910385131836
v -0.22031757235527039 -1.9749248027801514 -3.7117905616760254
v 0.2864004969596863 -2.1182007789611816 -3.5004725456237793
v 0.327798068523407 -1.9749250411987305 -3.711791515350342
v 0.41394346952438354 -2.1182007789611816 -3.5004725456237793
v 0.327798068523407 -1.9749250411987305 -3.711791515350342
v 0.2864004969596863 -2.1182007789611816 -3.5004725456237793
v 0.2203063666820526 -1.9749250411987305 -3.7117912769317627
v -0.000003209289388905745 -1.7628910541534424 -2.1262857913970947
v -0.7560967803001404 -1.9873359203338623 -2.6841769218444824
v -0.000003170366881022346 -1.9842700958251953 -2.0958423614501953
v -0.7560967803001404 -1.9873359203338623 -2.6841769218444824
v -0.000003209289388905745 -1.7628910541534424 -2.1262857913970947
v -0.756096601486206 -1.7690222263336182 -2.6556694507598877
v 0.7560886740684509 -1.9873359203338623 -2.6841800212860107
v -0.000003209289388905745 -1.7628910541534424 -2.1262857913970947
v -0.000003170366881022346 -1.9842700958251953 -2.0958423614501953
v -0.000003209289388905745 -1.7628910541534424 -2.1262857913970947
v 0.7560886740684509 -1.9873359203338623 -2.6841800212860107
v 0.7560884952545166 -1.7690222263336182 -2.655672788619995
v -0.000003209289388905745 -1.7628910541534424 -2.1262857913970947
v -0.7560964822769165 -1.5675901174545288 -2.549612283706665
v -0.756096601486206 -1.7690222263336182 -2.6556694507598877
v -0.7560964822769165 -1.5675901174545288 -2.549612283706665
v -0.000003209289388905745 -1.7628910541534424 -2.1262857913970947
v -0.0000031320359994424507 -1.5761057138442993 -2.080061197280884
v 0.7560884356498718 -1.5675901174545288 -2.5496151447296143
v -0.000003209289388905745 -1.7628910541534424 -2.1262857913970947
v 0.7560884952545166 -1.7690222263336182 -2.655672788619995
v -0.000003209289388905745 -1.7628910541534424 -2.1262857913970947
v 0.7560884356498718 -1.5675901174545288 -2.5496151447296143
v -0.0000031320359994424507 -1.5761057138442993 -2.080061197280884
v -0.7560969591140747 -2.20688796043396 -2.712684154510498
v -0.000003170366881022346 -1.9842700958251953 -2.0958423614501953
v -0.7560967803001404 -1.9873359203338623 -2.6841769218444824
v -0.000003170366881022346 -1.9842700958251953 -2.0958423614501953
v -0.7560969591140747 -2.20688796043396 -2.712684154510498
v -0.0000029357108815020183 -2.20688796043396 -1.9360800981521606
v 0.7560888528823853 -2.20688796043396 -2.7126870155334473
v -0.000003170366881022346 -1.9842700958251953 -2.0958423614501953
v -0.0000029357108815020183 -2.20688796043396 -1.9360800981521606
v -0.000003170366881022346 -1.9842700958251953 -2.0958423614501953
v 0.7560888528823853 -2.20688796043396 -2.7126870155334473
v 0.7560886740684509 -1.9873359203338623 -2.6841800212860107
v -0.1618197113275528 -1.6337003707885742 -3.8385329246520996
v -0.1608186960220337 -1.793568730354309 -3.786925792694092
v -0.25577324628829956 -1.793568730354309 -3.786925792694092
v -0.1608186960220337 -1.793568730354309 -3.786925792694092
v -0.1618197113275528 -1.6337003707885742 -3.8385329246520996
v -0.08629290759563446 -1.6337003707885742 -3.8385324478149414
v -0.22031757235527039 -1.9749248027801514 -3.7117905616760254
v -0.25577324628829956 -1.793568730354309 -3.786925792694092
v -0.1608186960220337 -1.793568730354309 -3.786925792694092
v -0.25577324628829956 -1.793568730354309 -3.786925792694092
v -0.22031757235527039 -1.9749248027801514 -3.7117905616760254
v -0.32780933380126953 -1.9749248027801514 -3.7117910385131836
v -0.00000554448479306302 -1.3834505081176758 -3.667314052581787
v -0.08629290759563446 -1.6337003707885742 -3.8385324478149414
v -0.1618197113275528 -1.6337003707885742 -3.8385329246520996
v -0.22031757235527039 -1.9749248027801514 -3.7117905616760254
v -0.25537097454071045 -2.2643909454345703 -3.5426511764526367
v -0.2864110767841339 -2.1182005405426025 -3.5004723072052
v -0.25537097454071045 -2.2643909454345703 -3.5426511764526367
v -0.22031757235527039 -1.9749248027801514 -3.7117905616760254
v -0.1675919145345688 -2.0764636993408203 -3.8477725982666016
v -0.1608186960220337 -1.793568730354309 -3.786925792694092
v -0.1675919145345688 -2.0764636993408203 -3.8477725982666016
v -0.22031757235527039 -1.9749248027801514 -3.7117905616760254
v -0.1675919145345688 -2.0764636993408203 -3.8477725982666016
v -0.1608186960220337 -1.793568730354309 -3.786925792694092
v -0.1344558447599411 -1.8085825443267822 -3.869699478149414
v -0.08629290759563446 -1.6337003707885742 -3.8385324478149414
v -0.1344558447599411 -1.8085825443267822 -3.869699478149414
v -0.1608186960220337 -1.793568730354309 -3.786925792694092
v -0.25537097454071045 -2.2643909454345703 -3.5426511764526367
v -0.35250458121299744 -2.1674375534057617 -3.285646915435791
v -0.2864110767841339 -2.1182005405426025 -3.5004723072052
v -0.35250458121299744 -2.1674375534057617 -3.285646915435791
v -0.25537097454071045 -2.2643909454345703 -3.5426511764526367
v -0.34315040707588196 -2.340092182159424 -3.3217546939849854
v -0.35250458121299744 -2.1674375534057617 -3.285646915435791
v -0.34315040707588196 -2.340092182159424 -3.3217546939849854
v -0.548961341381073 -2.20688796043396 -2.753279685974121
v -0.548961341381073 -2.20688796043396 -2.753279685974121
v -0.34315040707588196 -2.340092182159424 -3.3217546939849854
v -0.5489612817764282 -2.390808343887329 -2.7648513317108154
v -0.548961341381073 -2.20688796043396 -2.753279685974121
v -0.0000032709669994801516 -2.390808582305908 -2.152992010116577
v -0.000003333372887937003 -2.20688796043396 -2.1989219188690186
v -0.0000032709669994801516 -2.390808582305908 -2.152992010116577
v -0.548961341381073 -2.20688796043396 -2.753279685974121
v -0.5489612817764282 -2.390808343887329 -2.7648513317108154
v -0.000003333372887937003 -2.20688796043396 -2.1989219188690186
v 0.5489530563354492 -2.390808343887329 -2.764852285385132
v 0.548953115940094 -2.20688796043396 -2.7532806396484375
v 0.5489530563354492 -2.390808343887329 -2.764852285385132
v -0.000003333372887937003 -2.20688796043396 -2.1989219188690186
v -0.0000032709669994801516 -2.390808582305908 -2.152992010116577
v 0.548953115940094 -2.20688796043396 -2.7532806396484375
v 0.5489530563354492 -2.390808343887329 -2.764852285385132
v 0.3524947762489319 -2.1674375534057617 -3.2856476306915283
v 0.3524947762489319 -2.1674375534057617 -3.2856476306915283
v 0.5489530563354492 -2.390808343887329 -2.764852285385132
v 0.3431401550769806 -2.340092420578003 -3.3217551708221436
v 0.2553602457046509 -2.2643911838531494 -3.542651414871216
v 0.3524947762489319 -2.1674375534057617 -3.2856476306915283
v 0.3431401550769806 -2.340092420578003 -3.3217551708221436
v 0.3524947762489319 -2.1674375534057617 -3.2856476306915283
v 0.2553602457046509 -2.2643911838531494 -3.542651414871216
v 0.2864004969596863 -2.1182007789611816 -3.5004725456237793
v 0.2553602457046509 -2.2643911838531494 -3.542651414871216
v 0.2203063666820526 -1.9749250411987305 -3.7117912769317627
v 0.2864004969596863 -2.1182007789611816 -3.5004725456237793
v 0.2203063666820526 -1.9749250411987305 -3.7117912769317627
v 0.2553602457046509 -2.2643911838531494 -3.542651414871216
v 0.16758015751838684 -2.0764639377593994 -3.8477725982666016
v 0.13444410264492035 -1.8085825443267822 -3.869699716567993
v 0.2203063666820526 -1.9749250411987305 -3.7117912769317627
v 0.16758015751838684 -2.0764639377593994 -3.8477725982666016
v 0.2203063666820526 -1.9749250411987305 -3.7117912769317627
v 0.13444410264492035 -1.8085825443267822 -3.869699716567993
v 0.160807266831398 -1.7935688495635986 -3.786926031112671
v 0.160807266831398 -1.7935688495635986 -3.786926031112671
v 0.13444410264492035 -1.8085825443267822 -3.869699716567993
v 0.08628132194280624 -1.6337004899978638 -3.8385329246520996
v -0.0000033648871067271102 -1.0229922533035278 -3.1978702545166016
v 0.1452004760503769 -0.8757949471473694 -3.124382495880127
v 0.20534572005271912 -1.026297926902771 -3.130143880844116
v -0.0000033648871067271102 -1.0229922533035278 -3.1978702545166016
v -0.000003276901907156571 -0.8115572333335876 -3.1261281967163086
v 0.1452004760503769 -0.8757949471473694 -3.124382495880127
v -0.0000033648871067271102 -1.0229922533035278 -3.1978702545166016
v -0.14520710706710815 -0.8757947087287903 -3.124382495880127
v -0.000003276901907156571 -0.8115572333335876 -3.1261281967163086
v -0.0000033648871067271102 -1.0229922533035278 -3.1978702545166016
v -0.20535258948802948 -1.026297926902771 -3.130143404006958
v -0.14520710706710815 -0.8757947087287903 -3.124382495880127
v -0.0000033648871067271102 -1.0229922533035278 -3.1978702545166016
v 0.20534572005271912 -1.026297926902771 -3.130143880844116
v 0.14520028233528137 -1.1829625368118286 -3.1549949645996094
v -0.0000033648871067271102 -1.0229922533035278 -3.1978702545166016
v 0.14520028233528137 -1.1829625368118286 -3.1549949645996094
v -0.0000033658634492894635 -1.2459579706192017 -3.169419765472412
v 0.2064940631389618 -0.8168156147003174 -3.0595297813415527
v 0.20534572005271912 -1.026297926902771 -3.130143880844116
v 0.1452004760503769 -0.8757949471473694 -3.124382495880127
v 0.20534572005271912 -1.026297926902771 -3.130143880844116
v 0.2064940631389618 -0.8168156147003174 -3.0595297813415527
v 0.29202786087989807 -1.0308490991592407 -3.0677225589752197
v 0.259633332490921 -0.7474291920661926 -2.9596805572509766
v 0.29202786087989807 -1.0308490991592407 -3.0677225589752197
v 0.2064940631389618 -0.8168156147003174 -3.0595297813415527
v 0.29202786087989807 -1.0308490991592407 -3.0677225589752197
v 0.259633332490921 -0.7474291920661926 -2.9596805572509766
v 0.36717867851257324 -1.035543441772461 -2.9742648601531982
v 0.2064940631389618 -0.8168156147003174 -3.0595297813415527
v -0.000003189810740877874 -0.6326698064804077 -2.984950542449951
v 0.259633332490921 -0.7474291920661926 -2.9596805572509766
v -0.000003189810740877874 -0.6326698064804077 -2.984950542449951
v 0.2064940631389618 -0.8168156147003174 -3.0595297813415527
v -0.000003240424348405213 -0.7254617810249329 -3.062011480331421
v -0.000003240424348405213 -0.7254617810249329 -3.062011480331421
v 0.1452004760503769 -0.8757949471473694 -3.124382495880127
v -0.000003276901907156571 -0.8115572333335876 -3.1261281967163086
v 0.1452004760503769 -0.8757949471473694 -3.124382495880127
v -0.000003240424348405213 -0.7254617810249329 -3.062011480331421
v 0.2064940631389618 -0.8168156147003174 -3.0595297813415527
v 0.25963345170021057 -1.2966712713241577 -3.0144176483154297
v 0.29202786087989807 -1.0308490991592407 -3.0677225589752197
v 0.36717867851257324 -1.035543441772461 -2.9742648601531982
v 0.29202786087989807 -1.0308490991592407 -3.0677225589752197
v 0.25963345170021057 -1.2966712713241577 -3.0144176483154297
v 0.20649376511573792 -1.2536453008651733 -3.1030638217926025
v 0.20649376511573792 -1.2536453008651733 -3.1030638217926025
v -0.0000033658634492894635 -1.2459579706192017 -3.169419765472412
v 0.14520028233528137 -1.1829625368118286 -3.1549949645996094
v 0.20649376511573792 -1.2536453008651733 -3.1030638217926025
v 0.20534572005271912 -1.026297926902771 -3.130143880844116
v 0.29202786087989807 -1.0308490991592407 -3.0677225589752197
v 0.20534572005271912 -1.026297926902771 -3.130143880844116
v 0.20649376511573792 -1.2536453008651733 -3.1030638217926025
v 0.14520028233528137 -1.1829625368118286 -3.1549949645996094
v 0.25963345170021057 -1.2966712713241577 -3.0144176483154297
v -0.0000033669391541479854 -1.3432320356369019 -3.1235783100128174
v 0.20649376511573792 -1.2536453008651733 -3.1030638217926025
v -0.0000033658634492894635 -1.2459579706192017 -3.169419765472412
v 0.20649376511573792 -1.2536453008651733 -3.1030638217926025
v -0.0000033669391541479854 -1.3432320356369019 -3.1235783100128174
v -0.0000033669391541479854 -1.3432320356369019 -3.1235783100128174
v 0.25963345170021057 -1.2966712713241577 -3.0144176483154297
v -0.0000033488820463389857 -1.4094152450561523 -3.0623602867126465
v -0.20650067925453186 -0.8168153762817383 -3.0595293045043945
v -0.000003276901907156571 -0.8115572333335876 -3.1261281967163086
v -0.14520710706710815 -0.8757947087287903 -3.124382495880127
v -0.000003276901907156571 -0.8115572333335876 -3.1261281967163086
v -0.20650067925453186 -0.8168153762817383 -3.0595293045043945
v -0.000003240424348405213 -0.7254617810249329 -3.062011480331421
v -0.2596399784088135 -0.747429370880127 -2.9596803188323975
v -0.000003240424348405213 -0.7254617810249329 -3.062011480331421
v -0.20650067925453186 -0.8168153762817383 -3.0595293045043945
v -0.0000033648871067271102 -1.0229922533035278 -3.1978702545166016
v -0.14520709216594696 -1.182962417602539 -3.154994487762451
v -0.20535258948802948 -1.026297926902771 -3.130143404006958
v -0.0000033648871067271102 -1.0229922533035278 -3.1978702545166016
v -0.0000033658634492894635 -1.2459579706192017 -3.169419765472412
v -0.14520709216594696 -1.182962417602539 -3.154994487762451
v -0.20650067925453186 -1.2536449432373047 -3.1030638217926025
v -0.20535258948802948 -1.026297926902771 -3.130143404006958
v -0.14520709216594696 -1.182962417602539 -3.154994487762451
v -0.20535258948802948 -1.026297926902771 -3.130143404006958
v -0.20650067925453186 -1.2536449432373047 -3.1030638217926025
v -0.292034775018692 -1.0308489799499512 -3.0677220821380615
v -0.2596399188041687 -1.2966711521148682 -3.0144169330596924
v -0.292034775018692 -1.0308489799499512 -3.0677220821380615
v -0.20650067925453186 -1.2536449432373047 -3.1030638217926025
v -0.292034775018692 -1.0308489799499512 -3.0677220821380615
v -0.2596399188041687 -1.2966711521148682 -3.0144169330596924
v -0.3671848475933075 -1.035543441772461 -2.974264621734619
v -0.3671848475933075 -1.035543441772461 -2.974264621734619
v -0.20650067925453186 -0.8168153762817383 -3.0595293045043945
v -0.292034775018692 -1.0308489799499512 -3.0677220821380615
v -0.20650067925453186 -0.8168153762817383 -3.0595293045043945
v -0.3671848475933075 -1.035543441772461 -2.974264621734619
v -0.2596399784088135 -0.747429370880127 -2.9596803188323975
v -0.20650067925453186 -1.2536449432373047 -3.1030638217926025
v -0.0000033488820463389857 -1.4094152450561523 -3.0623602867126465
v -0.2596399188041687 -1.2966711521148682 -3.0144169330596924
v -0.0000033488820463389857 -1.4094152450561523 -3.0623602867126465
v -0.20650067925453186 -1.2536449432373047 -3.1030638217926025
v -0.0000033669391541479854 -1.3432320356369019 -3.1235783100128174
v -0.0000033669391541479854 -1.3432320356369019 -3.1235783100128174
v -0.14520709216594696 -1.182962417602539 -3.154994487762451
v -0.0000033658634492894635 -1.2459579706192017 -3.169419765472412
v -0.14520709216594696 -1.182962417602539 -3.154994487762451
v -0.0000033669391541479854 -1.3432320356369019 -3.1235783100128174
v -0.20650067925453186 -1.2536449432373047 -3.1030638217926025
v -0.292034775018692 -1.0308489799499512 -3.0677220821380615
v -0.14520710706710815 -0.8757947087287903 -3.124382495880127
v -0.20535258948802948 -1.026297926902771 -3.130143404006958
v -0.14520710706710815 -0.8757947087287903 -3.124382495880127
v -0.292034775018692 -1.0308489799499512 -3.0677220821380615
v -0.20650067925453186 -0.8168153762817383 -3.0595293045043945
v -0.000003240424348405213 -0.7254617810249329 -3.062011480331421
v -0.2596399784088135 -0.747429370880127 -2.9596803188323975
v -0.000003189810740877874 -0.6326698064804077 -2.984950542449951
v 0.36717867851257324 -1.035543441772461 -2.9742648601531982
v 0.3185664117336273 -0.6906555891036987 -2.921684980392456
v 0.45803889632225037 -1.0400952100753784 -2.928750514984131
v 0.3185664117336273 -0.6906555891036987 -2.921684980392456
v 0.36717867851257324 -1.035543441772461 -2.9742648601531982
v 0.259633332490921 -0.7474291920661926 -2.9596805572509766
v 0.259633332490921 -0.7474291920661926 -2.9596805572509766
v -0.000003153194938931847 -0.548942506313324 -2.9465317726135254
v 0.3185664117336273 -0.6906555891036987 -2.921684980392456
v -0.000003153194938931847 -0.548942506313324 -2.9465317726135254
v 0.259633332490921 -0.7474291920661926 -2.9596805572509766
v -0.000003189810740877874 -0.6326698064804077 -2.984950542449951
v 0.3185659646987915 -1.3645646572113037 -2.9888458251953125
v 0.36717867851257324 -1.035543441772461 -2.9742648601531982
v 0.45803889632225037 -1.0400952100753784 -2.928750514984131
v 0.36717867851257324 -1.035543441772461 -2.9742648601531982
v 0.3185659646987915 -1.3645646572113037 -2.9888458251953125
v 0.25963345170021057 -1.2966712713241577 -3.0144176483154297
v -0.000003348371819811291 -1.5019937753677368 -3.0415120124816895
v 0.25963345170021057 -1.2966712713241577 -3.0144176483154297
v 0.3185659646987915 -1.3645646572113037 -2.9888458251953125
v 0.25963345170021057 -1.2966712713241577 -3.0144176483154297
v -0.000003348371819811291 -1.5019937753677368 -3.0415120124816895
v -0.0000033488820463389857 -1.4094152450561523 -3.0623602867126465
v 0.4069801867008209 -0.5701920390129089 -2.7759180068969727
v 0.45803889632225037 -1.0400952100753784 -2.928750514984131
v 0.3185664117336273 -0.6906555891036987 -2.921684980392456
v 0.45803889632225037 -1.0400952100753784 -2.928750514984131
v 0.4069801867008209 -0.5701920390129089 -2.7759180068969727
v 0.5891799330711365 -1.0653833150863647 -2.771158218383789
v 0.3185664117336273 -0.6906555891036987 -2.921684980392456
v -0.000003034256224054843 -0.36318498849868774 -2.82120418548584
v 0.4069801867008209 -0.5701920390129089 -2.7759180068969727
v -0.000003034256224054843 -0.36318498849868774 -2.82120418548584
v 0.3185664117336273 -0.6906555891036987 -2.921684980392456
v -0.000003153194938931847 -0.548942506313324 -2.9465317726135254
v -0.3185722231864929 -0.6906554698944092 -2.921684503555298
v -0.000003034256224054843 -0.36318498849868774 -2.82120418548584
v -0.000003153194938931847 -0.548942506313324 -2.9465317726135254
v -0.000003034256224054843 -0.36318498849868774 -2.82120418548584
v -0.3185722231864929 -0.6906554698944092 -2.921684503555298
v -0.40698572993278503 -0.5701919794082642 -2.7759180068969727
v 0.3185659646987915 -1.3645646572113037 -2.9888458251953125
v -0.0000032827683753566816 -1.6916406154632568 -2.9397850036621094
v -0.000003348371819811291 -1.5019937753677368 -3.0415120124816895
v -0.0000032827683753566816 -1.6916406154632568 -2.9397850036621094
v 0.3185659646987915 -1.3645646572113037 -2.9888458251953125
v 0.4069797694683075 -1.4935985803604126 -2.8584530353546143
v 0.4069797694683075 -1.4935985803604126 -2.8584530353546143
v 0.45803889632225037 -1.0400952100753784 -2.928750514984131
v 0.5891799330711365 -1.0653833150863647 -2.771158218383789
v 0.45803889632225037 -1.0400952100753784 -2.928750514984131
v 0.4069797694683075 -1.4935985803604126 -2.8584530353546143
v 0.3185659646987915 -1.3645646572113037 -2.9888458251953125
v 0.4069801867008209 -0.5701920390129089 -2.7759180068969727
v 0.6332318782806396 -1.077516794204712 -2.5695316791534424
v 0.5891799330711365 -1.0653833150863647 -2.771158218383789
v 0.6332318782806396 -1.077516794204712 -2.5695316791534424
v 0.4069797694683075 -1.4935985803604126 -2.8584530353546143
v 0.5891799330711365 -1.0653833150863647 -2.771158218383789
v 0.6332318782806396 -1.077516794204712 -2.5695316791534424
v 0.4069801867008209 -0.5701920390129089 -2.7759180068969727
v 0.4351324737071991 -0.5154947638511658 -2.586392879486084
v 0.4069801867008209 -0.5701920390129089 -2.7759180068969727
v -0.000002857953177226591 -0.2728714644908905 -2.645921230316162
v 0.4351324737071991 -0.5154947638511658 -2.586392879486084
v -0.000002857953177226591 -0.2728714644908905 -2.645921230316162
v 0.4069801867008209 -0.5701920390129089 -2.7759180068969727
v -0.000003034256224054843 -0.36318498849868774 -2.82120418548584
v 0.4069797694683075 -1.4935985803604126 -2.8584530353546143
v -0.0000031229703836288536 -1.7841870784759521 -2.7704403400421143
v -0.0000032827683753566816 -1.6916406154632568 -2.9397850036621094
v -0.0000031229703836288536 -1.7841870784759521 -2.7704403400421143
v 0.4069797694683075 -1.4935985803604126 -2.8584530353546143
v 0.43513205647468567 -1.554013729095459 -2.671957492828369
v 0.4069797694683075 -1.4935985803604126 -2.8584530353546143
v 0.6332318782806396 -1.077516794204712 -2.5695316791534424
v 0.43513205647468567 -1.554013729095459 -2.671957492828369
v -0.000003153194938931847 -0.548942506313324 -2.9465317726135254
v -0.2596399784088135 -0.747429370880127 -2.9596803188323975
v -0.3185722231864929 -0.6906554698944092 -2.921684503555298
v -0.2596399784088135 -0.747429370880127 -2.9596803188323975
v -0.000003153194938931847 -0.548942506313324 -2.9465317726135254
v -0.000003189810740877874 -0.6326698064804077 -2.984950542449951
v -0.3671848475933075 -1.035543441772461 -2.974264621734619
v -0.3185722231864929 -0.6906554698944092 -2.921684503555298
v -0.2596399784088135 -0.747429370880127 -2.9596803188323975
v -0.3185722231864929 -0.6906554698944092 -2.921684503555298
v -0.3671848475933075 -1.035543441772461 -2.974264621734619
v -0.45804455876350403 -1.0400952100753784 -2.928750514984131
v -0.3671848475933075 -1.035543441772461 -2.974264621734619
v -0.31857243180274963 -1.3645646572113037 -2.9888455867767334
v -0.45804455876350403 -1.0400952100753784 -2.928750514984131
v -0.31857243180274963 -1.3645646572113037 -2.9888455867767334
v -0.3671848475933075 -1.035543441772461 -2.974264621734619
v -0.2596399188041687 -1.2966711521148682 -3.0144169330596924
v -0.2596399188041687 -1.2966711521148682 -3.0144169330596924
v -0.000003348371819811291 -1.5019937753677368 -3.0415120124816895
v -0.31857243180274963 -1.3645646572113037 -2.9888455867767334
v -0.000003348371819811291 -1.5019937753677368 -3.0415120124816895
v -0.2596399188041687 -1.2966711521148682 -3.0144169330596924
v -0.0000033488820463389857 -1.4094152450561523 -3.0623602867126465
v -0.45804455876350403 -1.0400952100753784 -2.928750514984131
v -0.40698572993278503 -0.5701919794082642 -2.7759180068969727
v -0.3185722231864929 -0.6906554698944092 -2.921684503555298
v -0.40698572993278503 -0.5701919794082642 -2.7759180068969727
v -0.45804455876350403 -1.0400952100753784 -2.928750514984131
v -0.5891852378845215 -1.0653833150863647 -2.7711575031280518
v -0.45804455876350403 -1.0400952100753784 -2.928750514984131
v -0.4069859981536865 -1.4935979843139648 -2.858452796936035
v -0.5891852378845215 -1.0653833150863647 -2.7711575031280518
v -0.4069859981536865 -1.4935979843139648 -2.858452796936035
v -0.45804455876350403 -1.0400952100753784 -2.928750514984131
v -0.31857243180274963 -1.3645646572113037 -2.9888455867767334
v -0.31857243180274963 -1.3645646572113037 -2.9888455867767334
v -0.0000032827683753566816 -1.6916406154632568 -2.9397850036621094
v -0.4069859981536865 -1.4935979843139648 -2.858452796936035
v -0.0000032827683753566816 -1.6916406154632568 -2.9397850036621094
v -0.31857243180274963 -1.3645646572113037 -2.9888455867767334
v -0.000003348371819811291 -1.5019937753677368 -3.0415120124816895
v -0.5891852378845215 -1.0653833150863647 -2.7711575031280518
v -0.43513771891593933 -0.5154945254325867 -2.586392402648926
v -0.40698572993278503 -0.5701919794082642 -2.7759180068969727
v -0.000002857953177226591 -0.2728714644908905 -2.645921230316162
v -0.40698572993278503 -0.5701919794082642 -2.7759180068969727
v -0.43513771891593933 -0.5154945254325867 -2.586392402648926
v -0.40698572993278503 -0.5701919794082642 -2.7759180068969727
v -0.000002857953177226591 -0.2728714644908905 -2.645921230316162
v -0.000003034256224054843 -0.36318498849868774 -2.82120418548584
v -0.43513771891593933 -0.5154945254325867 -2.586392402648926
v -0.5891852378845215 -1.0653833150863647 -2.7711575031280518
v -0.6332371234893799 -1.0775169134140015 -2.569531202316284
v -0.5891852378845215 -1.0653833150863647 -2.7711575031280518
v -0.43513771891593933 -1.5540127754211426 -2.671957492828369
v -0.6332371234893799 -1.0775169134140015 -2.569531202316284
v -0.43513771891593933 -1.5540127754211426 -2.671957492828369
v -0.5891852378845215 -1.0653833150863647 -2.7711575031280518
v -0.4069859981536865 -1.4935979843139648 -2.858452796936035
v -0.4069859981536865 -1.4935979843139648 -2.858452796936035
v -0.0000031229703836288536 -1.7841870784759521 -2.7704403400421143
v -0.43513771891593933 -1.5540127754211426 -2.671957492828369
v -0.0000031229703836288536 -1.7841870784759521 -2.7704403400421143
v -0.4069859981536865 -1.4935979843139648 -2.858452796936035
v -0.0000032827683753566816 -1.6916406154632568 -2.9397850036621094
v -0.2175559550523758 -0.014636783860623837 -3.783051013946533
v -0.000005570640951191308 -0.2952526807785034 -3.681934356689453
v -0.2784566283226013 -0.2952526807785034 -3.681934118270874
v -0.000005570640951191308 -0.2952526807785034 -3.681934356689453
v -0.2175559550523758 -0.014636783860623837 -3.783051013946533
v -0.000005705342118744738 -0.014636783860623837 -3.783051013946533
v 0.21754448115825653 -0.014636783860623837 -3.7830512523651123
v -0.000005570640951191308 -0.2952526807785034 -3.681934356689453
v -0.000005705342118744738 -0.014636783860623837 -3.783051013946533
v -0.000005570640951191308 -0.2952526807785034 -3.681934356689453
v 0.21754448115825653 -0.014636783860623837 -3.7830512523651123
v 0.27844560146331787 -0.2952526807785034 -3.6819345951080322
v -0.000005136957042850554 -0.45215514302253723 -3.3760201930999756
v -0.2784566283226013 -0.2952526807785034 -3.681934118270874
v -0.000005570640951191308 -0.2952526807785034 -3.681934356689453
v 0.27844560146331787 -0.2952526807785034 -3.6819345951080322
v -0.000005136957042850554 -0.45215514302253723 -3.3760201930999756
v -0.000005570640951191308 -0.2952526807785034 -3.681934356689453
v -0.2784566283226013 -0.2952526807785034 -3.681934118270874
v -0.000005136957042850554 -0.45215514302253723 -3.3760201930999756
v -0.3393569886684418 -0.45215514302253723 -3.3760201930999756
v -0.000005136957042850554 -0.45215514302253723 -3.3760201930999756
v -0.46116894483566284 -0.5447067022323608 -3.0060620307922363
v -0.3393569886684418 -0.45215514302253723 -3.3760201930999756
v -0.46116894483566284 -0.5447067022323608 -3.0060620307922363
v -0.000005136957042850554 -0.45215514302253723 -3.3760201930999756
v -0.000004578490461426554 -0.5447067022323608 -3.0060622692108154
v 0.3393469750881195 -0.45215514302253723 -3.376020669937134
v -0.000004578490461426554 -0.5447067022323608 -3.0060622692108154
v -0.000005136957042850554 -0.45215514302253723 -3.3760201930999756
v -0.000005136957042850554 -0.45215514302253723 -3.3760201930999756
v 0.27844560146331787 -0.2952526807785034 -3.6819345951080322
v 0.3393469750881195 -0.45215514302253723 -3.376020669937134
v -0.000004578490461426554 -0.5447067022323608 -3.0060622692108154
v 0.3393469750881195 -0.45215514302253723 -3.376020669937134
v 0.46115973591804504 -0.5447068810462952 -3.0060627460479736
v -0.000004578490461426554 -0.5447067022323608 -3.0060622692108154
v -0.6085976958274841 -0.5804746747016907 -2.5058250427246094
v -0.46116894483566284 -0.5447067022323608 -3.0060620307922363
v -0.6085976958274841 -0.5804746747016907 -2.5058250427246094
v -0.000004578490461426554 -0.5447067022323608 -3.0060622692108154
v -0.0000037832512589375256 -0.5804746747016907 -2.5058255195617676
v 0.46115973591804504 -0.5447068810462952 -3.0060627460479736
v -0.0000037832512589375256 -0.5804746747016907 -2.5058255195617676
v -0.000004578490461426554 -0.5447067022323608 -3.0060622692108154
v -0.0000037832512589375256 -0.5804746747016907 -2.5058255195617676
v 0.46115973591804504 -0.5447068810462952 -3.0060627460479736
v 0.608590304851532 -0.5804747939109802 -2.505825996398926
v -0.3393571078777313 1.64060082852302e-7 -3.3828282356262207
v -0.2175559550523758 -0.014636783860623837 -3.783051013946533
v -0.2784566283226013 -0.2952526807785034 -3.681934118270874
v -0.3393571078777313 1.64060082852302e-7 -3.3828282356262207
v -0.2784566283226013 -0.2952526807785034 -3.681934118270874
v -0.3393569886684418 -0.45215514302253723 -3.3760201930999756
v -0.3393569886684418 -0.45215514302253723 -3.3760201930999756
v -0.46116894483566284 1.64060082852302e-7 -3.0060620307922363
v -0.3393571078777313 1.64060082852302e-7 -3.3828282356262207
v -0.46116894483566284 1.64060082852302e-7 -3.0060620307922363
v -0.3393569886684418 -0.45215514302253723 -3.3760201930999756
v -0.46116894483566284 -0.5447067022323608 -3.0060620307922363
v -0.46116894483566284 -0.5447067022323608 -3.0060620307922363
v -0.6085977554321289 1.64060082852302e-7 -2.5058250427246094
v -0.46116894483566284 1.64060082852302e-7 -3.0060620307922363
v -0.6085977554321289 1.64060082852302e-7 -2.5058250427246094
v -0.46116894483566284 -0.5447067022323608 -3.0060620307922363
v -0.6085976958274841 -0.5804746747016907 -2.5058250427246094
v 0.46115973591804504 1.64060082852302e-7 -3.0060627460479736
v 0.608590304851532 -0.5804747939109802 -2.505825996398926
v 0.46115973591804504 -0.5447068810462952 -3.0060627460479736
v 0.608590304851532 -0.5804747939109802 -2.505825996398926
v 0.46115973591804504 1.64060082852302e-7 -3.0060627460479736
v 0.608590304851532 1.64060082852302e-7 -2.505825996398926
v 0.46115973591804504 -0.5447068810462952 -3.0060627460479736
v 0.33934682607650757 1.64060082852302e-7 -3.382828950881958
v 0.46115973591804504 1.64060082852302e-7 -3.0060627460479736
v 0.33934682607650757 1.64060082852302e-7 -3.382828950881958
v 0.46115973591804504 -0.5447068810462952 -3.0060627460479736
v 0.3393469750881195 -0.45215514302253723 -3.376020669937134
v 0.33934682607650757 1.64060082852302e-7 -3.382828950881958
v 0.3393469750881195 -0.45215514302253723 -3.376020669937134
v 0.27844560146331787 -0.2952526807785034 -3.6819345951080322
v 0.33934682607650757 1.64060082852302e-7 -3.382828950881958
v 0.27844560146331787 -0.2952526807785034 -3.6819345951080322
v 0.21754448115825653 -0.014636783860623837 -3.7830512523651123
v -1.1199049949645996 -2.094240427017212 -2.975003480911255
v -0.3609028160572052 -2.094240427017212 -2.499246597290039
v -0.9242884516716003 -2.094240427017212 -2.371856927871704
v -0.3609028160572052 -2.094240427017212 -2.499246597290039
v -1.1199049949645996 -2.094240427017212 -2.975003480911255
v -0.4480070173740387 -2.094240427017212 -3.1985795497894287
v -0.4480070173740387 -2.094240427017212 -3.1985795497894287
v -0.0015901336446404457 -2.094240427017212 -2.5412139892578125
v -0.3609028160572052 -2.094240427017212 -2.499246597290039
v -0.0015901336446404457 -2.094240427017212 -2.5412139892578125
v -0.4480070173740387 -2.094240427017212 -3.1985795497894287
v -0.001590715954080224 -2.094240427017212 -3.2698757648468018
v -0.001590715954080224 -2.094240427017212 -3.2698757648468018
v 0.35772261023521423 -2.094240427017212 -2.499246597290039
v -0.0015901336446404457 -2.094240427017212 -2.5412139892578125
v 0.35772261023521423 -2.094240427017212 -2.499246597290039
v -0.001590715954080224 -2.094240427017212 -3.2698757648468018
v 0.4448257088661194 -2.094240427017212 -3.1985795497894287
v 0.4448257088661194 -2.094240427017212 -3.1985795497894287
v 0.9211087822914124 -2.094240427017212 -2.371859073638916
v 0.35772261023521423 -2.094240427017212 -2.499246597290039
v 0.9211087822914124 -2.094240427017212 -2.371859073638916
v 0.4448257088661194 -2.094240427017212 -3.1985795497894287
v 1.1167244911193848 -2.094240427017212 -2.9750053882598877
v -1.1199049949645996 -1.9092711210250854 -2.975003480911255
v -0.9242884516716003 -2.094240427017212 -2.371856927871704
v -0.9242884516716003 -1.9092711210250854 -2.371856927871704
v -0.9242884516716003 -2.094240427017212 -2.371856927871704
v -1.1199049949645996 -1.9092711210250854 -2.975003480911255
v -1.1199049949645996 -2.094240427017212 -2.975003480911255
v -0.9242884516716003 -1.9092711210250854 -2.371856927871704
v -0.3609028160572052 -2.094240427017212 -2.499246597290039
v -0.3609028160572052 -1.9092711210250854 -2.499246597290039
v -0.3609028160572052 -2.094240427017212 -2.499246597290039
v -0.9242884516716003 -1.9092711210250854 -2.371856927871704
v -0.9242884516716003 -2.094240427017212 -2.371856927871704
v -0.0015901336446404457 -2.094240427017212 -2.5412139892578125
v -0.3609028160572052 -1.9092711210250854 -2.499246597290039
v -0.3609028160572052 -2.094240427017212 -2.499246597290039
v -0.3609028160572052 -1.9092711210250854 -2.499246597290039
v -0.0015901336446404457 -2.094240427017212 -2.5412139892578125
v -0.0015901336446404457 -1.9092711210250854 -2.5412139892578125
v 0.35772261023521423 -2.094240427017212 -2.499246597290039
v -0.0015901336446404457 -1.9092711210250854 -2.5412139892578125
v -0.0015901336446404457 -2.094240427017212 -2.5412139892578125
v -0.0015901336446404457 -1.9092711210250854 -2.5412139892578125
v 0.35772261023521423 -2.094240427017212 -2.499246597290039
v 0.35772261023521423 -1.9092711210250854 -2.499246597290039
v 0.9211087822914124 -2.094240427017212 -2.371859073638916
v 0.35772261023521423 -1.9092711210250854 -2.499246597290039
v 0.35772261023521423 -2.094240427017212 -2.499246597290039
v 0.35772261023521423 -1.9092711210250854 -2.499246597290039
v 0.9211087822914124 -2.094240427017212 -2.371859073638916
v 0.9211087822914124 -1.9092711210250854 -2.371859073638916
v 0.9211087822914124 -1.9092711210250854 -2.371859073638916
v 1.1167244911193848 -2.094240427017212 -2.9750053882598877
v 1.1167244911193848 -1.9092711210250854 -2.9750053882598877
v 1.1167244911193848 -2.094240427017212 -2.9750053882598877
v 0.9211087822914124 -1.9092711210250854 -2.371859073638916
v 0.9211087822914124 -2.094240427017212 -2.371859073638916
v 1.1167244911193848 -1.9092711210250854 -2.9750053882598877
v 0.4448257088661194 -2.094240427017212 -3.1985795497894287
v 0.4448257088661194 -1.9092711210250854 -3.1985795497894287
v 0.4448257088661194 -2.094240427017212 -3.1985795497894287
v 1.1167244911193848 -1.9092711210250854 -2.9750053882598877
v 1.1167244911193848 -2.094240427017212 -2.9750053882598877
v -0.001590715954080224 -2.094240427017212 -3.2698757648468018
v 0.4448257088661194 -1.9092711210250854 -3.1985795497894287
v 0.4448257088661194 -2.094240427017212 -3.1985795497894287
v 0.4448257088661194 -1.9092711210250854 -3.1985795497894287
v -0.001590715954080224 -2.094240427017212 -3.2698757648468018
v -0.001590715954080224 -1.9092711210250854 -3.2698757648468018
v -0.4480070173740387 -2.094240427017212 -3.1985795497894287
v -0.001590715954080224 -1.9092711210250854 -3.2698757648468018
v -0.001590715954080224 -2.094240427017212 -3.2698757648468018
v -0.001590715954080224 -1.9092711210250854 -3.2698757648468018
v -0.4480070173740387 -2.094240427017212 -3.1985795497894287
v -0.4480070173740387 -1.9092711210250854 -3.1985795497894287
v -1.1199049949645996 -2.094240427017212 -2.975003480911255
v -0.4480070173740387 -1.9092711210250854 -3.1985795497894287
v -0.4480070173740387 -2.094240427017212 -3.1985795497894287
v -0.4480070173740387 -1.9092711210250854 -3.1985795497894287
v -1.1199049949645996 -2.094240427017212 -2.975003480911255
v -1.1199049949645996 -1.9092711210250854 -2.975003480911255
v -3.6673145294189453 -1.3834505081176758 0.000004636968242266448
v -3.6290853023529053 -1.591731309890747 0.14591693878173828
v -3.6290853023529053 -1.591731309890747 0.000004581287157634506
v -3.6673145294189453 -1.3834505081176758 0.000004636968242266448
v -3.6290853023529053 -1.591731309890747 0.000004581287157634506
v -3.6290853023529053 -1.591731309890747 -0.14590781927108765
v -3.6290853023529053 -1.591731309890747 0.14591693878173828
v -3.5338022708892822 -1.7263257503509521 0.000004476933099795133
v -3.6290853023529053 -1.591731309890747 0.000004581287157634506
v -3.5338022708892822 -1.7263257503509521 0.000004476933099795133
v -3.6290853023529053 -1.591731309890747 -0.14590781927108765
v -3.6290853023529053 -1.591731309890747 0.000004581287157634506
v -3.5338022708892822 -1.7263257503509521 0.000004476933099795133
v -3.6290853023529053 -1.591731309890747 0.14591693878173828
v -3.533802032470703 -1.7263257503509521 0.2260178178548813
v -3.533802032470703 -1.7263257503509521 0.2260178178548813
v -3.3605453968048096 -1.7811486721038818 0.000004261533831595443
v -3.5338022708892822 -1.7263257503509521 0.000004476933099795133
v -3.3605453968048096 -1.7811486721038818 0.000004261533831595443
v -3.533802032470703 -1.7263257503509521 0.2260178178548813
v -3.3605449199676514 -1.7811486721038818 0.3338472545146942
v -3.3605453968048096 -1.7811486721038818 0.000004261533831595443
v -3.5338022708892822 -1.7263258695602417 -0.22600886225700378
v -3.5338022708892822 -1.7263257503509521 0.000004476933099795133
v -3.6290853023529053 -1.591731309890747 -0.14590781927108765
v -3.5338022708892822 -1.7263257503509521 0.000004476933099795133
v -3.5338022708892822 -1.7263258695602417 -0.22600886225700378
v -3.5338022708892822 -1.7263258695602417 -0.22600886225700378
v -3.3605453968048096 -1.7811486721038818 0.000004261533831595443
v -3.3605456352233887 -1.7811486721038818 -0.3338387608528137
v -3.3605449199676514 -1.7811486721038818 0.3338472545146942
v -3.1067183017730713 -1.793399691581726 0.000003939320322388085
v -3.3605453968048096 -1.7811486721038818 0.000004261533831595443
v -3.1067183017730713 -1.793399691581726 0.000003939320322388085
v -3.3605456352233887 -1.7811486721038818 -0.3338387608528137
v -3.3605453968048096 -1.7811486721038818 0.000004261533831595443
v -3.1067183017730713 -1.793399691581726 0.000003939320322388085
v -3.3605449199676514 -1.7811486721038818 0.3338472545146942
v -3.106718063354492 -1.793399691581726 0.3985026776790619
v -3.106718063354492 -1.793399691581726 0.3985026776790619
v -2.8384008407592773 -1.6011265516281128 0.0000035945638501289068
v -3.1067183017730713 -1.793399691581726 0.000003939320322388085
v -2.8384008407592773 -1.6011265516281128 0.0000035945638501289068
v -3.106718063354492 -1.793399691581726 0.3985026776790619
v -2.7190768718719482 -1.5678695440292358 0.5772989392280579
v -2.8384008407592773 -1.6011265516281128 0.0000035945638501289068
v -3.1067187786102295 -1.793399691581726 -0.3984948992729187
v -3.1067183017730713 -1.793399691581726 0.000003939320322388085
v -3.3605456352233887 -1.7811486721038818 -0.3338387608528137
v -3.1067183017730713 -1.793399691581726 0.000003939320322388085
v -3.1067187786102295 -1.793399691581726 -0.3984948992729187
v -3.1067187786102295 -1.793399691581726 -0.3984948992729187
v -2.8384008407592773 -1.6011265516281128 0.0000035945638501289068
v -2.7190778255462646 -1.5678695440292358 -0.5772920846939087
v -3.8385329246520996 -1.6337003707885742 0.08629195392131805
v -3.6673145294189453 -1.3834505081176758 0.000004636968242266448
v -3.8385331630706787 -1.6337003707885742 0.000004831131263927091
v -3.8697001934051514 -1.8085825443267822 0.000004882638677372597
v -3.8385329246520996 -1.6337003707885742 0.08629195392131805
v -3.8385331630706787 -1.6337003707885742 0.000004831131263927091
v -3.8385329246520996 -1.6337003707885742 0.08629195392131805
v -3.8697001934051514 -1.8085825443267822 0.000004882638677372597
v -3.8697001934051514 -1.8085825443267822 0.1344549059867859
v -3.8385331630706787 -1.6337004899978638 -0.08628226071596146
v -3.8697001934051514 -1.8085825443267822 0.000004882638677372597
v -3.8385331630706787 -1.6337003707885742 0.000004831131263927091
v -3.6673145294189453 -1.3834505081176758 0.000004636968242266448
v -3.8385331630706787 -1.6337004899978638 -0.08628226071596146
v -3.8385331630706787 -1.6337003707885742 0.000004831131263927091
v -3.8385331630706787 -1.6337004899978638 -0.08628226071596146
v -3.6673145294189453 -1.3834505081176758 0.000004636968242266448
v -3.838533401489258 -1.6337003707885742 -0.16180923581123352
v -3.8697001934051514 -1.8085825443267822 0.000004882638677372597
v -3.8385331630706787 -1.6337004899978638 -0.08628226071596146
v -3.8697001934051514 -1.8085825443267822 -0.13444505631923676
v -3.838533401489258 -1.6337003707885742 -0.16180923581123352
v -3.786926746368408 -1.7935688495635986 -0.16080820560455322
v -3.8385331630706787 -1.6337004899978638 -0.08628226071596146
v -3.786926746368408 -1.7935688495635986 -0.16080820560455322
v -3.838533401489258 -1.6337003707885742 -0.16180923581123352
v -3.786926746368408 -1.7935688495635986 -0.25576290488243103
v -3.786926746368408 -1.7935688495635986 -0.25576290488243103
v -3.711791515350342 -1.9749250411987305 -0.22030727565288544
v -3.786926746368408 -1.7935688495635986 -0.16080820560455322
v -3.711791515350342 -1.9749250411987305 -0.22030727565288544
v -3.786926746368408 -1.7935688495635986 -0.25576290488243103
v -3.7117919921875 -1.9749250411987305 -0.3277989327907562
v -3.8477728366851807 -2.0764639377593994 0.000004871455530519597
v -3.8697001934051514 -1.8085825443267822 0.1344549059867859
v -3.8697001934051514 -1.8085825443267822 0.000004882638677372597
v -3.8697001934051514 -1.8085825443267822 -0.13444505631923676
v -3.8477728366851807 -2.0764639377593994 0.000004871455530519597
v -3.8697001934051514 -1.8085825443267822 0.000004882638677372597
v -3.8697001934051514 -1.8085825443267822 0.1344549059867859
v -3.8477728366851807 -2.0764639377593994 0.000004871455530519597
v -3.8477728366851807 -2.0764636993408203 0.16759096086025238
v -3.542651891708374 -2.2643911838531494 0.000004492510015552398
v -3.8477728366851807 -2.0764636993408203 0.16759096086025238
v -3.8477728366851807 -2.0764639377593994 0.000004871455530519597
v -3.8477728366851807 -2.0764636993408203 0.16759096086025238
v -3.542651891708374 -2.2643911838531494 0.000004492510015552398
v -3.542651414871216 -2.2643909454345703 0.2553701102733612
v -3.8477730751037598 -2.0764639377593994 -0.16758111119270325
v -3.542651891708374 -2.2643911838531494 0.000004492510015552398
v -3.8477728366851807 -2.0764639377593994 0.000004871455530519597
v -3.8477728366851807 -2.0764639377593994 0.000004871455530519597
v -3.8697001934051514 -1.8085825443267822 -0.13444505631923676
v -3.8477730751037598 -2.0764639377593994 -0.16758111119270325
v -3.542651891708374 -2.2643911838531494 0.000004492510015552398
v -3.8477730751037598 -2.0764639377593994 -0.16758111119270325
v -3.542652130126953 -2.2643911838531494 -0.2553611397743225
v -3.3217554092407227 -2.340092420578003 0.000004215089575154707
v -3.542651414871216 -2.2643909454345703 0.2553701102733612
v -3.542651891708374 -2.2643911838531494 0.000004492510015552398
v -3.542652130126953 -2.2643911838531494 -0.2553611397743225
v -3.3217554092407227 -2.340092420578003 0.000004215089575154707
v -3.542651891708374 -2.2643911838531494 0.000004492510015552398
v -3.542651414871216 -2.2643909454345703 0.2553701102733612
v -3.3217554092407227 -2.340092420578003 0.000004215089575154707
v -3.3217551708221436 -2.340092182159424 0.3431495726108551
v -2.764852285385132 -2.390808343887329 0.0000035157233924110187
v -3.3217551708221436 -2.340092182159424 0.3431495726108551
v -3.3217554092407227 -2.340092420578003 0.000004215089575154707
v -3.3217551708221436 -2.340092182159424 0.3431495726108551
v -2.764852285385132 -2.390808343887329 0.0000035157233924110187
v -2.764852285385132 -2.390808343887329 0.5489605665206909
v -2.764852285385132 -2.390808343887329 0.5489605665206909
v -2.764852285385132 -2.390808343887329 0.0000035157233924110187
v -2.1529924869537354 -2.390808582305908 0.0000027425512598711066
v -3.3217554092407227 -2.340092420578003 0.000004215089575154707
v -2.764852523803711 -2.390808343887329 -0.5489537715911865
v -2.764852285385132 -2.390808343887329 0.0000035157233924110187
v -2.764852285385132 -2.390808343887329 0.0000035157233924110187
v -2.764852523803711 -2.390808343887329 -0.5489537715911865
v -2.1529924869537354 -2.390808582305908 0.0000027425512598711066
v -2.764852523803711 -2.390808343887329 -0.5489537715911865
v -3.3217554092407227 -2.340092420578003 0.000004215089575154707
v -3.3217556476593018 -2.340092420578003 -0.34314101934432983
v -3.3217554092407227 -2.340092420578003 0.000004215089575154707
v -3.542652130126953 -2.2643911838531494 -0.2553611397743225
v -3.3217556476593018 -2.340092420578003 -0.34314101934432983
v -3.6673145294189453 -1.3834505081176758 0.000004636968242266448
v -3.8385331630706787 -1.6337003707885742 0.1618187576532364
v -3.6290853023529053 -1.591731309890747 0.14591693878173828
v -3.8385331630706787 -1.6337003707885742 0.1618187576532364
v -3.533802032470703 -1.7263257503509521 0.2260178178548813
v -3.6290853023529053 -1.591731309890747 0.14591693878173828
v -3.533802032470703 -1.7263257503509521 0.2260178178548813
v -3.8385331630706787 -1.6337003707885742 0.1618187576532364
v -3.78692626953125 -1.793568730354309 0.25577232241630554
v -3.533802032470703 -1.7263257503509521 0.2260178178548813
v -3.78692626953125 -1.793568730354309 0.25577232241630554
v -3.711791515350342 -1.9749248027801514 0.3278083801269531
v -3.711791515350342 -1.9749248027801514 0.3278083801269531
v -3.3605449199676514 -1.7811486721038818 0.3338472545146942
v -3.533802032470703 -1.7263257503509521 0.2260178178548813
v -3.3605449199676514 -1.7811486721038818 0.3338472545146942
v -3.711791515350342 -1.9749248027801514 0.3278083801269531
v -3.5004725456237793 -2.1182007789611816 0.4139532446861267
v -3.5004725456237793 -2.1182007789611816 0.4139532446861267
v -3.106718063354492 -1.793399691581726 0.3985026776790619
v -3.3605449199676514 -1.7811486721038818 0.3338472545146942
v -3.106718063354492 -1.793399691581726 0.3985026776790619
v -3.5004725456237793 -2.1182007789611816 0.4139532446861267
v -3.28564715385437 -2.1674375534057617 0.5000982284545898
v -2.7126846313476562 -2.20688796043396 0.756096363067627
v -3.106718063354492 -1.793399691581726 0.3985026776790619
v -3.28564715385437 -2.1674375534057617 0.5000982284545898
v -3.106718063354492 -1.793399691581726 0.3985026776790619
v -2.7126846313476562 -2.20688796043396 0.756096363067627
v -2.6841773986816406 -1.9873359203338623 0.7560961246490479
v -3.106718063354492 -1.793399691581726 0.3985026776790619
v -2.6841773986816406 -1.9873359203338623 0.7560961246490479
v -2.655670166015625 -1.7690222263336182 0.7560958862304688
v -2.655670166015625 -1.7690222263336182 0.7560958862304688
v -2.7190768718719482 -1.5678695440292358 0.5772989392280579
v -3.106718063354492 -1.793399691581726 0.3985026776790619
v -2.7190768718719482 -1.5678695440292358 0.5772989392280579
v -2.655670166015625 -1.7690222263336182 0.7560958862304688
v -2.5496127605438232 -1.5675901174545288 0.7560958862304688
v -3.1067187786102295 -1.793399691581726 -0.3984948992729187
v -3.5004732608795166 -2.1182007789611816 -0.4139443039894104
v -3.3605456352233887 -1.7811486721038818 -0.3338387608528137
v -3.5004732608795166 -2.1182007789611816 -0.4139443039894104
v -3.1067187786102295 -1.793399691581726 -0.3984948992729187
v -3.2856481075286865 -2.1674375534057617 -0.5000897645950317
v -3.5004732608795166 -2.1182007789611816 -0.4139443039894104
v -3.5338022708892822 -1.7263258695602417 -0.22600886225700378
v -3.3605456352233887 -1.7811486721038818 -0.3338387608528137
v -3.5338022708892822 -1.7263258695602417 -0.22600886225700378
v -3.5004732608795166 -2.1182007789611816 -0.4139443039894104
v -3.7117919921875 -1.9749250411987305 -0.3277989327907562
v -3.5338022708892822 -1.7263258695602417 -0.22600886225700378
v -3.7117919921875 -1.9749250411987305 -0.3277989327907562
v -3.786926746368408 -1.7935688495635986 -0.25576290488243103
v -3.838533401489258 -1.6337003707885742 -0.16180923581123352
v -3.5338022708892822 -1.7263258695602417 -0.22600886225700378
v -3.786926746368408 -1.7935688495635986 -0.25576290488243103
v -3.5338022708892822 -1.7263258695602417 -0.22600886225700378
v -3.838533401489258 -1.6337003707885742 -0.16180923581123352
v -3.6290853023529053 -1.591731309890747 -0.14590781927108765
v -3.6290853023529053 -1.591731309890747 -0.14590781927108765
v -3.838533401489258 -1.6337003707885742 -0.16180923581123352
v -3.6673145294189453 -1.3834505081176758 0.000004636968242266448
v -2.6841800212860107 -1.9873359203338623 -0.7560893893241882
v -3.2856481075286865 -2.1674375534057617 -0.5000897645950317
v -3.1067187786102295 -1.793399691581726 -0.3984948992729187
v -3.1067187786102295 -1.793399691581726 -0.3984948992729187
v -2.655673027038574 -1.7690222263336182 -0.7560892105102539
v -2.6841800212860107 -1.9873359203338623 -0.7560893893241882
v -2.7190778255462646 -1.5678695440292358 -0.5772920846939087
v -2.655673027038574 -1.7690222263336182 -0.7560892105102539
v -3.1067187786102295 -1.793399691581726 -0.3984948992729187
v -2.655673027038574 -1.7690222263336182 -0.7560892105102539
v -2.7190778255462646 -1.5678695440292358 -0.5772920846939087
v -2.5496156215667725 -1.5675901174545288 -0.7560891509056091
v -3.2856481075286865 -2.1674375534057617 -0.5000897645950317
v -2.6841800212860107 -1.9873359203338623 -0.7560893893241882
v -2.7126872539520264 -2.20688796043396 -0.7560895085334778
v -2.7532801628112793 -2.20688796043396 0.5489606261253357
v -3.28564715385437 -2.1674375534057617 0.5000982284545898
v -3.2856476306915283 -2.1674375534057617 0.3525037467479706
v -3.28564715385437 -2.1674375534057617 0.5000982284545898
v -2.7532801628112793 -2.20688796043396 0.5489606261253357
v -2.7126846313476562 -2.20688796043396 0.756096363067627
v -2.1989223957061768 -2.20688796043396 0.000002793459088934469
v -2.7126846313476562 -2.20688796043396 0.756096363067627
v -2.7532801628112793 -2.20688796043396 0.5489606261253357
v -2.7126846313476562 -2.20688796043396 0.756096363067627
v -2.1989223957061768 -2.20688796043396 0.000002793459088934469
v -1.9360805749893188 -2.20688796043396 0.0000024615983420517296
v -2.7532808780670166 -2.20688796043396 -0.5489538311958313
v -1.9360805749893188 -2.20688796043396 0.0000024615983420517296
v -2.1989223957061768 -2.20688796043396 0.000002793459088934469
v -1.9360805749893188 -2.20688796043396 0.0000024615983420517296
v -2.7532808780670166 -2.20688796043396 -0.5489538311958313
v -2.7126872539520264 -2.20688796043396 -0.7560895085334778
v -2.7532808780670166 -2.20688796043396 -0.5489538311958313
v -3.2856481075286865 -2.1674375534057617 -0.5000897645950317
v -2.7126872539520264 -2.20688796043396 -0.7560895085334778
v -3.2856481075286865 -2.1674375534057617 -0.5000897645950317
v -2.7532808780670166 -2.20688796043396 -0.5489538311958313
v -3.2856478691101074 -2.1674375534057617 -0.35249555110931396
v -3.5004725456237793 -2.1182007789611816 0.4139532446861267
v -3.2856476306915283 -2.1674375534057617 0.3525037467479706
v -3.28564715385437 -2.1674375534057617 0.5000982284545898
v -3.2856476306915283 -2.1674375534057617 0.3525037467479706
v -3.5004725456237793 -2.1182007789611816 0.4139532446861267
v -3.5004725456237793 -2.1182005405426025 0.28641021251678467
v -3.2856478691101074 -2.1674375534057617 -0.35249555110931396
v -3.5004732608795166 -2.1182007789611816 -0.4139443039894104
v -3.2856481075286865 -2.1674375534057617 -0.5000897645950317
v -3.5004732608795166 -2.1182007789611816 -0.4139443039894104
v -3.2856478691101074 -2.1674375534057617 -0.35249555110931396
v -3.5004732608795166 -2.1182007789611816 -0.2864013612270355
v -3.711791515350342 -1.9749248027801514 0.3278083801269531
v -3.5004725456237793 -2.1182005405426025 0.28641021251678467
v -3.5004725456237793 -2.1182007789611816 0.4139532446861267
v -3.5004725456237793 -2.1182005405426025 0.28641021251678467
v -3.711791515350342 -1.9749248027801514 0.3278083801269531
v -3.711791515350342 -1.9749248027801514 0.22031663358211517
v -3.5004732608795166 -2.1182007789611816 -0.2864013612270355
v -3.7117919921875 -1.9749250411987305 -0.3277989327907562
v -3.5004732608795166 -2.1182007789611816 -0.4139443039894104
v -3.7117919921875 -1.9749250411987305 -0.3277989327907562
v -3.5004732608795166 -2.1182007789611816 -0.2864013612270355
v -3.711791515350342 -1.9749250411987305 -0.22030727565288544
v -2.126286268234253 -1.7628910541534424 0.0000026875597995967837
v -2.6841773986816406 -1.9873359203338623 0.7560961246490479
v -2.0958428382873535 -1.9842700958251953 0.0000026562581751932157
v -2.6841773986816406 -1.9873359203338623 0.7560961246490479
v -2.126286268234253 -1.7628910541534424 0.0000026875597995967837
v -2.655670166015625 -1.7690222263336182 0.7560958862304688
v -2.6841800212860107 -1.9873359203338623 -0.7560893893241882
v -2.126286268234253 -1.7628910541534424 0.0000026875597995967837
v -2.0958428382873535 -1.9842700958251953 0.0000026562581751932157
v -2.126286268234253 -1.7628910541534424 0.0000026875597995967837
v -2.6841800212860107 -1.9873359203338623 -0.7560893893241882
v -2.655673027038574 -1.7690222263336182 -0.7560892105102539
v -2.126286268234253 -1.7628910541534424 0.0000026875597995967837
v -2.5496127605438232 -1.5675901174545288 0.7560958862304688
v -2.655670166015625 -1.7690222263336182 0.7560958862304688
v -2.5496127605438232 -1.5675901174545288 0.7560958862304688
v -2.126286268234253 -1.7628910541534424 0.0000026875597995967837
v -2.080061435699463 -1.5761057138442993 0.000002621879275466199
v -2.5496156215667725 -1.5675901174545288 -0.7560891509056091
v -2.126286268234253 -1.7628910541534424 0.0000026875597995967837
v -2.655673027038574 -1.7690222263336182 -0.7560892105102539
v -2.126286268234253 -1.7628910541534424 0.0000026875597995967837
v -2.5496156215667725 -1.5675901174545288 -0.7560891509056091
v -2.080061435699463 -1.5761057138442993 0.000002621879275466199
v -2.7126846313476562 -2.20688796043396 0.756096363067627
v -2.0958428382873535 -1.9842700958251953 0.0000026562581751932157
v -2.6841773986816406 -1.9873359203338623 0.7560961246490479
v -2.0958428382873535 -1.9842700958251953 0.0000026562581751932157
v -2.7126846313476562 -2.20688796043396 0.756096363067627
v -1.9360805749893188 -2.20688796043396 0.0000024615983420517296
v -2.7126872539520264 -2.20688796043396 -0.7560895085334778
v -2.0958428382873535 -1.9842700958251953 0.0000026562581751932157
v -1.9360805749893188 -2.20688796043396 0.0000024615983420517296
v -2.0958428382873535 -1.9842700958251953 0.0000026562581751932157
v -2.7126872539520264 -2.20688796043396 -0.7560895085334778
v -2.6841800212860107 -1.9873359203338623 -0.7560893893241882
v -3.8385331630706787 -1.6337003707885742 0.1618187576532364
v -3.78692626953125 -1.793568730354309 0.16081775724887848
v -3.78692626953125 -1.793568730354309 0.25577232241630554
v -3.78692626953125 -1.793568730354309 0.16081775724887848
v -3.8385331630706787 -1.6337003707885742 0.1618187576532364
v -3.8385329246520996 -1.6337003707885742 0.08629195392131805
v -3.711791515350342 -1.9749248027801514 0.22031663358211517
v -3.78692626953125 -1.793568730354309 0.25577232241630554
v -3.78692626953125 -1.793568730354309 0.16081775724887848
v -3.78692626953125 -1.793568730354309 0.25577232241630554
v -3.711791515350342 -1.9749248027801514 0.22031663358211517
v -3.711791515350342 -1.9749248027801514 0.3278083801269531
v -3.6673145294189453 -1.3834505081176758 0.000004636968242266448
v -3.8385329246520996 -1.6337003707885742 0.08629195392131805
v -3.8385331630706787 -1.6337003707885742 0.1618187576532364
v -3.711791515350342 -1.9749248027801514 0.22031663358211517
v -3.542651414871216 -2.2643909454345703 0.2553701102733612
v -3.5004725456237793 -2.1182005405426025 0.28641021251678467
v -3.542651414871216 -2.2643909454345703 0.2553701102733612
v -3.711791515350342 -1.9749248027801514 0.22031663358211517
v -3.8477728366851807 -2.0764636993408203 0.16759096086025238
v -3.78692626953125 -1.793568730354309 0.16081775724887848
v -3.8477728366851807 -2.0764636993408203 0.16759096086025238
v -3.711791515350342 -1.9749248027801514 0.22031663358211517
v -3.8477728366851807 -2.0764636993408203 0.16759096086025238
v -3.78692626953125 -1.793568730354309 0.16081775724887848
v -3.8697001934051514 -1.8085825443267822 0.1344549059867859
v -3.8385329246520996 -1.6337003707885742 0.08629195392131805
v -3.8697001934051514 -1.8085825443267822 0.1344549059867859
v -3.78692626953125 -1.793568730354309 0.16081775724887848
v -3.542651414871216 -2.2643909454345703 0.2553701102733612
v -3.2856476306915283 -2.1674375534057617 0.3525037467479706
v -3.5004725456237793 -2.1182005405426025 0.28641021251678467
v -3.2856476306915283 -2.1674375534057617 0.3525037467479706
v -3.542651414871216 -2.2643909454345703 0.2553701102733612
v -3.3217551708221436 -2.340092182159424 0.3431495726108551
v -3.2856476306915283 -2.1674375534057617 0.3525037467479706
v -3.3217551708221436 -2.340092182159424 0.3431495726108551
v -2.7532801628112793 -2.20688796043396 0.5489606261253357
v -2.7532801628112793 -2.20688796043396 0.5489606261253357
v -3.3217551708221436 -2.340092182159424 0.3431495726108551
v -2.764852285385132 -2.390808343887329 0.5489605665206909
v -2.7532801628112793 -2.20688796043396 0.5489606261253357
v -2.1529924869537354 -2.390808582305908 0.0000027425512598711066
v -2.1989223957061768 -2.20688796043396 0.000002793459088934469
v -2.1529924869537354 -2.390808582305908 0.0000027425512598711066
v -2.7532801628112793 -2.20688796043396 0.5489606261253357
v -2.764852285385132 -2.390808343887329 0.5489605665206909
v -2.1989223957061768 -2.20688796043396 0.000002793459088934469
v -2.764852523803711 -2.390808343887329 -0.5489537715911865
v -2.7532808780670166 -2.20688796043396 -0.5489538311958313
v -2.764852523803711 -2.390808343887329 -0.5489537715911865
v -2.1989223957061768 -2.20688796043396 0.000002793459088934469
v -2.1529924869537354 -2.390808582305908 0.0000027425512598711066
v -2.7532808780670166 -2.20688796043396 -0.5489538311958313
v -2.764852523803711 -2.390808343887329 -0.5489537715911865
v -3.2856478691101074 -2.1674375534057617 -0.35249555110931396
v -3.2856478691101074 -2.1674375534057617 -0.35249555110931396
v -2.764852523803711 -2.390808343887329 -0.5489537715911865
v -3.3217556476593018 -2.340092420578003 -0.34314101934432983
v -3.542652130126953 -2.2643911838531494 -0.2553611397743225
v -3.2856478691101074 -2.1674375534057617 -0.35249555110931396
v -3.3217556476593018 -2.340092420578003 -0.34314101934432983
v -3.2856478691101074 -2.1674375534057617 -0.35249555110931396
v -3.542652130126953 -2.2643911838531494 -0.2553611397743225
v -3.5004732608795166 -2.1182007789611816 -0.2864013612270355
v -3.542652130126953 -2.2643911838531494 -0.2553611397743225
v -3.711791515350342 -1.9749250411987305 -0.22030727565288544
v -3.5004732608795166 -2.1182007789611816 -0.2864013612270355
v -3.711791515350342 -1.9749250411987305 -0.22030727565288544
v -3.542652130126953 -2.2643911838531494 -0.2553611397743225
v -3.8477730751037598 -2.0764639377593994 -0.16758111119270325
v -3.8697001934051514 -1.8085825443267822 -0.13444505631923676
v -3.711791515350342 -1.9749250411987305 -0.22030727565288544
v -3.8477730751037598 -2.0764639377593994 -0.16758111119270325
v -3.711791515350342 -1.9749250411987305 -0.22030727565288544
v -3.8697001934051514 -1.8085825443267822 -0.13444505631923676
v -3.786926746368408 -1.7935688495635986 -0.16080820560455322
v -3.786926746368408 -1.7935688495635986 -0.16080820560455322
v -3.8697001934051514 -1.8085825443267822 -0.13444505631923676
v -3.8385331630706787 -1.6337004899978638 -0.08628226071596146
v -3.1978704929351807 -1.0229922533035278 0.000002574892960183206
v -3.1243832111358643 -0.8757949471473694 -0.14520123600959778
v -3.1301441192626953 -1.026297926902771 -0.20534648001194
v -3.1978704929351807 -1.0229922533035278 0.000002574892960183206
v -3.1261284351348877 -0.8115572333335876 0.000002504868234609603
v -3.1243832111358643 -0.8757949471473694 -0.14520123600959778
v -3.1978704929351807 -1.0229922533035278 0.000002574892960183206
v -3.1243832111358643 -0.8757947087287903 0.14520633220672607
v -3.1261284351348877 -0.8115572333335876 0.000002504868234609603
v -3.1978704929351807 -1.0229922533035278 0.000002574892960183206
v -3.1301443576812744 -1.026297926902771 0.2053518146276474
v -3.1243832111358643 -0.8757947087287903 0.14520633220672607
v -3.1978704929351807 -1.0229922533035278 0.000002574892960183206
v -3.1301441192626953 -1.026297926902771 -0.20534648001194
v -3.1549952030181885 -1.1829625368118286 -0.14520108699798584
v -3.1978704929351807 -1.0229922533035278 0.000002574892960183206
v -3.1549952030181885 -1.1829625368118286 -0.14520108699798584
v -3.1694204807281494 -1.2459579706192017 0.0000025829922378761694
v -3.059530258178711 -0.8168156147003174 -0.20649482309818268
v -3.1301441192626953 -1.026297926902771 -0.20534648001194
v -3.1243832111358643 -0.8757949471473694 -0.14520123600959778
v -3.1301441192626953 -1.026297926902771 -0.20534648001194
v -3.059530258178711 -0.8168156147003174 -0.20649482309818268
v -3.067722797393799 -1.0308490991592407 -0.29202866554260254
v -2.9596807956695557 -0.7474291920661926 -0.2596340477466583
v -3.067722797393799 -1.0308490991592407 -0.29202866554260254
v -3.059530258178711 -0.8168156147003174 -0.20649482309818268
v -3.067722797393799 -1.0308490991592407 -0.29202866554260254
v -2.9596807956695557 -0.7474291920661926 -0.2596340477466583
v -2.9742650985717773 -1.035543441772461 -0.36717942357063293
v -3.059530258178711 -0.8168156147003174 -0.20649482309818268
v -2.9849512577056885 -0.6326698064804077 0.0000024531200324418023
v -2.9596807956695557 -0.7474291920661926 -0.2596340477466583
v -2.9849512577056885 -0.6326698064804077 0.0000024531200324418023
v -3.059530258178711 -0.8168156147003174 -0.20649482309818268
v -3.062011957168579 -0.7254617810249329 0.0000024844423478498356
v -3.062011957168579 -0.7254617810249329 0.0000024844423478498356
v -3.1243832111358643 -0.8757949471473694 -0.14520123600959778
v -3.1261284351348877 -0.8115572333335876 0.000002504868234609603
v -3.1243832111358643 -0.8757949471473694 -0.14520123600959778
v -3.062011957168579 -0.7254617810249329 0.0000024844423478498356
v -3.059530258178711 -0.8168156147003174 -0.20649482309818268
v -3.0144176483154297 -1.2966712713241577 -0.2596341669559479
v -3.067722797393799 -1.0308490991592407 -0.29202866554260254
v -2.9742650985717773 -1.035543441772461 -0.36717942357063293
v -3.067722797393799 -1.0308490991592407 -0.29202866554260254
v -3.0144176483154297 -1.2966712713241577 -0.2596341669559479
v -3.1030642986297607 -1.2536453008651733 -0.2064945548772812
v -3.1030642986297607 -1.2536453008651733 -0.2064945548772812
v -3.1694204807281494 -1.2459579706192017 0.0000025829922378761694
v -3.1549952030181885 -1.1829625368118286 -0.14520108699798584
v -3.1030642986297607 -1.2536453008651733 -0.2064945548772812
v -3.1301441192626953 -1.026297926902771 -0.20534648001194
v -3.067722797393799 -1.0308490991592407 -0.29202866554260254
v -3.1301441192626953 -1.026297926902771 -0.20534648001194
v -3.1030642986297607 -1.2536453008651733 -0.2064945548772812
v -3.1549952030181885 -1.1829625368118286 -0.14520108699798584
v -3.0144176483154297 -1.2966712713241577 -0.2596341669559479
v -3.1235785484313965 -1.3432320356369019 0.000002595543946881662
v -3.1030642986297607 -1.2536453008651733 -0.2064945548772812
v -3.1694204807281494 -1.2459579706192017 0.0000025829922378761694
v -3.1030642986297607 -1.2536453008651733 -0.2064945548772812
v -3.1235785484313965 -1.3432320356369019 0.000002595543946881662
v -3.1235785484313965 -1.3432320356369019 0.000002595543946881662
v -3.0144176483154297 -1.2966712713241577 -0.2596341669559479
v -3.062361001968384 -1.4094152450561523 0.0000025928125069185626
v -3.059530258178711 -0.8168153762817383 0.20649993419647217
v -3.1261284351348877 -0.8115572333335876 0.000002504868234609603
v -3.1243832111358643 -0.8757947087287903 0.14520633220672607
v -3.1261284351348877 -0.8115572333335876 0.000002504868234609603
v -3.059530258178711 -0.8168153762817383 0.20649993419647217
v -3.062011957168579 -0.7254617810249329 0.0000024844423478498356
v -2.9596807956695557 -0.747429370880127 0.25963926315307617
v -3.062011957168579 -0.7254617810249329 0.0000024844423478498356
v -3.059530258178711 -0.8168153762817383 0.20649993419647217
v -3.1978704929351807 -1.0229922533035278 0.000002574892960183206
v -3.1549952030181885 -1.182962417602539 0.14520631730556488
v -3.1301443576812744 -1.026297926902771 0.2053518146276474
v -3.1978704929351807 -1.0229922533035278 0.000002574892960183206
v -3.1694204807281494 -1.2459579706192017 0.0000025829922378761694
v -3.1549952030181885 -1.182962417602539 0.14520631730556488
v -3.1030640602111816 -1.2536449432373047 0.20649991929531097
v -3.1301443576812744 -1.026297926902771 0.2053518146276474
v -3.1549952030181885 -1.182962417602539 0.14520631730556488
v -3.1301443576812744 -1.026297926902771 0.2053518146276474
v -3.1030640602111816 -1.2536449432373047 0.20649991929531097
v -3.067722797393799 -1.0308489799499512 0.29203397035598755
v -3.0144176483154297 -1.2966711521148682 0.259639173746109
v -3.067722797393799 -1.0308489799499512 0.29203397035598755
v -3.1030640602111816 -1.2536449432373047 0.20649991929531097
v -3.067722797393799 -1.0308489799499512 0.29203397035598755
v -3.0144176483154297 -1.2966711521148682 0.259639173746109
v -2.9742650985717773 -1.035543441772461 0.3671841323375702
v -2.9742650985717773 -1.035543441772461 0.3671841323375702
v -3.059530258178711 -0.8168153762817383 0.20649993419647217
v -3.067722797393799 -1.0308489799499512 0.29203397035598755
v -3.059530258178711 -0.8168153762817383 0.20649993419647217
v -2.9742650985717773 -1.035543441772461 0.3671841323375702
v -2.9596807956695557 -0.747429370880127 0.25963926315307617
v -3.1030640602111816 -1.2536449432373047 0.20649991929531097
v -3.062361001968384 -1.4094152450561523 0.0000025928125069185626
v -3.0144176483154297 -1.2966711521148682 0.259639173746109
v -3.062361001968384 -1.4094152450561523 0.0000025928125069185626
v -3.1030640602111816 -1.2536449432373047 0.20649991929531097
v -3.1235785484313965 -1.3432320356369019 0.000002595543946881662
v -3.1235785484313965 -1.3432320356369019 0.000002595543946881662
v -3.1549952030181885 -1.182962417602539 0.14520631730556488
v -3.1694204807281494 -1.2459579706192017 0.0000025829922378761694
v -3.1549952030181885 -1.182962417602539 0.14520631730556488
v -3.1235785484313965 -1.3432320356369019 0.000002595543946881662
v -3.1030640602111816 -1.2536449432373047 0.20649991929531097
v -3.067722797393799 -1.0308489799499512 0.29203397035598755
v -3.1243832111358643 -0.8757947087287903 0.14520633220672607
v -3.1301443576812744 -1.026297926902771 0.2053518146276474
v -3.1243832111358643 -0.8757947087287903 0.14520633220672607
v -3.067722797393799 -1.0308489799499512 0.29203397035598755
v -3.059530258178711 -0.8168153762817383 0.20649993419647217
v -3.062011957168579 -0.7254617810249329 0.0000024844423478498356
v -2.9596807956695557 -0.747429370880127 0.25963926315307617
v -2.9849512577056885 -0.6326698064804077 0.0000024531200324418023
v -2.9742650985717773 -1.035543441772461 -0.36717942357063293
v -2.921685218811035 -0.6906555891036987 -0.3185671269893646
v -2.928750991821289 -1.0400952100753784 -0.45803964138031006
v -2.921685218811035 -0.6906555891036987 -0.3185671269893646
v -2.9742650985717773 -1.035543441772461 -0.36717942357063293
v -2.9596807956695557 -0.7474291920661926 -0.2596340477466583
v -2.9596807956695557 -0.7474291920661926 -0.2596340477466583
v -2.9465322494506836 -0.548942506313324 0.000002426122136967024
v -2.921685218811035 -0.6906555891036987 -0.3185671269893646
v -2.9465322494506836 -0.548942506313324 0.000002426122136967024
v -2.9596807956695557 -0.7474291920661926 -0.2596340477466583
v -2.9849512577056885 -0.6326698064804077 0.0000024531200324418023
v -2.9888460636138916 -1.3645646572113037 -0.3185666799545288
v -2.9742650985717773 -1.035543441772461 -0.36717942357063293
v -2.928750991821289 -1.0400952100753784 -0.45803964138031006
v -2.9742650985717773 -1.035543441772461 -0.36717942357063293
v -2.9888460636138916 -1.3645646572113037 -0.3185666799545288
v -3.0144176483154297 -1.2966712713241577 -0.2596341669559479
v -3.0415122509002686 -1.5019937753677368 0.0000025975216431106674
v -3.0144176483154297 -1.2966712713241577 -0.2596341669559479
v -2.9888460636138916 -1.3645646572113037 -0.3185666799545288
v -3.0144176483154297 -1.2966712713241577 -0.2596341669559479
v -3.0415122509002686 -1.5019937753677368 0.0000025975216431106674
v -3.062361001968384 -1.4094152450561523 0.0000025928125069185626
v -2.775918483734131 -0.5701920390129089 -0.4069809019565582
v -2.928750991821289 -1.0400952100753784 -0.45803964138031006
v -2.921685218811035 -0.6906555891036987 -0.3185671269893646
v -2.928750991821289 -1.0400952100753784 -0.45803964138031006
v -2.775918483734131 -0.5701920390129089 -0.4069809019565582
v -2.771158456802368 -1.0653833150863647 -0.589180588722229
v -2.921685218811035 -0.6906555891036987 -0.3185671269893646
v -2.821204900741577 -0.36318498849868774 0.000002338558942938107
v -2.775918483734131 -0.5701920390129089 -0.4069809019565582
v -2.821204900741577 -0.36318498849868774 0.000002338558942938107
v -2.921685218811035 -0.6906555891036987 -0.3185671269893646
v -2.9465322494506836 -0.548942506313324 0.000002426122136967024
v -2.921685218811035 -0.6906554698944092 0.3185714781284332
v -2.821204900741577 -0.36318498849868774 0.000002338558942938107
v -2.9465322494506836 -0.548942506313324 0.000002426122136967024
v -2.821204900741577 -0.36318498849868774 0.000002338558942938107
v -2.921685218811035 -0.6906554698944092 0.3185714781284332
v -2.775918483734131 -0.5701919794082642 0.4069850444793701
v -2.9888460636138916 -1.3645646572113037 -0.3185666799545288
v -2.9397854804992676 -1.6916406154632568 0.0000025573842776793754
v -3.0415122509002686 -1.5019937753677368 0.0000025975216431106674
v -2.9397854804992676 -1.6916406154632568 0.0000025573842776793754
v -2.9888460636138916 -1.3645646572113037 -0.3185666799545288
v -2.8584535121917725 -1.4935985803604126 -0.4069804847240448
v -2.8584535121917725 -1.4935985803604126 -0.4069804847240448
v -2.928750991821289 -1.0400952100753784 -0.45803964138031006
v -2.771158456802368 -1.0653833150863647 -0.589180588722229
v -2.928750991821289 -1.0400952100753784 -0.45803964138031006
v -2.8584535121917725 -1.4935985803604126 -0.4069804847240448
v -2.9888460636138916 -1.3645646572113037 -0.3185666799545288
v -2.775918483734131 -0.5701920390129089 -0.4069809019565582
v -2.5695319175720215 -1.077516794204712 -0.6332325339317322
v -2.771158456802368 -1.0653833150863647 -0.589180588722229
v -2.5695319175720215 -1.077516794204712 -0.6332325339317322
v -2.8584535121917725 -1.4935985803604126 -0.4069804847240448
v -2.771158456802368 -1.0653833150863647 -0.589180588722229
v -2.5695319175720215 -1.077516794204712 -0.6332325339317322
v -2.775918483734131 -0.5701920390129089 -0.4069809019565582
v -2.586393117904663 -0.5154947638511658 -0.43513309955596924
v -2.775918483734131 -0.5701920390129089 -0.4069809019565582
v -2.645921468734741 -0.2728714644908905 0.000002206136059612618
v -2.586393117904663 -0.5154947638511658 -0.43513309955596924
v -2.645921468734741 -0.2728714644908905 0.000002206136059612618
v -2.775918483734131 -0.5701920390129089 -0.4069809019565582
v -2.821204900741577 -0.36318498849868774 0.000002338558942938107
v -2.8584535121917725 -1.4935985803604126 -0.4069804847240448
v -2.7704408168792725 -1.7841870784759521 0.0000024399807898589643
v -2.9397854804992676 -1.6916406154632568 0.0000025573842776793754
v -2.7704408168792725 -1.7841870784759521 0.0000024399807898589643
v -2.8584535121917725 -1.4935985803604126 -0.4069804847240448
v -2.6719579696655273 -1.554013729095459 -0.4351327121257782
v -2.8584535121917725 -1.4935985803604126 -0.4069804847240448
v -2.5695319175720215 -1.077516794204712 -0.6332325339317322
v -2.6719579696655273 -1.554013729095459 -0.4351327121257782
v -2.9465322494506836 -0.548942506313324 0.000002426122136967024
v -2.9596807956695557 -0.747429370880127 0.25963926315307617
v -2.921685218811035 -0.6906554698944092 0.3185714781284332
v -2.9596807956695557 -0.747429370880127 0.25963926315307617
v -2.9465322494506836 -0.548942506313324 0.000002426122136967024
v -2.9849512577056885 -0.6326698064804077 0.0000024531200324418023
v -2.9742650985717773 -1.035543441772461 0.3671841323375702
v -2.921685218811035 -0.6906554698944092 0.3185714781284332
v -2.9596807956695557 -0.747429370880127 0.25963926315307617
v -2.921685218811035 -0.6906554698944092 0.3185714781284332
v -2.9742650985717773 -1.035543441772461 0.3671841323375702
v -2.928750991821289 -1.0400952100753784 0.4580438733100891
v -2.9742650985717773 -1.035543441772461 0.3671841323375702
v -2.9888460636138916 -1.3645646572113037 0.31857171654701233
v -2.928750991821289 -1.0400952100753784 0.4580438733100891
v -2.9888460636138916 -1.3645646572113037 0.31857171654701233
v -2.9742650985717773 -1.035543441772461 0.3671841323375702
v -3.0144176483154297 -1.2966711521148682 0.259639173746109
v -3.0144176483154297 -1.2966711521148682 0.259639173746109
v -3.0415122509002686 -1.5019937753677368 0.0000025975216431106674
v -2.9888460636138916 -1.3645646572113037 0.31857171654701233
v -3.0415122509002686 -1.5019937753677368 0.0000025975216431106674
v -3.0144176483154297 -1.2966711521148682 0.259639173746109
v -3.062361001968384 -1.4094152450561523 0.0000025928125069185626
v -2.928750991821289 -1.0400952100753784 0.4580438733100891
v -2.775918483734131 -0.5701919794082642 0.4069850444793701
v -2.921685218811035 -0.6906554698944092 0.3185714781284332
v -2.775918483734131 -0.5701919794082642 0.4069850444793701
v -2.928750991821289 -1.0400952100753784 0.4580438733100891
v -2.771158456802368 -1.0653833150863647 0.5891844630241394
v -2.928750991821289 -1.0400952100753784 0.4580438733100891
v -2.8584535121917725 -1.4935979843139648 0.4069852828979492
v -2.771158456802368 -1.0653833150863647 0.5891844630241394
v -2.8584535121917725 -1.4935979843139648 0.4069852828979492
v -2.928750991821289 -1.0400952100753784 0.4580438733100891
v -2.9888460636138916 -1.3645646572113037 0.31857171654701233
v -2.9888460636138916 -1.3645646572113037 0.31857171654701233
v -2.9397854804992676 -1.6916406154632568 0.0000025573842776793754
v -2.8584535121917725 -1.4935979843139648 0.4069852828979492
v -2.9397854804992676 -1.6916406154632568 0.0000025573842776793754
v -2.9888460636138916 -1.3645646572113037 0.31857171654701233
v -3.0415122509002686 -1.5019937753677368 0.0000025975216431106674
v -2.771158456802368 -1.0653833150863647 0.5891844630241394
v -2.586393117904663 -0.5154945254325867 0.4351371228694916
v -2.775918483734131 -0.5701919794082642 0.4069850444793701
v -2.645921468734741 -0.2728714644908905 0.000002206136059612618
v -2.775918483734131 -0.5701919794082642 0.4069850444793701
v -2.586393117904663 -0.5154945254325867 0.4351371228694916
v -2.775918483734131 -0.5701919794082642 0.4069850444793701
v -2.645921468734741 -0.2728714644908905 0.000002206136059612618
v -2.821204900741577 -0.36318498849868774 0.000002338558942938107
v -2.586393117904663 -0.5154945254325867 0.4351371228694916
v -2.771158456802368 -1.0653833150863647 0.5891844630241394
v -2.5695316791534424 -1.0775169134140015 0.6332364678382874
v -2.771158456802368 -1.0653833150863647 0.5891844630241394
v -2.6719582080841064 -1.5540127754211426 0.4351370334625244
v -2.5695316791534424 -1.0775169134140015 0.6332364678382874
v -2.6719582080841064 -1.5540127754211426 0.4351370334625244
v -2.771158456802368 -1.0653833150863647 0.5891844630241394
v -2.8584535121917725 -1.4935979843139648 0.4069852828979492
v -2.8584535121917725 -1.4935979843139648 0.4069852828979492
v -2.7704408168792725 -1.7841870784759521 0.0000024399807898589643
v -2.6719582080841064 -1.5540127754211426 0.4351370334625244
v -2.7704408168792725 -1.7841870784759521 0.0000024399807898589643
v -2.8584535121917725 -1.4935979843139648 0.4069852828979492
v -2.9397854804992676 -1.6916406154632568 0.0000025573842776793754
v -3.7830517292022705 -0.014636783860623837 0.21755503118038177
v -3.6819350719451904 -0.2952526807785034 0.0000046594650484621525
v -3.6819345951080322 -0.2952526807785034 0.2784557342529297
v -3.6819350719451904 -0.2952526807785034 0.0000046594650484621525
v -3.7830517292022705 -0.014636783860623837 0.21755503118038177
v -3.7830517292022705 -0.014636783860623837 0.000004768853159475839
v -3.7830517292022705 -0.014636783860623837 -0.21754540503025055
v -3.6819350719451904 -0.2952526807785034 0.0000046594650484621525
v -3.7830517292022705 -0.014636783860623837 0.000004768853159475839
v -3.6819350719451904 -0.2952526807785034 0.0000046594650484621525
v -3.7830517292022705 -0.014636783860623837 -0.21754540503025055
v -3.6819350719451904 -0.2952526807785034 -0.2784464955329895
v -3.376020908355713 -0.45215514302253723 0.000004302365141484188
v -3.6819345951080322 -0.2952526807785034 0.2784557342529297
v -3.6819350719451904 -0.2952526807785034 0.0000046594650484621525
v -3.6819350719451904 -0.2952526807785034 -0.2784464955329895
v -3.376020908355713 -0.45215514302253723 0.000004302365141484188
v -3.6819350719451904 -0.2952526807785034 0.0000046594650484621525
v -3.6819345951080322 -0.2952526807785034 0.2784557342529297
v -3.376020908355713 -0.45215514302253723 0.000004302365141484188
v -3.376020669937134 -0.45215514302253723 0.3393561542034149
v -3.376020908355713 -0.45215514302253723 0.000004302365141484188
v -3.0060622692108154 -0.5447067022323608 0.46116822957992554
v -3.376020669937134 -0.45215514302253723 0.3393561542034149
v -3.0060622692108154 -0.5447067022323608 0.46116822957992554
v -3.376020908355713 -0.45215514302253723 0.000004302365141484188
v -3.0060627460479736 -0.5447067022323608 0.00000383651467927848
v -3.376021146774292 -0.45215514302253723 -0.33934780955314636
v -3.0060627460479736 -0.5447067022323608 0.00000383651467927848
v -3.376020908355713 -0.45215514302253723 0.000004302365141484188
v -3.376020908355713 -0.45215514302253723 0.000004302365141484188
v -3.6819350719451904 -0.2952526807785034 -0.2784464955329895
v -3.376021146774292 -0.45215514302253723 -0.33934780955314636
v -3.0060627460479736 -0.5447067022323608 0.00000383651467927848
v -3.376021146774292 -0.45215514302253723 -0.33934780955314636
v -3.006063222885132 -0.5447068810462952 -0.46116048097610474
v -3.0060627460479736 -0.5447067022323608 0.00000383651467927848
v -2.5058255195617676 -0.5804746747016907 0.6085970997810364
v -3.0060622692108154 -0.5447067022323608 0.46116822957992554
v -2.5058255195617676 -0.5804746747016907 0.6085970997810364
v -3.0060627460479736 -0.5447067022323608 0.00000383651467927848
v -2.505825996398926 -0.5804746747016907 0.0000031665063033869956
v -3.006063222885132 -0.5447068810462952 -0.46116048097610474
v -2.505825996398926 -0.5804746747016907 0.0000031665063033869956
v -3.0060627460479736 -0.5447067022323608 0.00000383651467927848
v -2.505825996398926 -0.5804746747016907 0.0000031665063033869956
v -3.006063222885132 -0.5447068810462952 -0.46116048097610474
v -2.505825996398926 -0.5804747939109802 -0.6085909008979797
v -3.382828950881958 1.64060082852302e-7 0.33935627341270447
v -3.7830517292022705 -0.014636783860623837 0.21755503118038177
v -3.6819345951080322 -0.2952526807785034 0.2784557342529297
v -3.382828950881958 1.64060082852302e-7 0.33935627341270447
v -3.6819345951080322 -0.2952526807785034 0.2784557342529297
v -3.376020669937134 -0.45215514302253723 0.3393561542034149
v -3.376020669937134 -0.45215514302253723 0.3393561542034149
v -3.0060622692108154 1.64060082852302e-7 0.46116822957992554
v -3.382828950881958 1.64060082852302e-7 0.33935627341270447
v -3.0060622692108154 1.64060082852302e-7 0.46116822957992554
v -3.376020669937134 -0.45215514302253723 0.3393561542034149
v -3.0060622692108154 -0.5447067022323608 0.46116822957992554
v -3.0060622692108154 -0.5447067022323608 0.46116822957992554
v -2.5058255195617676 1.64060082852302e-7 0.6085972189903259
v -3.0060622692108154 1.64060082852302e-7 0.46116822957992554
v -2.5058255195617676 1.64060082852302e-7 0.6085972189903259
v -3.0060622692108154 -0.5447067022323608 0.46116822957992554
v -2.5058255195617676 -0.5804746747016907 0.6085970997810364
v -3.006063222885132 1.64060082852302e-7 -0.46116048097610474
v -2.505825996398926 -0.5804747939109802 -0.6085909008979797
v -3.006063222885132 -0.5447068810462952 -0.46116048097610474
v -2.505825996398926 -0.5804747939109802 -0.6085909008979797
v -3.006063222885132 1.64060082852302e-7 -0.46116048097610474
v -2.505825996398926 1.64060082852302e-7 -0.6085909008979797
v -3.006063222885132 -0.5447068810462952 -0.46116048097610474
v -3.382829189300537 1.64060082852302e-7 -0.3393476605415344
v -3.006063222885132 1.64060082852302e-7 -0.46116048097610474
v -3.382829189300537 1.64060082852302e-7 -0.3393476605415344
v -3.006063222885132 -0.5447068810462952 -0.46116048097610474
v -3.376021146774292 -0.45215514302253723 -0.33934780955314636
v -3.382829189300537 1.64060082852302e-7 -0.3393476605415344
v -3.376021146774292 -0.45215514302253723 -0.33934780955314636
v -3.6819350719451904 -0.2952526807785034 -0.2784464955329895
v -3.382829189300537 1.64060082852302e-7 -0.3393476605415344
v -3.6819350719451904 -0.2952526807785034 -0.2784464955329895
v -3.7830517292022705 -0.014636783860623837 -0.21754540503025055
v -2.975003957748413 -2.094240427017212 1.1199045181274414
v -2.4992473125457764 -2.094240427017212 0.36090222001075745
v -2.3718576431274414 -2.094240427017212 0.9242879152297974
v -2.4992473125457764 -2.094240427017212 0.36090222001075745
v -2.975003957748413 -2.094240427017212 1.1199045181274414
v -3.198580265045166 -2.094240427017212 0.4480062425136566
v -3.198580265045166 -2.094240427017212 0.4480062425136566
v -2.5412144660949707 -2.094240427017212 0.0015895081451162696
v -2.4992473125457764 -2.094240427017212 0.36090222001075745
v -2.5412144660949707 -2.094240427017212 0.0015895081451162696
v -3.198580265045166 -2.094240427017212 0.4480062425136566
v -3.26987624168396 -2.094240427017212 0.0015899079153314233
v -3.26987624168396 -2.094240427017212 0.0015899079153314233
v -2.4992470741271973 -2.094240427017212 -0.3577232360839844
v -2.5412144660949707 -2.094240427017212 0.0015895081451162696
v -2.4992470741271973 -2.094240427017212 -0.3577232360839844
v -3.26987624168396 -2.094240427017212 0.0015899079153314233
v -3.198580265045166 -2.094240427017212 -0.44482654333114624
v -3.198580265045166 -2.094240427017212 -0.44482654333114624
v -2.371859312057495 -2.094240427017212 -0.9211093783378601
v -2.4992470741271973 -2.094240427017212 -0.3577232360839844
v -2.371859312057495 -2.094240427017212 -0.9211093783378601
v -3.198580265045166 -2.094240427017212 -0.44482654333114624
v -2.975005626678467 -2.094240427017212 -1.1167250871658325
v -2.975003957748413 -1.9092711210250854 1.1199045181274414
v -2.3718576431274414 -2.094240427017212 0.9242879152297974
v -2.3718576431274414 -1.9092711210250854 0.9242879152297974
v -2.3718576431274414 -2.094240427017212 0.9242879152297974
v -2.975003957748413 -1.9092711210250854 1.1199045181274414
v -2.975003957748413 -2.094240427017212 1.1199045181274414
v -2.3718576431274414 -1.9092711210250854 0.9242879152297974
v -2.4992473125457764 -2.094240427017212 0.36090222001075745
v -2.4992473125457764 -1.9092711210250854 0.36090222001075745
v -2.4992473125457764 -2.094240427017212 0.36090222001075745
v -2.3718576431274414 -1.9092711210250854 0.9242879152297974
v -2.3718576431274414 -2.094240427017212 0.9242879152297974
v -2.5412144660949707 -2.094240427017212 0.0015895081451162696
v -2.4992473125457764 -1.9092711210250854 0.36090222001075745
v -2.4992473125457764 -2.094240427017212 0.36090222001075745
v -2.4992473125457764 -1.9092711210250854 0.36090222001075745
v -2.5412144660949707 -2.094240427017212 0.0015895081451162696
v -2.5412144660949707 -1.9092711210250854 0.0015895081451162696
v -2.4992470741271973 -2.094240427017212 -0.3577232360839844
v -2.5412144660949707 -1.9092711210250854 0.0015895081451162696
v -2.5412144660949707 -2.094240427017212 0.0015895081451162696
v -2.5412144660949707 -1.9092711210250854 0.0015895081451162696
v -2.4992470741271973 -2.094240427017212 -0.3577232360839844
v -2.4992470741271973 -1.9092711210250854 -0.3577232360839844
v -2.371859312057495 -2.094240427017212 -0.9211093783378601
v -2.4992470741271973 -1.9092711210250854 -0.3577232360839844
v -2.4992470741271973 -2.094240427017212 -0.3577232360839844
v -2.4992470741271973 -1.9092711210250854 -0.3577232360839844
v -2.371859312057495 -2.094240427017212 -0.9211093783378601
v -2.371859312057495 -1.9092711210250854 -0.9211093783378601
v -2.371859312057495 -1.9092711210250854 -0.9211093783378601
v -2.975005626678467 -2.094240427017212 -1.1167250871658325
v -2.975005626678467 -1.9092711210250854 -1.1167250871658325
v -2.975005626678467 -2.094240427017212 -1.1167250871658325
v -2.371859312057495 -1.9092711210250854 -0.9211093783378601
v -2.371859312057495 -2.094240427017212 -0.9211093783378601
v -2.975005626678467 -1.9092711210250854 -1.1167250871658325
v -3.198580265045166 -2.094240427017212 -0.44482654333114624
v -3.198580265045166 -1.9092711210250854 -0.44482654333114624
v -3.198580265045166 -2.094240427017212 -0.44482654333114624
v -2.975005626678467 -1.9092711210250854 -1.1167250871658325
v -2.975005626678467 -2.094240427017212 -1.1167250871658325
v -3.26987624168396 -2.094240427017212 0.0015899079153314233
v -3.198580265045166 -1.9092711210250854 -0.44482654333114624
v -3.198580265045166 -2.094240427017212 -0.44482654333114624
v -3.198580265045166 -1.9092711210250854 -0.44482654333114624
v -3.26987624168396 -2.094240427017212 0.0015899079153314233
v -3.26987624168396 -1.9092711210250854 0.0015899079153314233
v -3.198580265045166 -2.094240427017212 0.4480062425136566
v -3.26987624168396 -1.9092711210250854 0.0015899079153314233
v -3.26987624168396 -2.094240427017212 0.0015899079153314233
v -3.26987624168396 -1.9092711210250854 0.0015899079153314233
v -3.198580265045166 -2.094240427017212 0.4480062425136566
v -3.198580265045166 -1.9092711210250854 0.4480062425136566
v -2.975003957748413 -2.094240427017212 1.1199045181274414
v -3.198580265045166 -1.9092711210250854 0.4480062425136566
v -3.198580265045166 -2.094240427017212 0.4480062425136566
v -3.198580265045166 -1.9092711210250854 0.4480062425136566
v -2.975003957748413 -2.094240427017212 1.1199045181274414
v -2.975003957748413 -1.9092711210250854 1.1199045181274414
v 3.6150221824645996 -1.3834505081176758 -0.000004898021416011034
v 3.5767927169799805 -1.591731309890747 -0.14591717720031738
v 3.5767927169799805 -1.591731309890747 -0.000004838997938350076
v 3.6150221824645996 -1.3834505081176758 -0.000004898021416011034
v 3.5767927169799805 -1.591731309890747 -0.000004838997938350076
v 3.5767931938171387 -1.591731309890747 0.14590761065483093
v 3.5767927169799805 -1.591731309890747 -0.14591717720031738
v 3.4815099239349365 -1.7263257503509521 -0.0000047263138185371645
v 3.5767927169799805 -1.591731309890747 -0.000004838997938350076
v 3.4815099239349365 -1.7263257503509521 -0.0000047263138185371645
v 3.5767931938171387 -1.591731309890747 0.14590761065483093
v 3.5767927169799805 -1.591731309890747 -0.000004838997938350076
v 3.4815099239349365 -1.7263257503509521 -0.0000047263138185371645
v 3.5767927169799805 -1.591731309890747 -0.14591717720031738
v 3.4815096855163574 -1.7263257503509521 -0.2260180562734604
v 3.4815096855163574 -1.7263257503509521 -0.2260180562734604
v 3.308253049850464 -1.7811486721038818 -0.000004495768280321499
v 3.4815099239349365 -1.7263257503509521 -0.0000047263138185371645
v 3.308253049850464 -1.7811486721038818 -0.000004495768280321499
v 3.4815096855163574 -1.7263257503509521 -0.2260180562734604
v 3.3082528114318848 -1.7811486721038818 -0.3338475823402405
v 3.308253049850464 -1.7811486721038818 -0.000004495768280321499
v 3.4815099239349365 -1.7263258695602417 0.22600862383842468
v 3.4815099239349365 -1.7263257503509521 -0.0000047263138185371645
v 3.5767931938171387 -1.591731309890747 0.14590761065483093
v 3.4815099239349365 -1.7263257503509521 -0.0000047263138185371645
v 3.4815099239349365 -1.7263258695602417 0.22600862383842468
v 3.4815099239349365 -1.7263258695602417 0.22600862383842468
v 3.308253049850464 -1.7811486721038818 -0.000004495768280321499
v 3.308253049850464 -1.7811486721038818 0.33383843302726746
v 3.3082528114318848 -1.7811486721038818 -0.3338475823402405
v 3.0544261932373047 -1.793399691581726 -0.000004151364464632934
v 3.308253049850464 -1.7811486721038818 -0.000004495768280321499
v 3.0544261932373047 -1.793399691581726 -0.000004151364464632934
v 3.308253049850464 -1.7811486721038818 0.33383843302726746
v 3.308253049850464 -1.7811486721038818 -0.000004495768280321499
v 3.0544261932373047 -1.793399691581726 -0.000004151364464632934
v 3.3082528114318848 -1.7811486721038818 -0.3338475823402405
v 3.0544259548187256 -1.793399691581726 -0.3985029458999634
v 3.0544259548187256 -1.793399691581726 -0.3985029458999634
v 2.7861087322235107 -1.6011265516281128 -0.000003783150987146655
v 3.0544261932373047 -1.793399691581726 -0.000004151364464632934
v 2.7861087322235107 -1.6011265516281128 -0.000003783150987146655
v 3.0544259548187256 -1.793399691581726 -0.3985029458999634
v 2.6667842864990234 -1.5678695440292358 -0.5772991180419922
v 2.7861087322235107 -1.6011265516281128 -0.000003783150987146655
v 3.0544261932373047 -1.793399691581726 0.39849457144737244
v 3.0544261932373047 -1.793399691581726 -0.000004151364464632934
v 3.308253049850464 -1.7811486721038818 0.33383843302726746
v 3.0544261932373047 -1.793399691581726 -0.000004151364464632934
v 3.0544261932373047 -1.793399691581726 0.39849457144737244
v 3.0544261932373047 -1.793399691581726 0.39849457144737244
v 2.7861087322235107 -1.6011265516281128 -0.000003783150987146655
v 2.66678524017334 -1.5678695440292358 0.5772918462753296
v 3.786240816116333 -1.6337003707885742 -0.08629222959280014
v 3.6150221824645996 -1.3834505081176758 -0.000004898021416011034
v 3.786240816116333 -1.6337003707885742 -0.000005107152901473455
v 3.8174076080322266 -1.8085825443267822 -0.000005161385615792824
v 3.786240816116333 -1.6337003707885742 -0.08629222959280014
v 3.786240816116333 -1.6337003707885742 -0.000005107152901473455
v 3.786240816116333 -1.6337003707885742 -0.08629222959280014
v 3.8174076080322266 -1.8085825443267822 -0.000005161385615792824
v 3.8174076080322266 -1.8085825443267822 -0.13445515930652618
v 3.786240816116333 -1.6337004899978638 0.08628199249505997
v 3.8174076080322266 -1.8085825443267822 -0.000005161385615792824
v 3.786240816116333 -1.6337003707885742 -0.000005107152901473455
v 3.6150221824645996 -1.3834505081176758 -0.000004898021416011034
v 3.786240816116333 -1.6337004899978638 0.08628199249505997
v 3.786240816116333 -1.6337003707885742 -0.000005107152901473455
v 3.786240816116333 -1.6337004899978638 0.08628199249505997
v 3.6150221824645996 -1.3834505081176758 -0.000004898021416011034
v 3.786241292953491 -1.6337003707885742 0.16180892288684845
v 3.8174076080322266 -1.8085825443267822 -0.000005161385615792824
v 3.786240816116333 -1.6337004899978638 0.08628199249505997
v 3.8174078464508057 -1.8085825443267822 0.13444480299949646
v 3.786241292953491 -1.6337003707885742 0.16180892288684845
v 3.7346343994140625 -1.7935688495635986 0.16080795228481293
v 3.786240816116333 -1.6337004899978638 0.08628199249505997
v 3.7346343994140625 -1.7935688495635986 0.16080795228481293
v 3.786241292953491 -1.6337003707885742 0.16180892288684845
v 3.7346343994140625 -1.7935688495635986 0.25576257705688477
v 3.7346343994140625 -1.7935688495635986 0.25576257705688477
v 3.659499406814575 -1.9749250411987305 0.22030703723430634
v 3.7346343994140625 -1.7935688495635986 0.16080795228481293
v 3.659499406814575 -1.9749250411987305 0.22030703723430634
v 3.7346343994140625 -1.7935688495635986 0.25576257705688477
v 3.6594996452331543 -1.9749250411987305 0.32779860496520996
v 3.795480489730835 -2.0764639377593994 -0.000005148285254108487
v 3.8174076080322266 -1.8085825443267822 -0.13445515930652618
v 3.8174076080322266 -1.8085825443267822 -0.000005161385615792824
v 3.8174078464508057 -1.8085825443267822 0.13444480299949646
v 3.795480489730835 -2.0764639377593994 -0.000005148285254108487
v 3.8174076080322266 -1.8085825443267822 -0.000005161385615792824
v 3.8174076080322266 -1.8085825443267822 -0.13445515930652618
v 3.795480489730835 -2.0764639377593994 -0.000005148285254108487
v 3.795480489730835 -2.0764636993408203 -0.1675911843776703
v 3.4903595447540283 -2.2643911838531494 -0.000004742665169032989
v 3.795480489730835 -2.0764636993408203 -0.1675911843776703
v 3.795480489730835 -2.0764639377593994 -0.000005148285254108487
v 3.795480489730835 -2.0764636993408203 -0.1675911843776703
v 3.4903595447540283 -2.2643911838531494 -0.000004742665169032989
v 3.490359306335449 -2.2643909454345703 -0.2553704082965851
v 3.795480728149414 -2.0764639377593994 0.16758088767528534
v 3.4903595447540283 -2.2643911838531494 -0.000004742665169032989
v 3.795480489730835 -2.0764639377593994 -0.000005148285254108487
v 3.795480489730835 -2.0764639377593994 -0.000005148285254108487
v 3.8174078464508057 -1.8085825443267822 0.13444480299949646
v 3.795480728149414 -2.0764639377593994 0.16758088767528534
v 3.4903595447540283 -2.2643911838531494 -0.000004742665169032989
v 3.795480728149414 -2.0764639377593994 0.16758088767528534
v 3.4903597831726074 -2.2643911838531494 0.255360871553421
v 3.269463300704956 -2.340092420578003 -0.000004445932972885203
v 3.490359306335449 -2.2643909454345703 -0.2553704082965851
v 3.4903595447540283 -2.2643911838531494 -0.000004742665169032989
v 3.4903597831726074 -2.2643911838531494 0.255360871553421
v 3.269463300704956 -2.340092420578003 -0.000004445932972885203
v 3.4903595447540283 -2.2643911838531494 -0.000004742665169032989
v 3.490359306335449 -2.2643909454345703 -0.2553704082965851
v 3.269463300704956 -2.340092420578003 -0.000004445932972885203
v 3.269462823867798 -2.340092182159424 -0.34314975142478943
v 2.712559700012207 -2.390808343887329 -0.0000036978808566345833
v 3.269462823867798 -2.340092182159424 -0.34314975142478943
v 3.269463300704956 -2.340092420578003 -0.000004445932972885203
v 3.269462823867798 -2.340092182159424 -0.34314975142478943
v 2.712559700012207 -2.390808343887329 -0.0000036978808566345833
v 2.712559461593628 -2.390808343887329 -0.5489608645439148
v 2.712559461593628 -2.390808343887329 -0.5489608645439148
v 2.712559700012207 -2.390808343887329 -0.0000036978808566345833
v 2.1007003784179688 -2.390808582305908 -0.000002871219066946651
v 3.269463300704956 -2.340092420578003 -0.000004445932972885203
v 2.7125601768493652 -2.390808343887329 0.5489534735679626
v 2.712559700012207 -2.390808343887329 -0.0000036978808566345833
v 2.712559700012207 -2.390808343887329 -0.0000036978808566345833
v 2.7125601768493652 -2.390808343887329 0.5489534735679626
v 2.1007003784179688 -2.390808582305908 -0.000002871219066946651
v 2.7125601768493652 -2.390808343887329 0.5489534735679626
v 3.269463300704956 -2.340092420578003 -0.000004445932972885203
v 3.269463300704956 -2.340092420578003 0.3431408703327179
v 3.269463300704956 -2.340092420578003 -0.000004445932972885203
v 3.4903597831726074 -2.2643911838531494 0.255360871553421
v 3.269463300704956 -2.340092420578003 0.3431408703327179
v 3.6150221824645996 -1.3834505081176758 -0.000004898021416011034
v 3.786240816116333 -1.6337003707885742 -0.16181905567646027
v 3.5767927169799805 -1.591731309890747 -0.14591717720031738
v 3.786240816116333 -1.6337003707885742 -0.16181905567646027
v 3.4815096855163574 -1.7263257503509521 -0.2260180562734604
v 3.5767927169799805 -1.591731309890747 -0.14591717720031738
v 3.4815096855163574 -1.7263257503509521 -0.2260180562734604
v 3.786240816116333 -1.6337003707885742 -0.16181905567646027
v 3.7346341609954834 -1.793568730354309 -0.2557726502418518
v 3.4815096855163574 -1.7263257503509521 -0.2260180562734604
v 3.7346341609954834 -1.793568730354309 -0.2557726502418518
v 3.659499168395996 -1.9749248027801514 -0.3278087377548218
v 3.659499168395996 -1.9749248027801514 -0.3278087377548218
v 3.3082528114318848 -1.7811486721038818 -0.3338475823402405
v 3.4815096855163574 -1.7263257503509521 -0.2260180562734604
v 3.3082528114318848 -1.7811486721038818 -0.3338475823402405
v 3.659499168395996 -1.9749248027801514 -0.3278087377548218
v 3.4481804370880127 -2.1182007789611816 -0.4139534533023834
v 3.4481804370880127 -2.1182007789611816 -0.4139534533023834
v 3.0544259548187256 -1.793399691581726 -0.3985029458999634
v 3.3082528114318848 -1.7811486721038818 -0.3338475823402405
v 3.0544259548187256 -1.793399691581726 -0.3985029458999634
v 3.4481804370880127 -2.1182007789611816 -0.4139534533023834
v 3.2333548069000244 -2.1674375534057617 -0.5000984072685242
v 2.6603925228118896 -2.20688796043396 -0.7560964822769165
v 3.0544259548187256 -1.793399691581726 -0.3985029458999634
v 3.2333548069000244 -2.1674375534057617 -0.5000984072685242
v 3.0544259548187256 -1.793399691581726 -0.3985029458999634
v 2.6603925228118896 -2.20688796043396 -0.7560964822769165
v 2.631885051727295 -1.9873359203338623 -0.756096363067627
v 3.0544259548187256 -1.793399691581726 -0.3985029458999634
v 2.631885051727295 -1.9873359203338623 -0.756096363067627
v 2.6033778190612793 -1.7690222263336182 -0.7560961842536926
v 2.6033778190612793 -1.7690222263336182 -0.7560961842536926
v 2.6667842864990234 -1.5678695440292358 -0.5772991180419922
v 3.0544259548187256 -1.793399691581726 -0.3985029458999634
v 2.6667842864990234 -1.5678695440292358 -0.5772991180419922
v 2.6033778190612793 -1.7690222263336182 -0.7560961842536926
v 2.4973204135894775 -1.5675901174545288 -0.7560957670211792
v 3.0544261932373047 -1.793399691581726 0.39849457144737244
v 3.448180913925171 -2.1182007789611816 0.4139440655708313
v 3.308253049850464 -1.7811486721038818 0.33383843302726746
v 3.448180913925171 -2.1182007789611816 0.4139440655708313
v 3.0544261932373047 -1.793399691581726 0.39849457144737244
v 3.2333552837371826 -2.1674375534057617 0.5000895261764526
v 3.448180913925171 -2.1182007789611816 0.4139440655708313
v 3.4815099239349365 -1.7263258695602417 0.22600862383842468
v 3.308253049850464 -1.7811486721038818 0.33383843302726746
v 3.4815099239349365 -1.7263258695602417 0.22600862383842468
v 3.448180913925171 -2.1182007789611816 0.4139440655708313
v 3.6594996452331543 -1.9749250411987305 0.32779860496520996
v 3.4815099239349365 -1.7263258695602417 0.22600862383842468
v 3.6594996452331543 -1.9749250411987305 0.32779860496520996
v 3.7346343994140625 -1.7935688495635986 0.25576257705688477
v 3.786241292953491 -1.6337003707885742 0.16180892288684845
v 3.4815099239349365 -1.7263258695602417 0.22600862383842468
v 3.7346343994140625 -1.7935688495635986 0.25576257705688477
v 3.4815099239349365 -1.7263258695602417 0.22600862383842468
v 3.786241292953491 -1.6337003707885742 0.16180892288684845
v 3.5767931938171387 -1.591731309890747 0.14590761065483093
v 3.5767931938171387 -1.591731309890747 0.14590761065483093
v 3.786241292953491 -1.6337003707885742 0.16180892288684845
v 3.6150221824645996 -1.3834505081176758 -0.000004898021416011034
v 2.631887674331665 -1.9873359203338623 0.7560891509056091
v 3.2333552837371826 -2.1674375534057617 0.5000895261764526
v 3.0544261932373047 -1.793399691581726 0.39849457144737244
v 3.0544261932373047 -1.793399691581726 0.39849457144737244
v 2.6033806800842285 -1.7690222263336182 0.75608891248703
v 2.631887674331665 -1.9873359203338623 0.7560891509056091
v 2.66678524017334 -1.5678695440292358 0.5772918462753296
v 2.6033806800842285 -1.7690222263336182 0.75608891248703
v 3.0544261932373047 -1.793399691581726 0.39849457144737244
v 2.6033806800842285 -1.7690222263336182 0.75608891248703
v 2.66678524017334 -1.5678695440292358 0.5772918462753296
v 2.4973232746124268 -1.5675901174545288 0.7560891509056091
v 3.2333552837371826 -2.1674375534057617 0.5000895261764526
v 2.631887674331665 -1.9873359203338623 0.7560891509056091
v 2.660395383834839 -2.20688796043396 0.7560892701148987
v 2.7009880542755127 -2.20688796043396 -0.5489608645439148
v 3.2333548069000244 -2.1674375534057617 -0.5000984072685242
v 3.2333550453186035 -2.1674375534057617 -0.3525039851665497
v 3.2333548069000244 -2.1674375534057617 -0.5000984072685242
v 2.7009880542755127 -2.20688796043396 -0.5489608645439148
v 2.6603925228118896 -2.20688796043396 -0.7560964822769165
v 2.146630048751831 -2.20688796043396 -0.000002926141405623639
v 2.6603925228118896 -2.20688796043396 -0.7560964822769165
v 2.7009880542755127 -2.20688796043396 -0.5489608645439148
v 2.6603925228118896 -2.20688796043396 -0.7560964822769165
v 2.146630048751831 -2.20688796043396 -0.000002926141405623639
v 1.883787989616394 -2.20688796043396 -0.0000025713018203532556
v 2.700988531112671 -2.20688796043396 0.5489535927772522
v 1.883787989616394 -2.20688796043396 -0.0000025713018203532556
v 2.146630048751831 -2.20688796043396 -0.000002926141405623639
v 1.883787989616394 -2.20688796043396 -0.0000025713018203532556
v 2.700988531112671 -2.20688796043396 0.5489535927772522
v 2.660395383834839 -2.20688796043396 0.7560892701148987
v 2.700988531112671 -2.20688796043396 0.5489535927772522
v 3.2333552837371826 -2.1674375534057617 0.5000895261764526
v 2.660395383834839 -2.20688796043396 0.7560892701148987
v 3.2333552837371826 -2.1674375534057617 0.5000895261764526
v 2.700988531112671 -2.20688796043396 0.5489535927772522
v 3.2333552837371826 -2.1674375534057617 0.3524952828884125
v 3.4481804370880127 -2.1182007789611816 -0.4139534533023834
v 3.2333550453186035 -2.1674375534057617 -0.3525039851665497
v 3.2333548069000244 -2.1674375534057617 -0.5000984072685242
v 3.2333550453186035 -2.1674375534057617 -0.3525039851665497
v 3.4481804370880127 -2.1182007789611816 -0.4139534533023834
v 3.4481804370880127 -2.1182005405426025 -0.2864103615283966
v 3.2333552837371826 -2.1674375534057617 0.3524952828884125
v 3.448180913925171 -2.1182007789611816 0.4139440655708313
v 3.2333552837371826 -2.1674375534057617 0.5000895261764526
v 3.448180913925171 -2.1182007789611816 0.4139440655708313
v 3.2333552837371826 -2.1674375534057617 0.3524952828884125
v 3.448180913925171 -2.1182007789611816 0.2864011824131012
v 3.659499168395996 -1.9749248027801514 -0.3278087377548218
v 3.4481804370880127 -2.1182005405426025 -0.2864103615283966
v 3.4481804370880127 -2.1182007789611816 -0.4139534533023834
v 3.4481804370880127 -2.1182005405426025 -0.2864103615283966
v 3.659499168395996 -1.9749248027801514 -0.3278087377548218
v 3.659499168395996 -1.9749248027801514 -0.22031688690185547
v 3.448180913925171 -2.1182007789611816 0.2864011824131012
v 3.6594996452331543 -1.9749250411987305 0.32779860496520996
v 3.448180913925171 -2.1182007789611816 0.4139440655708313
v 3.6594996452331543 -1.9749250411987305 0.32779860496520996
v 3.448180913925171 -2.1182007789611816 0.2864011824131012
v 3.659499406814575 -1.9749250411987305 0.22030703723430634
v 2.0739939212799072 -1.7628910541534424 -0.0000028138917969044996
v 2.631885051727295 -1.9873359203338623 -0.756096363067627
v 2.043550491333008 -1.9842700958251953 -0.000002779928991003544
v 2.631885051727295 -1.9873359203338623 -0.756096363067627
v 2.0739939212799072 -1.7628910541534424 -0.0000028138917969044996
v 2.6033778190612793 -1.7690222263336182 -0.7560961842536926
v 2.631887674331665 -1.9873359203338623 0.7560891509056091
v 2.0739939212799072 -1.7628910541534424 -0.0000028138917969044996
v 2.043550491333008 -1.9842700958251953 -0.000002779928991003544
v 2.0739939212799072 -1.7628910541534424 -0.0000028138917969044996
v 2.631887674331665 -1.9873359203338623 0.7560891509056091
v 2.6033806800842285 -1.7690222263336182 0.75608891248703
v 2.0739939212799072 -1.7628910541534424 -0.0000028138917969044996
v 2.4973204135894775 -1.5675901174545288 -0.7560957670211792
v 2.6033778190612793 -1.7690222263336182 -0.7560961842536926
v 2.4973204135894775 -1.5675901174545288 -0.7560957670211792
v 2.0739939212799072 -1.7628910541534424 -0.0000028138917969044996
v 2.027769088745117 -1.5761057138442993 -0.0000027441701604402624
v 2.4973232746124268 -1.5675901174545288 0.7560891509056091
v 2.0739939212799072 -1.7628910541534424 -0.0000028138917969044996
v 2.6033806800842285 -1.7690222263336182 0.75608891248703
v 2.0739939212799072 -1.7628910541534424 -0.0000028138917969044996
v 2.4973232746124268 -1.5675901174545288 0.7560891509056091
v 2.027769088745117 -1.5761057138442993 -0.0000027441701604402624
v 2.6603925228118896 -2.20688796043396 -0.7560964822769165
v 2.043550491333008 -1.9842700958251953 -0.000002779928991003544
v 2.631885051727295 -1.9873359203338623 -0.756096363067627
v 2.043550491333008 -1.9842700958251953 -0.000002779928991003544
v 2.6603925228118896 -2.20688796043396 -0.7560964822769165
v 1.883787989616394 -2.20688796043396 -0.0000025713018203532556
v 2.660395383834839 -2.20688796043396 0.7560892701148987
v 2.043550491333008 -1.9842700958251953 -0.000002779928991003544
v 1.883787989616394 -2.20688796043396 -0.0000025713018203532556
v 2.043550491333008 -1.9842700958251953 -0.000002779928991003544
v 2.660395383834839 -2.20688796043396 0.7560892701148987
v 2.631887674331665 -1.9873359203338623 0.7560891509056091
v 3.786240816116333 -1.6337003707885742 -0.16181905567646027
v 3.7346339225769043 -1.793568730354309 -0.16081801056861877
v 3.7346341609954834 -1.793568730354309 -0.2557726502418518
v 3.7346339225769043 -1.793568730354309 -0.16081801056861877
v 3.786240816116333 -1.6337003707885742 -0.16181905567646027
v 3.786240816116333 -1.6337003707885742 -0.08629222959280014
v 3.659499168395996 -1.9749248027801514 -0.22031688690185547
v 3.7346341609954834 -1.793568730354309 -0.2557726502418518
v 3.7346339225769043 -1.793568730354309 -0.16081801056861877
v 3.7346341609954834 -1.793568730354309 -0.2557726502418518
v 3.659499168395996 -1.9749248027801514 -0.22031688690185547
v 3.659499168395996 -1.9749248027801514 -0.3278087377548218
v 3.6150221824645996 -1.3834505081176758 -0.000004898021416011034
v 3.786240816116333 -1.6337003707885742 -0.08629222959280014
v 3.786240816116333 -1.6337003707885742 -0.16181905567646027
v 3.659499168395996 -1.9749248027801514 -0.22031688690185547
v 3.490359306335449 -2.2643909454345703 -0.2553704082965851
v 3.4481804370880127 -2.1182005405426025 -0.2864103615283966
v 3.490359306335449 -2.2643909454345703 -0.2553704082965851
v 3.659499168395996 -1.9749248027801514 -0.22031688690185547
v 3.795480489730835 -2.0764636993408203 -0.1675911843776703
v 3.7346339225769043 -1.793568730354309 -0.16081801056861877
v 3.795480489730835 -2.0764636993408203 -0.1675911843776703
v 3.659499168395996 -1.9749248027801514 -0.22031688690185547
v 3.795480489730835 -2.0764636993408203 -0.1675911843776703
v 3.7346339225769043 -1.793568730354309 -0.16081801056861877
v 3.8174076080322266 -1.8085825443267822 -0.13445515930652618
v 3.786240816116333 -1.6337003707885742 -0.08629222959280014
v 3.8174076080322266 -1.8085825443267822 -0.13445515930652618
v 3.7346339225769043 -1.793568730354309 -0.16081801056861877
v 3.490359306335449 -2.2643909454345703 -0.2553704082965851
v 3.2333550453186035 -2.1674375534057617 -0.3525039851665497
v 3.4481804370880127 -2.1182005405426025 -0.2864103615283966
v 3.2333550453186035 -2.1674375534057617 -0.3525039851665497
v 3.490359306335449 -2.2643909454345703 -0.2553704082965851
v 3.269462823867798 -2.340092182159424 -0.34314975142478943
v 3.2333550453186035 -2.1674375534057617 -0.3525039851665497
v 3.269462823867798 -2.340092182159424 -0.34314975142478943
v 2.7009880542755127 -2.20688796043396 -0.5489608645439148
v 2.7009880542755127 -2.20688796043396 -0.5489608645439148
v 3.269462823867798 -2.340092182159424 -0.34314975142478943
v 2.712559461593628 -2.390808343887329 -0.5489608645439148
v 2.7009880542755127 -2.20688796043396 -0.5489608645439148
v 2.1007003784179688 -2.390808582305908 -0.000002871219066946651
v 2.146630048751831 -2.20688796043396 -0.000002926141405623639
v 2.1007003784179688 -2.390808582305908 -0.000002871219066946651
v 2.7009880542755127 -2.20688796043396 -0.5489608645439148
v 2.712559461593628 -2.390808343887329 -0.5489608645439148
v 2.146630048751831 -2.20688796043396 -0.000002926141405623639
v 2.7125601768493652 -2.390808343887329 0.5489534735679626
v 2.700988531112671 -2.20688796043396 0.5489535927772522
v 2.7125601768493652 -2.390808343887329 0.5489534735679626
v 2.146630048751831 -2.20688796043396 -0.000002926141405623639
v 2.1007003784179688 -2.390808582305908 -0.000002871219066946651
v 2.700988531112671 -2.20688796043396 0.5489535927772522
v 2.7125601768493652 -2.390808343887329 0.5489534735679626
v 3.2333552837371826 -2.1674375534057617 0.3524952828884125
v 3.2333552837371826 -2.1674375534057617 0.3524952828884125
v 2.7125601768493652 -2.390808343887329 0.5489534735679626
v 3.269463300704956 -2.340092420578003 0.3431408703327179
v 3.4903597831726074 -2.2643911838531494 0.255360871553421
v 3.2333552837371826 -2.1674375534057617 0.3524952828884125
v 3.269463300704956 -2.340092420578003 0.3431408703327179
v 3.2333552837371826 -2.1674375534057617 0.3524952828884125
v 3.4903597831726074 -2.2643911838531494 0.255360871553421
v 3.448180913925171 -2.1182007789611816 0.2864011824131012
v 3.4903597831726074 -2.2643911838531494 0.255360871553421
v 3.659499406814575 -1.9749250411987305 0.22030703723430634
v 3.448180913925171 -2.1182007789611816 0.2864011824131012
v 3.659499406814575 -1.9749250411987305 0.22030703723430634
v 3.4903597831726074 -2.2643911838531494 0.255360871553421
v 3.795480728149414 -2.0764639377593994 0.16758088767528534
v 3.8174078464508057 -1.8085825443267822 0.13444480299949646
v 3.659499406814575 -1.9749250411987305 0.22030703723430634
v 3.795480728149414 -2.0764639377593994 0.16758088767528534
v 3.659499406814575 -1.9749250411987305 0.22030703723430634
v 3.8174078464508057 -1.8085825443267822 0.13444480299949646
v 3.7346343994140625 -1.7935688495635986 0.16080795228481293
v 3.7346343994140625 -1.7935688495635986 0.16080795228481293
v 3.8174078464508057 -1.8085825443267822 0.13444480299949646
v 3.786240816116333 -1.6337004899978638 0.08628199249505997
v 3.145578145980835 -1.0229922533035278 -0.000002794906322378665
v 3.0720908641815186 -0.8757949471473694 0.14520105719566345
v 3.0778515338897705 -1.026297926902771 0.20534628629684448
v 3.145578145980835 -1.0229922533035278 -0.000002794906322378665
v 3.073836326599121 -0.8115572333335876 -0.000002718609721341636
v 3.0720908641815186 -0.8757949471473694 0.14520105719566345
v 3.145578145980835 -1.0229922533035278 -0.000002794906322378665
v 3.0720908641815186 -0.8757947087287903 -0.1452065110206604
v 3.073836326599121 -0.8115572333335876 -0.000002718609721341636
v 3.145578145980835 -1.0229922533035278 -0.000002794906322378665
v 3.0778515338897705 -1.026297926902771 -0.20535197854042053
v 3.0720908641815186 -0.8757947087287903 -0.1452065110206604
v 3.145578145980835 -1.0229922533035278 -0.000002794906322378665
v 3.0778515338897705 -1.026297926902771 0.20534628629684448
v 3.102703094482422 -1.1829625368118286 0.14520083367824554
v 3.145578145980835 -1.0229922533035278 -0.000002794906322378665
v 3.102703094482422 -1.1829625368118286 0.14520083367824554
v 3.1171281337738037 -1.2459579706192017 -0.0000028005181320622796
v 3.007237672805786 -0.8168156147003174 0.20649456977844238
v 3.0778515338897705 -1.026297926902771 0.20534628629684448
v 3.0720908641815186 -0.8757949471473694 0.14520105719566345
v 3.0778515338897705 -1.026297926902771 0.20534628629684448
v 3.007237672805786 -0.8168156147003174 0.20649456977844238
v 3.015430212020874 -1.0308490991592407 0.29202836751937866
v 2.90738844871521 -0.7474291920661926 0.2596339285373688
v 3.015430212020874 -1.0308490991592407 0.29202836751937866
v 3.007237672805786 -0.8168156147003174 0.20649456977844238
v 3.015430212020874 -1.0308490991592407 0.29202836751937866
v 2.90738844871521 -0.7474291920661926 0.2596339285373688
v 2.9219729900360107 -1.035543441772461 0.367179274559021
v 3.007237672805786 -0.8168156147003174 0.20649456977844238
v 2.932659149169922 -0.6326698064804077 -0.000002654519221323426
v 2.90738844871521 -0.7474291920661926 0.2596339285373688
v 2.932659149169922 -0.6326698064804077 -0.000002654519221323426
v 3.007237672805786 -0.8168156147003174 0.20649456977844238
v 3.0097198486328125 -0.7254617810249329 -0.0000026925783913611667
v 3.0097198486328125 -0.7254617810249329 -0.0000026925783913611667
v 3.0720908641815186 -0.8757949471473694 0.14520105719566345
v 3.073836326599121 -0.8115572333335876 -0.000002718609721341636
v 3.0720908641815186 -0.8757949471473694 0.14520105719566345
v 3.0097198486328125 -0.7254617810249329 -0.0000026925783913611667
v 3.007237672805786 -0.8168156147003174 0.20649456977844238
v 2.962125539779663 -1.2966712713241577 0.2596339285373688
v 3.015430212020874 -1.0308490991592407 0.29202836751937866
v 2.9219729900360107 -1.035543441772461 0.367179274559021
v 3.015430212020874 -1.0308490991592407 0.29202836751937866
v 2.962125539779663 -1.2966712713241577 0.2596339285373688
v 3.050771951675415 -1.2536453008651733 0.20649437606334686
v 3.050771951675415 -1.2536453008651733 0.20649437606334686
v 3.1171281337738037 -1.2459579706192017 -0.0000028005181320622796
v 3.102703094482422 -1.1829625368118286 0.14520083367824554
v 3.050771951675415 -1.2536453008651733 0.20649437606334686
v 3.0778515338897705 -1.026297926902771 0.20534628629684448
v 3.015430212020874 -1.0308490991592407 0.29202836751937866
v 3.0778515338897705 -1.026297926902771 0.20534628629684448
v 3.050771951675415 -1.2536453008651733 0.20649437606334686
v 3.102703094482422 -1.1829625368118286 0.14520083367824554
v 2.962125539779663 -1.2966712713241577 0.2596339285373688
v 3.0712859630584717 -1.3432320356369019 -0.00000280906215266441
v 3.050771951675415 -1.2536453008651733 0.20649437606334686
v 3.1171281337738037 -1.2459579706192017 -0.0000028005181320622796
v 3.050771951675415 -1.2536453008651733 0.20649437606334686
v 3.0712859630584717 -1.3432320356369019 -0.00000280906215266441
v 3.0712859630584717 -1.3432320356369019 -0.00000280906215266441
v 2.962125539779663 -1.2966712713241577 0.2596339285373688
v 3.010068416595459 -1.4094152450561523 -0.000002800978563755052
v 3.007237672805786 -0.8168153762817383 -0.20650018751621246
v 3.073836326599121 -0.8115572333335876 -0.000002718609721341636
v 3.0720908641815186 -0.8757947087287903 -0.1452065110206604
v 3.073836326599121 -0.8115572333335876 -0.000002718609721341636
v 3.007237672805786 -0.8168153762817383 -0.20650018751621246
v 3.0097198486328125 -0.7254617810249329 -0.0000026925783913611667
v 2.90738844871521 -0.747429370880127 -0.2596393823623657
v 3.0097198486328125 -0.7254617810249329 -0.0000026925783913611667
v 3.007237672805786 -0.8168153762817383 -0.20650018751621246
v 3.145578145980835 -1.0229922533035278 -0.000002794906322378665
v 3.1027026176452637 -1.182962417602539 -0.14520655572414398
v 3.0778515338897705 -1.026297926902771 -0.20535197854042053
v 3.145578145980835 -1.0229922533035278 -0.000002794906322378665
v 3.1171281337738037 -1.2459579706192017 -0.0000028005181320622796
v 3.1027026176452637 -1.182962417602539 -0.14520655572414398
v 3.050771713256836 -1.2536449432373047 -0.2065000832080841
v 3.0778515338897705 -1.026297926902771 -0.20535197854042053
v 3.1027026176452637 -1.182962417602539 -0.14520655572414398
v 3.0778515338897705 -1.026297926902771 -0.20535197854042053
v 3.050771713256836 -1.2536449432373047 -0.2065000832080841
v 3.015430212020874 -1.0308489799499512 -0.2920342683792114
v 2.962125062942505 -1.2966711521148682 -0.2596394419670105
v 3.015430212020874 -1.0308489799499512 -0.2920342683792114
v 3.050771713256836 -1.2536449432373047 -0.2065000832080841
v 3.015430212020874 -1.0308489799499512 -0.2920342683792114
v 2.962125062942505 -1.2966711521148682 -0.2596394419670105
v 2.9219725131988525 -1.035543441772461 -0.36718428134918213
v 2.9219725131988525 -1.035543441772461 -0.36718428134918213
v 3.007237672805786 -0.8168153762817383 -0.20650018751621246
v 3.015430212020874 -1.0308489799499512 -0.2920342683792114
v 3.007237672805786 -0.8168153762817383 -0.20650018751621246
v 2.9219725131988525 -1.035543441772461 -0.36718428134918213
v 2.90738844871521 -0.747429370880127 -0.2596393823623657
v 3.050771713256836 -1.2536449432373047 -0.2065000832080841
v 3.010068416595459 -1.4094152450561523 -0.000002800978563755052
v 2.962125062942505 -1.2966711521148682 -0.2596394419670105
v 3.010068416595459 -1.4094152450561523 -0.000002800978563755052
v 3.050771713256836 -1.2536449432373047 -0.2065000832080841
v 3.0712859630584717 -1.3432320356369019 -0.00000280906215266441
v 3.0712859630584717 -1.3432320356369019 -0.00000280906215266441
v 3.1027026176452637 -1.182962417602539 -0.14520655572414398
v 3.1171281337738037 -1.2459579706192017 -0.0000028005181320622796
v 3.1027026176452637 -1.182962417602539 -0.14520655572414398
v 3.0712859630584717 -1.3432320356369019 -0.00000280906215266441
v 3.050771713256836 -1.2536449432373047 -0.2065000832080841
v 3.015430212020874 -1.0308489799499512 -0.2920342683792114
v 3.0720908641815186 -0.8757947087287903 -0.1452065110206604
v 3.0778515338897705 -1.026297926902771 -0.20535197854042053
v 3.0720908641815186 -0.8757947087287903 -0.1452065110206604
v 3.015430212020874 -1.0308489799499512 -0.2920342683792114
v 3.007237672805786 -0.8168153762817383 -0.20650018751621246
v 3.0097198486328125 -0.7254617810249329 -0.0000026925783913611667
v 2.90738844871521 -0.747429370880127 -0.2596393823623657
v 2.932659149169922 -0.6326698064804077 -0.000002654519221323426
v 2.9219729900360107 -1.035543441772461 0.367179274559021
v 2.8693928718566895 -0.6906555891036987 0.31856685876846313
v 2.8764586448669434 -1.0400952100753784 0.45803937315940857
v 2.8693928718566895 -0.6906555891036987 0.31856685876846313
v 2.9219729900360107 -1.035543441772461 0.367179274559021
v 2.90738844871521 -0.7474291920661926 0.2596339285373688
v 2.90738844871521 -0.7474291920661926 0.2596339285373688
v 2.894239664077759 -0.548942506313324 -0.000002624162561915
v 2.8693928718566895 -0.6906555891036987 0.31856685876846313
v 2.894239664077759 -0.548942506313324 -0.000002624162561915
v 2.90738844871521 -0.7474291920661926 0.2596339285373688
v 2.932659149169922 -0.6326698064804077 -0.000002654519221323426
v 2.936553955078125 -1.3645646572113037 0.31856656074523926
v 2.9219729900360107 -1.035543441772461 0.367179274559021
v 2.8764586448669434 -1.0400952100753784 0.45803937315940857
v 2.9219729900360107 -1.035543441772461 0.367179274559021
v 2.936553955078125 -1.3645646572113037 0.31856656074523926
v 2.962125539779663 -1.2966712713241577 0.2596339285373688
v 2.989219903945923 -1.5019937753677368 -0.0000028038652999384794
v 2.962125539779663 -1.2966712713241577 0.2596339285373688
v 2.936553955078125 -1.3645646572113037 0.31856656074523926
v 2.962125539779663 -1.2966712713241577 0.2596339285373688
v 2.989219903945923 -1.5019937753677368 -0.0000028038652999384794
v 3.010068416595459 -1.4094152450561523 -0.000002800978563755052
v 2.7236266136169434 -0.5701920390129089 0.40698063373565674
v 2.8764586448669434 -1.0400952100753784 0.45803937315940857
v 2.8693928718566895 -0.6906555891036987 0.31856685876846313
v 2.8764586448669434 -1.0400952100753784 0.45803937315940857
v 2.7236266136169434 -0.5701920390129089 0.40698063373565674
v 2.7188663482666016 -1.0653833150863647 0.5891803503036499
v 2.8693928718566895 -0.6906555891036987 0.31856685876846313
v 2.7689125537872314 -0.36318498849868774 -0.0000025256426852138247
v 2.7236266136169434 -0.5701920390129089 0.40698063373565674
v 2.7689125537872314 -0.36318498849868774 -0.0000025256426852138247
v 2.8693928718566895 -0.6906555891036987 0.31856685876846313
v 2.894239664077759 -0.548942506313324 -0.000002624162561915
v 2.8693928718566895 -0.6906554698944092 -0.3185717761516571
v 2.7689125537872314 -0.36318498849868774 -0.0000025256426852138247
v 2.894239664077759 -0.548942506313324 -0.000002624162561915
v 2.7689125537872314 -0.36318498849868774 -0.0000025256426852138247
v 2.8693928718566895 -0.6906554698944092 -0.3185717761516571
v 2.723626136779785 -0.5701919794082642 -0.4069852828979492
v 2.936553955078125 -1.3645646572113037 0.31856656074523926
v 2.887493371963501 -1.6916406154632568 -0.000002754835122686927
v 2.989219903945923 -1.5019937753677368 -0.0000028038652999384794
v 2.887493371963501 -1.6916406154632568 -0.000002754835122686927
v 2.936553955078125 -1.3645646572113037 0.31856656074523926
v 2.8061609268188477 -1.4935985803604126 0.4069802463054657
v 2.8061609268188477 -1.4935985803604126 0.4069802463054657
v 2.8764586448669434 -1.0400952100753784 0.45803937315940857
v 2.7188663482666016 -1.0653833150863647 0.5891803503036499
v 2.8764586448669434 -1.0400952100753784 0.45803937315940857
v 2.8061609268188477 -1.4935985803604126 0.4069802463054657
v 2.936553955078125 -1.3645646572113037 0.31856656074523926
v 2.7236266136169434 -0.5701920390129089 0.40698063373565674
v 2.517239809036255 -1.077516794204712 0.6332326531410217
v 2.7188663482666016 -1.0653833150863647 0.5891803503036499
v 2.517239809036255 -1.077516794204712 0.6332326531410217
v 2.8061609268188477 -1.4935985803604126 0.4069802463054657
v 2.7188663482666016 -1.0653833150863647 0.5891803503036499
v 2.517239809036255 -1.077516794204712 0.6332326531410217
v 2.7236266136169434 -0.5701920390129089 0.40698063373565674
v 2.5341010093688965 -0.5154947638511658 0.4351329505443573
v 2.7236266136169434 -0.5701920390129089 0.40698063373565674
v 2.5936291217803955 -0.2728714644908905 -0.0000023778961804055143
v 2.5341010093688965 -0.5154947638511658 0.4351329505443573
v 2.5936291217803955 -0.2728714644908905 -0.0000023778961804055143
v 2.7236266136169434 -0.5701920390129089 0.40698063373565674
v 2.7689125537872314 -0.36318498849868774 -0.0000025256426852138247
v 2.8061609268188477 -1.4935985803604126 0.4069802463054657
v 2.7181479930877686 -1.7841870784759521 -0.0000026226268801110564
v 2.887493371963501 -1.6916406154632568 -0.000002754835122686927
v 2.7181479930877686 -1.7841870784759521 -0.0000026226268801110564
v 2.8061609268188477 -1.4935985803604126 0.4069802463054657
v 2.61966609954834 -1.554013729095459 0.43513259291648865
v 2.8061609268188477 -1.4935985803604126 0.4069802463054657
v 2.517239809036255 -1.077516794204712 0.6332326531410217
v 2.61966609954834 -1.554013729095459 0.43513259291648865
v 2.894239664077759 -0.548942506313324 -0.000002624162561915
v 2.90738844871521 -0.747429370880127 -0.2596393823623657
v 2.8693928718566895 -0.6906554698944092 -0.3185717761516571
v 2.90738844871521 -0.747429370880127 -0.2596393823623657
v 2.894239664077759 -0.548942506313324 -0.000002624162561915
v 2.932659149169922 -0.6326698064804077 -0.000002654519221323426
v 2.9219725131988525 -1.035543441772461 -0.36718428134918213
v 2.8693928718566895 -0.6906554698944092 -0.3185717761516571
v 2.90738844871521 -0.747429370880127 -0.2596393823623657
v 2.8693928718566895 -0.6906554698944092 -0.3185717761516571
v 2.9219725131988525 -1.035543441772461 -0.36718428134918213
v 2.8764586448669434 -1.0400952100753784 -0.4580441117286682
v 2.9219725131988525 -1.035543441772461 -0.36718428134918213
v 2.936553955078125 -1.3645646572113037 -0.3185718357563019
v 2.8764586448669434 -1.0400952100753784 -0.4580441117286682
v 2.936553955078125 -1.3645646572113037 -0.3185718357563019
v 2.9219725131988525 -1.035543441772461 -0.36718428134918213
v 2.962125062942505 -1.2966711521148682 -0.2596394419670105
v 2.962125062942505 -1.2966711521148682 -0.2596394419670105
v 2.989219903945923 -1.5019937753677368 -0.0000028038652999384794
v 2.936553955078125 -1.3645646572113037 -0.3185718357563019
v 2.989219903945923 -1.5019937753677368 -0.0000028038652999384794
v 2.962125062942505 -1.2966711521148682 -0.2596394419670105
v 3.010068416595459 -1.4094152450561523 -0.000002800978563755052
v 2.8764586448669434 -1.0400952100753784 -0.4580441117286682
v 2.723626136779785 -0.5701919794082642 -0.4069852828979492
v 2.8693928718566895 -0.6906554698944092 -0.3185717761516571
v 2.723626136779785 -0.5701919794082642 -0.4069852828979492
v 2.8764586448669434 -1.0400952100753784 -0.4580441117286682
v 2.7188658714294434 -1.0653833150863647 -0.5891848206520081
v 2.8764586448669434 -1.0400952100753784 -0.4580441117286682
v 2.8061606884002686 -1.4935979843139648 -0.4069855213165283
v 2.7188658714294434 -1.0653833150863647 -0.5891848206520081
v 2.8061606884002686 -1.4935979843139648 -0.4069855213165283
v 2.8764586448669434 -1.0400952100753784 -0.4580441117286682
v 2.936553955078125 -1.3645646572113037 -0.3185718357563019
v 2.936553955078125 -1.3645646572113037 -0.3185718357563019
v 2.887493371963501 -1.6916406154632568 -0.000002754835122686927
v 2.8061606884002686 -1.4935979843139648 -0.4069855213165283
v 2.887493371963501 -1.6916406154632568 -0.000002754835122686927
v 2.936553955078125 -1.3645646572113037 -0.3185718357563019
v 2.989219903945923 -1.5019937753677368 -0.0000028038652999384794
v 2.7188658714294434 -1.0653833150863647 -0.5891848206520081
v 2.5341010093688965 -0.5154945254325867 -0.4351372718811035
v 2.723626136779785 -0.5701919794082642 -0.4069852828979492
v 2.5936291217803955 -0.2728714644908905 -0.0000023778961804055143
v 2.723626136779785 -0.5701919794082642 -0.4069852828979492
v 2.5341010093688965 -0.5154945254325867 -0.4351372718811035
v 2.723626136779785 -0.5701919794082642 -0.4069852828979492
v 2.5936291217803955 -0.2728714644908905 -0.0000023778961804055143
v 2.7689125537872314 -0.36318498849868774 -0.0000025256426852138247
v 2.5341010093688965 -0.5154945254325867 -0.4351372718811035
v 2.7188658714294434 -1.0653833150863647 -0.5891848206520081
v 2.5172393321990967 -1.0775169134140015 -0.6332363486289978
v 2.7188658714294434 -1.0653833150863647 -0.5891848206520081
v 2.61966609954834 -1.5540127754211426 -0.43513715267181396
v 2.5172393321990967 -1.0775169134140015 -0.6332363486289978
v 2.61966609954834 -1.5540127754211426 -0.43513715267181396
v 2.7188658714294434 -1.0653833150863647 -0.5891848206520081
v 2.8061606884002686 -1.4935979843139648 -0.4069855213165283
v 2.8061606884002686 -1.4935979843139648 -0.4069855213165283
v 2.7181479930877686 -1.7841870784759521 -0.0000026226268801110564
v 2.61966609954834 -1.5540127754211426 -0.43513715267181396
v 2.7181479930877686 -1.7841870784759521 -0.0000026226268801110564
v 2.8061606884002686 -1.4935979843139648 -0.4069855213165283
v 2.887493371963501 -1.6916406154632568 -0.000002754835122686927
v 3.730759382247925 -0.014636783860623837 -0.21755531430244446
v 3.6296424865722656 -0.2952526807785034 -0.000004921796062262729
v 3.6296424865722656 -0.2952526807785034 -0.2784559726715088
v 3.6296424865722656 -0.2952526807785034 -0.000004921796062262729
v 3.730759382247925 -0.014636783860623837 -0.21755531430244446
v 3.730759382247925 -0.014636783860623837 -0.000005040024461777648
v 3.730759382247925 -0.014636783860623837 0.21754513680934906
v 3.6296424865722656 -0.2952526807785034 -0.000004921796062262729
v 3.730759382247925 -0.014636783860623837 -0.000005040024461777648
v 3.6296424865722656 -0.2952526807785034 -0.000004921796062262729
v 3.730759382247925 -0.014636783860623837 0.21754513680934906
v 3.6296427249908447 -0.2952526807785034 0.2784462869167328
v 3.3237287998199463 -0.45215514302253723 -0.000004537952918326482
v 3.6296424865722656 -0.2952526807785034 -0.2784559726715088
v 3.6296424865722656 -0.2952526807785034 -0.000004921796062262729
v 3.6296427249908447 -0.2952526807785034 0.2784462869167328
v 3.3237287998199463 -0.45215514302253723 -0.000004537952918326482
v 3.6296424865722656 -0.2952526807785034 -0.000004921796062262729
v 3.6296424865722656 -0.2952526807785034 -0.2784559726715088
v 3.3237287998199463 -0.45215514302253723 -0.000004537952918326482
v 3.323728322982788 -0.45215514302253723 -0.3393564224243164
v 3.3237287998199463 -0.45215514302253723 -0.000004537952918326482
v 2.9537699222564697 -0.5447067022323608 -0.4611683189868927
v 3.323728322982788 -0.45215514302253723 -0.3393564224243164
v 2.9537699222564697 -0.5447067022323608 -0.4611683189868927
v 3.3237287998199463 -0.45215514302253723 -0.000004537952918326482
v 2.953770160675049 -0.5447067022323608 -0.000004039759005536325
v 3.3237287998199463 -0.45215514302253723 0.3393475413322449
v 2.953770160675049 -0.5447067022323608 -0.000004039759005536325
v 3.3237287998199463 -0.45215514302253723 -0.000004537952918326482
v 3.3237287998199463 -0.45215514302253723 -0.000004537952918326482
v 3.6296427249908447 -0.2952526807785034 0.2784462869167328
v 3.3237287998199463 -0.45215514302253723 0.3393475413322449
v 2.953770160675049 -0.5447067022323608 -0.000004039759005536325
v 3.3237287998199463 -0.45215514302253723 0.3393475413322449
v 2.953770399093628 -0.5447068810462952 0.4611603617668152
v 2.953770160675049 -0.5447067022323608 -0.000004039759005536325
v 2.453533172607422 -0.5804746747016907 -0.6085973381996155
v 2.9537699222564697 -0.5447067022323608 -0.4611683189868927
v 2.453533172607422 -0.5804746747016907 -0.6085973381996155
v 2.953770160675049 -0.5447067022323608 -0.000004039759005536325
v 2.453533411026001 -0.5804746747016907 -0.0000033260189411521424
v 2.953770399093628 -0.5447068810462952 0.4611603617668152
v 2.453533411026001 -0.5804746747016907 -0.0000033260189411521424
v 2.953770160675049 -0.5447067022323608 -0.000004039759005536325
v 2.453533411026001 -0.5804746747016907 -0.0000033260189411521424
v 2.953770399093628 -0.5447068810462952 0.4611603617668152
v 2.453533887863159 -0.5804747939109802 0.6085906624794006
v 3.3305368423461914 1.64060082852302e-7 -0.33935654163360596
v 3.730759382247925 -0.014636783860623837 -0.21755531430244446
v 3.6296424865722656 -0.2952526807785034 -0.2784559726715088
v 3.3305368423461914 1.64060082852302e-7 -0.33935654163360596
v 3.6296424865722656 -0.2952526807785034 -0.2784559726715088
v 3.323728322982788 -0.45215514302253723 -0.3393564224243164
v 3.323728322982788 -0.45215514302253723 -0.3393564224243164
v 2.9537699222564697 1.64060082852302e-7 -0.4611683189868927
v 3.3305368423461914 1.64060082852302e-7 -0.33935654163360596
v 2.9537699222564697 1.64060082852302e-7 -0.4611683189868927
v 3.323728322982788 -0.45215514302253723 -0.3393564224243164
v 2.9537699222564697 -0.5447067022323608 -0.4611683189868927
v 2.9537699222564697 -0.5447067022323608 -0.4611683189868927
v 2.453533172607422 1.64060082852302e-7 -0.608597457408905
v 2.9537699222564697 1.64060082852302e-7 -0.4611683189868927
v 2.453533172607422 1.64060082852302e-7 -0.608597457408905
v 2.9537699222564697 -0.5447067022323608 -0.4611683189868927
v 2.453533172607422 -0.5804746747016907 -0.6085973381996155
v 2.953770399093628 1.64060082852302e-7 0.4611603617668152
v 2.453533887863159 -0.5804747939109802 0.6085906624794006
v 2.953770399093628 -0.5447068810462952 0.4611603617668152
v 2.453533887863159 -0.5804747939109802 0.6085906624794006
v 2.953770399093628 1.64060082852302e-7 0.4611603617668152
v 2.453533887863159 1.64060082852302e-7 0.6085906624794006
v 2.953770399093628 -0.5447068810462952 0.4611603617668152
v 3.3305368423461914 1.64060082852302e-7 0.33934736251831055
v 2.953770399093628 1.64060082852302e-7 0.4611603617668152
v 3.3305368423461914 1.64060082852302e-7 0.33934736251831055
v 2.953770399093628 -0.5447068810462952 0.4611603617668152
v 3.3237287998199463 -0.45215514302253723 0.3393475413322449
v 3.3305368423461914 1.64060082852302e-7 0.33934736251831055
v 3.3237287998199463 -0.45215514302253723 0.3393475413322449
v 3.6296427249908447 -0.2952526807785034 0.2784462869167328
v 3.3305368423461914 1.64060082852302e-7 0.33934736251831055
v 3.6296427249908447 -0.2952526807785034 0.2784462869167328
v 3.730759382247925 -0.014636783860623837 0.21754513680934906
v 2.9227118492126465 -2.094240427017212 -1.1199045181274414
v 2.4469549655914307 -2.094240427017212 -0.360902339220047
v 2.3195650577545166 -2.094240427017212 -0.9242880940437317
v 2.4469549655914307 -2.094240427017212 -0.360902339220047
v 2.9227118492126465 -2.094240427017212 -1.1199045181274414
v 3.146287679672241 -2.094240427017212 -0.4480065107345581
v 3.146287679672241 -2.094240427017212 -0.4480065107345581
v 2.488922119140625 -2.094240427017212 -0.00158967066090554
v 2.4469549655914307 -2.094240427017212 -0.360902339220047
v 2.488922119140625 -2.094240427017212 -0.00158967066090554
v 3.146287679672241 -2.094240427017212 -0.4480065107345581
v 3.2175838947296143 -2.094240427017212 -0.001590134110301733
v 3.2175838947296143 -2.094240427017212 -0.001590134110301733
v 2.4469547271728516 -2.094240427017212 0.3577231764793396
v 2.488922119140625 -2.094240427017212 -0.00158967066090554
v 2.4469547271728516 -2.094240427017212 0.3577231764793396
v 3.2175838947296143 -2.094240427017212 -0.001590134110301733
v 3.146287679672241 -2.094240427017212 0.4448262155056
v 3.146287679672241 -2.094240427017212 0.4448262155056
v 2.3195667266845703 -2.094240427017212 0.921109139919281
v 2.4469547271728516 -2.094240427017212 0.3577231764793396
v 2.3195667266845703 -2.094240427017212 0.921109139919281
v 3.146287679672241 -2.094240427017212 0.4448262155056
v 2.9227137565612793 -2.094240427017212 1.116724967956543
v 2.9227118492126465 -1.9092711210250854 -1.1199045181274414
v 2.3195650577545166 -2.094240427017212 -0.9242880940437317
v 2.3195650577545166 -1.9092711210250854 -0.9242880940437317
v 2.3195650577545166 -2.094240427017212 -0.9242880940437317
v 2.9227118492126465 -1.9092711210250854 -1.1199045181274414
v 2.9227118492126465 -2.094240427017212 -1.1199045181274414
v 2.3195650577545166 -1.9092711210250854 -0.9242880940437317
v 2.4469549655914307 -2.094240427017212 -0.360902339220047
v 2.4469549655914307 -1.9092711210250854 -0.360902339220047
v 2.4469549655914307 -2.094240427017212 -0.360902339220047
v 2.3195650577545166 -1.9092711210250854 -0.9242880940437317
v 2.3195650577545166 -2.094240427017212 -0.9242880940437317
v 2.488922119140625 -2.094240427017212 -0.00158967066090554
v 2.4469549655914307 -1.9092711210250854 -0.360902339220047
v 2.4469549655914307 -2.094240427017212 -0.360902339220047
v 2.4469549655914307 -1.9092711210250854 -0.360902339220047
v 2.488922119140625 -2.094240427017212 -0.00158967066090554
v 2.488922119140625 -1.9092711210250854 -0.00158967066090554
v 2.4469547271728516 -2.094240427017212 0.3577231764793396
v 2.488922119140625 -1.9092711210250854 -0.00158967066090554
v 2.488922119140625 -2.094240427017212 -0.00158967066090554
v 2.488922119140625 -1.9092711210250854 -0.00158967066090554
v 2.4469547271728516 -2.094240427017212 0.3577231764793396
v 2.4469547271728516 -1.9092711210250854 0.3577231764793396
v 2.3195667266845703 -2.094240427017212 0.921109139919281
v 2.4469547271728516 -1.9092711210250854 0.3577231764793396
v 2.4469547271728516 -2.094240427017212 0.3577231764793396
v 2.4469547271728516 -1.9092711210250854 0.3577231764793396
v 2.3195667266845703 -2.094240427017212 0.921109139919281
v 2.3195667266845703 -1.9092711210250854 0.921109139919281
v 2.3195667266845703 -1.9092711210250854 0.921109139919281
v 2.9227137565612793 -2.094240427017212 1.116724967956543
v 2.9227137565612793 -1.9092711210250854 1.116724967956543
v 2.9227137565612793 -2.094240427017212 1.116724967956543
v 2.3195667266845703 -1.9092711210250854 0.921109139919281
v 2.3195667266845703 -2.094240427017212 0.921109139919281
v 2.9227137565612793 -1.9092711210250854 1.116724967956543
v 3.146287679672241 -2.094240427017212 0.4448262155056
v 3.146287679672241 -1.9092711210250854 0.4448262155056
v 3.146287679672241 -2.094240427017212 0.4448262155056
v 2.9227137565612793 -1.9092711210250854 1.116724967956543
v 2.9227137565612793 -2.094240427017212 1.116724967956543
v 3.2175838947296143 -2.094240427017212 -0.001590134110301733
v 3.146287679672241 -1.9092711210250854 0.4448262155056
v 3.146287679672241 -2.094240427017212 0.4448262155056
v 3.146287679672241 -1.9092711210250854 0.4448262155056
v 3.2175838947296143 -2.094240427017212 -0.001590134110301733
v 3.2175838947296143 -1.9092711210250854 -0.001590134110301733
v 3.146287679672241 -2.094240427017212 -0.4480065107345581
v 3.2175838947296143 -1.9092711210250854 -0.001590134110301733
v 3.2175838947296143 -2.094240427017212 -0.001590134110301733
v 3.2175838947296143 -1.9092711210250854 -0.001590134110301733
v 3.146287679672241 -2.094240427017212 -0.4480065107345581
v 3.146287679672241 -1.9092711210250854 -0.4480065107345581
v 2.9227118492126465 -2.094240427017212 -1.1199045181274414
v 3.146287679672241 -1.9092711210250854 -0.4480065107345581
v 3.146287679672241 -2.094240427017212 -0.4480065107345581
v 3.146287679672241 -1.9092711210250854 -0.4480065107345581
v 2.9227118492126465 -2.094240427017212 -1.1199045181274414
v 2.9227118492126465 -1.9092711210250854 -1.1199045181274414
v 0.000004345536581240594 -1.3834505081176758 3.6673145294189453
v 0.1459166556596756 -1.591731309890747 3.6290853023529053
v 0.0000042927417780447286 -1.591731309890747 3.6290853023529053
v 0.000004345536581240594 -1.3834505081176758 3.6673145294189453
v 0.0000042927417780447286 -1.591731309890747 3.6290853023529053
v -0.14590811729431152 -1.591731309890747 3.6290853023529053
v 0.1459166556596756 -1.591731309890747 3.6290853023529053
v 0.000004195581368549028 -1.7263257503509521 3.5338022708892822
v 0.0000042927417780447286 -1.591731309890747 3.6290853023529053
v 0.000004195581368549028 -1.7263257503509521 3.5338022708892822
v -0.14590811729431152 -1.591731309890747 3.6290853023529053
v 0.0000042927417780447286 -1.591731309890747 3.6290853023529053
v 0.000004195581368549028 -1.7263257503509521 3.5338022708892822
v 0.1459166556596756 -1.591731309890747 3.6290853023529053
v 0.2260175496339798 -1.7263257503509521 3.533802032470703
v 0.2260175496339798 -1.7263257503509521 3.533802032470703
v 0.000003993262453150237 -1.7811486721038818 3.3605453968048096
v 0.000004195581368549028 -1.7263257503509521 3.5338022708892822
v 0.000003993262453150237 -1.7811486721038818 3.3605453968048096
v 0.2260175496339798 -1.7263257503509521 3.533802032470703
v 0.3338470160961151 -1.7811486721038818 3.3605449199676514
v 0.000003993262453150237 -1.7811486721038818 3.3605453968048096
v -0.22600911557674408 -1.7263258695602417 3.5338022708892822
v 0.000004195581368549028 -1.7263257503509521 3.5338022708892822
v -0.14590811729431152 -1.591731309890747 3.6290853023529053
v 0.000004195581368549028 -1.7263257503509521 3.5338022708892822
v -0.22600911557674408 -1.7263258695602417 3.5338022708892822
v -0.22600911557674408 -1.7263258695602417 3.5338022708892822
v 0.000003993262453150237 -1.7811486721038818 3.3605453968048096
v -0.3338389992713928 -1.7811486721038818 3.3605456352233887
v 0.3338470160961151 -1.7811486721038818 3.3605449199676514
v 0.0000036902126794302603 -1.793399691581726 3.1067183017730713
v 0.000003993262453150237 -1.7811486721038818 3.3605453968048096
v 0.0000036902126794302603 -1.793399691581726 3.1067183017730713
v -0.3338389992713928 -1.7811486721038818 3.3605456352233887
v 0.000003993262453150237 -1.7811486721038818 3.3605453968048096
v 0.0000036902126794302603 -1.793399691581726 3.1067183017730713
v 0.3338470160961151 -1.7811486721038818 3.3605449199676514
v 0.3985024392604828 -1.793399691581726 3.106718063354492
v 0.3985024392604828 -1.793399691581726 3.106718063354492
v 0.000003365713382663671 -1.6011265516281128 2.8384008407592773
v 0.0000036902126794302603 -1.793399691581726 3.1067183017730713
v 0.000003365713382663671 -1.6011265516281128 2.8384008407592773
v 0.3985024392604828 -1.793399691581726 3.106718063354492
v 0.5772987008094788 -1.5678695440292358 2.7190768718719482
v 0.000003365713382663671 -1.6011265516281128 2.8384008407592773
v -0.3984951376914978 -1.793399691581726 3.1067187786102295
v 0.0000036902126794302603 -1.793399691581726 3.1067183017730713
v -0.3338389992713928 -1.7811486721038818 3.3605456352233887
v 0.0000036902126794302603 -1.793399691581726 3.1067183017730713
v -0.3984951376914978 -1.793399691581726 3.1067187786102295
v -0.3984951376914978 -1.793399691581726 3.1067187786102295
v 0.000003365713382663671 -1.6011265516281128 2.8384008407592773
v -0.5772923231124878 -1.5678695440292358 2.7190775871276855
v 0.08629164844751358 -1.6337003707885742 3.8385329246520996
v 0.000004345536581240594 -1.3834505081176758 3.6673145294189453
v 0.000004526773409452289 -1.6337003707885742 3.8385331630706787
v 0.000004575927505356958 -1.8085825443267822 3.8697001934051514
v 0.08629164844751358 -1.6337003707885742 3.8385329246520996
v 0.000004526773409452289 -1.6337003707885742 3.8385331630706787
v 0.08629164844751358 -1.6337003707885742 3.8385329246520996
v 0.000004575927505356958 -1.8085825443267822 3.8697001934051514
v 0.134454607963562 -1.8085825443267822 3.8697001934051514
v -0.08628257364034653 -1.6337004899978638 3.8385331630706787
v 0.000004575927505356958 -1.8085825443267822 3.8697001934051514
v 0.000004526773409452289 -1.6337003707885742 3.8385331630706787
v 0.000004345536581240594 -1.3834505081176758 3.6673145294189453
v -0.08628257364034653 -1.6337004899978638 3.8385331630706787
v 0.000004526773409452289 -1.6337003707885742 3.8385331630706787
v -0.08628257364034653 -1.6337004899978638 3.8385331630706787
v 0.000004345536581240594 -1.3834505081176758 3.6673145294189453
v -0.1618095189332962 -1.6337003707885742 3.838533401489258
v 0.000004575927505356958 -1.8085825443267822 3.8697001934051514
v -0.08628257364034653 -1.6337004899978638 3.8385331630706787
v -0.13444536924362183 -1.8085825443267822 3.8697001934051514
v -0.1618095189332962 -1.6337003707885742 3.838533401489258
v -0.1608085185289383 -1.7935688495635986 3.786926746368408
v -0.08628257364034653 -1.6337004899978638 3.8385331630706787
v -0.1608085185289383 -1.7935688495635986 3.786926746368408
v -0.1618095189332962 -1.6337003707885742 3.838533401489258
v -0.2557632327079773 -1.7935688495635986 3.786926746368408
v -0.2557632327079773 -1.7935688495635986 3.786926746368408
v -0.2203075885772705 -1.9749250411987305 3.711791515350342
v -0.1608085185289383 -1.7935688495635986 3.786926746368408
v -0.2203075885772705 -1.9749250411987305 3.711791515350342
v -0.2557632327079773 -1.7935688495635986 3.786926746368408
v -0.3277992308139801 -1.9749250411987305 3.7117919921875
v 0.000004566400093608536 -2.0764639377593994 3.8477728366851807
v 0.134454607963562 -1.8085825443267822 3.8697001934051514
v 0.000004575927505356958 -1.8085825443267822 3.8697001934051514
v -0.13444536924362183 -1.8085825443267822 3.8697001934051514
v 0.000004566400093608536 -2.0764639377593994 3.8477728366851807
v 0.000004575927505356958 -1.8085825443267822 3.8697001934051514
v 0.134454607963562 -1.8085825443267822 3.8697001934051514
v 0.000004566400093608536 -2.0764639377593994 3.8477728366851807
v 0.1675906628370285 -2.0764636993408203 3.8477728366851807
v 0.000004210490715195192 -2.2643911838531494 3.542651891708374
v 0.1675906628370285 -2.0764636993408203 3.8477728366851807
v 0.000004566400093608536 -2.0764639377593994 3.8477728366851807
v 0.1675906628370285 -2.0764636993408203 3.8477728366851807
v 0.000004210490715195192 -2.2643911838531494 3.542651891708374
v 0.2553698420524597 -2.2643909454345703 3.542651891708374
v -0.16758142411708832 -2.0764639377593994 3.8477730751037598
v 0.000004210490715195192 -2.2643911838531494 3.542651891708374
v 0.000004566400093608536 -2.0764639377593994 3.8477728366851807
v 0.000004566400093608536 -2.0764639377593994 3.8477728366851807
v -0.13444536924362183 -1.8085825443267822 3.8697001934051514
v -0.16758142411708832 -2.0764639377593994 3.8477730751037598
v 0.000004210490715195192 -2.2643911838531494 3.542651891708374
v -0.16758142411708832 -2.0764639377593994 3.8477730751037598
v -0.255361407995224 -2.2643911838531494 3.542652130126953
v 0.00000394974722439656 -2.340092420578003 3.3217554092407227
v 0.2553698420524597 -2.2643909454345703 3.542651891708374
v 0.000004210490715195192 -2.2643911838531494 3.542651891708374
v -0.255361407995224 -2.2643911838531494 3.542652130126953
v 0.00000394974722439656 -2.340092420578003 3.3217554092407227
v 0.000004210490715195192 -2.2643911838531494 3.542651891708374
v 0.2553698420524597 -2.2643909454345703 3.542651891708374
v 0.00000394974722439656 -2.340092420578003 3.3217554092407227
v 0.343149334192276 -2.340092182159424 3.3217551708221436
v 0.0000032924258448474575 -2.390808343887329 2.764852285385132
v 0.343149334192276 -2.340092182159424 3.3217551708221436
v 0.00000394974722439656 -2.340092420578003 3.3217554092407227
v 0.343149334192276 -2.340092182159424 3.3217551708221436
v 0.0000032924258448474575 -2.390808343887329 2.764852285385132
v 0.5489603281021118 -2.390808343887329 2.764852285385132
v 0.5489603281021118 -2.390808343887329 2.764852285385132
v 0.0000032924258448474575 -2.390808343887329 2.764852285385132
v 0.000002565448312452645 -2.390808582305908 2.1529924869537354
v 0.00000394974722439656 -2.340092420578003 3.3217554092407227
v -0.5489540100097656 -2.390808343887329 2.764852523803711
v 0.0000032924258448474575 -2.390808343887329 2.764852285385132
v 0.0000032924258448474575 -2.390808343887329 2.764852285385132
v -0.5489540100097656 -2.390808343887329 2.764852523803711
v 0.000002565448312452645 -2.390808582305908 2.1529924869537354
v -0.5489540100097656 -2.390808343887329 2.764852523803711
v 0.00000394974722439656 -2.340092420578003 3.3217554092407227
v -0.34314125776290894 -2.340092420578003 3.3217556476593018
v 0.00000394974722439656 -2.340092420578003 3.3217554092407227
v -0.255361407995224 -2.2643911838531494 3.542652130126953
v -0.34314125776290894 -2.340092420578003 3.3217556476593018
v 0.000004345536581240594 -1.3834505081176758 3.6673145294189453
v 0.1618184596300125 -1.6337003707885742 3.8385331630706787
v 0.1459166556596756 -1.591731309890747 3.6290853023529053
v 0.1618184596300125 -1.6337003707885742 3.8385331630706787
v 0.2260175496339798 -1.7263257503509521 3.533802032470703
v 0.1459166556596756 -1.591731309890747 3.6290853023529053
v 0.2260175496339798 -1.7263257503509521 3.533802032470703
v 0.1618184596300125 -1.6337003707885742 3.8385331630706787
v 0.25577202439308167 -1.793568730354309 3.78692626953125
v 0.2260175496339798 -1.7263257503509521 3.533802032470703
v 0.25577202439308167 -1.793568730354309 3.78692626953125
v 0.32780811190605164 -1.9749248027801514 3.711791515350342
v 0.32780811190605164 -1.9749248027801514 3.711791515350342
v 0.3338470160961151 -1.7811486721038818 3.3605449199676514
v 0.2260175496339798 -1.7263257503509521 3.533802032470703
v 0.3338470160961151 -1.7811486721038818 3.3605449199676514
v 0.32780811190605164 -1.9749248027801514 3.711791515350342
v 0.4139529764652252 -2.1182007789611816 3.5004725456237793
v 0.4139529764652252 -2.1182007789611816 3.5004725456237793
v 0.3985024392604828 -1.793399691581726 3.106718063354492
v 0.3338470160961151 -1.7811486721038818 3.3605449199676514
v 0.3985024392604828 -1.793399691581726 3.106718063354492
v 0.4139529764652252 -2.1182007789611816 3.5004725456237793
v 0.5000979900360107 -2.1674375534057617 3.28564715385437
v 0.7560961246490479 -2.20688796043396 2.7126846313476562
v 0.3985024392604828 -1.793399691581726 3.106718063354492
v 0.5000979900360107 -2.1674375534057617 3.28564715385437
v 0.3985024392604828 -1.793399691581726 3.106718063354492
v 0.7560961246490479 -2.20688796043396 2.7126846313476562
v 0.7560958862304688 -1.9873359203338623 2.6841773986816406
v 0.3985024392604828 -1.793399691581726 3.106718063354492
v 0.7560958862304688 -1.9873359203338623 2.6841773986816406
v 0.7560957074165344 -1.7690222263336182 2.655670166015625
v 0.7560957074165344 -1.7690222263336182 2.655670166015625
v 0.5772987008094788 -1.5678695440292358 2.7190768718719482
v 0.3985024392604828 -1.793399691581726 3.106718063354492
v 0.5772987008094788 -1.5678695440292358 2.7190768718719482
v 0.7560957074165344 -1.7690222263336182 2.655670166015625
v 0.7560957074165344 -1.5675901174545288 2.5496127605438232
v -0.3984951376914978 -1.793399691581726 3.1067187786102295
v -0.4139445722103119 -2.1182007789611816 3.5004732608795166
v -0.3338389992713928 -1.7811486721038818 3.3605456352233887
v -0.4139445722103119 -2.1182007789611816 3.5004732608795166
v -0.3984951376914978 -1.793399691581726 3.1067187786102295
v -0.5000900030136108 -2.1674375534057617 3.2856478691101074
v -0.4139445722103119 -2.1182007789611816 3.5004732608795166
v -0.22600911557674408 -1.7263258695602417 3.5338022708892822
v -0.3338389992713928 -1.7811486721038818 3.3605456352233887
v -0.22600911557674408 -1.7263258695602417 3.5338022708892822
v -0.4139445722103119 -2.1182007789611816 3.5004732608795166
v -0.3277992308139801 -1.9749250411987305 3.7117919921875
v -0.22600911557674408 -1.7263258695602417 3.5338022708892822
v -0.3277992308139801 -1.9749250411987305 3.7117919921875
v -0.2557632327079773 -1.7935688495635986 3.786926746368408
v -0.1618095189332962 -1.6337003707885742 3.838533401489258
v -0.22600911557674408 -1.7263258695602417 3.5338022708892822
v -0.2557632327079773 -1.7935688495635986 3.786926746368408
v -0.22600911557674408 -1.7263258695602417 3.5338022708892822
v -0.1618095189332962 -1.6337003707885742 3.838533401489258
v -0.14590811729431152 -1.591731309890747 3.6290853023529053
v -0.14590811729431152 -1.591731309890747 3.6290853023529053
v -0.1618095189332962 -1.6337003707885742 3.838533401489258
v 0.000004345536581240594 -1.3834505081176758 3.6673145294189453
v -0.7560895085334778 -1.9873359203338623 2.6841800212860107
v -0.5000900030136108 -2.1674375534057617 3.2856478691101074
v -0.3984951376914978 -1.793399691581726 3.1067187786102295
v -0.3984951376914978 -1.793399691581726 3.1067187786102295
v -0.7560893893241882 -1.7690222263336182 2.655673027038574
v -0.7560895085334778 -1.9873359203338623 2.6841800212860107
v -0.5772923231124878 -1.5678695440292358 2.7190775871276855
v -0.7560893893241882 -1.7690222263336182 2.655673027038574
v -0.3984951376914978 -1.793399691581726 3.1067187786102295
v -0.7560893893241882 -1.7690222263336182 2.655673027038574
v -0.5772923231124878 -1.5678695440292358 2.7190775871276855
v -0.7560892701148987 -1.5675901174545288 2.5496156215667725
v -0.5000900030136108 -2.1674375534057617 3.2856478691101074
v -0.7560895085334778 -1.9873359203338623 2.6841800212860107
v -0.7560897469520569 -2.20688796043396 2.7126872539520264
v 0.5489604473114014 -2.20688796043396 2.7532801628112793
v 0.5000979900360107 -2.1674375534057617 3.28564715385437
v 0.3525034785270691 -2.1674375534057617 3.2856476306915283
v 0.5000979900360107 -2.1674375534057617 3.28564715385437
v 0.5489604473114014 -2.20688796043396 2.7532801628112793
v 0.7560961246490479 -2.20688796043396 2.7126846313476562
v 0.0000026128884655918228 -2.20688796043396 2.1989223957061768
v 0.7560961246490479 -2.20688796043396 2.7126846313476562
v 0.5489604473114014 -2.20688796043396 2.7532801628112793
v 0.7560961246490479 -2.20688796043396 2.7126846313476562
v 0.0000026128884655918228 -2.20688796043396 2.1989223957061768
v 0.000002300871528859716 -2.20688796043396 1.9360805749893188
v -0.5489540100097656 -2.20688796043396 2.7532808780670166
v 0.000002300871528859716 -2.20688796043396 1.9360805749893188
v 0.0000026128884655918228 -2.20688796043396 2.1989223957061768
v 0.000002300871528859716 -2.20688796043396 1.9360805749893188
v -0.5489540100097656 -2.20688796043396 2.7532808780670166
v -0.7560897469520569 -2.20688796043396 2.7126872539520264
v -0.5489540100097656 -2.20688796043396 2.7532808780670166
v -0.5000900030136108 -2.1674375534057617 3.2856478691101074
v -0.7560897469520569 -2.20688796043396 2.7126872539520264
v -0.5000900030136108 -2.1674375534057617 3.2856478691101074
v -0.5489540100097656 -2.20688796043396 2.7532808780670166
v -0.35249578952789307 -2.1674375534057617 3.2856478691101074
v 0.4139529764652252 -2.1182007789611816 3.5004725456237793
v 0.3525034785270691 -2.1674375534057617 3.2856476306915283
v 0.5000979900360107 -2.1674375534057617 3.28564715385437
v 0.3525034785270691 -2.1674375534057617 3.2856476306915283
v 0.4139529764652252 -2.1182007789611816 3.5004725456237793
v 0.2864099442958832 -2.1182005405426025 3.5004725456237793
v -0.35249578952789307 -2.1674375534057617 3.2856478691101074
v -0.4139445722103119 -2.1182007789611816 3.5004732608795166
v -0.5000900030136108 -2.1674375534057617 3.2856478691101074
v -0.4139445722103119 -2.1182007789611816 3.5004732608795166
v -0.35249578952789307 -2.1674375534057617 3.2856478691101074
v -0.2864015996456146 -2.1182007789611816 3.5004732608795166
v 0.32780811190605164 -1.9749248027801514 3.711791515350342
v 0.2864099442958832 -2.1182005405426025 3.5004725456237793
v 0.4139529764652252 -2.1182007789611816 3.5004725456237793
v 0.2864099442958832 -2.1182005405426025 3.5004725456237793
v 0.32780811190605164 -1.9749248027801514 3.711791515350342
v 0.2203163504600525 -1.9749248027801514 3.711791515350342
v -0.2864015996456146 -2.1182007789611816 3.5004732608795166
v -0.3277992308139801 -1.9749250411987305 3.7117919921875
v -0.4139445722103119 -2.1182007789611816 3.5004732608795166
v -0.3277992308139801 -1.9749250411987305 3.7117919921875
v -0.2864015996456146 -2.1182007789611816 3.5004732608795166
v -0.2203075885772705 -1.9749250411987305 3.711791515350342
v 0.0000025124729745584773 -1.7628910541534424 2.126286268234253
v 0.7560958862304688 -1.9873359203338623 2.6841773986816406
v 0.0000024834696432662895 -1.9842700958251953 2.0958428382873535
v 0.7560958862304688 -1.9873359203338623 2.6841773986816406
v 0.0000025124729745584773 -1.7628910541534424 2.126286268234253
v 0.7560957074165344 -1.7690222263336182 2.655670166015625
v -0.7560895085334778 -1.9873359203338623 2.6841800212860107
v 0.0000025124729745584773 -1.7628910541534424 2.126286268234253
v 0.0000024834696432662895 -1.9842700958251953 2.0958428382873535
v 0.0000025124729745584773 -1.7628910541534424 2.126286268234253
v -0.7560895085334778 -1.9873359203338623 2.6841800212860107
v -0.7560893893241882 -1.7690222263336182 2.655673027038574
v 0.0000025124729745584773 -1.7628910541534424 2.126286268234253
v 0.7560957074165344 -1.5675901174545288 2.5496127605438232
v 0.7560957074165344 -1.7690222263336182 2.655670166015625
v 0.7560957074165344 -1.5675901174545288 2.5496127605438232
v 0.0000025124729745584773 -1.7628910541534424 2.126286268234253
v 0.00000245028195422492 -1.5761057138442993 2.080061435699463
v -0.7560892701148987 -1.5675901174545288 2.5496156215667725
v 0.0000025124729745584773 -1.7628910541534424 2.126286268234253
v -0.7560893893241882 -1.7690222263336182 2.655673027038574
v 0.0000025124729745584773 -1.7628910541534424 2.126286268234253
v -0.7560892701148987 -1.5675901174545288 2.5496156215667725
v 0.00000245028195422492 -1.5761057138442993 2.080061435699463
v 0.7560961246490479 -2.20688796043396 2.7126846313476562
v 0.0000024834696432662895 -1.9842700958251953 2.0958428382873535
v 0.7560958862304688 -1.9873359203338623 2.6841773986816406
v 0.0000024834696432662895 -1.9842700958251953 2.0958428382873535
v 0.7560961246490479 -2.20688796043396 2.7126846313476562
v 0.000002300871528859716 -2.20688796043396 1.9360805749893188
v -0.7560897469520569 -2.20688796043396 2.7126872539520264
v 0.0000024834696432662895 -1.9842700958251953 2.0958428382873535
v 0.000002300871528859716 -2.20688796043396 1.9360805749893188
v 0.0000024834696432662895 -1.9842700958251953 2.0958428382873535
v -0.7560897469520569 -2.20688796043396 2.7126872539520264
v -0.7560895085334778 -1.9873359203338623 2.6841800212860107
v 0.1618184596300125 -1.6337003707885742 3.8385331630706787
v 0.1608174443244934 -1.793568730354309 3.78692626953125
v 0.25577202439308167 -1.793568730354309 3.78692626953125
v 0.1608174443244934 -1.793568730354309 3.78692626953125
v 0.1618184596300125 -1.6337003707885742 3.8385331630706787
v 0.08629164844751358 -1.6337003707885742 3.8385329246520996
v 0.2203163504600525 -1.9749248027801514 3.711791515350342
v 0.25577202439308167 -1.793568730354309 3.78692626953125
v 0.1608174443244934 -1.793568730354309 3.78692626953125
v 0.25577202439308167 -1.793568730354309 3.78692626953125
v 0.2203163504600525 -1.9749248027801514 3.711791515350342
v 0.32780811190605164 -1.9749248027801514 3.711791515350342
v 0.000004345536581240594 -1.3834505081176758 3.6673145294189453
v 0.08629164844751358 -1.6337003707885742 3.8385329246520996
v 0.1618184596300125 -1.6337003707885742 3.8385331630706787
v 0.2203163504600525 -1.9749248027801514 3.711791515350342
v 0.2553698420524597 -2.2643909454345703 3.542651891708374
v 0.2864099442958832 -2.1182005405426025 3.5004725456237793
v 0.2553698420524597 -2.2643909454345703 3.542651891708374
v 0.2203163504600525 -1.9749248027801514 3.711791515350342
v 0.1675906628370285 -2.0764636993408203 3.8477728366851807
v 0.1608174443244934 -1.793568730354309 3.78692626953125
v 0.1675906628370285 -2.0764636993408203 3.8477728366851807
v 0.2203163504600525 -1.9749248027801514 3.711791515350342
v 0.1675906628370285 -2.0764636993408203 3.8477728366851807
v 0.1608174443244934 -1.793568730354309 3.78692626953125
v 0.134454607963562 -1.8085825443267822 3.8697001934051514
v 0.08629164844751358 -1.6337003707885742 3.8385329246520996
v 0.134454607963562 -1.8085825443267822 3.8697001934051514
v 0.1608174443244934 -1.793568730354309 3.78692626953125
v 0.2553698420524597 -2.2643909454345703 3.542651891708374
v 0.3525034785270691 -2.1674375534057617 3.2856476306915283
v 0.2864099442958832 -2.1182005405426025 3.5004725456237793
v 0.3525034785270691 -2.1674375534057617 3.2856476306915283
v 0.2553698420524597 -2.2643909454345703 3.542651891708374
v 0.343149334192276 -2.340092182159424 3.3217551708221436
v 0.3525034785270691 -2.1674375534057617 3.2856476306915283
v 0.343149334192276 -2.340092182159424 3.3217551708221436
v 0.5489604473114014 -2.20688796043396 2.7532801628112793
v 0.5489604473114014 -2.20688796043396 2.7532801628112793
v 0.343149334192276 -2.340092182159424 3.3217551708221436
v 0.5489603281021118 -2.390808343887329 2.764852285385132
v 0.5489604473114014 -2.20688796043396 2.7532801628112793
v 0.000002565448312452645 -2.390808582305908 2.1529924869537354
v 0.0000026128884655918228 -2.20688796043396 2.1989223957061768
v 0.000002565448312452645 -2.390808582305908 2.1529924869537354
v 0.5489604473114014 -2.20688796043396 2.7532801628112793
v 0.5489603281021118 -2.390808343887329 2.764852285385132
v 0.0000026128884655918228 -2.20688796043396 2.1989223957061768
v -0.5489540100097656 -2.390808343887329 2.764852523803711
v -0.5489540100097656 -2.20688796043396 2.7532808780670166
v -0.5489540100097656 -2.390808343887329 2.764852523803711
v 0.0000026128884655918228 -2.20688796043396 2.1989223957061768
v 0.000002565448312452645 -2.390808582305908 2.1529924869537354
v -0.5489540100097656 -2.20688796043396 2.7532808780670166
v -0.5489540100097656 -2.390808343887329 2.764852523803711
v -0.35249578952789307 -2.1674375534057617 3.2856478691101074
v -0.35249578952789307 -2.1674375534057617 3.2856478691101074
v -0.5489540100097656 -2.390808343887329 2.764852523803711
v -0.34314125776290894 -2.340092420578003 3.3217556476593018
v -0.255361407995224 -2.2643911838531494 3.542652130126953
v -0.35249578952789307 -2.1674375534057617 3.2856478691101074
v -0.34314125776290894 -2.340092420578003 3.3217556476593018
v -0.35249578952789307 -2.1674375534057617 3.2856478691101074
v -0.255361407995224 -2.2643911838531494 3.542652130126953
v -0.2864015996456146 -2.1182007789611816 3.5004732608795166
v -0.255361407995224 -2.2643911838531494 3.542652130126953
v -0.2203075885772705 -1.9749250411987305 3.711791515350342
v -0.2864015996456146 -2.1182007789611816 3.5004732608795166
v -0.2203075885772705 -1.9749250411987305 3.711791515350342
v -0.255361407995224 -2.2643911838531494 3.542652130126953
v -0.16758142411708832 -2.0764639377593994 3.8477730751037598
v -0.13444536924362183 -1.8085825443267822 3.8697001934051514
v -0.2203075885772705 -1.9749250411987305 3.711791515350342
v -0.16758142411708832 -2.0764639377593994 3.8477730751037598
v -0.2203075885772705 -1.9749250411987305 3.711791515350342
v -0.13444536924362183 -1.8085825443267822 3.8697001934051514
v -0.1608085185289383 -1.7935688495635986 3.786926746368408
v -0.1608085185289383 -1.7935688495635986 3.786926746368408
v -0.13444536924362183 -1.8085825443267822 3.8697001934051514
v -0.08628257364034653 -1.6337004899978638 3.8385331630706787
v 0.000002318903625564417 -1.0229922533035278 3.1978704929351807
v -0.14520150423049927 -0.8757949471473694 3.1243832111358643
v -0.2053467333316803 -1.026297926902771 3.1301441192626953
v 0.000002318903625564417 -1.0229922533035278 3.1978704929351807
v 0.000002254295168313547 -0.8115572333335876 3.1261284351348877
v -0.14520150423049927 -0.8757949471473694 3.1243832111358643
v 0.000002318903625564417 -1.0229922533035278 3.1978704929351807
v 0.14520606398582458 -0.8757947087287903 3.1243832111358643
v 0.000002254295168313547 -0.8115572333335876 3.1261284351348877
v 0.000002318903625564417 -1.0229922533035278 3.1978704929351807
v 0.2053515613079071 -1.026297926902771 3.1301443576812744
v 0.14520606398582458 -0.8757947087287903 3.1243832111358643
v 0.000002318903625564417 -1.0229922533035278 3.1978704929351807
v -0.2053467333316803 -1.026297926902771 3.1301441192626953
v -0.14520134031772614 -1.1829625368118286 3.1549952030181885
v 0.000002318903625564417 -1.0229922533035278 3.1978704929351807
v -0.14520134031772614 -1.1829625368118286 3.1549952030181885
v 0.0000023291509023692925 -1.2459579706192017 3.1694204807281494
v -0.20649507641792297 -0.8168156147003174 3.059530258178711
v -0.2053467333316803 -1.026297926902771 3.1301441192626953
v -0.14520150423049927 -0.8757949471473694 3.1243832111358643
v -0.2053467333316803 -1.026297926902771 3.1301441192626953
v -0.20649507641792297 -0.8168156147003174 3.059530258178711
v -0.29202890396118164 -1.0308490991592407 3.067722797393799
v -0.2596342861652374 -0.7474291920661926 2.9596807956695557
v -0.29202890396118164 -1.0308490991592407 3.067722797393799
v -0.20649507641792297 -0.8168156147003174 3.059530258178711
v -0.29202890396118164 -1.0308490991592407 3.067722797393799
v -0.2596342861652374 -0.7474291920661926 2.9596807956695557
v -0.36717966198921204 -1.035543441772461 2.9742650985717773
v -0.20649507641792297 -0.8168156147003174 3.059530258178711
v 0.0000022132057893031742 -0.6326698064804077 2.9849512577056885
v -0.2596342861652374 -0.7474291920661926 2.9596807956695557
v 0.0000022132057893031742 -0.6326698064804077 2.9849512577056885
v -0.20649507641792297 -0.8168156147003174 3.059530258178711
v 0.0000022387098397302907 -0.7254617810249329 3.062011957168579
v 0.0000022387098397302907 -0.7254617810249329 3.062011957168579
v -0.14520150423049927 -0.8757949471473694 3.1243832111358643
v 0.000002254295168313547 -0.8115572333335876 3.1261284351348877
v -0.14520150423049927 -0.8757949471473694 3.1243832111358643
v 0.0000022387098397302907 -0.7254617810249329 3.062011957168579
v -0.20649507641792297 -0.8168156147003174 3.059530258178711
v -0.259634405374527 -1.2966712713241577 3.0144176483154297
v -0.29202890396118164 -1.0308490991592407 3.067722797393799
v -0.36717966198921204 -1.035543441772461 2.9742650985717773
v -0.29202890396118164 -1.0308490991592407 3.067722797393799
v -0.259634405374527 -1.2966712713241577 3.0144176483154297
v -0.2064947783946991 -1.2536453008651733 3.1030642986297607
v -0.2064947783946991 -1.2536453008651733 3.1030642986297607
v 0.0000023291509023692925 -1.2459579706192017 3.1694204807281494
v -0.14520134031772614 -1.1829625368118286 3.1549952030181885
v -0.2064947783946991 -1.2536453008651733 3.1030642986297607
v -0.2053467333316803 -1.026297926902771 3.1301441192626953
v -0.29202890396118164 -1.0308490991592407 3.067722797393799
v -0.2053467333316803 -1.026297926902771 3.1301441192626953
v -0.2064947783946991 -1.2536453008651733 3.1030642986297607
v -0.14520134031772614 -1.1829625368118286 3.1549952030181885
v -0.259634405374527 -1.2966712713241577 3.0144176483154297
v 0.000002345163238715031 -1.3432320356369019 3.1235785484313965
v -0.2064947783946991 -1.2536453008651733 3.1030642986297607
v 0.0000023291509023692925 -1.2459579706192017 3.1694204807281494
v -0.2064947783946991 -1.2536453008651733 3.1030642986297607
v 0.000002345163238715031 -1.3432320356369019 3.1235785484313965
v 0.000002345163238715031 -1.3432320356369019 3.1235785484313965
v -0.259634405374527 -1.2966712713241577 3.0144176483154297
v 0.0000023470536234526662 -1.4094152450561523 3.062361001968384
v 0.20649968087673187 -0.8168153762817383 3.059530258178711
v 0.000002254295168313547 -0.8115572333335876 3.1261284351348877
v 0.14520606398582458 -0.8757947087287903 3.1243832111358643
v 0.000002254295168313547 -0.8115572333335876 3.1261284351348877
v 0.20649968087673187 -0.8168153762817383 3.059530258178711
v 0.0000022387098397302907 -0.7254617810249329 3.062011957168579
v 0.25963902473449707 -0.747429370880127 2.9596807956695557
v 0.0000022387098397302907 -0.7254617810249329 3.062011957168579
v 0.20649968087673187 -0.8168153762817383 3.059530258178711
v 0.000002318903625564417 -1.0229922533035278 3.1978704929351807
v 0.1452060341835022 -1.182962417602539 3.1549952030181885
v 0.2053515613079071 -1.026297926902771 3.1301443576812744
v 0.000002318903625564417 -1.0229922533035278 3.1978704929351807
v 0.0000023291509023692925 -1.2459579706192017 3.1694204807281494
v 0.1452060341835022 -1.182962417602539 3.1549952030181885
v 0.20649965107440948 -1.2536449432373047 3.1030640602111816
v 0.2053515613079071 -1.026297926902771 3.1301443576812744
v 0.1452060341835022 -1.182962417602539 3.1549952030181885
v 0.2053515613079071 -1.026297926902771 3.1301443576812744
v 0.20649965107440948 -1.2536449432373047 3.1030640602111816
v 0.29203376173973083 -1.0308489799499512 3.067722797393799
v 0.2596389353275299 -1.2966711521148682 3.0144176483154297
v 0.29203376173973083 -1.0308489799499512 3.067722797393799
v 0.20649965107440948 -1.2536449432373047 3.1030640602111816
v 0.29203376173973083 -1.0308489799499512 3.067722797393799
v 0.2596389353275299 -1.2966711521148682 3.0144176483154297
v 0.3671838939189911 -1.035543441772461 2.9742650985717773
v 0.3671838939189911 -1.035543441772461 2.9742650985717773
v 0.20649968087673187 -0.8168153762817383 3.059530258178711
v 0.29203376173973083 -1.0308489799499512 3.067722797393799
v 0.20649968087673187 -0.8168153762817383 3.059530258178711
v 0.3671838939189911 -1.035543441772461 2.9742650985717773
v 0.25963902473449707 -0.747429370880127 2.9596807956695557
v 0.20649965107440948 -1.2536449432373047 3.1030640602111816
v 0.0000023470536234526662 -1.4094152450561523 3.062361001968384
v 0.2596389353275299 -1.2966711521148682 3.0144176483154297
v 0.0000023470536234526662 -1.4094152450561523 3.062361001968384
v 0.20649965107440948 -1.2536449432373047 3.1030640602111816
v 0.000002345163238715031 -1.3432320356369019 3.1235785484313965
v 0.000002345163238715031 -1.3432320356369019 3.1235785484313965
v 0.1452060341835022 -1.182962417602539 3.1549952030181885
v 0.0000023291509023692925 -1.2459579706192017 3.1694204807281494
v 0.1452060341835022 -1.182962417602539 3.1549952030181885
v 0.000002345163238715031 -1.3432320356369019 3.1235785484313965
v 0.20649965107440948 -1.2536449432373047 3.1030640602111816
v 0.29203376173973083 -1.0308489799499512 3.067722797393799
v 0.14520606398582458 -0.8757947087287903 3.1243832111358643
v 0.2053515613079071 -1.026297926902771 3.1301443576812744
v 0.14520606398582458 -0.8757947087287903 3.1243832111358643
v 0.29203376173973083 -1.0308489799499512 3.067722797393799
v 0.20649968087673187 -0.8168153762817383 3.059530258178711
v 0.0000022387098397302907 -0.7254617810249329 3.062011957168579
v 0.25963902473449707 -0.747429370880127 2.9596807956695557
v 0.0000022132057893031742 -0.6326698064804077 2.9849512577056885
v -0.36717966198921204 -1.035543441772461 2.9742650985717773
v -0.3185673654079437 -0.6906555891036987 2.921685218811035
v -0.45803987979888916 -1.0400952100753784 2.928750991821289
v -0.3185673654079437 -0.6906555891036987 2.921685218811035
v -0.36717966198921204 -1.035543441772461 2.9742650985717773
v -0.2596342861652374 -0.7474291920661926 2.9596807956695557
v -0.2596342861652374 -0.7474291920661926 2.9596807956695557
v 0.0000021891082724323496 -0.548942506313324 2.9465322494506836
v -0.3185673654079437 -0.6906555891036987 2.921685218811035
v 0.0000021891082724323496 -0.548942506313324 2.9465322494506836
v -0.2596342861652374 -0.7474291920661926 2.9596807956695557
v 0.0000022132057893031742 -0.6326698064804077 2.9849512577056885
v -0.3185669183731079 -1.3645646572113037 2.9888460636138916
v -0.36717966198921204 -1.035543441772461 2.9742650985717773
v -0.45803987979888916 -1.0400952100753784 2.928750991821289
v -0.36717966198921204 -1.035543441772461 2.9742650985717773
v -0.3185669183731079 -1.3645646572113037 2.9888460636138916
v -0.259634405374527 -1.2966712713241577 3.0144176483154297
v 0.0000023533368675998645 -1.5019937753677368 3.0415122509002686
v -0.259634405374527 -1.2966712713241577 3.0144176483154297
v -0.3185669183731079 -1.3645646572113037 2.9888460636138916
v -0.259634405374527 -1.2966712713241577 3.0144176483154297
v 0.0000023533368675998645 -1.5019937753677368 3.0415122509002686
v 0.0000023470536234526662 -1.4094152450561523 3.062361001968384
v -0.40698114037513733 -0.5701920390129089 2.775918483734131
v -0.45803987979888916 -1.0400952100753784 2.928750991821289
v -0.3185673654079437 -0.6906555891036987 2.921685218811035
v -0.45803987979888916 -1.0400952100753784 2.928750991821289
v -0.40698114037513733 -0.5701920390129089 2.775918483734131
v -0.5891808271408081 -1.0653833150863647 2.771158456802368
v -0.3185673654079437 -0.6906555891036987 2.921685218811035
v 0.000002111006779159652 -0.36318498849868774 2.821204900741577
v -0.40698114037513733 -0.5701920390129089 2.775918483734131
v 0.000002111006779159652 -0.36318498849868774 2.821204900741577
v -0.3185673654079437 -0.6906555891036987 2.921685218811035
v 0.0000021891082724323496 -0.548942506313324 2.9465322494506836
v 0.3185712397098541 -0.6906554698944092 2.921685218811035
v 0.000002111006779159652 -0.36318498849868774 2.821204900741577
v 0.0000021891082724323496 -0.548942506313324 2.9465322494506836
v 0.000002111006779159652 -0.36318498849868774 2.821204900741577
v 0.3185712397098541 -0.6906554698944092 2.921685218811035
v 0.4069848358631134 -0.5701919794082642 2.77591872215271
v -0.3185669183731079 -1.3645646572113037 2.9888460636138916
v 0.0000023208799575513694 -1.6916406154632568 2.9397854804992676
v 0.0000023533368675998645 -1.5019937753677368 3.0415122509002686
v 0.0000023208799575513694 -1.6916406154632568 2.9397854804992676
v -0.3185669183731079 -1.3645646572113037 2.9888460636138916
v -0.4069806933403015 -1.4935985803604126 2.8584535121917725
v -0.4069806933403015 -1.4935985803604126 2.8584535121917725
v -0.45803987979888916 -1.0400952100753784 2.928750991821289
v -0.5891808271408081 -1.0653833150863647 2.771158456802368
v -0.45803987979888916 -1.0400952100753784 2.928750991821289
v -0.4069806933403015 -1.4935985803604126 2.8584535121917725
v -0.3185669183731079 -1.3645646572113037 2.9888460636138916
v -0.40698114037513733 -0.5701920390129089 2.775918483734131
v -0.6332327723503113 -1.077516794204712 2.5695319175720215
v -0.5891808271408081 -1.0653833150863647 2.771158456802368
v -0.6332327723503113 -1.077516794204712 2.5695319175720215
v -0.4069806933403015 -1.4935985803604126 2.8584535121917725
v -0.5891808271408081 -1.0653833150863647 2.771158456802368
v -0.6332327723503113 -1.077516794204712 2.5695319175720215
v -0.40698114037513733 -0.5701920390129089 2.775918483734131
v -0.43513330817222595 -0.5154947638511658 2.586393117904663
v -0.40698114037513733 -0.5701920390129089 2.775918483734131
v 0.0000019918177258659853 -0.2728714644908905 2.645921468734741
v -0.43513330817222595 -0.5154947638511658 2.586393117904663
v 0.0000019918177258659853 -0.2728714644908905 2.645921468734741
v -0.40698114037513733 -0.5701920390129089 2.775918483734131
v 0.000002111006779159652 -0.36318498849868774 2.821204900741577
v -0.4069806933403015 -1.4935985803604126 2.8584535121917725
v 0.0000022162616915011313 -1.7841870784759521 2.7704408168792725
v 0.0000023208799575513694 -1.6916406154632568 2.9397854804992676
v 0.0000022162616915011313 -1.7841870784759521 2.7704408168792725
v -0.4069806933403015 -1.4935985803604126 2.8584535121917725
v -0.4351329505443573 -1.554013729095459 2.6719579696655273
v -0.4069806933403015 -1.4935985803604126 2.8584535121917725
v -0.6332327723503113 -1.077516794204712 2.5695319175720215
v -0.4351329505443573 -1.554013729095459 2.6719579696655273
v 0.0000021891082724323496 -0.548942506313324 2.9465322494506836
v 0.25963902473449707 -0.747429370880127 2.9596807956695557
v 0.3185712397098541 -0.6906554698944092 2.921685218811035
v 0.25963902473449707 -0.747429370880127 2.9596807956695557
v 0.0000021891082724323496 -0.548942506313324 2.9465322494506836
v 0.0000022132057893031742 -0.6326698064804077 2.9849512577056885
v 0.3671838939189911 -1.035543441772461 2.9742650985717773
v 0.3185712397098541 -0.6906554698944092 2.921685218811035
v 0.25963902473449707 -0.747429370880127 2.9596807956695557
v 0.3185712397098541 -0.6906554698944092 2.921685218811035
v 0.3671838939189911 -1.035543441772461 2.9742650985717773
v 0.45804363489151 -1.0400952100753784 2.928750991821289
v 0.3671838939189911 -1.035543441772461 2.9742650985717773
v 0.31857144832611084 -1.3645646572113037 2.98884654045105
v 0.45804363489151 -1.0400952100753784 2.928750991821289
v 0.31857144832611084 -1.3645646572113037 2.98884654045105
v 0.3671838939189911 -1.035543441772461 2.9742650985717773
v 0.2596389353275299 -1.2966711521148682 3.0144176483154297
v 0.2596389353275299 -1.2966711521148682 3.0144176483154297
v 0.0000023533368675998645 -1.5019937753677368 3.0415122509002686
v 0.31857144832611084 -1.3645646572113037 2.98884654045105
v 0.0000023533368675998645 -1.5019937753677368 3.0415122509002686
v 0.2596389353275299 -1.2966711521148682 3.0144176483154297
v 0.0000023470536234526662 -1.4094152450561523 3.062361001968384
v 0.45804363489151 -1.0400952100753784 2.928750991821289
v 0.4069848358631134 -0.5701919794082642 2.77591872215271
v 0.3185712397098541 -0.6906554698944092 2.921685218811035
v 0.4069848358631134 -0.5701919794082642 2.77591872215271
v 0.45804363489151 -1.0400952100753784 2.928750991821289
v 0.5891842246055603 -1.0653833150863647 2.771158456802368
v 0.45804363489151 -1.0400952100753784 2.928750991821289
v 0.4069850742816925 -1.4935979843139648 2.8584535121917725
v 0.5891842246055603 -1.0653833150863647 2.771158456802368
v 0.4069850742816925 -1.4935979843139648 2.8584535121917725
v 0.45804363489151 -1.0400952100753784 2.928750991821289
v 0.31857144832611084 -1.3645646572113037 2.98884654045105
v 0.31857144832611084 -1.3645646572113037 2.98884654045105
v 0.0000023208799575513694 -1.6916406154632568 2.9397854804992676
v 0.4069850742816925 -1.4935979843139648 2.8584535121917725
v 0.0000023208799575513694 -1.6916406154632568 2.9397854804992676
v 0.31857144832611084 -1.3645646572113037 2.98884654045105
v 0.0000023533368675998645 -1.5019937753677368 3.0415122509002686
v 0.5891842246055603 -1.0653833150863647 2.771158456802368
v 0.43513691425323486 -0.5154945254325867 2.586393117904663
v 0.4069848358631134 -0.5701919794082642 2.77591872215271
v 0.0000019918177258659853 -0.2728714644908905 2.645921468734741
v 0.4069848358631134 -0.5701919794082642 2.77591872215271
v 0.43513691425323486 -0.5154945254325867 2.586393117904663
v 0.4069848358631134 -0.5701919794082642 2.77591872215271
v 0.0000019918177258659853 -0.2728714644908905 2.645921468734741
v 0.000002111006779159652 -0.36318498849868774 2.821204900741577
v 0.43513691425323486 -0.5154945254325867 2.586393117904663
v 0.5891842246055603 -1.0653833150863647 2.771158456802368
v 0.633236289024353 -1.0775169134140015 2.5695319175720215
v 0.5891842246055603 -1.0653833150863647 2.771158456802368
v 0.4351368546485901 -1.5540127754211426 2.6719582080841064
v 0.633236289024353 -1.0775169134140015 2.5695319175720215
v 0.4351368546485901 -1.5540127754211426 2.6719582080841064
v 0.5891842246055603 -1.0653833150863647 2.771158456802368
v 0.4069850742816925 -1.4935979843139648 2.8584535121917725
v 0.4069850742816925 -1.4935979843139648 2.8584535121917725
v 0.0000022162616915011313 -1.7841870784759521 2.7704408168792725
v 0.4351368546485901 -1.5540127754211426 2.6719582080841064
v 0.0000022162616915011313 -1.7841870784759521 2.7704408168792725
v 0.4069850742816925 -1.4935979843139648 2.8584535121917725
v 0.0000023208799575513694 -1.6916406154632568 2.9397854804992676
v 0.2175547331571579 -0.014636783860623837 3.7830517292022705
v 0.000004366929715615697 -0.2952526807785034 3.6819350719451904
v 0.2784554660320282 -0.2952526807785034 3.6819345951080322
v 0.000004366929715615697 -0.2952526807785034 3.6819350719451904
v 0.2175547331571579 -0.014636783860623837 3.7830517292022705
v 0.000004468683982850052 -0.014636783860623837 3.7830517292022705
v -0.21754570305347443 -0.014636783860623837 3.7830517292022705
v 0.000004366929715615697 -0.2952526807785034 3.6819350719451904
v 0.000004468683982850052 -0.014636783860623837 3.7830517292022705
v 0.000004366929715615697 -0.2952526807785034 3.6819350719451904
v -0.21754570305347443 -0.014636783860623837 3.7830517292022705
v -0.2784467935562134 -0.2952526807785034 3.6819350719451904
v 0.000004032925971841905 -0.45215514302253723 3.376020908355713
v 0.2784554660320282 -0.2952526807785034 3.6819345951080322
v 0.000004366929715615697 -0.2952526807785034 3.6819350719451904
v -0.2784467935562134 -0.2952526807785034 3.6819350719451904
v 0.000004032925971841905 -0.45215514302253723 3.376020908355713
v 0.000004366929715615697 -0.2952526807785034 3.6819350719451904
v 0.2784554660320282 -0.2952526807785034 3.6819345951080322
v 0.000004032925971841905 -0.45215514302253723 3.376020908355713
v 0.3393558859825134 -0.45215514302253723 3.376020669937134
v 0.000004032925971841905 -0.45215514302253723 3.376020908355713
v 0.46116799116134644 -0.5447067022323608 3.0060622692108154
v 0.3393558859825134 -0.45215514302253723 3.376020669937134
v 0.46116799116134644 -0.5447067022323608 3.0060622692108154
v 0.000004032925971841905 -0.45215514302253723 3.376020908355713
v 0.0000035950065466749948 -0.5447067022323608 3.0060627460479736
v -0.33934807777404785 -0.45215514302253723 3.376021146774292
v 0.0000035950065466749948 -0.5447067022323608 3.0060627460479736
v 0.000004032925971841905 -0.45215514302253723 3.376020908355713
v 0.000004032925971841905 -0.45215514302253723 3.376020908355713
v -0.2784467935562134 -0.2952526807785034 3.6819350719451904
v -0.33934807777404785 -0.45215514302253723 3.376021146774292
v 0.0000035950065466749948 -0.5447067022323608 3.0060627460479736
v -0.33934807777404785 -0.45215514302253723 3.376021146774292
v -0.46116071939468384 -0.5447068810462952 3.0060629844665527
v 0.0000035950065466749948 -0.5447067022323608 3.0060627460479736
v 0.6085968613624573 -0.5804746747016907 2.5058255195617676
v 0.46116799116134644 -0.5447067022323608 3.0060622692108154
v 0.6085968613624573 -0.5804746747016907 2.5058255195617676
v 0.0000035950065466749948 -0.5447067022323608 3.0060627460479736
v 0.0000029627649382746313 -0.5804746747016907 2.505825996398926
v -0.46116071939468384 -0.5447068810462952 3.0060629844665527
v 0.0000029627649382746313 -0.5804746747016907 2.505825996398926
v 0.0000035950065466749948 -0.5447067022323608 3.0060627460479736
v 0.0000029627649382746313 -0.5804746747016907 2.505825996398926
v -0.46116071939468384 -0.5447068810462952 3.0060629844665527
v -0.6085911393165588 -0.5804747939109802 2.505825996398926
v 0.339356005191803 1.64060082852302e-7 3.382828950881958
v 0.2175547331571579 -0.014636783860623837 3.7830517292022705
v 0.2784554660320282 -0.2952526807785034 3.6819345951080322
v 0.339356005191803 1.64060082852302e-7 3.382828950881958
v 0.2784554660320282 -0.2952526807785034 3.6819345951080322
v 0.3393558859825134 -0.45215514302253723 3.376020669937134
v 0.3393558859825134 -0.45215514302253723 3.376020669937134
v 0.46116799116134644 1.64060082852302e-7 3.0060622692108154
v 0.339356005191803 1.64060082852302e-7 3.382828950881958
v 0.46116799116134644 1.64060082852302e-7 3.0060622692108154
v 0.3393558859825134 -0.45215514302253723 3.376020669937134
v 0.46116799116134644 -0.5447067022323608 3.0060622692108154
v 0.46116799116134644 -0.5447067022323608 3.0060622692108154
v 0.6085969805717468 1.64060082852302e-7 2.5058255195617676
v 0.46116799116134644 1.64060082852302e-7 3.0060622692108154
v 0.6085969805717468 1.64060082852302e-7 2.5058255195617676
v 0.46116799116134644 -0.5447067022323608 3.0060622692108154
v 0.6085968613624573 -0.5804746747016907 2.5058255195617676
v -0.46116071939468384 1.64060082852302e-7 3.0060629844665527
v -0.6085911393165588 -0.5804747939109802 2.505825996398926
v -0.46116071939468384 -0.5447068810462952 3.0060629844665527
v -0.6085911393165588 -0.5804747939109802 2.505825996398926
v -0.46116071939468384 1.64060082852302e-7 3.0060629844665527
v -0.6085911393165588 1.64060082852302e-7 2.505825996398926
v -0.46116071939468384 -0.5447068810462952 3.0060629844665527
v -0.3393479287624359 1.64060082852302e-7 3.382829189300537
v -0.46116071939468384 1.64060082852302e-7 3.0060629844665527
v -0.3393479287624359 1.64060082852302e-7 3.382829189300537
v -0.46116071939468384 -0.5447068810462952 3.0060629844665527
v -0.33934807777404785 -0.45215514302253723 3.376021146774292
v -0.3393479287624359 1.64060082852302e-7 3.382829189300537
v -0.33934807777404785 -0.45215514302253723 3.376021146774292
v -0.2784467935562134 -0.2952526807785034 3.6819350719451904
v -0.3393479287624359 1.64060082852302e-7 3.382829189300537
v -0.2784467935562134 -0.2952526807785034 3.6819350719451904
v -0.21754570305347443 -0.014636783860623837 3.7830517292022705
v 1.1199040412902832 -2.094240427017212 2.975003957748413
v 0.3609020709991455 -2.094240427017212 2.4992473125457764
v 0.9242876768112183 -2.094240427017212 2.3718576431274414
v 0.3609020709991455 -2.094240427017212 2.4992473125457764
v 1.1199040412902832 -2.094240427017212 2.975003957748413
v 0.4480060040950775 -2.094240427017212 3.198580503463745
v 0.4480060040950775 -2.094240427017212 3.198580503463745
v 0.0015893016243353486 -2.094240427017212 2.5412144660949707
v 0.3609020709991455 -2.094240427017212 2.4992473125457764
v 0.0015893016243353486 -2.094240427017212 2.5412144660949707
v 0.4480060040950775 -2.094240427017212 3.198580503463745
v 0.0015896466793492436 -2.094240427017212 3.26987624168396
v 0.0015896466793492436 -2.094240427017212 3.26987624168396
v -0.3577234148979187 -2.094240427017212 2.4992470741271973
v 0.0015893016243353486 -2.094240427017212 2.5412144660949707
v -0.3577234148979187 -2.094240427017212 2.4992470741271973
v 0.0015896466793492436 -2.094240427017212 3.26987624168396
v -0.44482675194740295 -2.094240427017212 3.198580265045166
v -0.44482675194740295 -2.094240427017212 3.198580265045166
v -0.9211095571517944 -2.094240427017212 2.371859073638916
v -0.3577234148979187 -2.094240427017212 2.4992470741271973
v -0.9211095571517944 -2.094240427017212 2.371859073638916
v -0.44482675194740295 -2.094240427017212 3.198580265045166
v -1.1167253255844116 -2.094240427017212 2.975005626678467
v 1.1199040412902832 -1.9092711210250854 2.975003957748413
v 0.9242876768112183 -2.094240427017212 2.3718576431274414
v 0.9242876768112183 -1.9092711210250854 2.3718576431274414
v 0.9242876768112183 -2.094240427017212 2.3718576431274414
v 1.1199040412902832 -1.9092711210250854 2.975003957748413
v 1.1199040412902832 -2.094240427017212 2.975003957748413
v 0.9242876768112183 -1.9092711210250854 2.3718576431274414
v 0.3609020709991455 -2.094240427017212 2.4992473125457764
v 0.3609020709991455 -1.9092711210250854 2.4992473125457764
v 0.3609020709991455 -2.094240427017212 2.4992473125457764
v 0.9242876768112183 -1.9092711210250854 2.3718576431274414
v 0.9242876768112183 -2.094240427017212 2.3718576431274414
v 0.0015893016243353486 -2.094240427017212 2.5412144660949707
v 0.3609020709991455 -1.9092711210250854 2.4992473125457764
v 0.3609020709991455 -2.094240427017212 2.4992473125457764
v 0.3609020709991455 -1.9092711210250854 2.4992473125457764
v 0.0015893016243353486 -2.094240427017212 2.5412144660949707
v 0.0015893016243353486 -1.9092711210250854 2.5412144660949707
v -0.3577234148979187 -2.094240427017212 2.4992470741271973
v 0.0015893016243353486 -1.9092711210250854 2.5412144660949707
v 0.0015893016243353486 -2.094240427017212 2.5412144660949707
v 0.0015893016243353486 -1.9092711210250854 2.5412144660949707
v -0.3577234148979187 -2.094240427017212 2.4992470741271973
v -0.3577234148979187 -1.9092711210250854 2.4992470741271973
v -0.9211095571517944 -2.094240427017212 2.371859073638916
v -0.3577234148979187 -1.9092711210250854 2.4992470741271973
v -0.3577234148979187 -2.094240427017212 2.4992470741271973
v -0.3577234148979187 -1.9092711210250854 2.4992470741271973
v -0.9211095571517944 -2.094240427017212 2.371859073638916
v -0.9211095571517944 -1.9092711210250854 2.371859073638916
v -0.9211095571517944 -1.9092711210250854 2.371859073638916
v -1.1167253255844116 -2.094240427017212 2.975005626678467
v -1.1167253255844116 -1.9092711210250854 2.975005626678467
v -1.1167253255844116 -2.094240427017212 2.975005626678467
v -0.9211095571517944 -1.9092711210250854 2.371859073638916
v -0.9211095571517944 -2.094240427017212 2.371859073638916
v -1.1167253255844116 -1.9092711210250854 2.975005626678467
v -0.44482675194740295 -2.094240427017212 3.198580265045166
v -0.44482675194740295 -1.9092711210250854 3.198580265045166
v -0.44482675194740295 -2.094240427017212 3.198580265045166
v -1.1167253255844116 -1.9092711210250854 2.975005626678467
v -1.1167253255844116 -2.094240427017212 2.975005626678467
v 0.0015896466793492436 -2.094240427017212 3.26987624168396
v -0.44482675194740295 -1.9092711210250854 3.198580265045166
v -0.44482675194740295 -2.094240427017212 3.198580265045166
v -0.44482675194740295 -1.9092711210250854 3.198580265045166
v 0.0015896466793492436 -2.094240427017212 3.26987624168396
v 0.0015896466793492436 -1.9092711210250854 3.26987624168396
v 0.4480060040950775 -2.094240427017212 3.198580503463745
v 0.0015896466793492436 -1.9092711210250854 3.26987624168396
v 0.0015896466793492436 -2.094240427017212 3.26987624168396
v 0.0015896466793492436 -1.9092711210250854 3.26987624168396
v 0.4480060040950775 -2.094240427017212 3.198580503463745
v 0.4480060040950775 -1.9092711210250854 3.198580503463745
v 1.1199040412902832 -2.094240427017212 2.975003957748413
v 0.4480060040950775 -1.9092711210250854 3.198580503463745
v 0.4480060040950775 -2.094240427017212 3.198580503463745
v 0.4480060040950775 -1.9092711210250854 3.198580503463745
v 1.1199040412902832 -2.094240427017212 2.975003957748413
v 1.1199040412902832 -1.9092711210250854 2.975003957748413
v 1.8833839893341064 -1.671595811843872 -0.3320925235748291
v 1.8833842277526855 -1.8496252298355103 0.3320904076099396
v 1.8833842277526855 -1.8496252298355103 -0.3320924937725067
v 1.8833842277526855 -1.8496252298355103 0.3320904076099396
v 1.8833839893341064 -1.671595811843872 -0.3320925235748291
v 1.8833842277526855 -1.671595811843872 0.3320904076099396
v 1.8833842277526855 -1.671595811843872 0.3320904076099396
v 1.6562204360961914 -1.8496252298355103 0.9562183022499084
v 1.8833842277526855 -1.8496252298355103 0.3320904076099396
v 1.6562204360961914 -1.8496252298355103 0.9562183022499084
v 1.8833842277526855 -1.671595811843872 0.3320904076099396
v 1.6562204360961914 -1.671595811843872 0.9562183022499084
v 1.6562204360961914 -1.671595811843872 0.9562183022499084
v 1.2292921543121338 -1.8496252298355103 1.4650121927261353
v 1.6562204360961914 -1.8496252298355103 0.9562183022499084
v 1.2292921543121338 -1.8496252298355103 1.4650121927261353
v 1.6562204360961914 -1.671595811843872 0.9562183022499084
v 1.2292921543121338 -1.671595811843872 1.4650121927261353
v 1.2292921543121338 -1.671595811843872 1.4650121927261353
v 0.6540932059288025 -1.8496252298355103 1.7971038818359375
v 1.2292921543121338 -1.8496252298355103 1.4650121927261353
v 0.6540932059288025 -1.8496252298355103 1.7971038818359375
v 1.2292921543121338 -1.671595811843872 1.4650121927261353
v 0.654093325138092 -1.671595811843872 1.7971041202545166
v 0.18516549468040466 -1.671595811843872 1.9169628620147705
v 0.6540932059288025 -1.8496252298355103 1.7971038818359375
v 0.654093325138092 -1.671595811843872 1.7971041202545166
v 0.6540932059288025 -1.8496252298355103 1.7971038818359375
v 0.18516549468040466 -1.671595811843872 1.9169628620147705
v 0.18516549468040466 -1.8496252298355103 1.9169628620147705
v 1.8833842277526855 -1.8496252298355103 -0.3320924937725067
v 1.741916298866272 -1.671595811843872 -0.8079344034194946
v 1.8833839893341064 -1.671595811843872 -0.3320925235748291
v 1.741916298866272 -1.671595811843872 -0.8079344034194946
v 1.8833842277526855 -1.8496252298355103 -0.3320924937725067
v 1.741916298866272 -1.8496252298355103 -0.8079344034194946
v 1.741916298866272 -1.671595811843872 -0.8079344034194946
v 1.8833842277526855 -1.1015673875808716 -0.3320925235748291
v 1.8833839893341064 -1.671595811843872 -0.3320925235748291
v 1.8833842277526855 -1.1015673875808716 -0.3320925235748291
v 1.741916298866272 -1.671595811843872 -0.8079344034194946
v 1.741916537284851 -1.1015673875808716 -0.8079343438148499
v 0.654093325138092 -1.671595811843872 1.7971041202545166
v 0.18516549468040466 -1.1015673875808716 1.9169628620147705
v 0.18516549468040466 -1.671595811843872 1.9169628620147705
v 0.18516549468040466 -1.1015673875808716 1.9169628620147705
v 0.654093325138092 -1.671595811843872 1.7971041202545166
v 0.6540931463241577 -1.1015673875808716 1.7971041202545166
v 1.8833842277526855 -1.8496252298355103 -0.3320924937725067
v 1.4715222120285034 -1.8496252298355103 0.2594682574272156
v 1.4715222120285034 -1.8496252298355103 -0.25946998596191406
v 1.4715222120285034 -1.8496252298355103 0.2594682574272156
v 1.8833842277526855 -1.8496252298355103 -0.3320924937725067
v 1.8833842277526855 -1.8496252298355103 0.3320904076099396
v 1.8833842277526855 -1.8496252298355103 0.3320904076099396
v 1.2940353155136108 -1.8496252298355103 0.7471108436584473
v 1.4715222120285034 -1.8496252298355103 0.2594682574272156
v 1.2940353155136108 -1.8496252298355103 0.7471108436584473
v 1.8833842277526855 -1.8496252298355103 0.3320904076099396
v 1.6562204360961914 -1.8496252298355103 0.9562183022499084
v 1.6562204360961914 -1.8496252298355103 0.9562183022499084
v 0.9604685306549072 -1.8496252298355103 1.1446409225463867
v 1.2940353155136108 -1.8496252298355103 0.7471108436584473
v 0.9604685306549072 -1.8496252298355103 1.1446409225463867
v 1.6562204360961914 -1.8496252298355103 0.9562183022499084
v 1.2292921543121338 -1.8496252298355103 1.4650121927261353
v 1.2292921543121338 -1.8496252298355103 1.4650121927261353
v 0.5110549926757812 -1.8496252298355103 1.4041099548339844
v 0.9604685306549072 -1.8496252298355103 1.1446409225463867
v 0.5110549926757812 -1.8496252298355103 1.4041099548339844
v 1.2292921543121338 -1.8496252298355103 1.4650121927261353
v 0.6540932059288025 -1.8496252298355103 1.7971038818359375
v 0.18516549468040466 -1.8496252298355103 1.9169628620147705
v 0.5110549926757812 -1.8496252298355103 1.4041099548339844
v 0.6540932059288025 -1.8496252298355103 1.7971038818359375
v 0.5110549926757812 -1.8496252298355103 1.4041099548339844
v 0.18516549468040466 -1.8496252298355103 1.9169628620147705
v 0.11364628374576569 -1.8496252298355103 1.5113580226898193
v 1.4715222120285034 -1.8496252298355103 -0.25946998596191406
v 1.741916298866272 -1.8496252298355103 -0.8079344034194946
v 1.8833842277526855 -1.8496252298355103 -0.3320924937725067
v 1.741916298866272 -1.8496252298355103 -0.8079344034194946
v 1.4715222120285034 -1.8496252298355103 -0.25946998596191406
v 1.368642807006836 -1.8496252298355103 -0.6338739395141602
v 1.4715222120285034 -1.8496252298355103 -0.25946998596191406
v 1.4715220928192139 -1.671595811843872 0.2594682574272156
v 1.471522569656372 -1.671595811843872 -0.25946998596191406
v 1.4715220928192139 -1.671595811843872 0.2594682574272156
v 1.4715222120285034 -1.8496252298355103 -0.25946998596191406
v 1.4715222120285034 -1.8496252298355103 0.2594682574272156
v 1.4715222120285034 -1.8496252298355103 0.2594682574272156
v 1.2940353155136108 -1.671595811843872 0.7471108436584473
v 1.4715220928192139 -1.671595811843872 0.2594682574272156
v 1.2940353155136108 -1.671595811843872 0.7471108436584473
v 1.4715222120285034 -1.8496252298355103 0.2594682574272156
v 1.2940353155136108 -1.8496252298355103 0.7471108436584473
v 1.2940353155136108 -1.8496252298355103 0.7471108436584473
v 0.9604685306549072 -1.671595811843872 1.1446411609649658
v 1.2940353155136108 -1.671595811843872 0.7471108436584473
v 0.9604685306549072 -1.671595811843872 1.1446411609649658
v 1.2940353155136108 -1.8496252298355103 0.7471108436584473
v 0.9604685306549072 -1.8496252298355103 1.1446409225463867
v 0.9604685306549072 -1.8496252298355103 1.1446409225463867
v 0.5110549926757812 -1.671595811843872 1.4041099548339844
v 0.9604685306549072 -1.671595811843872 1.1446411609649658
v 0.5110549926757812 -1.671595811843872 1.4041099548339844
v 0.9604685306549072 -1.8496252298355103 1.1446409225463867
v 0.5110549926757812 -1.8496252298355103 1.4041099548339844
v 0.11364628374576569 -1.8496252298355103 1.5113580226898193
v 0.5110549926757812 -1.671595811843872 1.4041099548339844
v 0.5110549926757812 -1.8496252298355103 1.4041099548339844
v 0.5110549926757812 -1.671595811843872 1.4041099548339844
v 0.11364628374576569 -1.8496252298355103 1.5113580226898193
v 0.11364628374576569 -1.671595811843872 1.5113580226898193
v 1.471522569656372 -1.671595811843872 -0.25946998596191406
v 1.368642807006836 -1.8496252298355103 -0.6338739395141602
v 1.4715222120285034 -1.8496252298355103 -0.25946998596191406
v 1.368642807006836 -1.8496252298355103 -0.6338739395141602
v 1.471522569656372 -1.671595811843872 -0.25946998596191406
v 1.3686425685882568 -1.671595811843872 -0.6338739991188049
v 1.368642807006836 -1.8496252298355103 -0.6338739395141602
v 1.741916298866272 -1.671595811843872 -0.8079344034194946
v 1.741916298866272 -1.8496252298355103 -0.8079344034194946
v 1.741916298866272 -1.671595811843872 -0.8079344034194946
v 1.368642807006836 -1.8496252298355103 -0.6338739395141602
v 1.3686425685882568 -1.671595811843872 -0.6338739991188049
v 0.11364628374576569 -1.671595811843872 1.5113580226898193
v 0.18516549468040466 -1.8496252298355103 1.9169628620147705
v 0.18516549468040466 -1.671595811843872 1.9169628620147705
v 0.18516549468040466 -1.8496252298355103 1.9169628620147705
v 0.11364628374576569 -1.671595811843872 1.5113580226898193
v 0.11364628374576569 -1.8496252298355103 1.5113580226898193
v 1.8833839893341064 -1.671595811843872 -0.3320925235748291
v 1.8833839893341064 -1.1015673875808716 0.33209046721458435
v 1.8833842277526855 -1.671595811843872 0.3320904076099396
v 1.8833839893341064 -1.1015673875808716 0.33209046721458435
v 1.8833839893341064 -1.671595811843872 -0.3320925235748291
v 1.8833842277526855 -1.1015673875808716 -0.3320925235748291
v 1.8833842277526855 -1.671595811843872 0.3320904076099396
v 1.6562203168869019 -1.1015673875808716 0.9562183022499084
v 1.6562204360961914 -1.671595811843872 0.9562183022499084
v 1.6562203168869019 -1.1015673875808716 0.9562183022499084
v 1.8833842277526855 -1.671595811843872 0.3320904076099396
v 1.8833839893341064 -1.1015673875808716 0.33209046721458435
v 1.6562204360961914 -1.671595811843872 0.9562183022499084
v 1.2292921543121338 -1.1015673875808716 1.4650121927261353
v 1.2292921543121338 -1.671595811843872 1.4650121927261353
v 1.2292921543121338 -1.1015673875808716 1.4650121927261353
v 1.6562204360961914 -1.671595811843872 0.9562183022499084
v 1.6562203168869019 -1.1015673875808716 0.9562183022499084
v 1.2292921543121338 -1.671595811843872 1.4650121927261353
v 0.6540931463241577 -1.1015673875808716 1.7971041202545166
v 0.654093325138092 -1.671595811843872 1.7971041202545166
v 0.6540931463241577 -1.1015673875808716 1.7971041202545166
v 1.2292921543121338 -1.671595811843872 1.4650121927261353
v 1.2292921543121338 -1.1015673875808716 1.4650121927261353
v 0.5110549926757812 -1.671595811843872 1.4041099548339844
v 0.1005357950925827 0.9162371158599854 1.3370039463043213
v 0.45209839940071106 0.9162371158599854 1.2421281337738037
v 0.1005357950925827 0.9162371158599854 1.3370039463043213
v 0.5110549926757812 -1.671595811843872 1.4041099548339844
v 0.11364628374576569 -1.671595811843872 1.5113580226898193
v 0.1005357950925827 0.9162371158599854 1.3370039463043213
v 0.3931416869163513 3.5040700435638428 1.0801464319229126
v 0.45209839940071106 0.9162371158599854 1.2421281337738037
v 0.3931416869163513 3.5040700435638428 1.0801464319229126
v 0.1005357950925827 0.9162371158599854 1.3370039463043213
v 0.08742527663707733 3.5040700435638428 1.1626498699188232
v 0.9604685306549072 -1.671595811843872 1.1446411609649658
v 0.45209839940071106 0.9162371158599854 1.2421281337738037
v 0.8496665954589844 0.9162371158599854 1.0125924348831177
v 0.45209839940071106 0.9162371158599854 1.2421281337738037
v 0.9604685306549072 -1.671595811843872 1.1446411609649658
v 0.5110549926757812 -1.671595811843872 1.4041099548339844
v 0.45209839940071106 0.9162371158599854 1.2421281337738037
v 0.7388646602630615 3.5040700435638428 0.88054358959198
v 0.8496665954589844 0.9162371158599854 1.0125924348831177
v 0.7388646602630615 3.5040700435638428 0.88054358959198
v 0.45209839940071106 0.9162371158599854 1.2421281337738037
v 0.3931416869163513 3.5040700435638428 1.0801464319229126
v 1.2940353155136108 -1.671595811843872 0.7471108436584473
v 0.8496665954589844 0.9162371158599854 1.0125924348831177
v 1.1447523832321167 0.9162371158599854 0.6609221696853638
v 0.8496665954589844 0.9162371158599854 1.0125924348831177
v 1.2940353155136108 -1.671595811843872 0.7471108436584473
v 0.9604685306549072 -1.671595811843872 1.1446411609649658
v 0.8496665954589844 0.9162371158599854 1.0125924348831177
v 0.9954695105552673 3.5040700435638428 0.5747334957122803
v 1.1447523832321167 0.9162371158599854 0.6609221696853638
v 0.9954695105552673 3.5040700435638428 0.5747334957122803
v 0.8496665954589844 0.9162371158599854 1.0125924348831177
v 0.7388646602630615 3.5040700435638428 0.88054358959198
v 1.4715220928192139 -1.671595811843872 0.2594682574272156
v 1.1447523832321167 0.9162371158599854 0.6609221696853638
v 1.301763892173767 0.9162371158599854 0.22953537106513977
v 1.1447523832321167 0.9162371158599854 0.6609221696853638
v 1.4715220928192139 -1.671595811843872 0.2594682574272156
v 1.2940353155136108 -1.671595811843872 0.7471108436584473
v 1.1447523832321167 0.9162371158599854 0.6609221696853638
v 1.1320054531097412 3.5040700435638428 0.1996024250984192
v 1.301763892173767 0.9162371158599854 0.22953537106513977
v 1.1320054531097412 3.5040700435638428 0.1996024250984192
v 1.1447523832321167 0.9162371158599854 0.6609221696853638
v 0.9954695105552673 3.5040700435638428 0.5747334957122803
v 1.471522569656372 -1.671595811843872 -0.25946998596191406
v 1.301763892173767 0.9162371158599854 0.22953537106513977
v 1.3017640113830566 0.9162371158599854 -0.22953689098358154
v 1.301763892173767 0.9162371158599854 0.22953537106513977
v 1.471522569656372 -1.671595811843872 -0.25946998596191406
v 1.4715220928192139 -1.671595811843872 0.2594682574272156
v 1.301763892173767 0.9162371158599854 0.22953537106513977
v 1.1320058107376099 3.5040700435638428 -0.199603870511055
v 1.3017640113830566 0.9162371158599854 -0.22953689098358154
v 1.1320058107376099 3.5040700435638428 -0.199603870511055
v 1.301763892173767 0.9162371158599854 0.22953537106513977
v 1.1320054531097412 3.5040700435638428 0.1996024250984192
v 1.3686425685882568 -1.671595811843872 -0.6338739991188049
v 1.3017640113830566 0.9162371158599854 -0.22953689098358154
v 1.2107524871826172 0.9162371158599854 -0.5607489943504333
v 1.3017640113830566 0.9162371158599854 -0.22953689098358154
v 1.3686425685882568 -1.671595811843872 -0.6338739991188049
v 1.471522569656372 -1.671595811843872 -0.25946998596191406
v 1.3017640113830566 0.9162371158599854 -0.22953689098358154
v 1.0528624057769775 3.5040700435638428 -0.4876238703727722
v 1.2107524871826172 0.9162371158599854 -0.5607489943504333
v 1.0528624057769775 3.5040700435638428 -0.4876238703727722
v 1.3017640113830566 0.9162371158599854 -0.22953689098358154
v 1.1320058107376099 3.5040700435638428 -0.199603870511055
v -1.2292922735214233 -1.671595811843872 -1.4650118350982666
v -0.6540932059288025 -1.8496252298355103 -1.7971038818359375
v -1.2292921543121338 -1.8496252298355103 -1.4650120735168457
v -0.6540932059288025 -1.8496252298355103 -1.7971038818359375
v -1.2292922735214233 -1.671595811843872 -1.4650118350982666
v -0.6540930867195129 -1.671595811843872 -1.7971038818359375
v -0.6540930867195129 -1.671595811843872 -1.7971038818359375
v -8.3252592730787e-7 -1.8496252298355103 -1.912438154220581
v -0.6540932059288025 -1.8496252298355103 -1.7971038818359375
v -8.3252592730787e-7 -1.8496252298355103 -1.912438154220581
v -0.6540930867195129 -1.671595811843872 -1.7971038818359375
v -8.911708277992147e-7 -1.671595811843872 -1.912438154220581
v -8.911708277992147e-7 -1.671595811843872 -1.912438154220581
v 0.6540918946266174 -1.8496252298355103 -1.7971043586730957
v -8.3252592730787e-7 -1.8496252298355103 -1.912438154220581
v 0.6540918946266174 -1.8496252298355103 -1.7971043586730957
v -8.911708277992147e-7 -1.671595811843872 -1.912438154220581
v 0.6540919542312622 -1.671595811843872 -1.7971043586730957
v 0.6540919542312622 -1.671595811843872 -1.7971043586730957
v 1.2292910814285278 -1.8496252298355103 -1.4650135040283203
v 0.6540918946266174 -1.8496252298355103 -1.7971043586730957
v 1.2292910814285278 -1.8496252298355103 -1.4650135040283203
v 0.6540919542312622 -1.671595811843872 -1.7971043586730957
v 1.2292910814285278 -1.671595811843872 -1.4650132656097412
v 1.5675557851791382 -1.671595811843872 -1.1188390254974365
v 1.2292910814285278 -1.8496252298355103 -1.4650135040283203
v 1.2292910814285278 -1.671595811843872 -1.4650132656097412
v 1.2292910814285278 -1.8496252298355103 -1.4650135040283203
v 1.5675557851791382 -1.671595811843872 -1.1188390254974365
v 1.5675557851791382 -1.8496252298355103 -1.1188390254974365
v -1.2292921543121338 -1.8496252298355103 -1.4650120735168457
v -1.5706497430801392 -1.671595811843872 -1.104576587677002
v -1.2292922735214233 -1.671595811843872 -1.4650118350982666
v -1.5706497430801392 -1.671595811843872 -1.104576587677002
v -1.2292921543121338 -1.8496252298355103 -1.4650120735168457
v -1.5706497430801392 -1.8496252298355103 -1.104576587677002
v -1.5706497430801392 -1.671595811843872 -1.104576587677002
v -1.2292921543121338 -1.1015673875808716 -1.4650120735168457
v -1.2292922735214233 -1.671595811843872 -1.4650118350982666
v -1.2292921543121338 -1.1015673875808716 -1.4650120735168457
v -1.5706497430801392 -1.671595811843872 -1.104576587677002
v -1.5706501007080078 -1.1015673875808716 -1.1045767068862915
v 1.2292910814285278 -1.671595811843872 -1.4650132656097412
v 1.5675557851791382 -1.1015673875808716 -1.1188390254974365
v 1.5675557851791382 -1.671595811843872 -1.1188390254974365
v 1.5675557851791382 -1.1015673875808716 -1.1188390254974365
v 1.2292910814285278 -1.671595811843872 -1.4650132656097412
v 1.2292912006378174 -1.1015673875808716 -1.4650135040283203
v -1.2292921543121338 -1.8496252298355103 -1.4650120735168457
v -0.5110549926757812 -1.8496252298355103 -1.4041099548339844
v -0.9604684114456177 -1.8496252298355103 -1.1446409225463867
v -0.5110549926757812 -1.8496252298355103 -1.4041099548339844
v -1.2292921543121338 -1.8496252298355103 -1.4650120735168457
v -0.6540932059288025 -1.8496252298355103 -1.7971038818359375
v -0.6540932059288025 -1.8496252298355103 -1.7971038818359375
v -5.936915954407596e-7 -1.8496252298355103 -1.4942231178283691
v -0.5110549926757812 -1.8496252298355103 -1.4041099548339844
v -5.936915954407596e-7 -1.8496252298355103 -1.4942231178283691
v -0.6540932059288025 -1.8496252298355103 -1.7971038818359375
v -8.3252592730787e-7 -1.8496252298355103 -1.912438154220581
v -8.3252592730787e-7 -1.8496252298355103 -1.912438154220581
v 0.5110539197921753 -1.8496252298355103 -1.4041105508804321
v -5.936915954407596e-7 -1.8496252298355103 -1.4942231178283691
v 0.5110539197921753 -1.8496252298355103 -1.4041105508804321
v -8.3252592730787e-7 -1.8496252298355103 -1.912438154220581
v 0.6540918946266174 -1.8496252298355103 -1.7971043586730957
v 0.6540918946266174 -1.8496252298355103 -1.7971043586730957
v 0.9604675769805908 -1.8496252298355103 -1.144641399383545
v 0.5110539197921753 -1.8496252298355103 -1.4041105508804321
v 0.9604675769805908 -1.8496252298355103 -1.144641399383545
v 0.6540918946266174 -1.8496252298355103 -1.7971043586730957
v 1.2292910814285278 -1.8496252298355103 -1.4650135040283203
v 1.5675557851791382 -1.8496252298355103 -1.1188390254974365
v 0.9604675769805908 -1.8496252298355103 -1.144641399383545
v 1.2292910814285278 -1.8496252298355103 -1.4650135040283203
v 0.9604675769805908 -1.8496252298355103 -1.144641399383545
v 1.5675557851791382 -1.8496252298355103 -1.1188390254974365
v 1.252051591873169 -1.8496252298355103 -0.8540995717048645
v -0.9604684114456177 -1.8496252298355103 -1.1446409225463867
v -1.5706497430801392 -1.8496252298355103 -1.104576587677002
v -1.2292921543121338 -1.8496252298355103 -1.4650120735168457
v -1.5706497430801392 -1.8496252298355103 -1.104576587677002
v -0.9604684114456177 -1.8496252298355103 -1.1446409225463867
v -1.2332721948623657 -1.8496252298355103 -0.8683425784111023
v -0.9604684114456177 -1.8496252298355103 -1.1446409225463867
v -0.5110548734664917 -1.671595811843872 -1.4041099548339844
v -0.9604682922363281 -1.671595811843872 -1.1446409225463867
v -0.5110548734664917 -1.671595811843872 -1.4041099548339844
v -0.9604684114456177 -1.8496252298355103 -1.1446409225463867
v -0.5110549926757812 -1.8496252298355103 -1.4041099548339844
v -0.5110549926757812 -1.8496252298355103 -1.4041099548339844
v -6.523364959321043e-7 -1.671595811843872 -1.4942229986190796
v -0.5110548734664917 -1.671595811843872 -1.4041099548339844
v -6.523364959321043e-7 -1.671595811843872 -1.4942229986190796
v -0.5110549926757812 -1.8496252298355103 -1.4041099548339844
v -5.936915954407596e-7 -1.8496252298355103 -1.4942231178283691
v -5.936915954407596e-7 -1.8496252298355103 -1.4942231178283691
v 0.5110539197921753 -1.671595811843872 -1.4041105508804321
v -6.523364959321043e-7 -1.671595811843872 -1.4942229986190796
v 0.5110539197921753 -1.671595811843872 -1.4041105508804321
v -5.936915954407596e-7 -1.8496252298355103 -1.4942231178283691
v 0.5110539197921753 -1.8496252298355103 -1.4041105508804321
v 0.5110539197921753 -1.8496252298355103 -1.4041105508804321
v 0.9604675769805908 -1.671595811843872 -1.144641399383545
v 0.5110539197921753 -1.671595811843872 -1.4041105508804321
v 0.9604675769805908 -1.671595811843872 -1.144641399383545
v 0.5110539197921753 -1.8496252298355103 -1.4041105508804321
v 0.9604675769805908 -1.8496252298355103 -1.144641399383545
v 1.252051591873169 -1.8496252298355103 -0.8540995717048645
v 0.9604675769805908 -1.671595811843872 -1.144641399383545
v 0.9604675769805908 -1.8496252298355103 -1.144641399383545
v 0.9604675769805908 -1.671595811843872 -1.144641399383545
v 1.252051591873169 -1.8496252298355103 -0.8540995717048645
v 1.2520514726638794 -1.671595811843872 -0.8540995717048645
v -0.9604682922363281 -1.671595811843872 -1.1446409225463867
v -1.2332721948623657 -1.8496252298355103 -0.8683425784111023
v -0.9604684114456177 -1.8496252298355103 -1.1446409225463867
v -1.2332721948623657 -1.8496252298355103 -0.8683425784111023
v -0.9604682922363281 -1.671595811843872 -1.1446409225463867
v -1.2332721948623657 -1.671595811843872 -0.8683424592018127
v -1.2332721948623657 -1.8496252298355103 -0.8683425784111023
v -1.5706497430801392 -1.671595811843872 -1.104576587677002
v -1.5706497430801392 -1.8496252298355103 -1.104576587677002
v -1.5706497430801392 -1.671595811843872 -1.104576587677002
v -1.2332721948623657 -1.8496252298355103 -0.8683425784111023
v -1.2332721948623657 -1.671595811843872 -0.8683424592018127
v 1.2520514726638794 -1.671595811843872 -0.8540995717048645
v 1.5675557851791382 -1.8496252298355103 -1.1188390254974365
v 1.5675557851791382 -1.671595811843872 -1.1188390254974365
v 1.5675557851791382 -1.8496252298355103 -1.1188390254974365
v 1.2520514726638794 -1.671595811843872 -0.8540995717048645
v 1.252051591873169 -1.8496252298355103 -0.8540995717048645
v -1.2292922735214233 -1.671595811843872 -1.4650118350982666
v -0.6540931463241577 -1.1015673875808716 -1.7971041202545166
v -0.6540930867195129 -1.671595811843872 -1.7971038818359375
v -0.6540931463241577 -1.1015673875808716 -1.7971041202545166
v -1.2292922735214233 -1.671595811843872 -1.4650118350982666
v -1.2292921543121338 -1.1015673875808716 -1.4650120735168457
v -0.6540930867195129 -1.671595811843872 -1.7971038818359375
v -7.738809131296875e-7 -1.1015673875808716 -1.9124382734298706
v -8.911708277992147e-7 -1.671595811843872 -1.912438154220581
v -7.738809131296875e-7 -1.1015673875808716 -1.9124382734298706
v -0.6540930867195129 -1.671595811843872 -1.7971038818359375
v -0.6540931463241577 -1.1015673875808716 -1.7971041202545166
v -8.911708277992147e-7 -1.671595811843872 -1.912438154220581
v 0.6540918946266174 -1.1015673875808716 -1.7971043586730957
v 0.6540919542312622 -1.671595811843872 -1.7971043586730957
v 0.6540918946266174 -1.1015673875808716 -1.7971043586730957
v -8.911708277992147e-7 -1.671595811843872 -1.912438154220581
v -7.738809131296875e-7 -1.1015673875808716 -1.9124382734298706
v 0.6540919542312622 -1.671595811843872 -1.7971043586730957
v 1.2292912006378174 -1.1015673875808716 -1.4650135040283203
v 1.2292910814285278 -1.671595811843872 -1.4650132656097412
v 1.2292912006378174 -1.1015673875808716 -1.4650135040283203
v 0.6540919542312622 -1.671595811843872 -1.7971043586730957
v 0.6540918946266174 -1.1015673875808716 -1.7971043586730957
v 0.9604675769805908 -1.671595811843872 -1.144641399383545
v 1.1076115369796753 0.9162371158599854 -0.7555685639381409
v 0.8496657013893127 0.9162371158599854 -1.0125929117202759
v 1.1076115369796753 0.9162371158599854 -0.7555685639381409
v 0.9604675769805908 -1.671595811843872 -1.144641399383545
v 1.2520514726638794 -1.671595811843872 -0.8540995717048645
v 1.1076115369796753 0.9162371158599854 -0.7555685639381409
v 0.7388636469841003 3.5040700435638428 -0.8805442452430725
v 0.8496657013893127 0.9162371158599854 -1.0125929117202759
v 0.7388636469841003 3.5040700435638428 -0.8805442452430725
v 1.1076115369796753 0.9162371158599854 -0.7555685639381409
v 0.9631717801094055 3.5040700435638428 -0.6570377945899963
v 0.5110539197921753 -1.671595811843872 -1.4041105508804321
v 0.8496657013893127 0.9162371158599854 -1.0125929117202759
v 0.45209747552871704 0.9162371158599854 -1.2421290874481201
v 0.8496657013893127 0.9162371158599854 -1.0125929117202759
v 0.5110539197921753 -1.671595811843872 -1.4041105508804321
v 0.9604675769805908 -1.671595811843872 -1.144641399383545
v 0.8496657013893127 0.9162371158599854 -1.0125929117202759
v 0.3931410610675812 3.5040700435638428 -1.080147624015808
v 0.45209747552871704 0.9162371158599854 -1.2421290874481201
v 0.3931410610675812 3.5040700435638428 -1.080147624015808
v 0.8496657013893127 0.9162371158599854 -1.0125929117202759
v 0.7388636469841003 3.5040700435638428 -0.8805442452430725
v -6.523364959321043e-7 -1.671595811843872 -1.4942229986190796
v 0.45209747552871704 0.9162371158599854 -1.2421290874481201
v -6.763357305317186e-7 0.9162371158599854 -1.3218457698822021
v 0.45209747552871704 0.9162371158599854 -1.2421290874481201
v -6.523364959321043e-7 -1.671595811843872 -1.4942229986190796
v 0.5110539197921753 -1.671595811843872 -1.4041105508804321
v 0.45209747552871704 0.9162371158599854 -1.2421290874481201
v -7.003352493484272e-7 3.5040700435638428 -1.1494685411453247
v -6.763357305317186e-7 0.9162371158599854 -1.3218457698822021
v -7.003352493484272e-7 3.5040700435638428 -1.1494685411453247
v 0.45209747552871704 0.9162371158599854 -1.2421290874481201
v 0.3931410610675812 3.5040700435638428 -1.080147624015808
v -0.5110548734664917 -1.671595811843872 -1.4041099548339844
v -6.763357305317186e-7 0.9162371158599854 -1.3218457698822021
v -0.45209842920303345 0.9162371158599854 -1.2421283721923828
v -6.763357305317186e-7 0.9162371158599854 -1.3218457698822021
v -0.5110548734664917 -1.671595811843872 -1.4041099548339844
v -6.523364959321043e-7 -1.671595811843872 -1.4942229986190796
v -6.763357305317186e-7 0.9162371158599854 -1.3218457698822021
v -0.39314186573028564 3.5040700435638428 -1.0801466703414917
v -0.45209842920303345 0.9162371158599854 -1.2421283721923828
v -0.39314186573028564 3.5040700435638428 -1.0801466703414917
v -6.763357305317186e-7 0.9162371158599854 -1.3218457698822021
v -7.003352493484272e-7 3.5040700435638428 -1.1494685411453247
v -0.9604682922363281 -1.671595811843872 -1.1446409225463867
v -0.45209842920303345 0.9162371158599854 -1.2421283721923828
v -0.84966641664505 0.9162371158599854 -1.0125924348831177
v -0.45209842920303345 0.9162371158599854 -1.2421283721923828
v -0.9604682922363281 -1.671595811843872 -1.1446409225463867
v -0.5110548734664917 -1.671595811843872 -1.4041099548339844
v -0.45209842920303345 0.9162371158599854 -1.2421283721923828
v -0.7388646006584167 3.5040700435638428 -0.8805438280105591
v -0.84966641664505 0.9162371158599854 -1.0125924348831177
v -0.7388646006584167 3.5040700435638428 -0.8805438280105591
v -0.45209842920303345 0.9162371158599854 -1.2421283721923828
v -0.39314186573028564 3.5040700435638428 -1.0801466703414917
v -1.2332721948623657 -1.671595811843872 -0.8683424592018127
v -0.84966641664505 0.9162371158599854 -1.0125924348831177
v -1.0909991264343262 0.9162371158599854 -0.768168568611145
v -0.84966641664505 0.9162371158599854 -1.0125924348831177
v -1.2332721948623657 -1.671595811843872 -0.8683424592018127
v -0.9604682922363281 -1.671595811843872 -1.1446409225463867
v -0.84966641664505 0.9162371158599854 -1.0125924348831177
v -0.9487259387969971 3.5040700435638428 -0.6679945588111877
v -1.0909991264343262 0.9162371158599854 -0.768168568611145
v -0.9487259387969971 3.5040700435638428 -0.6679945588111877
v -0.84966641664505 0.9162371158599854 -1.0125924348831177
v -0.7388646006584167 3.5040700435638428 -0.8805438280105591
v -0.6540914177894592 -1.671595811843872 1.7971043586730957
v -1.2292908430099487 -1.8496252298355103 1.4650136232376099
v -0.6540914177894592 -1.8496252298355103 1.7971045970916748
v -1.2292908430099487 -1.8496252298355103 1.4650136232376099
v -0.6540914177894592 -1.671595811843872 1.7971043586730957
v -1.2292909622192383 -1.671595811843872 1.4650136232376099
v -0.6540914177894592 -1.8496252298355103 1.7971045970916748
v -0.1712663769721985 -1.671595811843872 1.912510633468628
v -0.6540914177894592 -1.671595811843872 1.7971043586730957
v -0.1712663769721985 -1.671595811843872 1.912510633468628
v -0.6540914177894592 -1.8496252298355103 1.7971045970916748
v -0.1712663769721985 -1.8496252298355103 1.912510871887207
v -0.1712663769721985 -1.671595811843872 1.912510633468628
v -0.654091477394104 -1.1015673875808716 1.7971043586730957
v -0.6540914177894592 -1.671595811843872 1.7971043586730957
v -0.654091477394104 -1.1015673875808716 1.7971043586730957
v -0.1712663769721985 -1.671595811843872 1.912510633468628
v -0.17126643657684326 -1.1015673875808716 1.912510633468628
v -0.6540914177894592 -1.8496252298355103 1.7971045970916748
v -0.9604673385620117 -1.8496252298355103 1.144641399383545
v -0.5110535621643066 -1.8496252298355103 1.4041105508804321
v -0.9604673385620117 -1.8496252298355103 1.144641399383545
v -0.6540914177894592 -1.8496252298355103 1.7971045970916748
v -1.2292908430099487 -1.8496252298355103 1.4650136232376099
v -1.2292908430099487 -1.8496252298355103 1.4650136232376099
v -1.2940346002578735 -1.8496252298355103 0.7471120357513428
v -0.9604673385620117 -1.8496252298355103 1.144641399383545
v -1.2940346002578735 -1.8496252298355103 0.7471120357513428
v -1.2292908430099487 -1.8496252298355103 1.4650136232376099
v -1.6562198400497437 -1.8496252298355103 0.9562200903892517
v -1.6562198400497437 -1.8496252298355103 0.9562200903892517
v -1.471522569656372 -1.8496252298355103 0.25946974754333496
v -1.2940346002578735 -1.8496252298355103 0.7471120357513428
v -1.471522569656372 -1.8496252298355103 0.25946974754333496
v -1.6562198400497437 -1.8496252298355103 0.9562200903892517
v -1.8833842277526855 -1.8496252298355103 0.3320923447608948
v -1.8833842277526855 -1.8496252298355103 0.3320923447608948
v -1.4715222120285034 -1.8496252298355103 -0.25946831703186035
v -1.471522569656372 -1.8496252298355103 0.25946974754333496
v -1.4715222120285034 -1.8496252298355103 -0.25946831703186035
v -1.8833842277526855 -1.8496252298355103 0.3320923447608948
v -1.8833839893341064 -1.8496252298355103 -0.3320905566215515
v -1.7527210712432861 -1.8496252298355103 -0.7981234192848206
v -1.4715222120285034 -1.8496252298355103 -0.25946831703186035
v -1.8833839893341064 -1.8496252298355103 -0.3320905566215515
v -1.4715222120285034 -1.8496252298355103 -0.25946831703186035
v -1.7527210712432861 -1.8496252298355103 -0.7981234192848206
v -1.3656975030899048 -1.8496252298355103 -0.6572584509849548
v -0.5110535621643066 -1.8496252298355103 1.4041105508804321
v -0.1712663769721985 -1.8496252298355103 1.912510871887207
v -0.6540914177894592 -1.8496252298355103 1.7971045970916748
v -0.1712663769721985 -1.8496252298355103 1.912510871887207
v -0.5110535621643066 -1.8496252298355103 1.4041105508804321
v -0.1353703886270523 -1.8496252298355103 1.5022163391113281
v -0.5110535621643066 -1.8496252298355103 1.4041105508804321
v -0.9604673385620117 -1.671595811843872 1.144641399383545
v -0.5110535621643066 -1.671595811843872 1.4041105508804321
v -0.9604673385620117 -1.671595811843872 1.144641399383545
v -0.5110535621643066 -1.8496252298355103 1.4041105508804321
v -0.9604673385620117 -1.8496252298355103 1.144641399383545
v -0.5110535621643066 -1.671595811843872 1.4041105508804321
v -0.1353703886270523 -1.8496252298355103 1.5022163391113281
v -0.5110535621643066 -1.8496252298355103 1.4041105508804321
v -0.1353703886270523 -1.8496252298355103 1.5022163391113281
v -0.5110535621643066 -1.671595811843872 1.4041105508804321
v -0.1353703886270523 -1.671595811843872 1.5022163391113281
v -1.2292909622192383 -1.671595811843872 1.4650136232376099
v -1.6562198400497437 -1.8496252298355103 0.9562200903892517
v -1.2292908430099487 -1.8496252298355103 1.4650136232376099
v -1.6562198400497437 -1.8496252298355103 0.9562200903892517
v -1.2292909622192383 -1.671595811843872 1.4650136232376099
v -1.6562199592590332 -1.671595811843872 0.9562200903892517
v -1.6562199592590332 -1.671595811843872 0.9562200903892517
v -1.8833842277526855 -1.8496252298355103 0.3320923447608948
v -1.6562198400497437 -1.8496252298355103 0.9562200903892517
v -1.8833842277526855 -1.8496252298355103 0.3320923447608948
v -1.6562199592590332 -1.671595811843872 0.9562200903892517
v -1.8833842277526855 -1.671595811843872 0.3320923447608948
v -1.8833842277526855 -1.671595811843872 0.3320923447608948
v -1.8833839893341064 -1.8496252298355103 -0.3320905566215515
v -1.8833842277526855 -1.8496252298355103 0.3320923447608948
v -1.8833839893341064 -1.8496252298355103 -0.3320905566215515
v -1.8833842277526855 -1.671595811843872 0.3320923447608948
v -1.8833839893341064 -1.671595811843872 -0.3320905268192291
v -1.7527211904525757 -1.671595811843872 -0.7981234192848206
v -1.8833839893341064 -1.8496252298355103 -0.3320905566215515
v -1.8833839893341064 -1.671595811843872 -0.3320905268192291
v -1.8833839893341064 -1.8496252298355103 -0.3320905566215515
v -1.7527211904525757 -1.671595811843872 -0.7981234192848206
v -1.7527210712432861 -1.8496252298355103 -0.7981234192848206
v -1.8833839893341064 -1.671595811843872 -0.3320905268192291
v -1.7527210712432861 -1.1015673875808716 -0.7981233596801758
v -1.7527211904525757 -1.671595811843872 -0.7981234192848206
v -1.7527210712432861 -1.1015673875808716 -0.7981233596801758
v -1.8833839893341064 -1.671595811843872 -0.3320905268192291
v -1.8833839893341064 -1.1015673875808716 -0.3320905566215515
v -0.9604673385620117 -1.8496252298355103 1.144641399383545
v -1.2940346002578735 -1.671595811843872 0.7471120357513428
v -0.9604673385620117 -1.671595811843872 1.144641399383545
v -1.2940346002578735 -1.671595811843872 0.7471120357513428
v -0.9604673385620117 -1.8496252298355103 1.144641399383545
v -1.2940346002578735 -1.8496252298355103 0.7471120357513428
v -1.2940346002578735 -1.8496252298355103 0.7471120357513428
v -1.471522331237793 -1.671595811843872 0.25946980714797974
v -1.2940346002578735 -1.671595811843872 0.7471120357513428
v -1.471522331237793 -1.671595811843872 0.25946980714797974
v -1.2940346002578735 -1.8496252298355103 0.7471120357513428
v -1.471522569656372 -1.8496252298355103 0.25946974754333496
v -1.471522569656372 -1.8496252298355103 0.25946974754333496
v -1.4715222120285034 -1.671595811843872 -0.25946831703186035
v -1.471522331237793 -1.671595811843872 0.25946980714797974
v -1.4715222120285034 -1.671595811843872 -0.25946831703186035
v -1.471522569656372 -1.8496252298355103 0.25946974754333496
v -1.4715222120285034 -1.8496252298355103 -0.25946831703186035
v -1.3656975030899048 -1.8496252298355103 -0.6572584509849548
v -1.4715222120285034 -1.671595811843872 -0.25946831703186035
v -1.4715222120285034 -1.8496252298355103 -0.25946831703186035
v -1.4715222120285034 -1.671595811843872 -0.25946831703186035
v -1.3656975030899048 -1.8496252298355103 -0.6572584509849548
v -1.3656975030899048 -1.671595811843872 -0.6572584509849548
v -0.1353703886270523 -1.8496252298355103 1.5022163391113281
v -0.1712663769721985 -1.671595811843872 1.912510633468628
v -0.1712663769721985 -1.8496252298355103 1.912510871887207
v -0.1712663769721985 -1.671595811843872 1.912510633468628
v -0.1353703886270523 -1.8496252298355103 1.5022163391113281
v -0.1353703886270523 -1.671595811843872 1.5022163391113281
v -1.3656975030899048 -1.671595811843872 -0.6572584509849548
v -1.7527210712432861 -1.8496252298355103 -0.7981234192848206
v -1.7527211904525757 -1.671595811843872 -0.7981234192848206
v -1.7527210712432861 -1.8496252298355103 -0.7981234192848206
v -1.3656975030899048 -1.671595811843872 -0.6572584509849548
v -1.3656975030899048 -1.8496252298355103 -0.6572584509849548
v -0.6540914177894592 -1.671595811843872 1.7971043586730957
v -1.2292909622192383 -1.1015673875808716 1.4650136232376099
v -1.2292909622192383 -1.671595811843872 1.4650136232376099
v -1.2292909622192383 -1.1015673875808716 1.4650136232376099
v -0.6540914177894592 -1.671595811843872 1.7971043586730957
v -0.654091477394104 -1.1015673875808716 1.7971043586730957
v -1.2292909622192383 -1.671595811843872 1.4650136232376099
v -1.6562199592590332 -1.1015673875808716 0.9562200903892517
v -1.6562199592590332 -1.671595811843872 0.9562200903892517
v -1.6562199592590332 -1.1015673875808716 0.9562200903892517
v -1.2292909622192383 -1.671595811843872 1.4650136232376099
v -1.2292909622192383 -1.1015673875808716 1.4650136232376099
v -1.6562199592590332 -1.671595811843872 0.9562200903892517
v -1.8833842277526855 -1.1015673875808716 0.3320923447608948
v -1.8833842277526855 -1.671595811843872 0.3320923447608948
v -1.8833842277526855 -1.1015673875808716 0.3320923447608948
v -1.6562199592590332 -1.671595811843872 0.9562200903892517
v -1.6562199592590332 -1.1015673875808716 0.9562200903892517
v -1.8833842277526855 -1.671595811843872 0.3320923447608948
v -1.8833839893341064 -1.1015673875808716 -0.3320905566215515
v -1.8833839893341064 -1.671595811843872 -0.3320905268192291
v -1.8833839893341064 -1.1015673875808716 -0.3320905566215515
v -1.8833842277526855 -1.671595811843872 0.3320923447608948
v -1.8833842277526855 -1.1015673875808716 0.3320923447608948
v -1.4715222120285034 -1.671595811843872 -0.25946831703186035
v -1.208147406578064 0.9162371158599854 -0.5814355611801147
v -1.301763892173767 0.9162371158599854 -0.22953549027442932
v -1.208147406578064 0.9162371158599854 -0.5814355611801147
v -1.4715222120285034 -1.671595811843872 -0.25946831703186035
v -1.3656975030899048 -1.671595811843872 -0.6572584509849548
v -1.208147406578064 0.9162371158599854 -0.5814355611801147
v -1.1320054531097412 3.5040700435638428 -0.1996026486158371
v -1.301763892173767 0.9162371158599854 -0.22953549027442932
v -1.1320054531097412 3.5040700435638428 -0.1996026486158371
v -1.208147406578064 0.9162371158599854 -0.5814355611801147
v -1.0505969524383545 3.5040700435638428 -0.5056127905845642
v -1.471522331237793 -1.671595811843872 0.25946980714797974
v -1.301763892173767 0.9162371158599854 -0.22953549027442932
v -1.301763892173767 0.9162371158599854 0.22953656315803528
v -1.301763892173767 0.9162371158599854 -0.22953549027442932
v -1.471522331237793 -1.671595811843872 0.25946980714797974
v -1.4715222120285034 -1.671595811843872 -0.25946831703186035
v -1.301763892173767 0.9162371158599854 -0.22953549027442932
v -1.1320058107376099 3.5040700435638428 0.1996033638715744
v -1.301763892173767 0.9162371158599854 0.22953656315803528
v -1.1320058107376099 3.5040700435638428 0.1996033638715744
v -1.301763892173767 0.9162371158599854 -0.22953549027442932
v -1.1320054531097412 3.5040700435638428 -0.1996026486158371
v -1.2940346002578735 -1.671595811843872 0.7471120357513428
v -1.301763892173767 0.9162371158599854 0.22953656315803528
v -1.1447516679763794 0.9162371158599854 0.660923182964325
v -1.301763892173767 0.9162371158599854 0.22953656315803528
v -1.2940346002578735 -1.671595811843872 0.7471120357513428
v -1.471522331237793 -1.671595811843872 0.25946980714797974
v -1.301763892173767 0.9162371158599854 0.22953656315803528
v -0.99546879529953 3.5040700435638428 0.5747343301773071
v -1.1447516679763794 0.9162371158599854 0.660923182964325
v -0.99546879529953 3.5040700435638428 0.5747343301773071
v -1.301763892173767 0.9162371158599854 0.22953656315803528
v -1.1320058107376099 3.5040700435638428 0.1996033638715744
v -0.9604673385620117 -1.671595811843872 1.144641399383545
v -1.1447516679763794 0.9162371158599854 0.660923182964325
v -0.8496654629707336 0.9162371158599854 1.0125926733016968
v -1.1447516679763794 0.9162371158599854 0.660923182964325
v -0.9604673385620117 -1.671595811843872 1.144641399383545
v -1.2940346002578735 -1.671595811843872 0.7471120357513428
v -1.1447516679763794 0.9162371158599854 0.660923182964325
v -0.7388635873794556 3.5040700435638428 0.8805440068244934
v -0.8496654629707336 0.9162371158599854 1.0125926733016968
v -0.7388635873794556 3.5040700435638428 0.8805440068244934
v -1.1447516679763794 0.9162371158599854 0.660923182964325
v -0.99546879529953 3.5040700435638428 0.5747343301773071
v -0.5110535621643066 -1.671595811843872 1.4041105508804321
v -0.8496654629707336 0.9162371158599854 1.0125926733016968
v -0.4520971477031708 0.9162371158599854 1.242128849029541
v -0.8496654629707336 0.9162371158599854 1.0125926733016968
v -0.5110535621643066 -1.671595811843872 1.4041105508804321
v -0.9604673385620117 -1.671595811843872 1.144641399383545
v -0.8496654629707336 0.9162371158599854 1.0125926733016968
v -0.3931408226490021 3.5040700435638428 1.08014714717865
v -0.4520971477031708 0.9162371158599854 1.242128849029541
v -0.3931408226490021 3.5040700435638428 1.08014714717865
v -0.8496654629707336 0.9162371158599854 1.0125926733016968
v -0.7388635873794556 3.5040700435638428 0.8805440068244934
v -0.1353703886270523 -1.671595811843872 1.5022163391113281
v -0.4520971477031708 0.9162371158599854 1.242128849029541
v -0.11975374817848206 0.9162371158599854 1.3289169073104858
v -0.4520971477031708 0.9162371158599854 1.242128849029541
v -0.1353703886270523 -1.671595811843872 1.5022163391113281
v -0.5110535621643066 -1.671595811843872 1.4041105508804321
v -0.4520971477031708 0.9162371158599854 1.242128849029541
v -0.10413710027933121 3.5040700435638428 1.155617356300354
v -0.11975374817848206 0.9162371158599854 1.3289169073104858
v -0.10413710027933121 3.5040700435638428 1.155617356300354
v -0.4520971477031708 0.9162371158599854 1.242128849029541
v -0.3931408226490021 3.5040700435638428 1.08014714717865
v 1.1076115369796753 0.9162371158599854 -0.7555685639381409
v 1.3686425685882568 -1.671595811843872 -0.6338739991188049
v 1.2107524871826172 0.9162371158599854 -0.5607489943504333
v 1.3686425685882568 -1.671595811843872 -0.6338739991188049
v 1.1076115369796753 0.9162371158599854 -0.7555685639381409
v 1.2520514726638794 -1.671595811843872 -0.8540995717048645
v 1.2107524871826172 0.9162371158599854 -0.5607489943504333
v 0.9631717801094055 3.5040700435638428 -0.6570377945899963
v 1.1076115369796753 0.9162371158599854 -0.7555685639381409
v 0.9631717801094055 3.5040700435638428 -0.6570377945899963
v 1.2107524871826172 0.9162371158599854 -0.5607489943504333
v 1.0528624057769775 3.5040700435638428 -0.4876238703727722
v 1.2520514726638794 -1.671595811843872 -0.8540995717048645
v 1.741916298866272 -1.671595811843872 -0.8079344034194946
v 1.3686425685882568 -1.671595811843872 -0.6338739991188049
v 1.741916298866272 -1.671595811843872 -0.8079344034194946
v 1.2520514726638794 -1.671595811843872 -0.8540995717048645
v 1.5675557851791382 -1.671595811843872 -1.1188390254974365
v 1.5675557851791382 -1.671595811843872 -1.1188390254974365
v 1.741916537284851 -1.1015673875808716 -0.8079343438148499
v 1.741916298866272 -1.671595811843872 -0.8079344034194946
v 1.741916537284851 -1.1015673875808716 -0.8079343438148499
v 1.5675557851791382 -1.671595811843872 -1.1188390254974365
v 1.5675557851791382 -1.1015673875808716 -1.1188390254974365
v -0.11975374817848206 0.9162371158599854 1.3289169073104858
v 0.08742527663707733 3.5040700435638428 1.1626498699188232
v 0.1005357950925827 0.9162371158599854 1.3370039463043213
v 0.08742527663707733 3.5040700435638428 1.1626498699188232
v -0.11975374817848206 0.9162371158599854 1.3289169073104858
v -0.10413710027933121 3.5040700435638428 1.155617356300354
v 0.1005357950925827 0.9162371158599854 1.3370039463043213
v -0.1353703886270523 -1.671595811843872 1.5022163391113281
v -0.11975374817848206 0.9162371158599854 1.3289169073104858
v -0.1353703886270523 -1.671595811843872 1.5022163391113281
v 0.1005357950925827 0.9162371158599854 1.3370039463043213
v 0.11364628374576569 -1.671595811843872 1.5113580226898193
v -0.1712663769721985 -1.671595811843872 1.912510633468628
v 0.11364628374576569 -1.671595811843872 1.5113580226898193
v 0.18516549468040466 -1.671595811843872 1.9169628620147705
v 0.11364628374576569 -1.671595811843872 1.5113580226898193
v -0.1712663769721985 -1.671595811843872 1.912510633468628
v -0.1353703886270523 -1.671595811843872 1.5022163391113281
v -0.17126643657684326 -1.1015673875808716 1.912510633468628
v 0.18516549468040466 -1.671595811843872 1.9169628620147705
v 0.18516549468040466 -1.1015673875808716 1.9169628620147705
v 0.18516549468040466 -1.671595811843872 1.9169628620147705
v -0.17126643657684326 -1.1015673875808716 1.912510633468628
v -0.1712663769721985 -1.671595811843872 1.912510633468628
v -1.208147406578064 0.9162371158599854 -0.5814355611801147
v -1.2332721948623657 -1.671595811843872 -0.8683424592018127
v -1.0909991264343262 0.9162371158599854 -0.768168568611145
v -1.2332721948623657 -1.671595811843872 -0.8683424592018127
v -1.208147406578064 0.9162371158599854 -0.5814355611801147
v -1.3656975030899048 -1.671595811843872 -0.6572584509849548
v -1.0909991264343262 0.9162371158599854 -0.768168568611145
v -1.0505969524383545 3.5040700435638428 -0.5056127905845642
v -1.208147406578064 0.9162371158599854 -0.5814355611801147
v -1.0505969524383545 3.5040700435638428 -0.5056127905845642
v -1.0909991264343262 0.9162371158599854 -0.768168568611145
v -0.9487259387969971 3.5040700435638428 -0.6679945588111877
v -1.3656975030899048 -1.671595811843872 -0.6572584509849548
v -1.5706497430801392 -1.671595811843872 -1.104576587677002
v -1.2332721948623657 -1.671595811843872 -0.8683424592018127
v -1.5706497430801392 -1.671595811843872 -1.104576587677002
v -1.3656975030899048 -1.671595811843872 -0.6572584509849548
v -1.7527211904525757 -1.671595811843872 -0.7981234192848206
v -1.7527211904525757 -1.671595811843872 -0.7981234192848206
v -1.5706501007080078 -1.1015673875808716 -1.1045767068862915
v -1.5706497430801392 -1.671595811843872 -1.104576587677002
v -1.5706501007080078 -1.1015673875808716 -1.1045767068862915
v -1.7527211904525757 -1.671595811843872 -0.7981234192848206
v -1.7527210712432861 -1.1015673875808716 -0.7981233596801758
v 0.25881993770599365 -2.3253839015960693 -0.7779059410095215
v 0.8794205188751221 -3.735234498977661 -0.8598046898841858
v 0.27511975169181824 -2.9659881591796875 -1.150225043296814
v 0.8794205188751221 -3.735234498977661 -0.8598046898841858
v 0.25881993770599365 -2.3253839015960693 -0.7779059410095215
v 0.7969169020652771 -2.6700761318206787 -0.30603405833244324
v 0.7969169020652771 -2.6700761318206787 -0.30603405833244324
v 0.25881993770599365 -2.3253839015960693 -0.7779059410095215
v 0.7727488875389099 -1.9984937906265259 -0.17291539907455444
v 0.7727488875389099 -1.9984937906265259 -0.17291539907455444
v 0.25881993770599365 -2.3253839015960693 -0.7779059410095215
v 0.23985342681407928 -1.5736312866210938 -0.49296799302101135
v 0.7727488875389099 -1.9984937906265259 -0.17291539907455444
v 0.23985342681407928 -1.5736312866210938 -0.49296799302101135
v 0.4984748363494873 -1.4916985034942627 -0.2090238779783249
v 0.4984748363494873 -1.4916985034942627 -0.2090238779783249
v 0.23985342681407928 -1.5736312866210938 -0.49296799302101135
v -0.040804423391819 -0.8945078253746033 -0.010038171894848347
v 0.7727488875389099 -1.9984937906265259 -0.17291539907455444
v 0.3858278691768646 -1.3913562297821045 0.12639176845550537
v 0.5694528818130493 -1.9399559497833252 0.25630685687065125
v 0.3858278691768646 -1.3913562297821045 0.12639176845550537
v 0.7727488875389099 -1.9984937906265259 -0.17291539907455444
v 0.4984748363494873 -1.4916985034942627 -0.2090238779783249
v 0.3858278691768646 -1.3913562297821045 0.12639176845550537
v 0.4984748363494873 -1.4916985034942627 -0.2090238779783249
v -0.040804423391819 -0.8945078253746033 -0.010038171894848347
v 0.5694528818130493 -1.9399559497833252 0.25630685687065125
v 0.7969169020652771 -2.6700761318206787 -0.30603405833244324
v 0.7727488875389099 -1.9984937906265259 -0.17291539907455444
v 0.7969169020652771 -2.6700761318206787 -0.30603405833244324
v 0.5694528818130493 -1.9399559497833252 0.25630685687065125
v 0.6695242524147034 -2.7465033531188965 0.3349505066871643
v 0.6695242524147034 -2.7465033531188965 0.3349505066871643
v 1.0987836122512817 -3.6823084354400635 0.06074252724647522
v 0.7969169020652771 -2.6700761318206787 -0.30603405833244324
v 1.0987836122512817 -3.6823084354400635 0.06074252724647522
v 0.6695242524147034 -2.7465033531188965 0.3349505066871643
v 0.9132550358772278 -3.891153573989868 0.5719186067581177
v 0.8794205188751221 -3.735234498977661 -0.8598046898841858
v 0.7969169020652771 -2.6700761318206787 -0.30603405833244324
v 1.0987836122512817 -3.6823084354400635 0.06074252724647522
v 0.6765299439430237 -4.869614124298096 0.40384799242019653
v 1.0987836122512817 -3.6823084354400635 0.06074252724647522
v 0.9132550358772278 -3.891153573989868 0.5719186067581177
v 0.6765299439430237 -4.869614124298096 0.40384799242019653
v 0.6436498165130615 -4.912288665771484 -0.5329483151435852
v 1.0987836122512817 -3.6823084354400635 0.06074252724647522
v 1.0987836122512817 -3.6823084354400635 0.06074252724647522
v 0.6436498165130615 -4.912288665771484 -0.5329483151435852
v 0.8794205188751221 -3.735234498977661 -0.8598046898841858
v 0.3647976219654083 -5.766611099243164 0.18507161736488342
v 0.6436498165130615 -4.912288665771484 -0.5329483151435852
v 0.6765299439430237 -4.869614124298096 0.40384799242019653
v 0.6436498165130615 -4.912288665771484 -0.5329483151435852
v 0.3647976219654083 -5.766611099243164 0.18507161736488342
v 0.3033962845802307 -5.72698974609375 -0.28895819187164307
v 0.3033962845802307 -5.72698974609375 -0.28895819187164307
v 0.3647976219654083 -5.766611099243164 0.18507161736488342
v 0.01119715254753828 -6.261198997497559 -0.17322136461734772
v 0.5694528818130493 -1.9399559497833252 0.25630685687065125
v -0.1930040717124939 -2.3288686275482178 0.37552276253700256
v 0.6695242524147034 -2.7465033531188965 0.3349505066871643
v -0.1930040717124939 -2.3288686275482178 0.37552276253700256
v 0.5694528818130493 -1.9399559497833252 0.25630685687065125
v -0.07572755217552185 -1.5360392332077026 0.2627795338630676
v 0.316122442483902 -3.888007640838623 0.8085996508598328
v 0.6695242524147034 -2.7465033531188965 0.3349505066871643
v -0.1930040717124939 -2.3288686275482178 0.37552276253700256
v 0.316122442483902 -3.888007640838623 0.8085996508598328
v -0.1930040717124939 -2.3288686275482178 0.37552276253700256
v -0.5534692406654358 -3.7570860385894775 0.8068010807037354
v -0.3377690613269806 -4.9085307121276855 0.5148987174034119
v 0.316122442483902 -3.888007640838623 0.8085996508598328
v -0.5534692406654358 -3.7570860385894775 0.8068010807037354
v 0.316122442483902 -3.888007640838623 0.8085996508598328
v -0.3377690613269806 -4.9085307121276855 0.5148987174034119
v 0.6765299439430237 -4.869614124298096 0.40384799242019653
v 0.316122442483902 -3.888007640838623 0.8085996508598328
v 0.6765299439430237 -4.869614124298096 0.40384799242019653
v 0.9132550358772278 -3.891153573989868 0.5719186067581177
v 0.6695242524147034 -2.7465033531188965 0.3349505066871643
v 0.316122442483902 -3.888007640838623 0.8085996508598328
v 0.9132550358772278 -3.891153573989868 0.5719186067581177
v -0.151347354054451 -5.775700092315674 0.15486250817775726
v 0.6765299439430237 -4.869614124298096 0.40384799242019653
v -0.3377690613269806 -4.9085307121276855 0.5148987174034119
v 0.6765299439430237 -4.869614124298096 0.40384799242019653
v -0.151347354054451 -5.775700092315674 0.15486250817775726
v 0.3647976219654083 -5.766611099243164 0.18507161736488342
v 0.3647976219654083 -5.766611099243164 0.18507161736488342
v -0.151347354054451 -5.775700092315674 0.15486250817775726
v 0.01119715254753828 -6.261198997497559 -0.17322136461734772
v -0.07572755217552185 -1.5360392332077026 0.2627795338630676
v 0.5694528818130493 -1.9399559497833252 0.25630685687065125
v 0.3858278691768646 -1.3913562297821045 0.12639176845550537
v -0.07572755217552185 -1.5360392332077026 0.2627795338630676
v 0.3858278691768646 -1.3913562297821045 0.12639176845550537
v -0.040804423391819 -0.8945078253746033 -0.010038171894848347
v -0.20074151456356049 -1.6003068685531616 -0.3019225001335144
v -0.07572755217552185 -1.5360392332077026 0.2627795338630676
v -0.040804423391819 -0.8945078253746033 -0.010038171894848347
v -0.20074151456356049 -1.6003068685531616 -0.3019225001335144
v -0.1930040717124939 -2.3288686275482178 0.37552276253700256
v -0.07572755217552185 -1.5360392332077026 0.2627795338630676
v -0.1930040717124939 -2.3288686275482178 0.37552276253700256
v -0.20074151456356049 -1.6003068685531616 -0.3019225001335144
v -0.349810391664505 -2.3237273693084717 -0.30539536476135254
v -0.1930040717124939 -2.3288686275482178 0.37552276253700256
v -0.349810391664505 -2.3237273693084717 -0.30539536476135254
v -0.9072949886322021 -3.7333362102508545 -0.3223179280757904
v -0.1930040717124939 -2.3288686275482178 0.37552276253700256
v -0.9072949886322021 -3.7333362102508545 -0.3223179280757904
v -0.5534692406654358 -3.7570860385894775 0.8068010807037354
v -0.9072949886322021 -3.7333362102508545 -0.3223179280757904
v -0.3377690613269806 -4.9085307121276855 0.5148987174034119
v -0.5534692406654358 -3.7570860385894775 0.8068010807037354
v -0.5662141442298889 -4.867213249206543 -0.47375452518463135
v -0.3377690613269806 -4.9085307121276855 0.5148987174034119
v -0.9072949886322021 -3.7333362102508545 -0.3223179280757904
v -0.151347354054451 -5.775700092315674 0.15486250817775726
v -0.3377690613269806 -4.9085307121276855 0.5148987174034119
v -0.5662141442298889 -4.867213249206543 -0.47375452518463135
v -0.151347354054451 -5.775700092315674 0.15486250817775726
v -0.5662141442298889 -4.867213249206543 -0.47375452518463135
v -0.10741778463125229 -5.602863788604736 -0.2352982759475708
v -0.151347354054451 -5.775700092315674 0.15486250817775726
v -0.10741778463125229 -5.602863788604736 -0.2352982759475708
v 0.01119715254753828 -6.261198997497559 -0.17322136461734772
v -0.11645469814538956 -4.689366817474365 -0.788269579410553
v 0.6436498165130615 -4.912288665771484 -0.5329483151435852
v -0.5662141442298889 -4.867213249206543 -0.47375452518463135
v -0.9072949886322021 -3.7333362102508545 -0.3223179280757904
v -0.11645469814538956 -4.689366817474365 -0.788269579410553
v -0.5662141442298889 -4.867213249206543 -0.47375452518463135
v -0.11645469814538956 -4.689366817474365 -0.788269579410553
v -0.9072949886322021 -3.7333362102508545 -0.3223179280757904
v -0.224007710814476 -3.5298521518707275 -1.0857977867126465
v -0.224007710814476 -3.5298521518707275 -1.0857977867126465
v 0.6436498165130615 -4.912288665771484 -0.5329483151435852
v -0.11645469814538956 -4.689366817474365 -0.788269579410553
v 0.3033962845802307 -5.72698974609375 -0.28895819187164307
v -0.5662141442298889 -4.867213249206543 -0.47375452518463135
v 0.6436498165130615 -4.912288665771484 -0.5329483151435852
v -0.5662141442298889 -4.867213249206543 -0.47375452518463135
v 0.3033962845802307 -5.72698974609375 -0.28895819187164307
v -0.10741778463125229 -5.602863788604736 -0.2352982759475708
v -0.224007710814476 -3.5298521518707275 -1.0857977867126465
v -0.9072949886322021 -3.7333362102508545 -0.3223179280757904
v -0.349810391664505 -2.3237273693084717 -0.30539536476135254
v -0.349810391664505 -2.3237273693084717 -0.30539536476135254
v 0.27511975169181824 -2.9659881591796875 -1.150225043296814
v -0.224007710814476 -3.5298521518707275 -1.0857977867126465
v 0.27511975169181824 -2.9659881591796875 -1.150225043296814
v -0.349810391664505 -2.3237273693084717 -0.30539536476135254
v 0.25881993770599365 -2.3253839015960693 -0.7779059410095215
v -0.224007710814476 -3.5298521518707275 -1.0857977867126465
v 0.27511975169181824 -2.9659881591796875 -1.150225043296814
v 0.8794205188751221 -3.735234498977661 -0.8598046898841858
v 0.6436498165130615 -4.912288665771484 -0.5329483151435852
v -0.224007710814476 -3.5298521518707275 -1.0857977867126465
v 0.8794205188751221 -3.735234498977661 -0.8598046898841858
v -0.349810391664505 -2.3237273693084717 -0.30539536476135254
v 0.23985342681407928 -1.5736312866210938 -0.49296799302101135
v 0.25881993770599365 -2.3253839015960693 -0.7779059410095215
v 0.23985342681407928 -1.5736312866210938 -0.49296799302101135
v -0.349810391664505 -2.3237273693084717 -0.30539536476135254
v -0.20074151456356049 -1.6003068685531616 -0.3019225001335144
v -0.10741778463125229 -5.602863788604736 -0.2352982759475708
v 0.3033962845802307 -5.72698974609375 -0.28895819187164307
v 0.01119715254753828 -6.261198997497559 -0.17322136461734772
v 0.23985342681407928 -1.5736312866210938 -0.49296799302101135
v -0.20074151456356049 -1.6003068685531616 -0.3019225001335144
v -0.040804423391819 -0.8945078253746033 -0.010038171894848347
v 1.176490306854248 -5.177151203155518 0.9053139686584473
v 1.2854163646697998 -5.320165634155273 0.9748176336288452
v 1.2459943294525146 -5.274645805358887 0.7963876128196716
v 1.4632357358932495 -5.5429534912109375 0.889575183391571
v 1.2459943294525146 -5.274645805358887 0.7963876128196716
v 1.2854163646697998 -5.320165634155273 0.9748176336288452
v 1.2459943294525146 -5.274645805358887 0.7963876128196716
v 1.4632357358932495 -5.5429534912109375 0.889575183391571
v 1.268671989440918 -5.606072902679443 0.6715848445892334
v 1.2854163646697998 -5.320165634155273 0.9748176336288452
v 1.3754371404647827 -5.7154436111450195 1.1265928745269775
v 1.4632357358932495 -5.5429534912109375 0.889575183391571
v 1.3754371404647827 -5.7154436111450195 1.1265928745269775
v 1.335852861404419 -5.933268070220947 0.8834736943244934
v 1.4632357358932495 -5.5429534912109375 0.889575183391571
v 1.335852861404419 -5.933268070220947 0.8834736943244934
v 1.268671989440918 -5.606072902679443 0.6715848445892334
v 1.4632357358932495 -5.5429534912109375 0.889575183391571
v 1.268671989440918 -5.606072902679443 0.6715848445892334
v 1.335852861404419 -5.933268070220947 0.8834736943244934
v 1.2100344896316528 -5.928707122802734 0.7599413394927979
v 1.2100344896316528 -5.928707122802734 0.7599413394927979
v 1.335852861404419 -5.933268070220947 0.8834736943244934
v 1.187326192855835 -6.064319133758545 0.887006402015686
v 1.176490306854248 -5.177151203155518 0.9053139686584473
v 1.2459943294525146 -5.274645805358887 0.7963876128196716
v 1.0675643682479858 -5.274645805358887 0.8358100056648254
v 1.2459943294525146 -5.274645805358887 0.7963876128196716
v 0.9496106505393982 -5.694427490234375 0.8238335251808167
v 1.0675643682479858 -5.274645805358887 0.8358100056648254
v 0.9496106505393982 -5.694427490234375 0.8238335251808167
v 1.2459943294525146 -5.274645805358887 0.7963876128196716
v 1.268671989440918 -5.606072902679443 0.6715848445892334
v 1.2100344896316528 -5.928707122802734 0.7599413394927979
v 0.9496106505393982 -5.694427490234375 0.8238335251808167
v 1.268671989440918 -5.606072902679443 0.6715848445892334
v 0.9496106505393982 -5.694427490234375 0.8238335251808167
v 1.2100344896316528 -5.928707122802734 0.7599413394927979
v 1.187326192855835 -6.064319133758545 0.887006402015686
v 1.176490306854248 -5.177151203155518 0.9053139686584473
v 1.0675643682479858 -5.274645805358887 0.8358100056648254
v 1.1182225942611694 -5.262942314147949 0.9929623603820801
v 1.0675643682479858 -5.274645805358887 0.8358100056648254
v 1.0840903520584106 -5.763507843017578 1.1394569873809814
v 1.1182225942611694 -5.262942314147949 0.9929623603820801
v 1.0840903520584106 -5.763507843017578 1.1394569873809814
v 1.0675643682479858 -5.274645805358887 0.8358100056648254
v 0.9496106505393982 -5.694427490234375 0.8238335251808167
v 0.9496106505393982 -5.694427490234375 0.8238335251808167
v 1.187326192855835 -6.064319133758545 0.887006402015686
v 1.0840903520584106 -5.763507843017578 1.1394569873809814
v 1.176490306854248 -5.177151203155518 0.9053139686584473
v 1.1182225942611694 -5.262942314147949 0.9929623603820801
v 1.2854163646697998 -5.320165634155273 0.9748176336288452
v 1.0840903520584106 -5.763507843017578 1.1394569873809814
v 1.2854163646697998 -5.320165634155273 0.9748176336288452
v 1.1182225942611694 -5.262942314147949 0.9929623603820801
v 1.2854163646697998 -5.320165634155273 0.9748176336288452
v 1.0840903520584106 -5.763507843017578 1.1394569873809814
v 1.3754371404647827 -5.7154436111450195 1.1265928745269775
v 1.0840903520584106 -5.763507843017578 1.1394569873809814
v 1.187326192855835 -6.064319133758545 0.887006402015686
v 1.3754371404647827 -5.7154436111450195 1.1265928745269775
v 1.3754371404647827 -5.7154436111450195 1.1265928745269775
v 1.187326192855835 -6.064319133758545 0.887006402015686
v 1.335852861404419 -5.933268070220947 0.8834736943244934
v -0.0165553018450737 -5.735811710357666 -1.0950590372085571
v -0.11277973651885986 -5.898019313812256 -1.1128075122833252
v -0.034303657710552216 -5.846391201019287 -0.9988346695899963
v -0.2151564359664917 -6.21838903427124 -0.9836593866348267
v -0.034303657710552216 -5.846391201019287 -0.9988346695899963
v -0.11277973651885986 -5.898019313812256 -1.1128075122833252
v -0.034303657710552216 -5.846391201019287 -0.9988346695899963
v -0.2151564359664917 -6.21838903427124 -0.9836593866348267
v -0.016555188223719597 -6.289978504180908 -0.8861103653907776
v -0.11277973651885986 -5.898019313812256 -1.1128075122833252
v -0.2191682606935501 -6.346346378326416 -1.1936674118041992
v -0.2151564359664917 -6.21838903427124 -0.9836593866348267
v -0.2191682606935501 -6.346346378326416 -1.1936674118041992
v -0.12215613573789597 -6.593404769897461 -1.0343502759933472
v -0.2151564359664917 -6.21838903427124 -0.9836593866348267
v -0.12215613573789597 -6.593404769897461 -1.0343502759933472
v -0.016555188223719597 -6.289978504180908 -0.8861103653907776
v -0.2151564359664917 -6.21838903427124 -0.9836593866348267
v -0.016555188223719597 -6.289978504180908 -0.8861103653907776
v -0.12215613573789597 -6.593404769897461 -1.0343502759933472
v 0.0013079330092296004 -6.588231563568115 -0.9835021495819092
v 0.0013079330092296004 -6.588231563568115 -0.9835021495819092
v -0.12215613573789597 -6.593404769897461 -1.0343502759933472
v -0.018944835290312767 -6.742043495178223 -1.0791274309158325
v -0.0165553018450737 -5.735811710357666 -1.0950590372085571
v -0.034303657710552216 -5.846391201019287 -0.9988346695899963
v 0.07966914772987366 -5.846391201019287 -1.0773108005523682
v -0.034303657710552216 -5.846391201019287 -0.9988346695899963
v 0.16584494709968567 -6.322509765625 -1.1024988889694214
v 0.07966914772987366 -5.846391201019287 -1.0773108005523682
v 0.16584494709968567 -6.322509765625 -1.1024988889694214
v -0.034303657710552216 -5.846391201019287 -0.9988346695899963
v -0.016555188223719597 -6.289978504180908 -0.8861103653907776
v 0.0013079330092296004 -6.588231563568115 -0.9835021495819092
v 0.16584494709968567 -6.322509765625 -1.1024988889694214
v -0.016555188223719597 -6.289978504180908 -0.8861103653907776
v 0.16584494709968567 -6.322509765625 -1.1024988889694214
v 0.0013079330092296004 -6.588231563568115 -0.9835021495819092
v -0.018944835290312767 -6.742043495178223 -1.0791274309158325
v -0.0165553018450737 -5.735811710357666 -1.0950590372085571
v 0.07966914772987366 -5.846391201019287 -1.0773108005523682
v 0.0011930624023079872 -5.846391201019287 -1.1912833452224731
v 0.07966914772987366 -5.846391201019287 -1.0773108005523682
v -0.016555417329072952 -6.434925079345703 -1.3040077686309814
v 0.0011930624023079872 -5.846391201019287 -1.1912833452224731
v -0.016555417329072952 -6.434925079345703 -1.3040077686309814
v 0.07966914772987366 -5.846391201019287 -1.0773108005523682
v 0.16584494709968567 -6.322509765625 -1.1024988889694214
v 0.16584494709968567 -6.322509765625 -1.1024988889694214
v -0.018944835290312767 -6.742043495178223 -1.0791274309158325
v -0.016555417329072952 -6.434925079345703 -1.3040077686309814
v -0.0165553018450737 -5.735811710357666 -1.0950590372085571
v 0.0011930624023079872 -5.846391201019287 -1.1912833452224731
v -0.11277973651885986 -5.898019313812256 -1.1128075122833252
v -0.016555417329072952 -6.434925079345703 -1.3040077686309814
v -0.11277973651885986 -5.898019313812256 -1.1128075122833252
v 0.0011930624023079872 -5.846391201019287 -1.1912833452224731
v -0.11277973651885986 -5.898019313812256 -1.1128075122833252
v -0.016555417329072952 -6.434925079345703 -1.3040077686309814
v -0.2191682606935501 -6.346346378326416 -1.1936674118041992
v -0.016555417329072952 -6.434925079345703 -1.3040077686309814
v -0.018944835290312767 -6.742043495178223 -1.0791274309158325
v -0.2191682606935501 -6.346346378326416 -1.1936674118041992
v -0.2191682606935501 -6.346346378326416 -1.1936674118041992
v -0.018944835290312767 -6.742043495178223 -1.0791274309158325
v -0.12215613573789597 -6.593404769897461 -1.0343502759933472
v -1.519421100616455 -4.651588439941406 0.5068289041519165
v -1.5318621397018433 -4.8195085525512695 0.658032238483429
v -1.3682178258895874 -4.7660627365112305 0.5192700028419495
v -1.519421100616455 -4.651588439941406 0.5068289041519165
v -1.6423718929290771 -4.7523193359375 0.49438804388046265
v -1.5318621397018433 -4.8195085525512695 0.658032238483429
v -1.3458610773086548 -5.081095218658447 0.7959193587303162
v -1.3682178258895874 -4.7660627365112305 0.5192700028419495
v -1.5318621397018433 -4.8195085525512695 0.658032238483429
v -1.3682178258895874 -4.7660627365112305 0.5192700028419495
v -1.3458610773086548 -5.081095218658447 0.7959193587303162
v -1.2262049913406372 -5.155205726623535 0.4743875563144684
v -1.5318621397018433 -4.8195085525512695 0.658032238483429
v -1.6400889158248901 -5.283624172210693 0.8347141146659851
v -1.3458610773086548 -5.081095218658447 0.7959193587303162
v -1.6400889158248901 -5.283624172210693 0.8347141146659851
v -1.4093687534332275 -5.539383411407471 0.6603158712387085
v -1.3458610773086548 -5.081095218658447 0.7959193587303162
v -1.4093687534332275 -5.539383411407471 0.6603158712387085
v -1.2262049913406372 -5.155205726623535 0.4743875563144684
v -1.3458610773086548 -5.081095218658447 0.7959193587303162
v -1.2262049913406372 -5.155205726623535 0.4743875563144684
v -1.4093687534332275 -5.539383411407471 0.6603158712387085
v -1.350093126296997 -5.534027576446533 0.4619508385658264
v -1.350093126296997 -5.534027576446533 0.4619508385658264
v -1.4093687534332275 -5.539383411407471 0.6603158712387085
v -1.4944720268249512 -5.693256378173828 0.5080417394638062
v -1.519421100616455 -4.651588439941406 0.5068289041519165
v -1.3682178258895874 -4.7660627365112305 0.5192700028419495
v -1.5069799423217773 -4.7660627365112305 0.3556258976459503
v -1.3682178258895874 -4.7660627365112305 0.5192700028419495
v -1.559218168258667 -5.258947849273682 0.22659137845039368
v -1.5069799423217773 -4.7660627365112305 0.3556258976459503
v -1.559218168258667 -5.258947849273682 0.22659137845039368
v -1.3682178258895874 -4.7660627365112305 0.5192700028419495
v -1.2262049913406372 -5.155205726623535 0.4743875563144684
v -1.350093126296997 -5.534027576446533 0.4619508385658264
v -1.559218168258667 -5.258947849273682 0.22659137845039368
v -1.2262049913406372 -5.155205726623535 0.4743875563144684
v -1.559218168258667 -5.258947849273682 0.22659137845039368
v -1.350093126296997 -5.534027576446533 0.4619508385658264
v -1.4944720268249512 -5.693256378173828 0.5080417394638062
v -1.519421100616455 -4.651588439941406 0.5068289041519165
v -1.5069799423217773 -4.7660627365112305 0.3556258976459503
v -1.6423718929290771 -4.7523193359375 0.49438804388046265
v -1.5069799423217773 -4.7660627365112305 0.3556258976459503
v -1.8131874799728394 -5.34005880355835 0.539270281791687
v -1.6423718929290771 -4.7523193359375 0.49438804388046265
v -1.8131874799728394 -5.34005880355835 0.539270281791687
v -1.5069799423217773 -4.7660627365112305 0.3556258976459503
v -1.559218168258667 -5.258947849273682 0.22659137845039368
v -1.559218168258667 -5.258947849273682 0.22659137845039368
v -1.4944720268249512 -5.693256378173828 0.5080417394638062
v -1.8131874799728394 -5.34005880355835 0.539270281791687
v -1.8131874799728394 -5.34005880355835 0.539270281791687
v -1.4944720268249512 -5.693256378173828 0.5080417394638062
v -1.6400889158248901 -5.283624172210693 0.8347141146659851
v -1.5318621397018433 -4.8195085525512695 0.658032238483429
v -1.8131874799728394 -5.34005880355835 0.539270281791687
v -1.6400889158248901 -5.283624172210693 0.8347141146659851
v -1.8131874799728394 -5.34005880355835 0.539270281791687
v -1.5318621397018433 -4.8195085525512695 0.658032238483429
v -1.6423718929290771 -4.7523193359375 0.49438804388046265
v -1.6400889158248901 -5.283624172210693 0.8347141146659851
v -1.4944720268249512 -5.693256378173828 0.5080417394638062
v -1.4093687534332275 -5.539383411407471 0.6603158712387085
v -1.7341350317001343 -1.5546213388442993 0.718303918838501
v -2.496842861175537 -1.5546214580535889 0.0000017251261397177586
v -1.8770149946212769 -1.5546213388442993 0.0000013339785027710604
v -2.496842861175537 -1.5546214580535889 0.0000017251261397177586
v -1.7341350317001343 -1.5546213388442993 0.718303918838501
v -2.30678129196167 -1.5546214580535889 0.9555022120475769
v -1.3272489309310913 -1.5546213388442993 1.3272509574890137
v -2.30678129196167 -1.5546214580535889 0.9555022120475769
v -1.7341350317001343 -1.5546213388442993 0.718303918838501
v -2.30678129196167 -1.5546214580535889 0.9555022120475769
v -1.3272489309310913 -1.5546213388442993 1.3272509574890137
v -1.7655330896377563 -1.5546214580535889 1.765535831451416
v -0.7183013558387756 -1.5546213388442993 1.7341361045837402
v -1.7655330896377563 -1.5546214580535889 1.765535831451416
v -1.3272489309310913 -1.5546213388442993 1.3272509574890137
v -1.7655330896377563 -1.5546214580535889 1.765535831451416
v -0.7183013558387756 -1.5546213388442993 1.7341361045837402
v -0.9554985761642456 -1.5546214580535889 2.3067829608917236
v 0.000001392850094816822 -1.5546213388442993 1.8770149946212769
v -0.9554985761642456 -1.5546214580535889 2.3067829608917236
v -0.7183013558387756 -1.5546213388442993 1.7341361045837402
v -0.9554985761642456 -1.5546214580535889 2.3067829608917236
v 0.000001392850094816822 -1.5546213388442993 1.8770149946212769
v 0.0000018540069959271932 -1.5546214580535889 2.496842861175537
v 0.7183039784431458 -1.5546213388442993 1.7341350317001343
v 0.0000018540069959271932 -1.5546214580535889 2.496842861175537
v 0.000001392850094816822 -1.5546213388442993 1.8770149946212769
v 0.0000018540069959271932 -1.5546214580535889 2.496842861175537
v 0.7183039784431458 -1.5546213388442993 1.7341350317001343
v 0.9555023312568665 -1.5546214580535889 2.30678129196167
v 1.3272509574890137 -1.5546213388442993 1.3272489309310913
v 0.9555023312568665 -1.5546214580535889 2.30678129196167
v 0.7183039784431458 -1.5546213388442993 1.7341350317001343
v 0.9555023312568665 -1.5546214580535889 2.30678129196167
v 1.3272509574890137 -1.5546213388442993 1.3272489309310913
v 1.7655359506607056 -1.5546214580535889 1.7655329704284668
v 1.7341362237930298 -1.5546213388442993 0.7183014154434204
v 1.7655359506607056 -1.5546214580535889 1.7655329704284668
v 1.3272509574890137 -1.5546213388442993 1.3272489309310913
v 1.7655359506607056 -1.5546214580535889 1.7655329704284668
v 1.7341362237930298 -1.5546213388442993 0.7183014154434204
v 2.3067829608917236 -1.5546214580535889 0.9554987549781799
v 1.8770149946212769 -1.5546213388442993 -0.0000010081016625917982
v 2.3067829608917236 -1.5546214580535889 0.9554987549781799
v 1.7341362237930298 -1.5546213388442993 0.7183014154434204
v 2.3067829608917236 -1.5546214580535889 0.9554987549781799
v 1.8770149946212769 -1.5546213388442993 -0.0000010081016625917982
v 2.496842861175537 -1.5546214580535889 -0.0000013903560329708853
v 1.7341352701187134 -1.5546213388442993 -0.7183033227920532
v 2.496842861175537 -1.5546214580535889 -0.0000013903560329708853
v 1.8770149946212769 -1.5546213388442993 -0.0000010081016625917982
v 2.496842861175537 -1.5546214580535889 -0.0000013903560329708853
v 1.7341352701187134 -1.5546213388442993 -0.7183033227920532
v 2.306781530380249 -1.5546214580535889 -0.9555015563964844
v 1.32724928855896 -1.5546213388442993 -1.3272507190704346
v 2.306781530380249 -1.5546214580535889 -0.9555015563964844
v 1.7341352701187134 -1.5546213388442993 -0.7183033227920532
v 2.306781530380249 -1.5546214580535889 -0.9555015563964844
v 1.32724928855896 -1.5546213388442993 -1.3272507190704346
v 1.7655338048934937 -1.5546214580535889 -1.765535593032837
v 0.71830153465271 -1.5546213388442993 -1.7341361045837402
v 1.7655338048934937 -1.5546214580535889 -1.765535593032837
v 1.32724928855896 -1.5546213388442993 -1.3272507190704346
v 1.7655338048934937 -1.5546214580535889 -1.765535593032837
v 0.71830153465271 -1.5546213388442993 -1.7341361045837402
v 0.9554990530014038 -1.5546214580535889 -2.3067829608917236
v -0.0000013370819260671851 -1.5546213388442993 -1.8770149946212769
v 0.9554990530014038 -1.5546214580535889 -2.3067829608917236
v 0.71830153465271 -1.5546213388442993 -1.7341361045837402
v 0.9554990530014038 -1.5546214580535889 -2.3067829608917236
v -0.0000013370819260671851 -1.5546213388442993 -1.8770149946212769
v -0.0000017774030993678025 -1.5546214580535889 -2.496842861175537
v -0.7183041572570801 -1.5546213388442993 -1.7341350317001343
v -0.0000017774030993678025 -1.5546214580535889 -2.496842861175537
v -0.0000013370819260671851 -1.5546213388442993 -1.8770149946212769
v -0.0000017774030993678025 -1.5546214580535889 -2.496842861175537
v -0.7183041572570801 -1.5546213388442993 -1.7341350317001343
v -0.9555025696754456 -1.5546214580535889 -2.30678129196167
v -1.327251672744751 -1.5546213388442993 -1.3272485733032227
v -0.9555025696754456 -1.5546214580535889 -2.30678129196167
v -0.7183041572570801 -1.5546213388442993 -1.7341350317001343
v -0.9555025696754456 -1.5546214580535889 -2.30678129196167
v -1.327251672744751 -1.5546213388442993 -1.3272485733032227
v -1.7655367851257324 -1.5546214580535889 -1.7655326128005981
v -1.7341368198394775 -1.5546213388442993 -0.718300461769104
v -1.7655367851257324 -1.5546214580535889 -1.7655326128005981
v -1.327251672744751 -1.5546213388442993 -1.3272485733032227
v -1.7655367851257324 -1.5546214580535889 -1.7655326128005981
v -1.7341368198394775 -1.5546213388442993 -0.718300461769104
v -2.306783676147461 -1.5546214580535889 -0.9554975628852844
v -1.8770149946212769 -1.5546213388442993 0.0000013339785027710604
v -2.306783676147461 -1.5546214580535889 -0.9554975628852844
v -1.7341368198394775 -1.5546213388442993 -0.718300461769104
v -2.306783676147461 -1.5546214580535889 -0.9554975628852844
v -1.8770149946212769 -1.5546213388442993 0.0000013339785027710604
v -2.496842861175537 -1.5546214580535889 0.0000017251261397177586
vt 0.11451142281293869 0.00896584801375866
vt 0.006566931027919054 0.04962199926376343
vt 0.11451142281293869 0.04962199926376343
vt 0.006566931027919054 0.04962199926376343
vt 0.11451142281293869 0.00896584801375866
vt 0.006566931027919054 0.00896584801375866
vt 0.11451142281293869 0.04962199926376343
vt 0.2217024713754654 0.00896584801375866
vt 0.11451142281293869 0.00896584801375866
vt 0.2217024713754654 0.00896584801375866
vt 0.11451142281293869 0.04962199926376343
vt 0.2217024713754654 0.04962199926376343
vt 0.2217024713754654 0.04962199926376343
vt 0.3258284628391266 0.00896584801375866
vt 0.2217024713754654 0.00896584801375866
vt 0.3258284628391266 0.00896584801375866
vt 0.2217024713754654 0.04962199926376343
vt 0.3258284628391266 0.04962199926376343
vt 0.3258284628391266 0.04962199926376343
vt 0.4286515414714813 0.00896584801375866
vt 0.3258284628391266 0.00896584801375866
vt 0.4286515414714813 0.00896584801375866
vt 0.3258284628391266 0.04962199926376343
vt 0.4286515414714813 0.04962199926376343
vt 0.4286515414714813 0.04962199926376343
vt 0.5326783061027527 0.00896584801375866
vt 0.4286515414714813 0.00896584801375866
vt 0.5326783061027527 0.00896584801375866
vt 0.4286515414714813 0.04962199926376343
vt 0.5326783061027527 0.04962199926376343
vt 0.5326783061027527 0.04962199926376343
vt 0.639767587184906 0.00896584801375866
vt 0.5326783061027527 0.00896584801375866
vt 0.639767587184906 0.00896584801375866
vt 0.5326783061027527 0.04962199926376343
vt 0.639767587184906 0.04962199926376343
vt 0.639767587184906 0.04962199926376343
vt 0.7497182488441467 0.00896584801375866
vt 0.639767587184906 0.00896584801375866
vt 0.7497182488441467 0.00896584801375866
vt 0.639767587184906 0.04962199926376343
vt 0.7497182488441467 0.04962199926376343
vt 0.7497182488441467 0.04962199926376343
vt 0.8587793707847595 0.00896584801375866
vt 0.7497182488441467 0.00896584801375866
vt 0.8587793707847595 0.00896584801375866
vt 0.7497182488441467 0.04962199926376343
vt 0.8587793707847595 0.04962199926376343
vt 0.006566931027919054 0.12544921040534973
vt 0.11451142281293869 0.19441284239292145
vt 0.11451142281293869 0.12544921040534973
vt 0.2217024713754654 0.19441291689872742
vt 0.11451142281293869 0.12544921040534973
vt 0.11451142281293869 0.19441284239292145
vt 0.11451142281293869 0.12544921040534973
vt 0.2217024713754654 0.19441291689872742
vt 0.2217024713754654 0.12544913589954376
vt 0.11451142281293869 0.19441284239292145
vt 0.006566931027919054 0.12544921040534973
vt 0.006566931027919054 0.19441284239292145
vt 0.2217024713754654 0.12544913589954376
vt 0.3258284628391266 0.19441291689872742
vt 0.3258284628391266 0.12544921040534973
vt 0.3258284628391266 0.19441291689872742
vt 0.2217024713754654 0.12544913589954376
vt 0.2217024713754654 0.19441291689872742
vt 0.4286515414714813 0.19441284239292145
vt 0.3258284628391266 0.12544921040534973
vt 0.3258284628391266 0.19441291689872742
vt 0.3258284628391266 0.12544921040534973
vt 0.4286515414714813 0.19441284239292145
vt 0.4286515414714813 0.12544921040534973
vt 0.5326783061027527 0.19441284239292145
vt 0.4286515414714813 0.12544921040534973
vt 0.4286515414714813 0.19441284239292145
vt 0.4286515414714813 0.12544921040534973
vt 0.5326783061027527 0.19441284239292145
vt 0.5326783061027527 0.12544921040534973
vt 0.639767587184906 0.19441284239292145
vt 0.5326783061027527 0.12544921040534973
vt 0.5326783061027527 0.19441284239292145
vt 0.5326783061027527 0.12544921040534973
vt 0.639767587184906 0.19441284239292145
vt 0.639767587184906 0.1254490464925766
vt 0.11451142281293869 0.19441284239292145
vt 0.006566931027919054 0.21135608851909637
vt 0.11451142281293869 0.21135608851909637
vt 0.006566931027919054 0.21135608851909637
vt 0.11451142281293869 0.19441284239292145
vt 0.006566931027919054 0.19441284239292145
vt 0.11451142281293869 0.21135608851909637
vt 0.2217024713754654 0.19441291689872742
vt 0.11451142281293869 0.19441284239292145
vt 0.2217024713754654 0.19441291689872742
vt 0.11451142281293869 0.21135608851909637
vt 0.2217024713754654 0.21135608851909637
vt 0.2217024713754654 0.21135608851909637
vt 0.3258284628391266 0.19441291689872742
vt 0.2217024713754654 0.19441291689872742
vt 0.3258284628391266 0.19441291689872742
vt 0.2217024713754654 0.21135608851909637
vt 0.3258284628391266 0.21135608851909637
vt 0.4286515414714813 0.19441284239292145
vt 0.3258284628391266 0.21135608851909637
vt 0.4286515414714813 0.21135608851909637
vt 0.3258284628391266 0.21135608851909637
vt 0.4286515414714813 0.19441284239292145
vt 0.3258284628391266 0.19441291689872742
vt 0.4286515414714813 0.21135608851909637
vt 0.5326783061027527 0.19441284239292145
vt 0.4286515414714813 0.19441284239292145
vt 0.5326783061027527 0.19441284239292145
vt 0.4286515414714813 0.21135608851909637
vt 0.5326783061027527 0.21135608851909637
vt 0.5326783061027527 0.21135608851909637
vt 0.639767587184906 0.19441284239292145
vt 0.5326783061027527 0.19441284239292145
vt 0.639767587184906 0.19441284239292145
vt 0.5326783061027527 0.21135608851909637
vt 0.639767587184906 0.21135608851909637
vt 0.639767587184906 0.21135608851909637
vt 0.7497182488441467 0.19441284239292145
vt 0.639767587184906 0.19441284239292145
vt 0.7497182488441467 0.19441284239292145
vt 0.639767587184906 0.21135608851909637
vt 0.7497182488441467 0.21135608851909637
vt 0.006566931027919054 0.2581034004688263
vt 0.10916399210691452 0.32329946756362915
vt 0.11451142281293869 0.25796979665756226
vt 0.10916399210691452 0.32329946756362915
vt 0.006566931027919054 0.2581034004688263
vt 0.006566931027919054 0.3229331374168396
vt 0.10916399210691452 0.32329946756362915
vt 0.16993439197540283 0.26707229018211365
vt 0.11451142281293869 0.25796979665756226
vt 0.16993439197540283 0.26707229018211365
vt 0.10916399210691452 0.32329946756362915
vt 0.1490781307220459 0.32971474528312683
vt 0.16993439197540283 0.26707229018211365
vt 0.1490781307220459 0.32971474528312683
vt 0.19604893028736115 0.2805662751197815
vt 0.19604893028736115 0.2805662751197815
vt 0.1490781307220459 0.32971474528312683
vt 0.18459275364875793 0.3413071036338806
vt 0.2217024713754654 0.36657053232192993
vt 0.19604893028736115 0.2805662751197815
vt 0.18459275364875793 0.3413071036338806
vt 0.19604893028736115 0.2805662751197815
vt 0.2217024713754654 0.36657053232192993
vt 0.2217024713754654 0.2988240420818329
vt 0.2217024713754654 0.36657053232192993
vt 0.24666425585746765 0.2808031737804413
vt 0.2217024713754654 0.2988240420818329
vt 0.24666425585746765 0.2808031737804413
vt 0.2217024713754654 0.36657053232192993
vt 0.2595885694026947 0.3403485119342804
vt 0.24666425585746765 0.2808031737804413
vt 0.2595885694026947 0.3403485119342804
vt 0.29336318373680115 0.32946157455444336
vt 0.24666425585746765 0.2808031737804413
vt 0.29336318373680115 0.32946157455444336
vt 0.2723669409751892 0.2669307291507721
vt 0.33117595314979553 0.32315483689308167
vt 0.2723669409751892 0.2669307291507721
vt 0.29336318373680115 0.32946157455444336
vt 0.2723669409751892 0.2669307291507721
vt 0.33117595314979553 0.32315483689308167
vt 0.3258284628391266 0.2578168213367462
vt 0.4286515414714813 0.3229329586029053
vt 0.3258284628391266 0.2578168213367462
vt 0.33117595314979553 0.32315483689308167
vt 0.3258284628391266 0.2578168213367462
vt 0.4286515414714813 0.3229329586029053
vt 0.4286515414714813 0.2581034004688263
vt 0.5246567726135254 0.3231983184814453
vt 0.4286515414714813 0.2581034004688263
vt 0.4286515414714813 0.3229329586029053
vt 0.4286515414714813 0.2581034004688263
vt 0.5246567726135254 0.3231983184814453
vt 0.5326783061027527 0.25786247849464417
vt 0.5246567726135254 0.3231983184814453
vt 0.5875813961029053 0.26715269684791565
vt 0.5326783061027527 0.25786247849464417
vt 0.5875813961029053 0.26715269684791565
vt 0.5246567726135254 0.3231983184814453
vt 0.5657365322113037 0.32875823974609375
vt 0.5875813961029053 0.26715269684791565
vt 0.5657365322113037 0.32875823974609375
vt 0.6135566830635071 0.2806524336338043
vt 0.6135566830635071 0.2806524336338043
vt 0.5657365322113037 0.32875823974609375
vt 0.6004402041435242 0.3396645486354828
vt 0.639767587184906 0.3670545220375061
vt 0.6135566830635071 0.2806524336338043
vt 0.6004402041435242 0.3396645486354828
vt 0.6135566830635071 0.2806524336338043
vt 0.639767587184906 0.3670545220375061
vt 0.639767587184906 0.2985583543777466
vt 0.639767587184906 0.3670545220375061
vt 0.6658698320388794 0.2807222008705139
vt 0.639767587184906 0.2985583543777466
vt 0.6658698320388794 0.2807222008705139
vt 0.639767587184906 0.3670545220375061
vt 0.6798875331878662 0.3390046954154968
vt 0.6658698320388794 0.2807222008705139
vt 0.6798875331878662 0.3390046954154968
vt 0.7149437069892883 0.3288467824459076
vt 0.6658698320388794 0.2807222008705139
vt 0.7149437069892883 0.3288467824459076
vt 0.6935151815414429 0.2669675052165985
vt 0.7577390670776367 0.32337266206741333
vt 0.6935151815414429 0.2669675052165985
vt 0.7149437069892883 0.3288467824459076
vt 0.6935151815414429 0.2669675052165985
vt 0.7577390670776367 0.32337266206741333
vt 0.7497182488441467 0.2580665647983551
vt 0.8587793707847595 0.3229300081729889
vt 0.7497182488441467 0.2580665647983551
vt 0.7577390670776367 0.32337266206741333
vt 0.7497182488441467 0.2580665647983551
vt 0.8587793707847595 0.3229300081729889
vt 0.8587793707847595 0.2581035792827606
vt 0.11451142281293869 0.25796979665756226
vt 0.006566931027919054 0.21135608851909637
vt 0.006566931027919054 0.2581034004688263
vt 0.006566931027919054 0.21135608851909637
vt 0.11451142281293869 0.25796979665756226
vt 0.11451142281293869 0.21135608851909637
vt 0.16993439197540283 0.26707229018211365
vt 0.11451142281293869 0.21135608851909637
vt 0.11451142281293869 0.25796979665756226
vt 0.11451142281293869 0.21135608851909637
vt 0.16993439197540283 0.26707229018211365
vt 0.2217024713754654 0.21135608851909637
vt 0.2217024713754654 0.21135608851909637
vt 0.16993439197540283 0.26707229018211365
vt 0.19604893028736115 0.2805662751197815
vt 0.2217024713754654 0.21135608851909637
vt 0.19604893028736115 0.2805662751197815
vt 0.2217024713754654 0.2988240420818329
vt 0.24666425585746765 0.2808031737804413
vt 0.2217024713754654 0.21135608851909637
vt 0.2217024713754654 0.2988240420818329
vt 0.2723669409751892 0.2669307291507721
vt 0.2217024713754654 0.21135608851909637
vt 0.24666425585746765 0.2808031737804413
vt 0.3258284628391266 0.2578168213367462
vt 0.2217024713754654 0.21135608851909637
vt 0.2723669409751892 0.2669307291507721
vt 0.2217024713754654 0.21135608851909637
vt 0.3258284628391266 0.2578168213367462
vt 0.3258284628391266 0.21135608851909637
vt 0.4286515414714813 0.2581034004688263
vt 0.3258284628391266 0.21135608851909637
vt 0.3258284628391266 0.2578168213367462
vt 0.3258284628391266 0.21135608851909637
vt 0.4286515414714813 0.2581034004688263
vt 0.4286515414714813 0.21135608851909637
vt 0.5326783061027527 0.25786247849464417
vt 0.4286515414714813 0.21135608851909637
vt 0.4286515414714813 0.2581034004688263
vt 0.4286515414714813 0.21135608851909637
vt 0.5326783061027527 0.25786247849464417
vt 0.5326783061027527 0.21135608851909637
vt 0.5875813961029053 0.26715269684791565
vt 0.5326783061027527 0.21135608851909637
vt 0.5326783061027527 0.25786247849464417
vt 0.5326783061027527 0.21135608851909637
vt 0.5875813961029053 0.26715269684791565
vt 0.639767587184906 0.21135608851909637
vt 0.639767587184906 0.21135608851909637
vt 0.5875813961029053 0.26715269684791565
vt 0.6135566830635071 0.2806524336338043
vt 0.639767587184906 0.21135608851909637
vt 0.6135566830635071 0.2806524336338043
vt 0.639767587184906 0.2985583543777466
vt 0.6658698320388794 0.2807222008705139
vt 0.639767587184906 0.21135608851909637
vt 0.639767587184906 0.2985583543777466
vt 0.6935151815414429 0.2669675052165985
vt 0.639767587184906 0.21135608851909637
vt 0.6658698320388794 0.2807222008705139
vt 0.7497182488441467 0.2580665647983551
vt 0.639767587184906 0.21135608851909637
vt 0.6935151815414429 0.2669675052165985
vt 0.639767587184906 0.21135608851909637
vt 0.7497182488441467 0.2580665647983551
vt 0.7497182488441467 0.21135608851909637
vt 0.8587793707847595 0.2581035792827606
vt 0.7497182488441467 0.21135608851909637
vt 0.7497182488441467 0.2580665647983551
vt 0.7497182488441467 0.21135608851909637
vt 0.8587793707847595 0.2581035792827606
vt 0.8587793707847595 0.21135608851909637
vt 0.11451142281293869 0.1007172018289566
vt 0.006566931027919054 0.07375369966030121
vt 0.006566931027919054 0.1007172018289566
vt 0.006566931027919054 0.07375369966030121
vt 0.11451142281293869 0.1007172018289566
vt 0.11451142281293869 0.07375369966030121
vt 0.2217024713754654 0.1007172018289566
vt 0.11451142281293869 0.07375369966030121
vt 0.11451142281293869 0.1007172018289566
vt 0.11451142281293869 0.07375369966030121
vt 0.2217024713754654 0.1007172018289566
vt 0.2217024713754654 0.07375369966030121
vt 0.3258284628391266 0.1007172018289566
vt 0.2217024713754654 0.07375369966030121
vt 0.2217024713754654 0.1007172018289566
vt 0.2217024713754654 0.07375369966030121
vt 0.3258284628391266 0.1007172018289566
vt 0.3258284628391266 0.07375369966030121
vt 0.4286515414714813 0.1007172018289566
vt 0.3258284628391266 0.07375369966030121
vt 0.3258284628391266 0.1007172018289566
vt 0.3258284628391266 0.07375369966030121
vt 0.4286515414714813 0.1007172018289566
vt 0.4286515414714813 0.07375369966030121
vt 0.5326783061027527 0.1007172018289566
vt 0.4286515414714813 0.07375369966030121
vt 0.4286515414714813 0.1007172018289566
vt 0.4286515414714813 0.07375369966030121
vt 0.5326783061027527 0.1007172018289566
vt 0.5326783061027527 0.07375369966030121
vt 0.639767587184906 0.1007172018289566
vt 0.5326783061027527 0.07375369966030121
vt 0.5326783061027527 0.1007172018289566
vt 0.5326783061027527 0.07375369966030121
vt 0.639767587184906 0.1007172018289566
vt 0.639767587184906 0.07375369966030121
vt 0.11451142281293869 0.07375369966030121
vt 0.006566931027919054 0.04962199926376343
vt 0.006566931027919054 0.07375369966030121
vt 0.006566931027919054 0.04962199926376343
vt 0.11451142281293869 0.07375369966030121
vt 0.11451142281293869 0.04962199926376343
vt 0.2217024713754654 0.07375369966030121
vt 0.11451142281293869 0.04962199926376343
vt 0.11451142281293869 0.07375369966030121
vt 0.11451142281293869 0.04962199926376343
vt 0.2217024713754654 0.07375369966030121
vt 0.2217024713754654 0.04962199926376343
vt 0.3258284628391266 0.07375369966030121
vt 0.2217024713754654 0.04962199926376343
vt 0.2217024713754654 0.07375369966030121
vt 0.2217024713754654 0.04962199926376343
vt 0.3258284628391266 0.07375369966030121
vt 0.3258284628391266 0.04962199926376343
vt 0.4286515414714813 0.07375369966030121
vt 0.3258284628391266 0.04962199926376343
vt 0.3258284628391266 0.07375369966030121
vt 0.3258284628391266 0.04962199926376343
vt 0.4286515414714813 0.07375369966030121
vt 0.4286515414714813 0.04962199926376343
vt 0.5326783061027527 0.07375369966030121
vt 0.4286515414714813 0.04962199926376343
vt 0.4286515414714813 0.07375369966030121
vt 0.4286515414714813 0.04962199926376343
vt 0.5326783061027527 0.07375369966030121
vt 0.5326783061027527 0.04962199926376343
vt 0.639767587184906 0.07375369966030121
vt 0.5326783061027527 0.04962199926376343
vt 0.5326783061027527 0.07375369966030121
vt 0.5326783061027527 0.04962199926376343
vt 0.639767587184906 0.07375369966030121
vt 0.639767587184906 0.04962199926376343
vt 0.7497182488441467 0.07375369966030121
vt 0.639767587184906 0.04962199926376343
vt 0.639767587184906 0.07375369966030121
vt 0.639767587184906 0.04962199926376343
vt 0.7497182488441467 0.07375369966030121
vt 0.7497182488441467 0.04962199926376343
vt 0.8587793707847595 0.07375369966030121
vt 0.7497182488441467 0.04962199926376343
vt 0.7497182488441467 0.07375369966030121
vt 0.7497182488441467 0.04962199926376343
vt 0.8587793707847595 0.07375369966030121
vt 0.8587793707847595 0.04962199926376343
vt 0.11451142281293869 0.12544921040534973
vt 0.006566931027919054 0.1007172018289566
vt 0.006566931027919054 0.12544921040534973
vt 0.006566931027919054 0.1007172018289566
vt 0.11451142281293869 0.12544921040534973
vt 0.11451142281293869 0.1007172018289566
vt 0.2217024713754654 0.12544913589954376
vt 0.11451142281293869 0.1007172018289566
vt 0.11451142281293869 0.12544921040534973
vt 0.11451142281293869 0.1007172018289566
vt 0.2217024713754654 0.12544913589954376
vt 0.2217024713754654 0.1007172018289566
vt 0.3258284628391266 0.12544921040534973
vt 0.2217024713754654 0.1007172018289566
vt 0.2217024713754654 0.12544913589954376
vt 0.2217024713754654 0.1007172018289566
vt 0.3258284628391266 0.12544921040534973
vt 0.3258284628391266 0.1007172018289566
vt 0.4286515414714813 0.12544921040534973
vt 0.3258284628391266 0.1007172018289566
vt 0.3258284628391266 0.12544921040534973
vt 0.3258284628391266 0.1007172018289566
vt 0.4286515414714813 0.12544921040534973
vt 0.4286515414714813 0.1007172018289566
vt 0.5326783061027527 0.12544921040534973
vt 0.4286515414714813 0.1007172018289566
vt 0.4286515414714813 0.12544921040534973
vt 0.4286515414714813 0.1007172018289566
vt 0.5326783061027527 0.12544921040534973
vt 0.5326783061027527 0.1007172018289566
vt 0.639767587184906 0.1254490464925766
vt 0.5326783061027527 0.1007172018289566
vt 0.5326783061027527 0.12544921040534973
vt 0.5326783061027527 0.1007172018289566
vt 0.639767587184906 0.1254490464925766
vt 0.639767587184906 0.1007172018289566
vt 0.7497182488441467 0.12544921040534973
vt 0.639767587184906 0.1007172018289566
vt 0.639767587184906 0.1254490464925766
vt 0.013849452137947083 0.44717052578926086
vt 0.1529981642961502 0.37786439061164856
vt 0.12866440415382385 0.44717052578926086
vt 0.1529981642961502 0.37786439061164856
vt 0.013849452137947083 0.44717052578926086
vt 0.013849452137947083 0.37786439061164856
vt 0.12866440415382385 0.44717052578926086
vt 0.1529981642961502 0.37786439061164856
vt 0.17733199894428253 0.4528504014015198
vt 0.2260001003742218 0.37786412239074707
vt 0.17733199894428253 0.4528504014015198
vt 0.1529981642961502 0.37786439061164856
vt 0.17733199894428253 0.4528504014015198
vt 0.2260001003742218 0.37786412239074707
vt 0.20166611671447754 0.4617077708244324
vt 0.20166611671447754 0.4617077708244324
vt 0.2260001003742218 0.37786412239074707
vt 0.2260001003742218 0.47504761815071106
vt 0.2260001003742218 0.47504761815071106
vt 0.2260001003742218 0.37786412239074707
vt 0.25033390522003174 0.46170762181282043
vt 0.2990018427371979 0.37786412239074707
vt 0.25033390522003174 0.46170762181282043
vt 0.2260001003742218 0.37786412239074707
vt 0.25033390522003174 0.46170762181282043
vt 0.2990018427371979 0.37786412239074707
vt 0.27466773986816406 0.4528504014015198
vt 0.27466773986816406 0.4528504014015198
vt 0.2990018427371979 0.37786412239074707
vt 0.32333582639694214 0.44717052578926086
vt 0.4381506145000458 0.37786412239074707
vt 0.32333582639694214 0.44717052578926086
vt 0.2990018427371979 0.37786412239074707
vt 0.32333582639694214 0.44717052578926086
vt 0.4381506145000458 0.37786412239074707
vt 0.4381506145000458 0.44717052578926086
vt 0.5772998332977295 0.37786412239074707
vt 0.4381506145000458 0.44717052578926086
vt 0.4381506145000458 0.37786412239074707
vt 0.4381506145000458 0.44717052578926086
vt 0.5772998332977295 0.37786412239074707
vt 0.5529659986495972 0.44717052578926086
vt 0.5529659986495972 0.44717052578926086
vt 0.5772998332977295 0.37786412239074707
vt 0.601633608341217 0.4528504014015198
vt 0.6503012180328369 0.37786412239074707
vt 0.601633608341217 0.4528504014015198
vt 0.5772998332977295 0.37786412239074707
vt 0.601633608341217 0.4528504014015198
vt 0.6503012180328369 0.37786412239074707
vt 0.6259675025939941 0.46170762181282043
vt 0.6259675025939941 0.46170762181282043
vt 0.6503012180328369 0.37786412239074707
vt 0.6503012180328369 0.47504761815071106
vt 0.6503012180328369 0.47504761815071106
vt 0.6503012180328369 0.37786412239074707
vt 0.6746352314949036 0.46170762181282043
vt 0.7233032584190369 0.37786412239074707
vt 0.6746352314949036 0.46170762181282043
vt 0.6503012180328369 0.37786412239074707
vt 0.6746352314949036 0.46170762181282043
vt 0.7233032584190369 0.37786412239074707
vt 0.6989694237709045 0.4528504014015198
vt 0.6989694237709045 0.4528504014015198
vt 0.7233032584190369 0.37786412239074707
vt 0.7476370334625244 0.4471704661846161
vt 0.639767587184906 0.1254490464925766
vt 0.7497182488441467 0.19441284239292145
vt 0.7497182488441467 0.12544921040534973
vt 0.7497182488441467 0.19441284239292145
vt 0.639767587184906 0.1254490464925766
vt 0.639767587184906 0.19441284239292145
vt 0.8587793707847595 0.19441284239292145
vt 0.7497182488441467 0.12544921040534973
vt 0.7497182488441467 0.19441284239292145
vt 0.7497182488441467 0.12544921040534973
vt 0.8587793707847595 0.19441284239292145
vt 0.8587793707847595 0.12544921040534973
vt 0.8587793707847595 0.19441284239292145
vt 0.7497182488441467 0.21135608851909637
vt 0.8587793707847595 0.21135608851909637
vt 0.7497182488441467 0.21135608851909637
vt 0.8587793707847595 0.19441284239292145
vt 0.7497182488441467 0.19441284239292145
vt 0.7497182488441467 0.1007172018289566
vt 0.639767587184906 0.07375369966030121
vt 0.639767587184906 0.1007172018289566
vt 0.639767587184906 0.07375369966030121
vt 0.7497182488441467 0.1007172018289566
vt 0.7497182488441467 0.07375369966030121
vt 0.8587793707847595 0.1007172018289566
vt 0.7497182488441467 0.07375369966030121
vt 0.7497182488441467 0.1007172018289566
vt 0.7497182488441467 0.07375369966030121
vt 0.8587793707847595 0.1007172018289566
vt 0.8587793707847595 0.07375369966030121
vt 0.639767587184906 0.1007172018289566
vt 0.7497182488441467 0.12544921040534973
vt 0.7497182488441467 0.1007172018289566
vt 0.8587793707847595 0.12544921040534973
vt 0.7497182488441467 0.1007172018289566
vt 0.7497182488441467 0.12544921040534973
vt 0.7497182488441467 0.1007172018289566
vt 0.8587793707847595 0.12544921040534973
vt 0.8587793707847595 0.1007172018289566
vt 0.7476370334625244 0.4471704661846161
vt 0.8624525666236877 0.37786412239074707
vt 0.8624525666236877 0.4471704661846161
vt 0.8624525666236877 0.37786412239074707
vt 0.7476370334625244 0.4471704661846161
vt 0.7233032584190369 0.37786412239074707
vt 0.11451142281293869 0.00896584801375866
vt 0.006566931027919054 0.04962199926376343
vt 0.11451142281293869 0.04962199926376343
vt 0.006566931027919054 0.04962199926376343
vt 0.11451142281293869 0.00896584801375866
vt 0.006566931027919054 0.00896584801375866
vt 0.11451142281293869 0.04962199926376343
vt 0.2217024713754654 0.00896584801375866
vt 0.11451142281293869 0.00896584801375866
vt 0.2217024713754654 0.00896584801375866
vt 0.11451142281293869 0.04962199926376343
vt 0.2217024713754654 0.04962199926376343
vt 0.2217024713754654 0.04962199926376343
vt 0.3258284628391266 0.00896584801375866
vt 0.2217024713754654 0.00896584801375866
vt 0.3258284628391266 0.00896584801375866
vt 0.2217024713754654 0.04962199926376343
vt 0.3258284628391266 0.04962199926376343
vt 0.3258284628391266 0.04962199926376343
vt 0.4286515414714813 0.00896584801375866
vt 0.3258284628391266 0.00896584801375866
vt 0.4286515414714813 0.00896584801375866
vt 0.3258284628391266 0.04962199926376343
vt 0.4286515414714813 0.04962199926376343
vt 0.4286515414714813 0.04962199926376343
vt 0.5326783061027527 0.00896584801375866
vt 0.4286515414714813 0.00896584801375866
vt 0.5326783061027527 0.00896584801375866
vt 0.4286515414714813 0.04962199926376343
vt 0.5326783061027527 0.04962199926376343
vt 0.5326783061027527 0.04962199926376343
vt 0.639767587184906 0.00896584801375866
vt 0.5326783061027527 0.00896584801375866
vt 0.639767587184906 0.00896584801375866
vt 0.5326783061027527 0.04962199926376343
vt 0.639767587184906 0.04962199926376343
vt 0.639767587184906 0.04962199926376343
vt 0.7497182488441467 0.00896584801375866
vt 0.639767587184906 0.00896584801375866
vt 0.7497182488441467 0.00896584801375866
vt 0.639767587184906 0.04962199926376343
vt 0.7497182488441467 0.04962199926376343
vt 0.7497182488441467 0.04962199926376343
vt 0.8587793707847595 0.00896584801375866
vt 0.7497182488441467 0.00896584801375866
vt 0.8587793707847595 0.00896584801375866
vt 0.7497182488441467 0.04962199926376343
vt 0.8587793707847595 0.04962199926376343
vt 0.006566931027919054 0.12544921040534973
vt 0.11451142281293869 0.19441284239292145
vt 0.11451142281293869 0.12544921040534973
vt 0.11451142281293869 0.19441284239292145
vt 0.006566931027919054 0.12544921040534973
vt 0.006566931027919054 0.19441284239292145
vt 0.2217024713754654 0.19441291689872742
vt 0.11451142281293869 0.12544921040534973
vt 0.11451142281293869 0.19441284239292145
vt 0.11451142281293869 0.12544921040534973
vt 0.2217024713754654 0.19441291689872742
vt 0.2217024713754654 0.12544913589954376
vt 0.2217024713754654 0.12544913589954376
vt 0.3258284628391266 0.19441291689872742
vt 0.3258284628391266 0.12544921040534973
vt 0.3258284628391266 0.19441291689872742
vt 0.2217024713754654 0.12544913589954376
vt 0.2217024713754654 0.19441291689872742
vt 0.4286515414714813 0.19441284239292145
vt 0.3258284628391266 0.12544921040534973
vt 0.3258284628391266 0.19441291689872742
vt 0.3258284628391266 0.12544921040534973
vt 0.4286515414714813 0.19441284239292145
vt 0.4286515414714813 0.12544921040534973
vt 0.5326783061027527 0.19441284239292145
vt 0.4286515414714813 0.12544921040534973
vt 0.4286515414714813 0.19441284239292145
vt 0.4286515414714813 0.12544921040534973
vt 0.5326783061027527 0.19441284239292145
vt 0.5326783061027527 0.12544921040534973
vt 0.639767587184906 0.19441284239292145
vt 0.5326783061027527 0.12544921040534973
vt 0.5326783061027527 0.19441284239292145
vt 0.5326783061027527 0.12544921040534973
vt 0.639767587184906 0.19441284239292145
vt 0.639767587184906 0.1254490464925766
vt 0.11451142281293869 0.19441284239292145
vt 0.006566931027919054 0.21135608851909637
vt 0.11451142281293869 0.21135608851909637
vt 0.006566931027919054 0.21135608851909637
vt 0.11451142281293869 0.19441284239292145
vt 0.006566931027919054 0.19441284239292145
vt 0.11451142281293869 0.21135608851909637
vt 0.2217024713754654 0.19441291689872742
vt 0.11451142281293869 0.19441284239292145
vt 0.2217024713754654 0.19441291689872742
vt 0.11451142281293869 0.21135608851909637
vt 0.2217024713754654 0.21135608851909637
vt 0.2217024713754654 0.21135608851909637
vt 0.3258284628391266 0.19441291689872742
vt 0.2217024713754654 0.19441291689872742
vt 0.3258284628391266 0.19441291689872742
vt 0.2217024713754654 0.21135608851909637
vt 0.3258284628391266 0.21135608851909637
vt 0.3258284628391266 0.21135608851909637
vt 0.4286515414714813 0.19441284239292145
vt 0.3258284628391266 0.19441291689872742
vt 0.4286515414714813 0.19441284239292145
vt 0.3258284628391266 0.21135608851909637
vt 0.4286515414714813 0.21135608851909637
vt 0.4286515414714813 0.21135608851909637
vt 0.5326783061027527 0.19441284239292145
vt 0.4286515414714813 0.19441284239292145
vt 0.5326783061027527 0.19441284239292145
vt 0.4286515414714813 0.21135608851909637
vt 0.5326783061027527 0.21135608851909637
vt 0.5326783061027527 0.21135608851909637
vt 0.639767587184906 0.19441284239292145
vt 0.5326783061027527 0.19441284239292145
vt 0.639767587184906 0.19441284239292145
vt 0.5326783061027527 0.21135608851909637
vt 0.639767587184906 0.21135608851909637
vt 0.639767587184906 0.21135608851909637
vt 0.7497182488441467 0.19441284239292145
vt 0.639767587184906 0.19441284239292145
vt 0.7497182488441467 0.19441284239292145
vt 0.639767587184906 0.21135608851909637
vt 0.7497182488441467 0.21135608851909637
vt 0.7497182488441467 0.21135608851909637
vt 0.8587793707847595 0.19441284239292145
vt 0.7497182488441467 0.19441284239292145
vt 0.8587793707847595 0.19441284239292145
vt 0.7497182488441467 0.21135608851909637
vt 0.8587793707847595 0.21135608851909637
vt 0.006566931027919054 0.2581034004688263
vt 0.10916399210691452 0.32329946756362915
vt 0.11451142281293869 0.25796979665756226
vt 0.10916399210691452 0.32329946756362915
vt 0.006566931027919054 0.2581034004688263
vt 0.006566931027919054 0.3229331374168396
vt 0.10916399210691452 0.32329946756362915
vt 0.16993439197540283 0.26707229018211365
vt 0.11451142281293869 0.25796979665756226
vt 0.16993439197540283 0.26707229018211365
vt 0.10916399210691452 0.32329946756362915
vt 0.1490781307220459 0.32971474528312683
vt 0.16993439197540283 0.26707229018211365
vt 0.1490781307220459 0.32971474528312683
vt 0.19604893028736115 0.2805662751197815
vt 0.19604893028736115 0.2805662751197815
vt 0.1490781307220459 0.32971474528312683
vt 0.18459275364875793 0.3413071036338806
vt 0.2217024713754654 0.36657053232192993
vt 0.19604893028736115 0.2805662751197815
vt 0.18459275364875793 0.3413071036338806
vt 0.19604893028736115 0.2805662751197815
vt 0.2217024713754654 0.36657053232192993
vt 0.2217024713754654 0.2988240420818329
vt 0.2217024713754654 0.36657053232192993
vt 0.24666425585746765 0.2808031737804413
vt 0.2217024713754654 0.2988240420818329
vt 0.24666425585746765 0.2808031737804413
vt 0.2217024713754654 0.36657053232192993
vt 0.2595885694026947 0.3403485119342804
vt 0.24666425585746765 0.2808031737804413
vt 0.2595885694026947 0.3403485119342804
vt 0.29336318373680115 0.32946157455444336
vt 0.24666425585746765 0.2808031737804413
vt 0.29336318373680115 0.32946157455444336
vt 0.2723669409751892 0.2669307291507721
vt 0.33117595314979553 0.32315483689308167
vt 0.2723669409751892 0.2669307291507721
vt 0.29336318373680115 0.32946157455444336
vt 0.2723669409751892 0.2669307291507721
vt 0.33117595314979553 0.32315483689308167
vt 0.3258284628391266 0.2578168213367462
vt 0.4286515414714813 0.3229329586029053
vt 0.3258284628391266 0.2578168213367462
vt 0.33117595314979553 0.32315483689308167
vt 0.3258284628391266 0.2578168213367462
vt 0.4286515414714813 0.3229329586029053
vt 0.4286515414714813 0.2581034004688263
vt 0.5246567726135254 0.3231983184814453
vt 0.4286515414714813 0.2581034004688263
vt 0.4286515414714813 0.3229329586029053
vt 0.4286515414714813 0.2581034004688263
vt 0.5246567726135254 0.3231983184814453
vt 0.5326783061027527 0.25786247849464417
vt 0.5246567726135254 0.3231983184814453
vt 0.5875813961029053 0.26715269684791565
vt 0.5326783061027527 0.25786247849464417
vt 0.5875813961029053 0.26715269684791565
vt 0.5246567726135254 0.3231983184814453
vt 0.5657365322113037 0.32875823974609375
vt 0.5875813961029053 0.26715269684791565
vt 0.5657365322113037 0.32875823974609375
vt 0.6135566830635071 0.2806524336338043
vt 0.6135566830635071 0.2806524336338043
vt 0.5657365322113037 0.32875823974609375
vt 0.6004402041435242 0.3396645486354828
vt 0.639767587184906 0.3670545220375061
vt 0.6135566830635071 0.2806524336338043
vt 0.6004402041435242 0.3396645486354828
vt 0.6135566830635071 0.2806524336338043
vt 0.639767587184906 0.3670545220375061
vt 0.639767587184906 0.2985583543777466
vt 0.639767587184906 0.3670545220375061
vt 0.6658698320388794 0.2807222008705139
vt 0.639767587184906 0.2985583543777466
vt 0.6658698320388794 0.2807222008705139
vt 0.639767587184906 0.3670545220375061
vt 0.6798875331878662 0.3390046954154968
vt 0.6658698320388794 0.2807222008705139
vt 0.6798875331878662 0.3390046954154968
vt 0.7149437069892883 0.3288467824459076
vt 0.6658698320388794 0.2807222008705139
vt 0.7149437069892883 0.3288467824459076
vt 0.6935151815414429 0.2669675052165985
vt 0.7577390670776367 0.32337266206741333
vt 0.6935151815414429 0.2669675052165985
vt 0.7149437069892883 0.3288467824459076
vt 0.6935151815414429 0.2669675052165985
vt 0.7577390670776367 0.32337266206741333
vt 0.7497182488441467 0.2580665647983551
vt 0.8587793707847595 0.3229300081729889
vt 0.7497182488441467 0.2580665647983551
vt 0.7577390670776367 0.32337266206741333
vt 0.7497182488441467 0.2580665647983551
vt 0.8587793707847595 0.3229300081729889
vt 0.8587793707847595 0.2581035792827606
vt 0.11451142281293869 0.25796979665756226
vt 0.006566931027919054 0.21135608851909637
vt 0.006566931027919054 0.2581034004688263
vt 0.006566931027919054 0.21135608851909637
vt 0.11451142281293869 0.25796979665756226
vt 0.11451142281293869 0.21135608851909637
vt 0.16993439197540283 0.26707229018211365
vt 0.11451142281293869 0.21135608851909637
vt 0.11451142281293869 0.25796979665756226
vt 0.11451142281293869 0.21135608851909637
vt 0.16993439197540283 0.26707229018211365
vt 0.2217024713754654 0.21135608851909637
vt 0.2217024713754654 0.21135608851909637
vt 0.16993439197540283 0.26707229018211365
vt 0.19604893028736115 0.2805662751197815
vt 0.2217024713754654 0.21135608851909637
vt 0.19604893028736115 0.2805662751197815
vt 0.2217024713754654 0.2988240420818329
vt 0.24666425585746765 0.2808031737804413
vt 0.2217024713754654 0.21135608851909637
vt 0.2217024713754654 0.2988240420818329
vt 0.2723669409751892 0.2669307291507721
vt 0.2217024713754654 0.21135608851909637
vt 0.24666425585746765 0.2808031737804413
vt 0.3258284628391266 0.2578168213367462
vt 0.2217024713754654 0.21135608851909637
vt 0.2723669409751892 0.2669307291507721
vt 0.2217024713754654 0.21135608851909637
vt 0.3258284628391266 0.2578168213367462
vt 0.3258284628391266 0.21135608851909637
vt 0.4286515414714813 0.2581034004688263
vt 0.3258284628391266 0.21135608851909637
vt 0.3258284628391266 0.2578168213367462
vt 0.3258284628391266 0.21135608851909637
vt 0.4286515414714813 0.2581034004688263
vt 0.4286515414714813 0.21135608851909637
vt 0.5326783061027527 0.25786247849464417
vt 0.4286515414714813 0.21135608851909637
vt 0.4286515414714813 0.2581034004688263
vt 0.4286515414714813 0.21135608851909637
vt 0.5326783061027527 0.25786247849464417
vt 0.5326783061027527 0.21135608851909637
vt 0.5875813961029053 0.26715269684791565
vt 0.5326783061027527 0.21135608851909637
vt 0.5326783061027527 0.25786247849464417
vt 0.5326783061027527 0.21135608851909637
vt 0.5875813961029053 0.26715269684791565
vt 0.639767587184906 0.21135608851909637
vt 0.639767587184906 0.21135608851909637
vt 0.5875813961029053 0.26715269684791565
vt 0.6135566830635071 0.2806524336338043
vt 0.639767587184906 0.21135608851909637
vt 0.6135566830635071 0.2806524336338043
vt 0.639767587184906 0.2985583543777466
vt 0.6658698320388794 0.2807222008705139
vt 0.639767587184906 0.21135608851909637
vt 0.639767587184906 0.2985583543777466
vt 0.6935151815414429 0.2669675052165985
vt 0.639767587184906 0.21135608851909637
vt 0.6658698320388794 0.2807222008705139
vt 0.7497182488441467 0.2580665647983551
vt 0.639767587184906 0.21135608851909637
vt 0.6935151815414429 0.2669675052165985
vt 0.639767587184906 0.21135608851909637
vt 0.7497182488441467 0.2580665647983551
vt 0.7497182488441467 0.21135608851909637
vt 0.11451142281293869 0.1007172018289566
vt 0.006566931027919054 0.07375369966030121
vt 0.006566931027919054 0.1007172018289566
vt 0.006566931027919054 0.07375369966030121
vt 0.11451142281293869 0.1007172018289566
vt 0.11451142281293869 0.07375369966030121
vt 0.2217024713754654 0.1007172018289566
vt 0.11451142281293869 0.07375369966030121
vt 0.11451142281293869 0.1007172018289566
vt 0.11451142281293869 0.07375369966030121
vt 0.2217024713754654 0.1007172018289566
vt 0.2217024713754654 0.07375369966030121
vt 0.3258284628391266 0.1007172018289566
vt 0.2217024713754654 0.07375369966030121
vt 0.2217024713754654 0.1007172018289566
vt 0.2217024713754654 0.07375369966030121
vt 0.3258284628391266 0.1007172018289566
vt 0.3258284628391266 0.07375369966030121
vt 0.4286515414714813 0.1007172018289566
vt 0.3258284628391266 0.07375369966030121
vt 0.3258284628391266 0.1007172018289566
vt 0.3258284628391266 0.07375369966030121
vt 0.4286515414714813 0.1007172018289566
vt 0.4286515414714813 0.07375369966030121
vt 0.5326783061027527 0.1007172018289566
vt 0.4286515414714813 0.07375369966030121
vt 0.4286515414714813 0.1007172018289566
vt 0.4286515414714813 0.07375369966030121
vt 0.5326783061027527 0.1007172018289566
vt 0.5326783061027527 0.07375369966030121
vt 0.639767587184906 0.1007172018289566
vt 0.5326783061027527 0.07375369966030121
vt 0.5326783061027527 0.1007172018289566
vt 0.5326783061027527 0.07375369966030121
vt 0.639767587184906 0.1007172018289566
vt 0.639767587184906 0.07375369966030121
vt 0.11451142281293869 0.07375369966030121
vt 0.006566931027919054 0.04962199926376343
vt 0.006566931027919054 0.07375369966030121
vt 0.006566931027919054 0.04962199926376343
vt 0.11451142281293869 0.07375369966030121
vt 0.11451142281293869 0.04962199926376343
vt 0.2217024713754654 0.07375369966030121
vt 0.11451142281293869 0.04962199926376343
vt 0.11451142281293869 0.07375369966030121
vt 0.11451142281293869 0.04962199926376343
vt 0.2217024713754654 0.07375369966030121
vt 0.2217024713754654 0.04962199926376343
vt 0.3258284628391266 0.07375369966030121
vt 0.2217024713754654 0.04962199926376343
vt 0.2217024713754654 0.07375369966030121
vt 0.2217024713754654 0.04962199926376343
vt 0.3258284628391266 0.07375369966030121
vt 0.3258284628391266 0.04962199926376343
vt 0.4286515414714813 0.07375369966030121
vt 0.3258284628391266 0.04962199926376343
vt 0.3258284628391266 0.07375369966030121
vt 0.3258284628391266 0.04962199926376343
vt 0.4286515414714813 0.07375369966030121
vt 0.4286515414714813 0.04962199926376343
vt 0.5326783061027527 0.07375369966030121
vt 0.4286515414714813 0.04962199926376343
vt 0.4286515414714813 0.07375369966030121
vt 0.4286515414714813 0.04962199926376343
vt 0.5326783061027527 0.07375369966030121
vt 0.5326783061027527 0.04962199926376343
vt 0.639767587184906 0.07375369966030121
vt 0.5326783061027527 0.04962199926376343
vt 0.5326783061027527 0.07375369966030121
vt 0.5326783061027527 0.04962199926376343
vt 0.639767587184906 0.07375369966030121
vt 0.639767587184906 0.04962199926376343
vt 0.7497182488441467 0.07375369966030121
vt 0.639767587184906 0.04962199926376343
vt 0.639767587184906 0.07375369966030121
vt 0.639767587184906 0.04962199926376343
vt 0.7497182488441467 0.07375369966030121
vt 0.7497182488441467 0.04962199926376343
vt 0.8587793707847595 0.07375369966030121
vt 0.7497182488441467 0.04962199926376343
vt 0.7497182488441467 0.07375369966030121
vt 0.7497182488441467 0.04962199926376343
vt 0.8587793707847595 0.07375369966030121
vt 0.8587793707847595 0.04962199926376343
vt 0.11451142281293869 0.12544921040534973
vt 0.006566931027919054 0.1007172018289566
vt 0.006566931027919054 0.12544921040534973
vt 0.006566931027919054 0.1007172018289566
vt 0.11451142281293869 0.12544921040534973
vt 0.11451142281293869 0.1007172018289566
vt 0.2217024713754654 0.12544913589954376
vt 0.11451142281293869 0.1007172018289566
vt 0.11451142281293869 0.12544921040534973
vt 0.11451142281293869 0.1007172018289566
vt 0.2217024713754654 0.12544913589954376
vt 0.2217024713754654 0.1007172018289566
vt 0.3258284628391266 0.12544921040534973
vt 0.2217024713754654 0.1007172018289566
vt 0.2217024713754654 0.12544913589954376
vt 0.2217024713754654 0.1007172018289566
vt 0.3258284628391266 0.12544921040534973
vt 0.3258284628391266 0.1007172018289566
vt 0.4286515414714813 0.12544921040534973
vt 0.3258284628391266 0.1007172018289566
vt 0.3258284628391266 0.12544921040534973
vt 0.3258284628391266 0.1007172018289566
vt 0.4286515414714813 0.12544921040534973
vt 0.4286515414714813 0.1007172018289566
vt 0.5326783061027527 0.12544921040534973
vt 0.4286515414714813 0.1007172018289566
vt 0.4286515414714813 0.12544921040534973
vt 0.4286515414714813 0.1007172018289566
vt 0.5326783061027527 0.12544921040534973
vt 0.5326783061027527 0.1007172018289566
vt 0.639767587184906 0.1254490464925766
vt 0.5326783061027527 0.1007172018289566
vt 0.5326783061027527 0.12544921040534973
vt 0.5326783061027527 0.1007172018289566
vt 0.639767587184906 0.1254490464925766
vt 0.639767587184906 0.1007172018289566
vt 0.7497182488441467 0.12544921040534973
vt 0.639767587184906 0.1007172018289566
vt 0.639767587184906 0.1254490464925766
vt 0.639767587184906 0.1007172018289566
vt 0.7497182488441467 0.12544921040534973
vt 0.7497182488441467 0.1007172018289566
vt 0.013849452137947083 0.44717052578926086
vt 0.1529981642961502 0.37786439061164856
vt 0.12866440415382385 0.44717052578926086
vt 0.1529981642961502 0.37786439061164856
vt 0.013849452137947083 0.44717052578926086
vt 0.013849452137947083 0.37786439061164856
vt 0.12866440415382385 0.44717052578926086
vt 0.1529981642961502 0.37786439061164856
vt 0.17733199894428253 0.4528504014015198
vt 0.2260001003742218 0.37786412239074707
vt 0.17733199894428253 0.4528504014015198
vt 0.1529981642961502 0.37786439061164856
vt 0.17733199894428253 0.4528504014015198
vt 0.2260001003742218 0.37786412239074707
vt 0.20166611671447754 0.4617077708244324
vt 0.20166611671447754 0.4617077708244324
vt 0.2260001003742218 0.37786412239074707
vt 0.2260001003742218 0.47504761815071106
vt 0.2260001003742218 0.47504761815071106
vt 0.2260001003742218 0.37786412239074707
vt 0.25033390522003174 0.46170762181282043
vt 0.2990018427371979 0.37786412239074707
vt 0.25033390522003174 0.46170762181282043
vt 0.2260001003742218 0.37786412239074707
vt 0.25033390522003174 0.46170762181282043
vt 0.2990018427371979 0.37786412239074707
vt 0.27466773986816406 0.4528504014015198
vt 0.27466773986816406 0.4528504014015198
vt 0.2990018427371979 0.37786412239074707
vt 0.32333582639694214 0.44717052578926086
vt 0.4381506145000458 0.37786412239074707
vt 0.32333582639694214 0.44717052578926086
vt 0.2990018427371979 0.37786412239074707
vt 0.32333582639694214 0.44717052578926086
vt 0.4381506145000458 0.37786412239074707
vt 0.4381506145000458 0.44717052578926086
vt 0.5772998332977295 0.37786412239074707
vt 0.4381506145000458 0.44717052578926086
vt 0.4381506145000458 0.37786412239074707
vt 0.4381506145000458 0.44717052578926086
vt 0.5772998332977295 0.37786412239074707
vt 0.5529659986495972 0.44717052578926086
vt 0.5529659986495972 0.44717052578926086
vt 0.5772998332977295 0.37786412239074707
vt 0.601633608341217 0.4528504014015198
vt 0.6503012180328369 0.37786412239074707
vt 0.601633608341217 0.4528504014015198
vt 0.5772998332977295 0.37786412239074707
vt 0.601633608341217 0.4528504014015198
vt 0.6503012180328369 0.37786412239074707
vt 0.6259675025939941 0.46170762181282043
vt 0.6259675025939941 0.46170762181282043
vt 0.6503012180328369 0.37786412239074707
vt 0.6503012180328369 0.47504761815071106
vt 0.6503012180328369 0.47504761815071106
vt 0.6503012180328369 0.37786412239074707
vt 0.6746352314949036 0.46170762181282043
vt 0.7233032584190369 0.37786412239074707
vt 0.6746352314949036 0.46170762181282043
vt 0.6503012180328369 0.37786412239074707
vt 0.6746352314949036 0.46170762181282043
vt 0.7233032584190369 0.37786412239074707
vt 0.6989694237709045 0.4528504014015198
vt 0.6989694237709045 0.4528504014015198
vt 0.7233032584190369 0.37786412239074707
vt 0.7476370334625244 0.4471704661846161
vt 0.639767587184906 0.1254490464925766
vt 0.7497182488441467 0.19441284239292145
vt 0.7497182488441467 0.12544921040534973
vt 0.7497182488441467 0.19441284239292145
vt 0.639767587184906 0.1254490464925766
vt 0.639767587184906 0.19441284239292145
vt 0.8587793707847595 0.19441284239292145
vt 0.7497182488441467 0.12544921040534973
vt 0.7497182488441467 0.19441284239292145
vt 0.7497182488441467 0.12544921040534973
vt 0.8587793707847595 0.19441284239292145
vt 0.8587793707847595 0.12544921040534973
vt 0.8587793707847595 0.2581035792827606
vt 0.7497182488441467 0.21135608851909637
vt 0.7497182488441467 0.2580665647983551
vt 0.7497182488441467 0.21135608851909637
vt 0.8587793707847595 0.2581035792827606
vt 0.8587793707847595 0.21135608851909637
vt 0.7497182488441467 0.1007172018289566
vt 0.639767587184906 0.07375369966030121
vt 0.639767587184906 0.1007172018289566
vt 0.639767587184906 0.07375369966030121
vt 0.7497182488441467 0.1007172018289566
vt 0.7497182488441467 0.07375369966030121
vt 0.8587793707847595 0.1007172018289566
vt 0.7497182488441467 0.07375369966030121
vt 0.7497182488441467 0.1007172018289566
vt 0.7497182488441467 0.07375369966030121
vt 0.8587793707847595 0.1007172018289566
vt 0.8587793707847595 0.07375369966030121
vt 0.8587793707847595 0.12544921040534973
vt 0.7497182488441467 0.1007172018289566
vt 0.7497182488441467 0.12544921040534973
vt 0.7497182488441467 0.1007172018289566
vt 0.8587793707847595 0.12544921040534973
vt 0.8587793707847595 0.1007172018289566
vt 0.7476370334625244 0.4471704661846161
vt 0.8624525666236877 0.37786412239074707
vt 0.8624525666236877 0.4471704661846161
vt 0.8624525666236877 0.37786412239074707
vt 0.7476370334625244 0.4471704661846161
vt 0.7233032584190369 0.37786412239074707
vt 0.4744427502155304 0.8045248985290527
vt 0.45642659068107605 0.7721527814865112
vt 0.47432222962379456 0.772045373916626
vt 0.4744427502155304 0.8045248985290527
vt 0.47432222962379456 0.772045373916626
vt 0.492218017578125 0.7719382047653198
vt 0.45642659068107605 0.7721527814865112
vt 0.47424426674842834 0.751050591468811
vt 0.47432222962379456 0.772045373916626
vt 0.47424426674842834 0.751050591468811
vt 0.492218017578125 0.7719382047653198
vt 0.47432222962379456 0.772045373916626
vt 0.47424426674842834 0.751050591468811
vt 0.45642659068107605 0.7721527814865112
vt 0.4465244710445404 0.7512136697769165
vt 0.4465244710445404 0.7512136697769165
vt 0.4741664230823517 0.7300592660903931
vt 0.47424426674842834 0.751050591468811
vt 0.4741664230823517 0.7300592660903931
vt 0.4465244710445404 0.7512136697769165
vt 0.43322184681892395 0.7303047180175781
vt 0.4741664230823517 0.7300592660903931
vt 0.5019640922546387 0.7508902549743652
vt 0.47424426674842834 0.751050591468811
vt 0.492218017578125 0.7719382047653198
vt 0.47424426674842834 0.751050591468811
vt 0.5019640922546387 0.7508902549743652
vt 0.5019640922546387 0.7508902549743652
vt 0.4741664230823517 0.7300592660903931
vt 0.5151111483573914 0.7298136949539185
vt 0.43322184681892395 0.7303047180175781
vt 0.4740522801876068 0.6992974281311035
vt 0.4741664230823517 0.7300592660903931
vt 0.4740522801876068 0.6992974281311035
vt 0.5151111483573914 0.7298136949539185
vt 0.4741664230823517 0.7300592660903931
vt 0.4740522801876068 0.6992974281311035
vt 0.43322184681892395 0.7303047180175781
vt 0.42517784237861633 0.6995905637741089
vt 0.42517784237861633 0.6995905637741089
vt 0.4739316403865814 0.666779637336731
vt 0.4740522801876068 0.6992974281311035
vt 0.4739316403865814 0.666779637336731
vt 0.42517784237861633 0.6995905637741089
vt 0.4030749499797821 0.6527431011199951
vt 0.4739316403865814 0.666779637336731
vt 0.5229268074035645 0.6990045309066772
vt 0.4740522801876068 0.6992974281311035
vt 0.5151111483573914 0.7298136949539185
vt 0.4740522801876068 0.6992974281311035
vt 0.5229268074035645 0.6990045309066772
vt 0.5229268074035645 0.6990045309066772
vt 0.4739316403865814 0.666779637336731
vt 0.5446815490722656 0.6518939733505249
vt 0.38535359501838684 0.7186104655265808
vt 0.37329044938087463 0.6786965727806091
vt 0.37329044938087463 0.7186104655265808
vt 0.37329044938087463 0.7422375679016113
vt 0.38535359501838684 0.7186104655265808
vt 0.37329044938087463 0.7186104655265808
vt 0.38535359501838684 0.7186104655265808
vt 0.37329044938087463 0.7422375679016113
vt 0.3875100314617157 0.7422375679016113
vt 0.3615476191043854 0.7186104655265808
vt 0.37329044938087463 0.7422375679016113
vt 0.37329044938087463 0.7186104655265808
vt 0.37329044938087463 0.6786965727806091
vt 0.3615476191043854 0.7186104655265808
vt 0.37329044938087463 0.7186104655265808
vt 0.3615476191043854 0.7186104655265808
vt 0.37329044938087463 0.6786965727806091
vt 0.3493326008319855 0.7186104655265808
vt 0.37329044938087463 0.7422375679016113
vt 0.3615476191043854 0.7186104655265808
vt 0.3563895523548126 0.7422375679016113
vt 0.3493326008319855 0.7186104655265808
vt 0.3493075668811798 0.7403011322021484
vt 0.3615476191043854 0.7186104655265808
vt 0.3493075668811798 0.7403011322021484
vt 0.3493326008319855 0.7186104655265808
vt 0.33386096358299255 0.7417950630187988
vt 0.33386096358299255 0.7417950630187988
vt 0.33912476897239685 0.7678214907646179
vt 0.3493075668811798 0.7403011322021484
vt 0.33912476897239685 0.7678214907646179
vt 0.33386096358299255 0.7417950630187988
vt 0.32182034850120544 0.7698187828063965
vt 0.37329044938087463 0.774705708026886
vt 0.3875100314617157 0.7422375679016113
vt 0.37329044938087463 0.7422375679016113
vt 0.3563895523548126 0.7422375679016113
vt 0.37329044938087463 0.774705708026886
vt 0.37329044938087463 0.7422375679016113
vt 0.3875100314617157 0.7422375679016113
vt 0.37329044938087463 0.774705708026886
vt 0.39117977023124695 0.774705708026886
vt 0.37329044938087463 0.8061472177505493
vt 0.39117977023124695 0.774705708026886
vt 0.37329044938087463 0.774705708026886
vt 0.39117977023124695 0.774705708026886
vt 0.37329044938087463 0.8061472177505493
vt 0.4028533399105072 0.8061472177505493
vt 0.35325655341148376 0.774705708026886
vt 0.37329044938087463 0.8061472177505493
vt 0.37329044938087463 0.774705708026886
vt 0.37329044938087463 0.774705708026886
vt 0.3563895523548126 0.7422375679016113
vt 0.35325655341148376 0.774705708026886
vt 0.37329044938087463 0.8061472177505493
vt 0.35325655341148376 0.774705708026886
vt 0.34221145510673523 0.8061472177505493
vt 0.37329044938087463 0.826736569404602
vt 0.4028533399105072 0.8061472177505493
vt 0.37329044938087463 0.8061472177505493
vt 0.34221145510673523 0.8061472177505493
vt 0.37329044938087463 0.826736569404602
vt 0.37329044938087463 0.8061472177505493
vt 0.4028533399105072 0.8061472177505493
vt 0.37329044938087463 0.826736569404602
vt 0.4128919541835785 0.826736569404602
vt 0.37329044938087463 0.8801032304763794
vt 0.4128919541835785 0.826736569404602
vt 0.37329044938087463 0.826736569404602
vt 0.4128919541835785 0.826736569404602
vt 0.37329044938087463 0.8801032304763794
vt 0.4341265857219696 0.8801032304763794
vt 0.4341265857219696 0.8801032304763794
vt 0.37329044938087463 0.8801032304763794
vt 0.37329044938087463 0.9385112524032593
vt 0.37329044938087463 0.826736569404602
vt 0.31009986996650696 0.8801032304763794
vt 0.37329044938087463 0.8801032304763794
vt 0.37329044938087463 0.8801032304763794
vt 0.31009986996650696 0.8801032304763794
vt 0.37329044938087463 0.9385112524032593
vt 0.31009986996650696 0.8801032304763794
vt 0.37329044938087463 0.826736569404602
vt 0.3325459659099579 0.826736569404602
vt 0.37329044938087463 0.826736569404602
vt 0.34221145510673523 0.8061472177505493
vt 0.3325459659099579 0.826736569404602
vt 0.9620280861854553 0.46946433186531067
vt 0.9722203016281128 0.5117519497871399
vt 0.947888195514679 0.4982856214046478
vt 0.9722203016281128 0.5117519497871399
vt 0.9304510951042175 0.5167749524116516
vt 0.947888195514679 0.4982856214046478
vt 0.9304510951042175 0.5167749524116516
vt 0.9722203016281128 0.5117519497871399
vt 0.9591728448867798 0.5356957316398621
vt 0.9304510951042175 0.5167749524116516
vt 0.9591728448867798 0.5356957316398621
vt 0.9423060417175293 0.562323272228241
vt 0.9423060417175293 0.562323272228241
vt 0.9066131711006165 0.5199766755104065
vt 0.9304510951042175 0.5167749524116516
vt 0.9066131711006165 0.5199766755104065
vt 0.9423060417175293 0.562323272228241
vt 0.9100657105445862 0.5786793231964111
vt 0.9100657105445862 0.5786793231964111
vt 0.8798671364784241 0.5122233033180237
vt 0.9066131711006165 0.5199766755104065
vt 0.8798671364784241 0.5122233033180237
vt 0.9100657105445862 0.5786793231964111
vt 0.8812851905822754 0.5786793231964111
vt 0.8083282113075256 0.5786793231964111
vt 0.8798671364784241 0.5122233033180237
vt 0.8812851905822754 0.5786793231964111
vt 0.8798671364784241 0.5122233033180237
vt 0.8083282113075256 0.5786793231964111
vt 0.8085241913795471 0.5428182482719421
vt 0.8798671364784241 0.5122233033180237
vt 0.8085241913795471 0.5428182482719421
vt 0.8058966994285583 0.5064046382904053
vt 0.8058966994285583 0.5064046382904053
vt 0.8330338001251221 0.4742296636104584
vt 0.8798671364784241 0.5122233033180237
vt 0.8330338001251221 0.4742296636104584
vt 0.8058966994285583 0.5064046382904053
vt 0.8026719093322754 0.4742296636104584
vt 0.8798753023147583 0.5126001238822937
vt 0.9097433686256409 0.5783836245536804
vt 0.9063716530799866 0.5199843645095825
vt 0.9097433686256409 0.5783836245536804
vt 0.8798753023147583 0.5126001238822937
vt 0.8813389539718628 0.5783836245536804
vt 0.9097433686256409 0.5783836245536804
vt 0.9304231405258179 0.5169258117675781
vt 0.9063716530799866 0.5199843645095825
vt 0.9304231405258179 0.5169258117675781
vt 0.9097433686256409 0.5783836245536804
vt 0.9427428841590881 0.5624783039093018
vt 0.9304231405258179 0.5169258117675781
vt 0.9427428841590881 0.5624783039093018
vt 0.9595762491226196 0.5356709957122803
vt 0.9720055460929871 0.5116339921951294
vt 0.9304231405258179 0.5169258117675781
vt 0.9595762491226196 0.5356709957122803
vt 0.9304231405258179 0.5169258117675781
vt 0.9720055460929871 0.5116339921951294
vt 0.9475263953208923 0.4980146586894989
vt 0.9475263953208923 0.4980146586894989
vt 0.9720055460929871 0.5116339921951294
vt 0.9620848894119263 0.4693305194377899
vt 0.8072233200073242 0.5430808067321777
vt 0.8813389539718628 0.5783836245536804
vt 0.8798753023147583 0.5126001238822937
vt 0.8798753023147583 0.5126001238822937
vt 0.8051544427871704 0.5072252750396729
vt 0.8072233200073242 0.5430808067321777
vt 0.8322649002075195 0.4742344915866852
vt 0.8051544427871704 0.5072252750396729
vt 0.8798753023147583 0.5126001238822937
vt 0.8051544427871704 0.5072252750396729
vt 0.8322649002075195 0.4742344915866852
vt 0.8030573129653931 0.4742344915866852
vt 0.8813389539718628 0.5783836245536804
vt 0.8072233200073242 0.5430808067321777
vt 0.807424008846283 0.5783836245536804
vt 0.4595184028148651 0.888314962387085
vt 0.45287391543388367 0.8238363265991211
vt 0.42980918288230896 0.8196440935134888
vt 0.45287391543388367 0.8238363265991211
vt 0.4595184028148651 0.888314962387085
vt 0.4938780665397644 0.8939257264137268
vt 0.37329044938087463 0.957585334777832
vt 0.4938780665397644 0.8939257264137268
vt 0.4595184028148651 0.888314962387085
vt 0.4938780665397644 0.8939257264137268
vt 0.37329044938087463 0.957585334777832
vt 0.37329044938087463 0.9893053770065308
vt 0.28444626927375793 0.8867210745811462
vt 0.37329044938087463 0.9893053770065308
vt 0.37329044938087463 0.957585334777832
vt 0.37329044938087463 0.9893053770065308
vt 0.28444626927375793 0.8867210745811462
vt 0.2526685297489166 0.8894475102424622
vt 0.28444626927375793 0.8867210745811462
vt 0.29333338141441345 0.8208742141723633
vt 0.2526685297489166 0.8894475102424622
vt 0.29333338141441345 0.8208742141723633
vt 0.28444626927375793 0.8867210745811462
vt 0.3159169852733612 0.8192031383514404
vt 0.4396393597126007 0.7975861430168152
vt 0.42980918288230896 0.8196440935134888
vt 0.45287391543388367 0.8238363265991211
vt 0.42980918288230896 0.8196440935134888
vt 0.4396393597126007 0.7975861430168152
vt 0.4175085127353668 0.7958166599273682
vt 0.3159169852733612 0.8192031383514404
vt 0.30758097767829895 0.7951343655586243
vt 0.29333338141441345 0.8208742141723633
vt 0.30758097767829895 0.7951343655586243
vt 0.3159169852733612 0.8192031383514404
vt 0.32852521538734436 0.7954258322715759
vt 0.42639657855033875 0.7717601656913757
vt 0.4175085127353668 0.7958166599273682
vt 0.4396393597126007 0.7975861430168152
vt 0.4175085127353668 0.7958166599273682
vt 0.42639657855033875 0.7717601656913757
vt 0.4072096049785614 0.7682659029960632
vt 0.32852521538734436 0.7954258322715759
vt 0.32182034850120544 0.7698187828063965
vt 0.30758097767829895 0.7951343655586243
vt 0.32182034850120544 0.7698187828063965
vt 0.32852521538734436 0.7954258322715759
vt 0.33912476897239685 0.7678214907646179
vt 0.6835376620292664 0.5064046382904053
vt 0.8085241913795471 0.5428182482719421
vt 0.6835376620292664 0.5428182482719421
vt 0.8085241913795471 0.5428182482719421
vt 0.6835376620292664 0.5064046382904053
vt 0.8058966994285583 0.5064046382904053
vt 0.8072233200073242 0.5430808067321777
vt 0.6835376620292664 0.5064046382904053
vt 0.6835376620292664 0.5428182482719421
vt 0.6835376620292664 0.5064046382904053
vt 0.8072233200073242 0.5430808067321777
vt 0.8051544427871704 0.5072252750396729
vt 0.6835376620292664 0.5064046382904053
vt 0.8026719093322754 0.4742296636104584
vt 0.8058966994285583 0.5064046382904053
vt 0.8026719093322754 0.4742296636104584
vt 0.6835376620292664 0.5064046382904053
vt 0.6835376620292664 0.4742296636104584
vt 0.8030573129653931 0.4742344915866852
vt 0.6835376620292664 0.5064046382904053
vt 0.8051544427871704 0.5072252750396729
vt 0.6835376620292664 0.5064046382904053
vt 0.8030573129653931 0.4742344915866852
vt 0.6835376620292664 0.4742296636104584
vt 0.8083282113075256 0.5786793231964111
vt 0.6835376620292664 0.5428182482719421
vt 0.8085241913795471 0.5428182482719421
vt 0.6835376620292664 0.5428182482719421
vt 0.8083282113075256 0.5786793231964111
vt 0.6835376620292664 0.5786793231964111
vt 0.807424008846283 0.5783836245536804
vt 0.6835376620292664 0.5428182482719421
vt 0.6835376620292664 0.5786793231964111
vt 0.6835376620292664 0.5428182482719421
vt 0.807424008846283 0.5783836245536804
vt 0.8072233200073242 0.5430808067321777
vt 0.4009545147418976 0.7186104655265808
vt 0.3972744643688202 0.7407610416412354
vt 0.41545620560646057 0.7433096170425415
vt 0.3972744643688202 0.7407610416412354
vt 0.4009545147418976 0.7186104655265808
vt 0.38535359501838684 0.7186104655265808
vt 0.4072096049785614 0.7682659029960632
vt 0.41545620560646057 0.7433096170425415
vt 0.3972744643688202 0.7407610416412354
vt 0.41545620560646057 0.7433096170425415
vt 0.4072096049785614 0.7682659029960632
vt 0.42639657855033875 0.7717601656913757
vt 0.37329044938087463 0.6786965727806091
vt 0.38535359501838684 0.7186104655265808
vt 0.4009545147418976 0.7186104655265808
vt 0.4072096049785614 0.7682659029960632
vt 0.4028533399105072 0.8061472177505493
vt 0.4175085127353668 0.7958166599273682
vt 0.4028533399105072 0.8061472177505493
vt 0.4072096049785614 0.7682659029960632
vt 0.39117977023124695 0.774705708026886
vt 0.3972744643688202 0.7407610416412354
vt 0.39117977023124695 0.774705708026886
vt 0.4072096049785614 0.7682659029960632
vt 0.39117977023124695 0.774705708026886
vt 0.3972744643688202 0.7407610416412354
vt 0.3875100314617157 0.7422375679016113
vt 0.38535359501838684 0.7186104655265808
vt 0.3875100314617157 0.7422375679016113
vt 0.3972744643688202 0.7407610416412354
vt 0.4028533399105072 0.8061472177505493
vt 0.42980918288230896 0.8196440935134888
vt 0.4175085127353668 0.7958166599273682
vt 0.42980918288230896 0.8196440935134888
vt 0.4028533399105072 0.8061472177505493
vt 0.4128919541835785 0.826736569404602
vt 0.42980918288230896 0.8196440935134888
vt 0.4128919541835785 0.826736569404602
vt 0.4595184028148651 0.888314962387085
vt 0.4595184028148651 0.888314962387085
vt 0.4128919541835785 0.826736569404602
vt 0.4341265857219696 0.8801032304763794
vt 0.4595184028148651 0.888314962387085
vt 0.37329044938087463 0.9385112524032593
vt 0.37329044938087463 0.957585334777832
vt 0.37329044938087463 0.9385112524032593
vt 0.4595184028148651 0.888314962387085
vt 0.4341265857219696 0.8801032304763794
vt 0.37329044938087463 0.957585334777832
vt 0.31009986996650696 0.8801032304763794
vt 0.28444626927375793 0.8867210745811462
vt 0.31009986996650696 0.8801032304763794
vt 0.37329044938087463 0.957585334777832
vt 0.37329044938087463 0.9385112524032593
vt 0.28444626927375793 0.8867210745811462
vt 0.31009986996650696 0.8801032304763794
vt 0.3159169852733612 0.8192031383514404
vt 0.3159169852733612 0.8192031383514404
vt 0.31009986996650696 0.8801032304763794
vt 0.3325459659099579 0.826736569404602
vt 0.34221145510673523 0.8061472177505493
vt 0.3159169852733612 0.8192031383514404
vt 0.3325459659099579 0.826736569404602
vt 0.3159169852733612 0.8192031383514404
vt 0.34221145510673523 0.8061472177505493
vt 0.32852521538734436 0.7954258322715759
vt 0.34221145510673523 0.8061472177505493
vt 0.33912476897239685 0.7678214907646179
vt 0.32852521538734436 0.7954258322715759
vt 0.33912476897239685 0.7678214907646179
vt 0.34221145510673523 0.8061472177505493
vt 0.35325655341148376 0.774705708026886
vt 0.3563895523548126 0.7422375679016113
vt 0.33912476897239685 0.7678214907646179
vt 0.35325655341148376 0.774705708026886
vt 0.33912476897239685 0.7678214907646179
vt 0.3563895523548126 0.7422375679016113
vt 0.3493075668811798 0.7403011322021484
vt 0.3493075668811798 0.7403011322021484
vt 0.3563895523548126 0.7422375679016113
vt 0.3615476191043854 0.7186104655265808
vt 0.6338191628456116 0.8348785042762756
vt 0.6086581349372864 0.8088377118110657
vt 0.5982488989830017 0.8349094986915588
vt 0.6338191628456116 0.8348785042762756
vt 0.6337942481040955 0.7977415919303894
vt 0.6086581349372864 0.8088377118110657
vt 0.6338191628456116 0.8348785042762756
vt 0.6589287519454956 0.8088330626487732
vt 0.6337942481040955 0.7977415919303894
vt 0.6338191628456116 0.8348785042762756
vt 0.6693421602249146 0.834902822971344
vt 0.6589287519454956 0.8088330626487732
vt 0.6338191628456116 0.8348785042762756
vt 0.5982488989830017 0.8349094986915588
vt 0.608669102191925 0.8621982932090759
vt 0.6338191628456116 0.8348785042762756
vt 0.608669102191925 0.8621982932090759
vt 0.633809506893158 0.87320476770401
vt 0.5980255007743835 0.7981193661689758
vt 0.5982488989830017 0.8349094986915588
vt 0.6086581349372864 0.8088377118110657
vt 0.5982488989830017 0.8349094986915588
vt 0.5980255007743835 0.7981193661689758
vt 0.5832222104072571 0.835196316242218
vt 0.5887921452522278 0.7853201031684875
vt 0.5832222104072571 0.835196316242218
vt 0.5980255007743835 0.7981193661689758
vt 0.5832222104072571 0.835196316242218
vt 0.5887921452522278 0.7853201031684875
vt 0.5701808929443359 0.8352587819099426
vt 0.5980255007743835 0.7981193661689758
vt 0.6337449550628662 0.765674889087677
vt 0.5887921452522278 0.7853201031684875
vt 0.6337449550628662 0.765674889087677
vt 0.5980255007743835 0.7981193661689758
vt 0.6337718367576599 0.7823392748832703
vt 0.6337718367576599 0.7823392748832703
vt 0.6086581349372864 0.8088377118110657
vt 0.6337942481040955 0.7977415919303894
vt 0.6086581349372864 0.8088377118110657
vt 0.6337718367576599 0.7823392748832703
vt 0.5980255007743835 0.7981193661689758
vt 0.5888116359710693 0.8807331919670105
vt 0.5832222104072571 0.835196316242218
vt 0.5701808929443359 0.8352587819099426
vt 0.5832222104072571 0.835196316242218
vt 0.5888116359710693 0.8807331919670105
vt 0.5980411171913147 0.8740043044090271
vt 0.5980411171913147 0.8740043044090271
vt 0.633809506893158 0.87320476770401
vt 0.608669102191925 0.8621982932090759
vt 0.5980411171913147 0.8740043044090271
vt 0.5982488989830017 0.8349094986915588
vt 0.5832222104072571 0.835196316242218
vt 0.5982488989830017 0.8349094986915588
vt 0.5980411171913147 0.8740043044090271
vt 0.608669102191925 0.8621982932090759
vt 0.5888116359710693 0.8807331919670105
vt 0.6337934136390686 0.8896570801734924
vt 0.5980411171913147 0.8740043044090271
vt 0.633809506893158 0.87320476770401
vt 0.5980411171913147 0.8740043044090271
vt 0.6337934136390686 0.8896570801734924
vt 0.6337934136390686 0.8896570801734924
vt 0.5888116359710693 0.8807331919670105
vt 0.6337718367576599 0.90060955286026
vt 0.6695163249969482 0.7981124520301819
vt 0.6337942481040955 0.7977415919303894
vt 0.6589287519454956 0.8088330626487732
vt 0.6337942481040955 0.7977415919303894
vt 0.6695163249969482 0.7981124520301819
vt 0.6337718367576599 0.7823392748832703
vt 0.6786805987358093 0.785311758518219
vt 0.6337718367576599 0.7823392748832703
vt 0.6695163249969482 0.7981124520301819
vt 0.6338191628456116 0.8348785042762756
vt 0.6589397192001343 0.8621931672096252
vt 0.6693421602249146 0.834902822971344
vt 0.6338191628456116 0.8348785042762756
vt 0.633809506893158 0.87320476770401
vt 0.6589397192001343 0.8621931672096252
vt 0.6695313453674316 0.8739975094795227
vt 0.6693421602249146 0.834902822971344
vt 0.6589397192001343 0.8621931672096252
vt 0.6693421602249146 0.834902822971344
vt 0.6695313453674316 0.8739975094795227
vt 0.6843255758285522 0.8351870179176331
vt 0.6786993741989136 0.8807247281074524
vt 0.6843255758285522 0.8351870179176331
vt 0.6695313453674316 0.8739975094795227
vt 0.6843255758285522 0.8351870179176331
vt 0.6786993741989136 0.8807247281074524
vt 0.6973018050193787 0.8352470993995667
vt 0.6973018050193787 0.8352470993995667
vt 0.6695163249969482 0.7981124520301819
vt 0.6843255758285522 0.8351870179176331
vt 0.6695163249969482 0.7981124520301819
vt 0.6973018050193787 0.8352470993995667
vt 0.6786805987358093 0.785311758518219
vt 0.6695313453674316 0.8739975094795227
vt 0.6337718367576599 0.90060955286026
vt 0.6786993741989136 0.8807247281074524
vt 0.6337718367576599 0.90060955286026
vt 0.6695313453674316 0.8739975094795227
vt 0.6337934136390686 0.8896570801734924
vt 0.6337934136390686 0.8896570801734924
vt 0.6589397192001343 0.8621931672096252
vt 0.633809506893158 0.87320476770401
vt 0.6589397192001343 0.8621931672096252
vt 0.6337934136390686 0.8896570801734924
vt 0.6695313453674316 0.8739975094795227
vt 0.6843255758285522 0.8351870179176331
vt 0.6589287519454956 0.8088330626487732
vt 0.6693421602249146 0.834902822971344
vt 0.6589287519454956 0.8088330626487732
vt 0.6843255758285522 0.8351870179176331
vt 0.6695163249969482 0.7981124520301819
vt 0.6337718367576599 0.7823392748832703
vt 0.6786805987358093 0.785311758518219
vt 0.6337449550628662 0.765674889087677
vt 0.5701808929443359 0.8352587819099426
vt 0.5785776376724243 0.7751985192298889
vt 0.5544370412826538 0.8356818556785583
vt 0.5785776376724243 0.7751985192298889
vt 0.5701808929443359 0.8352587819099426
vt 0.5887921452522278 0.7853201031684875
vt 0.5887921452522278 0.7853201031684875
vt 0.6337319016456604 0.7508885264396667
vt 0.5785776376724243 0.7751985192298889
vt 0.6337319016456604 0.7508885264396667
vt 0.5887921452522278 0.7853201031684875
vt 0.6337449550628662 0.765674889087677
vt 0.5786008834838867 0.8922685980796814
vt 0.5701808929443359 0.8352587819099426
vt 0.5544370412826538 0.8356818556785583
vt 0.5701808929443359 0.8352587819099426
vt 0.5786008834838867 0.8922685980796814
vt 0.5888116359710693 0.8807331919670105
vt 0.6337647438049316 0.9164503216743469
vt 0.5888116359710693 0.8807331919670105
vt 0.5786008834838867 0.8922685980796814
vt 0.5888116359710693 0.8807331919670105
vt 0.6337647438049316 0.9164503216743469
vt 0.6337718367576599 0.90060955286026
vt 0.5632221698760986 0.7531991600990295
vt 0.5544370412826538 0.8356818556785583
vt 0.5785776376724243 0.7751985192298889
vt 0.5544370412826538 0.8356818556785583
vt 0.5632221698760986 0.7531991600990295
vt 0.5316814184188843 0.8387907147407532
vt 0.5785776376724243 0.7751985192298889
vt 0.6336880326271057 0.7177610993385315
vt 0.5632221698760986 0.7531991600990295
vt 0.6336880326271057 0.7177610993385315
vt 0.5785776376724243 0.7751985192298889
vt 0.6337319016456604 0.7508885264396667
vt 0.6888684034347534 0.7751882672309875
vt 0.6336880326271057 0.7177610993385315
vt 0.6337319016456604 0.7508885264396667
vt 0.6336880326271057 0.7177610993385315
vt 0.6888684034347534 0.7751882672309875
vt 0.70412278175354 0.753186047077179
vt 0.5786008834838867 0.8922685980796814
vt 0.6337292194366455 0.9484265446662903
vt 0.6337647438049316 0.9164503216743469
vt 0.6337292194366455 0.9484265446662903
vt 0.5786008834838867 0.8922685980796814
vt 0.5632508993148804 0.913534939289093
vt 0.5632508993148804 0.913534939289093
vt 0.5544370412826538 0.8356818556785583
vt 0.5316814184188843 0.8387907147407532
vt 0.5544370412826538 0.8356818556785583
vt 0.5632508993148804 0.913534939289093
vt 0.5786008834838867 0.8922685980796814
vt 0.5632221698760986 0.7531991600990295
vt 0.5021369457244873 0.840738832950592
vt 0.5316814184188843 0.8387907147407532
vt 0.5021369457244873 0.840738832950592
vt 0.5632508993148804 0.913534939289093
vt 0.5316814184188843 0.8387907147407532
vt 0.5021369457244873 0.840738832950592
vt 0.5632221698760986 0.7531991600990295
vt 0.5432705879211426 0.7243428230285645
vt 0.5632221698760986 0.7531991600990295
vt 0.6336323618888855 0.6745920181274414
vt 0.5432705879211426 0.7243428230285645
vt 0.6336323618888855 0.6745920181274414
vt 0.5632221698760986 0.7531991600990295
vt 0.6336880326271057 0.7177610993385315
vt 0.5632508993148804 0.913534939289093
vt 0.6336846947669983 0.9892140030860901
vt 0.6337292194366455 0.9484265446662903
vt 0.6336846947669983 0.9892140030860901
vt 0.5632508993148804 0.913534939289093
vt 0.5433065295219421 0.940539538860321
vt 0.5632508993148804 0.913534939289093
vt 0.5021369457244873 0.840738832950592
vt 0.5433065295219421 0.940539538860321
vt 0.6337319016456604 0.7508885264396667
vt 0.6786805987358093 0.785311758518219
vt 0.6888684034347534 0.7751882672309875
vt 0.6786805987358093 0.785311758518219
vt 0.6337319016456604 0.7508885264396667
vt 0.6337449550628662 0.765674889087677
vt 0.6973018050193787 0.8352470993995667
vt 0.6888684034347534 0.7751882672309875
vt 0.6786805987358093 0.785311758518219
vt 0.6888684034347534 0.7751882672309875
vt 0.6973018050193787 0.8352470993995667
vt 0.7130142450332642 0.8356669545173645
vt 0.6973018050193787 0.8352470993995667
vt 0.6888918280601501 0.8922582268714905
vt 0.7130142450332642 0.8356669545173645
vt 0.6888918280601501 0.8922582268714905
vt 0.6973018050193787 0.8352470993995667
vt 0.6786993741989136 0.8807247281074524
vt 0.6786993741989136 0.8807247281074524
vt 0.6337647438049316 0.9164503216743469
vt 0.6888918280601501 0.8922582268714905
vt 0.6337647438049316 0.9164503216743469
vt 0.6786993741989136 0.8807247281074524
vt 0.6337718367576599 0.90060955286026
vt 0.7130142450332642 0.8356669545173645
vt 0.70412278175354 0.753186047077179
vt 0.6888684034347534 0.7751882672309875
vt 0.70412278175354 0.753186047077179
vt 0.7130142450332642 0.8356669545173645
vt 0.735660195350647 0.8387718796730042
vt 0.7130142450332642 0.8356669545173645
vt 0.704151451587677 0.9135215878486633
vt 0.735660195350647 0.8387718796730042
vt 0.704151451587677 0.9135215878486633
vt 0.7130142450332642 0.8356669545173645
vt 0.6888918280601501 0.8922582268714905
vt 0.6888918280601501 0.8922582268714905
vt 0.6337292194366455 0.9484265446662903
vt 0.704151451587677 0.9135215878486633
vt 0.6337292194366455 0.9484265446662903
vt 0.6888918280601501 0.8922582268714905
vt 0.6337647438049316 0.9164503216743469
vt 0.735660195350647 0.8387718796730042
vt 0.7239448428153992 0.7243260741233826
vt 0.70412278175354 0.753186047077179
vt 0.6336323618888855 0.6745920181274414
vt 0.70412278175354 0.753186047077179
vt 0.7239448428153992 0.7243260741233826
vt 0.70412278175354 0.753186047077179
vt 0.6336323618888855 0.6745920181274414
vt 0.6336880326271057 0.7177610993385315
vt 0.7239448428153992 0.7243260741233826
vt 0.735660195350647 0.8387718796730042
vt 0.7650647759437561 0.840714156627655
vt 0.735660195350647 0.8387718796730042
vt 0.7239806652069092 0.9405224919319153
vt 0.7650647759437561 0.840714156627655
vt 0.7239806652069092 0.9405224919319153
vt 0.735660195350647 0.8387718796730042
vt 0.704151451587677 0.9135215878486633
vt 0.704151451587677 0.9135215878486633
vt 0.6336846947669983 0.9892140030860901
vt 0.7239806652069092 0.9405224919319153
vt 0.6336846947669983 0.9892140030860901
vt 0.704151451587677 0.9135215878486633
vt 0.6337292194366455 0.9484265446662903
vt 0.5175542235374451 0.4701099395751953
vt 0.4830937683582306 0.507936418056488
vt 0.5217212438583374 0.5052837133407593
vt 0.4830937683582306 0.507936418056488
vt 0.5175542235374451 0.4701099395751953
vt 0.48309341073036194 0.47076427936553955
vt 0.4468746483325958 0.4693569540977478
vt 0.4830937683582306 0.507936418056488
vt 0.48309341073036194 0.47076427936553955
vt 0.4830937683582306 0.507936418056488
vt 0.4468746483325958 0.4693569540977478
vt 0.44446611404418945 0.5052842497825623
vt 0.48309391736984253 0.5394302606582642
vt 0.5217212438583374 0.5052837133407593
vt 0.4830937683582306 0.507936418056488
vt 0.44446611404418945 0.5052842497825623
vt 0.48309391736984253 0.5394302606582642
vt 0.4830937683582306 0.507936418056488
vt 0.5217212438583374 0.5052837133407593
vt 0.48309391736984253 0.5394302606582642
vt 0.528178870677948 0.5397410988807678
vt 0.48309391736984253 0.5394302606582642
vt 0.5440513491630554 0.5772050023078918
vt 0.528178870677948 0.5397410988807678
vt 0.5440513491630554 0.5772050023078918
vt 0.48309391736984253 0.5394302606582642
vt 0.48309415578842163 0.5775169134140015
vt 0.43800944089889526 0.5397417545318604
vt 0.48309415578842163 0.5775169134140015
vt 0.48309391736984253 0.5394302606582642
vt 0.48309391736984253 0.5394302606582642
vt 0.44446611404418945 0.5052842497825623
vt 0.43800944089889526 0.5397417545318604
vt 0.48309415578842163 0.5775169134140015
vt 0.43800944089889526 0.5397417545318604
vt 0.42213743925094604 0.5772057175636292
vt 0.48309415578842163 0.5775169134140015
vt 0.5688497424125671 0.6239933371543884
vt 0.5440513491630554 0.5772050023078918
vt 0.5688497424125671 0.6239933371543884
vt 0.48309415578842163 0.5775169134140015
vt 0.48309454321861267 0.6290155649185181
vt 0.42213743925094604 0.5772057175636292
vt 0.48309454321861267 0.6290155649185181
vt 0.48309415578842163 0.5775169134140015
vt 0.48309454321861267 0.6290155649185181
vt 0.42213743925094604 0.5772057175636292
vt 0.3973393142223358 0.6239947080612183
vt 0.5731902718544006 0.5003812313079834
vt 0.5175542235374451 0.4701099395751953
vt 0.5217212438583374 0.5052837133407593
vt 0.5731902718544006 0.5003812313079834
vt 0.5217212438583374 0.5052837133407593
vt 0.528178870677948 0.5397410988807678
vt 0.528178870677948 0.5397410988807678
vt 0.5985373854637146 0.5297415256500244
vt 0.5731902718544006 0.5003812313079834
vt 0.5985373854637146 0.5297415256500244
vt 0.528178870677948 0.5397410988807678
vt 0.5440513491630554 0.5772050023078918
vt 0.5440513491630554 0.5772050023078918
vt 0.6321905851364136 0.5687234401702881
vt 0.5985373854637146 0.5297415256500244
vt 0.6321905851364136 0.5687234401702881
vt 0.5440513491630554 0.5772050023078918
vt 0.5688497424125671 0.6239933371543884
vt 0.3676506578922272 0.5297431349754333
vt 0.3973393142223358 0.6239947080612183
vt 0.42213743925094604 0.5772057175636292
vt 0.3973393142223358 0.6239947080612183
vt 0.3676506578922272 0.5297431349754333
vt 0.33399784564971924 0.5687257051467896
vt 0.42213743925094604 0.5772057175636292
vt 0.3929971754550934 0.5003826022148132
vt 0.3676506578922272 0.5297431349754333
vt 0.3929971754550934 0.5003826022148132
vt 0.42213743925094604 0.5772057175636292
vt 0.43800944089889526 0.5397417545318604
vt 0.3929971754550934 0.5003826022148132
vt 0.43800944089889526 0.5397417545318604
vt 0.44446611404418945 0.5052842497825623
vt 0.3929971754550934 0.5003826022148132
vt 0.44446611404418945 0.5052842497825623
vt 0.4468746483325958 0.4693569540977478
vt 0.6794509887695312 0.6615875959396362
vt 0.7684136629104614 0.6184550523757935
vt 0.7014377117156982 0.6078357696533203
vt 0.7684136629104614 0.6184550523757935
vt 0.6794509887695312 0.6615875959396362
vt 0.7577495574951172 0.6829986572265625
vt 0.7577495574951172 0.6829986572265625
vt 0.8106250762939453 0.622368574142456
vt 0.7684136629104614 0.6184550523757935
vt 0.8106250762939453 0.622368574142456
vt 0.7577495574951172 0.6829986572265625
vt 0.8106865882873535 0.6897141933441162
vt 0.8106865882873535 0.6897141933441162
vt 0.7681107521057129 0.6184555292129517
vt 0.8106250762939453 0.622368574142456
vt 0.7681107521057129 0.6184555292129517
vt 0.8106865882873535 0.6897141933441162
vt 0.7573757171630859 0.6829891204833984
vt 0.7573757171630859 0.6829891204833984
vt 0.7011291980743408 0.6078360080718994
vt 0.7681107521057129 0.6184555292129517
vt 0.7011291980743408 0.6078360080718994
vt 0.7573757171630859 0.6829891204833984
vt 0.6791514158248901 0.6615910530090332
vt 0.6595218181610107 0.6521872282028198
vt 0.7014377117156982 0.6078357696533203
vt 0.6806333065032959 0.6005744934082031
vt 0.7014377117156982 0.6078357696533203
vt 0.6595218181610107 0.6521872282028198
vt 0.6794509887695312 0.6615875959396362
vt 0.7059459686279297 0.5851397514343262
vt 0.7684136629104614 0.6184550523757935
vt 0.7713340520858765 0.5966635942459106
vt 0.7684136629104614 0.6184550523757935
vt 0.7059459686279297 0.5851397514343262
vt 0.7014377117156982 0.6078357696533203
vt 0.8106250762939453 0.622368574142456
vt 0.7713340520858765 0.5966635942459106
vt 0.7684136629104614 0.6184550523757935
vt 0.7713340520858765 0.5966635942459106
vt 0.8106250762939453 0.622368574142456
vt 0.8106451034545898 0.6004519462585449
vt 0.7681107521057129 0.6184555292129517
vt 0.8106451034545898 0.6004519462585449
vt 0.8106250762939453 0.622368574142456
vt 0.8106451034545898 0.6004519462585449
vt 0.7681107521057129 0.6184555292129517
vt 0.7710340023040771 0.596664309501648
vt 0.7011291980743408 0.6078360080718994
vt 0.7710340023040771 0.596664309501648
vt 0.7681107521057129 0.6184555292129517
vt 0.7710340023040771 0.596664309501648
vt 0.7011291980743408 0.6078360080718994
vt 0.7056396007537842 0.5851404666900635
vt 0.6803239583969116 0.6005779504776001
vt 0.6791514158248901 0.6615910530090332
vt 0.6592211723327637 0.6521942615509033
vt 0.6791514158248901 0.6615910530090332
vt 0.6803239583969116 0.6005779504776001
vt 0.7011291980743408 0.6078360080718994
vt 0.6738940477371216 0.6841422319412231
vt 0.7573757171630859 0.6829891204833984
vt 0.7533674240112305 0.7045789957046509
vt 0.7573757171630859 0.6829891204833984
vt 0.6738940477371216 0.6841422319412231
vt 0.6791514158248901 0.6615910530090332
vt 0.81090247631073 0.6897141933441162
vt 0.7533674240112305 0.7045789957046509
vt 0.7573757171630859 0.6829891204833984
vt 0.7533674240112305 0.7045789957046509
vt 0.81090247631073 0.6897141933441162
vt 0.8110108375549316 0.7115520238876343
vt 0.7577495574951172 0.6829986572265625
vt 0.8110108375549316 0.7115520238876343
vt 0.81090247631073 0.6897141933441162
vt 0.8110108375549316 0.7115520238876343
vt 0.7577495574951172 0.6829986572265625
vt 0.7537227869033813 0.7045797109603882
vt 0.6794509887695312 0.6615875959396362
vt 0.7537227869033813 0.7045797109603882
vt 0.7577495574951172 0.6829986572265625
vt 0.7537227869033813 0.7045797109603882
vt 0.6794509887695312 0.6615875959396362
vt 0.6741821765899658 0.684136152267456
vt 0.4744427502155304 0.8045248985290527
vt 0.45642659068107605 0.7721527814865112
vt 0.47432222962379456 0.772045373916626
vt 0.4744427502155304 0.8045248985290527
vt 0.47432222962379456 0.772045373916626
vt 0.492218017578125 0.7719382047653198
vt 0.45642659068107605 0.7721527814865112
vt 0.47424426674842834 0.751050591468811
vt 0.47432222962379456 0.772045373916626
vt 0.47424426674842834 0.751050591468811
vt 0.492218017578125 0.7719382047653198
vt 0.47432222962379456 0.772045373916626
vt 0.47424426674842834 0.751050591468811
vt 0.45642659068107605 0.7721527814865112
vt 0.4465244710445404 0.7512136697769165
vt 0.4465244710445404 0.7512136697769165
vt 0.4741664230823517 0.7300592660903931
vt 0.47424426674842834 0.751050591468811
vt 0.4741664230823517 0.7300592660903931
vt 0.4465244710445404 0.7512136697769165
vt 0.43322184681892395 0.7303047180175781
vt 0.4741664230823517 0.7300592660903931
vt 0.5019640922546387 0.7508902549743652
vt 0.47424426674842834 0.751050591468811
vt 0.492218017578125 0.7719382047653198
vt 0.47424426674842834 0.751050591468811
vt 0.5019640922546387 0.7508902549743652
vt 0.5019640922546387 0.7508902549743652
vt 0.4741664230823517 0.7300592660903931
vt 0.5151111483573914 0.7298136949539185
vt 0.43322184681892395 0.7303047180175781
vt 0.4740522801876068 0.6992974281311035
vt 0.4741664230823517 0.7300592660903931
vt 0.4740522801876068 0.6992974281311035
vt 0.5151111483573914 0.7298136949539185
vt 0.4741664230823517 0.7300592660903931
vt 0.4740522801876068 0.6992974281311035
vt 0.43322184681892395 0.7303047180175781
vt 0.42517784237861633 0.6995905637741089
vt 0.42517784237861633 0.6995905637741089
vt 0.4739316403865814 0.666779637336731
vt 0.4740522801876068 0.6992974281311035
vt 0.4739316403865814 0.666779637336731
vt 0.42517784237861633 0.6995905637741089
vt 0.4030749499797821 0.6527431011199951
vt 0.4739316403865814 0.666779637336731
vt 0.5229268074035645 0.6990045309066772
vt 0.4740522801876068 0.6992974281311035
vt 0.5151111483573914 0.7298136949539185
vt 0.4740522801876068 0.6992974281311035
vt 0.5229268074035645 0.6990045309066772
vt 0.5229268074035645 0.6990045309066772
vt 0.4739316403865814 0.666779637336731
vt 0.5446815490722656 0.6518939733505249
vt 0.38535359501838684 0.7186104655265808
vt 0.37329044938087463 0.6786965727806091
vt 0.37329044938087463 0.7186104655265808
vt 0.37329044938087463 0.7422375679016113
vt 0.38535359501838684 0.7186104655265808
vt 0.37329044938087463 0.7186104655265808
vt 0.38535359501838684 0.7186104655265808
vt 0.37329044938087463 0.7422375679016113
vt 0.3875100314617157 0.7422375679016113
vt 0.3615476191043854 0.7186104655265808
vt 0.37329044938087463 0.7422375679016113
vt 0.37329044938087463 0.7186104655265808
vt 0.37329044938087463 0.6786965727806091
vt 0.3615476191043854 0.7186104655265808
vt 0.37329044938087463 0.7186104655265808
vt 0.3615476191043854 0.7186104655265808
vt 0.37329044938087463 0.6786965727806091
vt 0.3493326008319855 0.7186104655265808
vt 0.37329044938087463 0.7422375679016113
vt 0.3615476191043854 0.7186104655265808
vt 0.3563895523548126 0.7422375679016113
vt 0.3493326008319855 0.7186104655265808
vt 0.3493075668811798 0.7403011322021484
vt 0.3615476191043854 0.7186104655265808
vt 0.3493075668811798 0.7403011322021484
vt 0.3493326008319855 0.7186104655265808
vt 0.33386096358299255 0.7417950630187988
vt 0.33386096358299255 0.7417950630187988
vt 0.33912476897239685 0.7678214907646179
vt 0.3493075668811798 0.7403011322021484
vt 0.33912476897239685 0.7678214907646179
vt 0.33386096358299255 0.7417950630187988
vt 0.32182034850120544 0.7698187828063965
vt 0.37329044938087463 0.774705708026886
vt 0.3875100314617157 0.7422375679016113
vt 0.37329044938087463 0.7422375679016113
vt 0.3563895523548126 0.7422375679016113
vt 0.37329044938087463 0.774705708026886
vt 0.37329044938087463 0.7422375679016113
vt 0.3875100314617157 0.7422375679016113
vt 0.37329044938087463 0.774705708026886
vt 0.39117977023124695 0.774705708026886
vt 0.37329044938087463 0.8061472177505493
vt 0.39117977023124695 0.774705708026886
vt 0.37329044938087463 0.774705708026886
vt 0.39117977023124695 0.774705708026886
vt 0.37329044938087463 0.8061472177505493
vt 0.4028533399105072 0.8061472177505493
vt 0.35325655341148376 0.774705708026886
vt 0.37329044938087463 0.8061472177505493
vt 0.37329044938087463 0.774705708026886
vt 0.37329044938087463 0.774705708026886
vt 0.3563895523548126 0.7422375679016113
vt 0.35325655341148376 0.774705708026886
vt 0.37329044938087463 0.8061472177505493
vt 0.35325655341148376 0.774705708026886
vt 0.34221145510673523 0.8061472177505493
vt 0.37329044938087463 0.826736569404602
vt 0.4028533399105072 0.8061472177505493
vt 0.37329044938087463 0.8061472177505493
vt 0.34221145510673523 0.8061472177505493
vt 0.37329044938087463 0.826736569404602
vt 0.37329044938087463 0.8061472177505493
vt 0.4028533399105072 0.8061472177505493
vt 0.37329044938087463 0.826736569404602
vt 0.4128919541835785 0.826736569404602
vt 0.37329044938087463 0.8801032304763794
vt 0.4128919541835785 0.826736569404602
vt 0.37329044938087463 0.826736569404602
vt 0.4128919541835785 0.826736569404602
vt 0.37329044938087463 0.8801032304763794
vt 0.4341265857219696 0.8801032304763794
vt 0.4341265857219696 0.8801032304763794
vt 0.37329044938087463 0.8801032304763794
vt 0.37329044938087463 0.9385112524032593
vt 0.37329044938087463 0.826736569404602
vt 0.31009986996650696 0.8801032304763794
vt 0.37329044938087463 0.8801032304763794
vt 0.37329044938087463 0.8801032304763794
vt 0.31009986996650696 0.8801032304763794
vt 0.37329044938087463 0.9385112524032593
vt 0.31009986996650696 0.8801032304763794
vt 0.37329044938087463 0.826736569404602
vt 0.3325459659099579 0.826736569404602
vt 0.37329044938087463 0.826736569404602
vt 0.34221145510673523 0.8061472177505493
vt 0.3325459659099579 0.826736569404602
vt 0.9620280861854553 0.46946433186531067
vt 0.9722203016281128 0.5117519497871399
vt 0.947888195514679 0.4982856214046478
vt 0.9722203016281128 0.5117519497871399
vt 0.9304510951042175 0.5167749524116516
vt 0.947888195514679 0.4982856214046478
vt 0.9304510951042175 0.5167749524116516
vt 0.9722203016281128 0.5117519497871399
vt 0.9591728448867798 0.5356957316398621
vt 0.9304510951042175 0.5167749524116516
vt 0.9591728448867798 0.5356957316398621
vt 0.9423060417175293 0.562323272228241
vt 0.9423060417175293 0.562323272228241
vt 0.9066131711006165 0.5199766755104065
vt 0.9304510951042175 0.5167749524116516
vt 0.9066131711006165 0.5199766755104065
vt 0.9423060417175293 0.562323272228241
vt 0.9100657105445862 0.5786793231964111
vt 0.9100657105445862 0.5786793231964111
vt 0.8798671364784241 0.5122233033180237
vt 0.9066131711006165 0.5199766755104065
vt 0.8798671364784241 0.5122233033180237
vt 0.9100657105445862 0.5786793231964111
vt 0.8812851905822754 0.5786793231964111
vt 0.8083282113075256 0.5786793231964111
vt 0.8798671364784241 0.5122233033180237
vt 0.8812851905822754 0.5786793231964111
vt 0.8798671364784241 0.5122233033180237
vt 0.8083282113075256 0.5786793231964111
vt 0.8085241913795471 0.5428182482719421
vt 0.8798671364784241 0.5122233033180237
vt 0.8085241913795471 0.5428182482719421
vt 0.8058966994285583 0.5064046382904053
vt 0.8058966994285583 0.5064046382904053
vt 0.8330338001251221 0.4742296636104584
vt 0.8798671364784241 0.5122233033180237
vt 0.8330338001251221 0.4742296636104584
vt 0.8058966994285583 0.5064046382904053
vt 0.8026719093322754 0.4742296636104584
vt 0.8798753023147583 0.5126001238822937
vt 0.9097433686256409 0.5783836245536804
vt 0.9063716530799866 0.5199843645095825
vt 0.9097433686256409 0.5783836245536804
vt 0.8798753023147583 0.5126001238822937
vt 0.8813389539718628 0.5783836245536804
vt 0.9097433686256409 0.5783836245536804
vt 0.9304231405258179 0.5169258117675781
vt 0.9063716530799866 0.5199843645095825
vt 0.9304231405258179 0.5169258117675781
vt 0.9097433686256409 0.5783836245536804
vt 0.9427428841590881 0.5624783039093018
vt 0.9304231405258179 0.5169258117675781
vt 0.9427428841590881 0.5624783039093018
vt 0.9595762491226196 0.5356709957122803
vt 0.9720055460929871 0.5116339921951294
vt 0.9304231405258179 0.5169258117675781
vt 0.9595762491226196 0.5356709957122803
vt 0.9304231405258179 0.5169258117675781
vt 0.9720055460929871 0.5116339921951294
vt 0.9475263953208923 0.4980146586894989
vt 0.9475263953208923 0.4980146586894989
vt 0.9720055460929871 0.5116339921951294
vt 0.9620848894119263 0.4693305194377899
vt 0.8072233200073242 0.5430808067321777
vt 0.8813389539718628 0.5783836245536804
vt 0.8798753023147583 0.5126001238822937
vt 0.8798753023147583 0.5126001238822937
vt 0.8051544427871704 0.5072252750396729
vt 0.8072233200073242 0.5430808067321777
vt 0.8322649002075195 0.4742344915866852
vt 0.8051544427871704 0.5072252750396729
vt 0.8798753023147583 0.5126001238822937
vt 0.8051544427871704 0.5072252750396729
vt 0.8322649002075195 0.4742344915866852
vt 0.8030573129653931 0.4742344915866852
vt 0.8813389539718628 0.5783836245536804
vt 0.8072233200073242 0.5430808067321777
vt 0.807424008846283 0.5783836245536804
vt 0.4595184028148651 0.888314962387085
vt 0.45287391543388367 0.8238363265991211
vt 0.42980918288230896 0.8196440935134888
vt 0.45287391543388367 0.8238363265991211
vt 0.4595184028148651 0.888314962387085
vt 0.4938780665397644 0.8939257264137268
vt 0.37329044938087463 0.957585334777832
vt 0.4938780665397644 0.8939257264137268
vt 0.4595184028148651 0.888314962387085
vt 0.4938780665397644 0.8939257264137268
vt 0.37329044938087463 0.957585334777832
vt 0.37329044938087463 0.9893053770065308
vt 0.28444626927375793 0.8867210745811462
vt 0.37329044938087463 0.9893053770065308
vt 0.37329044938087463 0.957585334777832
vt 0.37329044938087463 0.9893053770065308
vt 0.28444626927375793 0.8867210745811462
vt 0.2526685297489166 0.8894475102424622
vt 0.28444626927375793 0.8867210745811462
vt 0.29333338141441345 0.8208742141723633
vt 0.2526685297489166 0.8894475102424622
vt 0.29333338141441345 0.8208742141723633
vt 0.28444626927375793 0.8867210745811462
vt 0.3159169852733612 0.8192031383514404
vt 0.4396393597126007 0.7975861430168152
vt 0.42980918288230896 0.8196440935134888
vt 0.45287391543388367 0.8238363265991211
vt 0.42980918288230896 0.8196440935134888
vt 0.4396393597126007 0.7975861430168152
vt 0.4175085127353668 0.7958166599273682
vt 0.3159169852733612 0.8192031383514404
vt 0.30758097767829895 0.7951343655586243
vt 0.29333338141441345 0.8208742141723633
vt 0.30758097767829895 0.7951343655586243
vt 0.3159169852733612 0.8192031383514404
vt 0.32852521538734436 0.7954258322715759
vt 0.42639657855033875 0.7717601656913757
vt 0.4175085127353668 0.7958166599273682
vt 0.4396393597126007 0.7975861430168152
vt 0.4175085127353668 0.7958166599273682
vt 0.42639657855033875 0.7717601656913757
vt 0.4072096049785614 0.7682659029960632
vt 0.32852521538734436 0.7954258322715759
vt 0.32182034850120544 0.7698187828063965
vt 0.30758097767829895 0.7951343655586243
vt 0.32182034850120544 0.7698187828063965
vt 0.32852521538734436 0.7954258322715759
vt 0.33912476897239685 0.7678214907646179
vt 0.6835376620292664 0.5064046382904053
vt 0.8085241913795471 0.5428182482719421
vt 0.6835376620292664 0.5428182482719421
vt 0.8085241913795471 0.5428182482719421
vt 0.6835376620292664 0.5064046382904053
vt 0.8058966994285583 0.5064046382904053
vt 0.8072233200073242 0.5430808067321777
vt 0.6835376620292664 0.5064046382904053
vt 0.6835376620292664 0.5428182482719421
vt 0.6835376620292664 0.5064046382904053
vt 0.8072233200073242 0.5430808067321777
vt 0.8051544427871704 0.5072252750396729
vt 0.6835376620292664 0.5064046382904053
vt 0.8026719093322754 0.4742296636104584
vt 0.8058966994285583 0.5064046382904053
vt 0.8026719093322754 0.4742296636104584
vt 0.6835376620292664 0.5064046382904053
vt 0.6835376620292664 0.4742296636104584
vt 0.8030573129653931 0.4742344915866852
vt 0.6835376620292664 0.5064046382904053
vt 0.8051544427871704 0.5072252750396729
vt 0.6835376620292664 0.5064046382904053
vt 0.8030573129653931 0.4742344915866852
vt 0.6835376620292664 0.4742296636104584
vt 0.8083282113075256 0.5786793231964111
vt 0.6835376620292664 0.5428182482719421
vt 0.8085241913795471 0.5428182482719421
vt 0.6835376620292664 0.5428182482719421
vt 0.8083282113075256 0.5786793231964111
vt 0.6835376620292664 0.5786793231964111
vt 0.807424008846283 0.5783836245536804
vt 0.6835376620292664 0.5428182482719421
vt 0.6835376620292664 0.5786793231964111
vt 0.6835376620292664 0.5428182482719421
vt 0.807424008846283 0.5783836245536804
vt 0.8072233200073242 0.5430808067321777
vt 0.4009545147418976 0.7186104655265808
vt 0.3972744643688202 0.7407610416412354
vt 0.41545620560646057 0.7433096170425415
vt 0.3972744643688202 0.7407610416412354
vt 0.4009545147418976 0.7186104655265808
vt 0.38535359501838684 0.7186104655265808
vt 0.4072096049785614 0.7682659029960632
vt 0.41545620560646057 0.7433096170425415
vt 0.3972744643688202 0.7407610416412354
vt 0.41545620560646057 0.7433096170425415
vt 0.4072096049785614 0.7682659029960632
vt 0.42639657855033875 0.7717601656913757
vt 0.37329044938087463 0.6786965727806091
vt 0.38535359501838684 0.7186104655265808
vt 0.4009545147418976 0.7186104655265808
vt 0.4072096049785614 0.7682659029960632
vt 0.4028533399105072 0.8061472177505493
vt 0.4175085127353668 0.7958166599273682
vt 0.4028533399105072 0.8061472177505493
vt 0.4072096049785614 0.7682659029960632
vt 0.39117977023124695 0.774705708026886
vt 0.3972744643688202 0.7407610416412354
vt 0.39117977023124695 0.774705708026886
vt 0.4072096049785614 0.7682659029960632
vt 0.39117977023124695 0.774705708026886
vt 0.3972744643688202 0.7407610416412354
vt 0.3875100314617157 0.7422375679016113
vt 0.38535359501838684 0.7186104655265808
vt 0.3875100314617157 0.7422375679016113
vt 0.3972744643688202 0.7407610416412354
vt 0.4028533399105072 0.8061472177505493
vt 0.42980918288230896 0.8196440935134888
vt 0.4175085127353668 0.7958166599273682
vt 0.42980918288230896 0.8196440935134888
vt 0.4028533399105072 0.8061472177505493
vt 0.4128919541835785 0.826736569404602
vt 0.42980918288230896 0.8196440935134888
vt 0.4128919541835785 0.826736569404602
vt 0.4595184028148651 0.888314962387085
vt 0.4595184028148651 0.888314962387085
vt 0.4128919541835785 0.826736569404602
vt 0.4341265857219696 0.8801032304763794
vt 0.4595184028148651 0.888314962387085
vt 0.37329044938087463 0.9385112524032593
vt 0.37329044938087463 0.957585334777832
vt 0.37329044938087463 0.9385112524032593
vt 0.4595184028148651 0.888314962387085
vt 0.4341265857219696 0.8801032304763794
vt 0.37329044938087463 0.957585334777832
vt 0.31009986996650696 0.8801032304763794
vt 0.28444626927375793 0.8867210745811462
vt 0.31009986996650696 0.8801032304763794
vt 0.37329044938087463 0.957585334777832
vt 0.37329044938087463 0.9385112524032593
vt 0.28444626927375793 0.8867210745811462
vt 0.31009986996650696 0.8801032304763794
vt 0.3159169852733612 0.8192031383514404
vt 0.3159169852733612 0.8192031383514404
vt 0.31009986996650696 0.8801032304763794
vt 0.3325459659099579 0.826736569404602
vt 0.34221145510673523 0.8061472177505493
vt 0.3159169852733612 0.8192031383514404
vt 0.3325459659099579 0.826736569404602
vt 0.3159169852733612 0.8192031383514404
vt 0.34221145510673523 0.8061472177505493
vt 0.32852521538734436 0.7954258322715759
vt 0.34221145510673523 0.8061472177505493
vt 0.33912476897239685 0.7678214907646179
vt 0.32852521538734436 0.7954258322715759
vt 0.33912476897239685 0.7678214907646179
vt 0.34221145510673523 0.8061472177505493
vt 0.35325655341148376 0.774705708026886
vt 0.3563895523548126 0.7422375679016113
vt 0.33912476897239685 0.7678214907646179
vt 0.35325655341148376 0.774705708026886
vt 0.33912476897239685 0.7678214907646179
vt 0.3563895523548126 0.7422375679016113
vt 0.3493075668811798 0.7403011322021484
vt 0.3493075668811798 0.7403011322021484
vt 0.3563895523548126 0.7422375679016113
vt 0.3615476191043854 0.7186104655265808
vt 0.6338191628456116 0.8348785042762756
vt 0.6086581349372864 0.8088377118110657
vt 0.5982488989830017 0.8349094986915588
vt 0.6338191628456116 0.8348785042762756
vt 0.6337942481040955 0.7977415919303894
vt 0.6086581349372864 0.8088377118110657
vt 0.6338191628456116 0.8348785042762756
vt 0.6589287519454956 0.8088330626487732
vt 0.6337942481040955 0.7977415919303894
vt 0.6338191628456116 0.8348785042762756
vt 0.6693421602249146 0.834902822971344
vt 0.6589287519454956 0.8088330626487732
vt 0.6338191628456116 0.8348785042762756
vt 0.5982488989830017 0.8349094986915588
vt 0.608669102191925 0.8621982932090759
vt 0.6338191628456116 0.8348785042762756
vt 0.608669102191925 0.8621982932090759
vt 0.633809506893158 0.87320476770401
vt 0.5980255007743835 0.7981193661689758
vt 0.5982488989830017 0.8349094986915588
vt 0.6086581349372864 0.8088377118110657
vt 0.5982488989830017 0.8349094986915588
vt 0.5980255007743835 0.7981193661689758
vt 0.5832222104072571 0.835196316242218
vt 0.5887921452522278 0.7853201031684875
vt 0.5832222104072571 0.835196316242218
vt 0.5980255007743835 0.7981193661689758
vt 0.5832222104072571 0.835196316242218
vt 0.5887921452522278 0.7853201031684875
vt 0.5701808929443359 0.8352587819099426
vt 0.5980255007743835 0.7981193661689758
vt 0.6337449550628662 0.765674889087677
vt 0.5887921452522278 0.7853201031684875
vt 0.6337449550628662 0.765674889087677
vt 0.5980255007743835 0.7981193661689758
vt 0.6337718367576599 0.7823392748832703
vt 0.6337718367576599 0.7823392748832703
vt 0.6086581349372864 0.8088377118110657
vt 0.6337942481040955 0.7977415919303894
vt 0.6086581349372864 0.8088377118110657
vt 0.6337718367576599 0.7823392748832703
vt 0.5980255007743835 0.7981193661689758
vt 0.5888116359710693 0.8807331919670105
vt 0.5832222104072571 0.835196316242218
vt 0.5701808929443359 0.8352587819099426
vt 0.5832222104072571 0.835196316242218
vt 0.5888116359710693 0.8807331919670105
vt 0.5980411171913147 0.8740043044090271
vt 0.5980411171913147 0.8740043044090271
vt 0.633809506893158 0.87320476770401
vt 0.608669102191925 0.8621982932090759
vt 0.5980411171913147 0.8740043044090271
vt 0.5982488989830017 0.8349094986915588
vt 0.5832222104072571 0.835196316242218
vt 0.5982488989830017 0.8349094986915588
vt 0.5980411171913147 0.8740043044090271
vt 0.608669102191925 0.8621982932090759
vt 0.5888116359710693 0.8807331919670105
vt 0.6337934136390686 0.8896570801734924
vt 0.5980411171913147 0.8740043044090271
vt 0.633809506893158 0.87320476770401
vt 0.5980411171913147 0.8740043044090271
vt 0.6337934136390686 0.8896570801734924
vt 0.6337934136390686 0.8896570801734924
vt 0.5888116359710693 0.8807331919670105
vt 0.6337718367576599 0.90060955286026
vt 0.6695163249969482 0.7981124520301819
vt 0.6337942481040955 0.7977415919303894
vt 0.6589287519454956 0.8088330626487732
vt 0.6337942481040955 0.7977415919303894
vt 0.6695163249969482 0.7981124520301819
vt 0.6337718367576599 0.7823392748832703
vt 0.6786805987358093 0.785311758518219
vt 0.6337718367576599 0.7823392748832703
vt 0.6695163249969482 0.7981124520301819
vt 0.6338191628456116 0.8348785042762756
vt 0.6589397192001343 0.8621931672096252
vt 0.6693421602249146 0.834902822971344
vt 0.6338191628456116 0.8348785042762756
vt 0.633809506893158 0.87320476770401
vt 0.6589397192001343 0.8621931672096252
vt 0.6695313453674316 0.8739975094795227
vt 0.6693421602249146 0.834902822971344
vt 0.6589397192001343 0.8621931672096252
vt 0.6693421602249146 0.834902822971344
vt 0.6695313453674316 0.8739975094795227
vt 0.6843255758285522 0.8351870179176331
vt 0.6786993741989136 0.8807247281074524
vt 0.6843255758285522 0.8351870179176331
vt 0.6695313453674316 0.8739975094795227
vt 0.6843255758285522 0.8351870179176331
vt 0.6786993741989136 0.8807247281074524
vt 0.6973018050193787 0.8352470993995667
vt 0.6973018050193787 0.8352470993995667
vt 0.6695163249969482 0.7981124520301819
vt 0.6843255758285522 0.8351870179176331
vt 0.6695163249969482 0.7981124520301819
vt 0.6973018050193787 0.8352470993995667
vt 0.6786805987358093 0.785311758518219
vt 0.6695313453674316 0.8739975094795227
vt 0.6337718367576599 0.90060955286026
vt 0.6786993741989136 0.8807247281074524
vt 0.6337718367576599 0.90060955286026
vt 0.6695313453674316 0.8739975094795227
vt 0.6337934136390686 0.8896570801734924
vt 0.6337934136390686 0.8896570801734924
vt 0.6589397192001343 0.8621931672096252
vt 0.633809506893158 0.87320476770401
vt 0.6589397192001343 0.8621931672096252
vt 0.6337934136390686 0.8896570801734924
vt 0.6695313453674316 0.8739975094795227
vt 0.6843255758285522 0.8351870179176331
vt 0.6589287519454956 0.8088330626487732
vt 0.6693421602249146 0.834902822971344
vt 0.6589287519454956 0.8088330626487732
vt 0.6843255758285522 0.8351870179176331
vt 0.6695163249969482 0.7981124520301819
vt 0.6337718367576599 0.7823392748832703
vt 0.6786805987358093 0.785311758518219
vt 0.6337449550628662 0.765674889087677
vt 0.5701808929443359 0.8352587819099426
vt 0.5785776376724243 0.7751985192298889
vt 0.5544370412826538 0.8356818556785583
vt 0.5785776376724243 0.7751985192298889
vt 0.5701808929443359 0.8352587819099426
vt 0.5887921452522278 0.7853201031684875
vt 0.5887921452522278 0.7853201031684875
vt 0.6337319016456604 0.7508885264396667
vt 0.5785776376724243 0.7751985192298889
vt 0.6337319016456604 0.7508885264396667
vt 0.5887921452522278 0.7853201031684875
vt 0.6337449550628662 0.765674889087677
vt 0.5786008834838867 0.8922685980796814
vt 0.5701808929443359 0.8352587819099426
vt 0.5544370412826538 0.8356818556785583
vt 0.5701808929443359 0.8352587819099426
vt 0.5786008834838867 0.8922685980796814
vt 0.5888116359710693 0.8807331919670105
vt 0.6337647438049316 0.9164503216743469
vt 0.5888116359710693 0.8807331919670105
vt 0.5786008834838867 0.8922685980796814
vt 0.5888116359710693 0.8807331919670105
vt 0.6337647438049316 0.9164503216743469
vt 0.6337718367576599 0.90060955286026
vt 0.5632221698760986 0.7531991600990295
vt 0.5544370412826538 0.8356818556785583
vt 0.5785776376724243 0.7751985192298889
vt 0.5544370412826538 0.8356818556785583
vt 0.5632221698760986 0.7531991600990295
vt 0.5316814184188843 0.8387907147407532
vt 0.5785776376724243 0.7751985192298889
vt 0.6336880326271057 0.7177610993385315
vt 0.5632221698760986 0.7531991600990295
vt 0.6336880326271057 0.7177610993385315
vt 0.5785776376724243 0.7751985192298889
vt 0.6337319016456604 0.7508885264396667
vt 0.6888684034347534 0.7751882672309875
vt 0.6336880326271057 0.7177610993385315
vt 0.6337319016456604 0.7508885264396667
vt 0.6336880326271057 0.7177610993385315
vt 0.6888684034347534 0.7751882672309875
vt 0.70412278175354 0.753186047077179
vt 0.5786008834838867 0.8922685980796814
vt 0.6337292194366455 0.9484265446662903
vt 0.6337647438049316 0.9164503216743469
vt 0.6337292194366455 0.9484265446662903
vt 0.5786008834838867 0.8922685980796814
vt 0.5632508993148804 0.913534939289093
vt 0.5632508993148804 0.913534939289093
vt 0.5544370412826538 0.8356818556785583
vt 0.5316814184188843 0.8387907147407532
vt 0.5544370412826538 0.8356818556785583
vt 0.5632508993148804 0.913534939289093
vt 0.5786008834838867 0.8922685980796814
vt 0.5632221698760986 0.7531991600990295
vt 0.5021369457244873 0.840738832950592
vt 0.5316814184188843 0.8387907147407532
vt 0.5021369457244873 0.840738832950592
vt 0.5632508993148804 0.913534939289093
vt 0.5316814184188843 0.8387907147407532
vt 0.5021369457244873 0.840738832950592
vt 0.5632221698760986 0.7531991600990295
vt 0.5432705879211426 0.7243428230285645
vt 0.5632221698760986 0.7531991600990295
vt 0.6336323618888855 0.6745920181274414
vt 0.5432705879211426 0.7243428230285645
vt 0.6336323618888855 0.6745920181274414
vt 0.5632221698760986 0.7531991600990295
vt 0.6336880326271057 0.7177610993385315
vt 0.5632508993148804 0.913534939289093
vt 0.6336846947669983 0.9892140030860901
vt 0.6337292194366455 0.9484265446662903
vt 0.6336846947669983 0.9892140030860901
vt 0.5632508993148804 0.913534939289093
vt 0.5433065295219421 0.940539538860321
vt 0.5632508993148804 0.913534939289093
vt 0.5021369457244873 0.840738832950592
vt 0.5433065295219421 0.940539538860321
vt 0.6337319016456604 0.7508885264396667
vt 0.6786805987358093 0.785311758518219
vt 0.6888684034347534 0.7751882672309875
vt 0.6786805987358093 0.785311758518219
vt 0.6337319016456604 0.7508885264396667
vt 0.6337449550628662 0.765674889087677
vt 0.6973018050193787 0.8352470993995667
vt 0.6888684034347534 0.7751882672309875
vt 0.6786805987358093 0.785311758518219
vt 0.6888684034347534 0.7751882672309875
vt 0.6973018050193787 0.8352470993995667
vt 0.7130142450332642 0.8356669545173645
vt 0.6973018050193787 0.8352470993995667
vt 0.6888918280601501 0.8922582268714905
vt 0.7130142450332642 0.8356669545173645
vt 0.6888918280601501 0.8922582268714905
vt 0.6973018050193787 0.8352470993995667
vt 0.6786993741989136 0.8807247281074524
vt 0.6786993741989136 0.8807247281074524
vt 0.6337647438049316 0.9164503216743469
vt 0.6888918280601501 0.8922582268714905
vt 0.6337647438049316 0.9164503216743469
vt 0.6786993741989136 0.8807247281074524
vt 0.6337718367576599 0.90060955286026
vt 0.7130142450332642 0.8356669545173645
vt 0.70412278175354 0.753186047077179
vt 0.6888684034347534 0.7751882672309875
vt 0.70412278175354 0.753186047077179
vt 0.7130142450332642 0.8356669545173645
vt 0.735660195350647 0.8387718796730042
vt 0.7130142450332642 0.8356669545173645
vt 0.704151451587677 0.9135215878486633
vt 0.735660195350647 0.8387718796730042
vt 0.704151451587677 0.9135215878486633
vt 0.7130142450332642 0.8356669545173645
vt 0.6888918280601501 0.8922582268714905
vt 0.6888918280601501 0.8922582268714905
vt 0.6337292194366455 0.9484265446662903
vt 0.704151451587677 0.9135215878486633
vt 0.6337292194366455 0.9484265446662903
vt 0.6888918280601501 0.8922582268714905
vt 0.6337647438049316 0.9164503216743469
vt 0.735660195350647 0.8387718796730042
vt 0.7239448428153992 0.7243260741233826
vt 0.70412278175354 0.753186047077179
vt 0.6336323618888855 0.6745920181274414
vt 0.70412278175354 0.753186047077179
vt 0.7239448428153992 0.7243260741233826
vt 0.70412278175354 0.753186047077179
vt 0.6336323618888855 0.6745920181274414
vt 0.6336880326271057 0.7177610993385315
vt 0.7239448428153992 0.7243260741233826
vt 0.735660195350647 0.8387718796730042
vt 0.7650647759437561 0.840714156627655
vt 0.735660195350647 0.8387718796730042
vt 0.7239806652069092 0.9405224919319153
vt 0.7650647759437561 0.840714156627655
vt 0.7239806652069092 0.9405224919319153
vt 0.735660195350647 0.8387718796730042
vt 0.704151451587677 0.9135215878486633
vt 0.704151451587677 0.9135215878486633
vt 0.6336846947669983 0.9892140030860901
vt 0.7239806652069092 0.9405224919319153
vt 0.6336846947669983 0.9892140030860901
vt 0.704151451587677 0.9135215878486633
vt 0.6337292194366455 0.9484265446662903
vt 0.5175542235374451 0.4701099395751953
vt 0.4830937683582306 0.507936418056488
vt 0.5217212438583374 0.5052837133407593
vt 0.4830937683582306 0.507936418056488
vt 0.5175542235374451 0.4701099395751953
vt 0.48309341073036194 0.47076427936553955
vt 0.4468746483325958 0.4693569540977478
vt 0.4830937683582306 0.507936418056488
vt 0.48309341073036194 0.47076427936553955
vt 0.4830937683582306 0.507936418056488
vt 0.4468746483325958 0.4693569540977478
vt 0.44446611404418945 0.5052842497825623
vt 0.48309391736984253 0.5394302606582642
vt 0.5217212438583374 0.5052837133407593
vt 0.4830937683582306 0.507936418056488
vt 0.44446611404418945 0.5052842497825623
vt 0.48309391736984253 0.5394302606582642
vt 0.4830937683582306 0.507936418056488
vt 0.5217212438583374 0.5052837133407593
vt 0.48309391736984253 0.5394302606582642
vt 0.528178870677948 0.5397410988807678
vt 0.48309391736984253 0.5394302606582642
vt 0.5440513491630554 0.5772050023078918
vt 0.528178870677948 0.5397410988807678
vt 0.5440513491630554 0.5772050023078918
vt 0.48309391736984253 0.5394302606582642
vt 0.48309415578842163 0.5775169134140015
vt 0.43800944089889526 0.5397417545318604
vt 0.48309415578842163 0.5775169134140015
vt 0.48309391736984253 0.5394302606582642
vt 0.48309391736984253 0.5394302606582642
vt 0.44446611404418945 0.5052842497825623
vt 0.43800944089889526 0.5397417545318604
vt 0.48309415578842163 0.5775169134140015
vt 0.43800944089889526 0.5397417545318604
vt 0.42213743925094604 0.5772057175636292
vt 0.48309415578842163 0.5775169134140015
vt 0.5688497424125671 0.6239933371543884
vt 0.5440513491630554 0.5772050023078918
vt 0.5688497424125671 0.6239933371543884
vt 0.48309415578842163 0.5775169134140015
vt 0.48309454321861267 0.6290155649185181
vt 0.42213743925094604 0.5772057175636292
vt 0.48309454321861267 0.6290155649185181
vt 0.48309415578842163 0.5775169134140015
vt 0.48309454321861267 0.6290155649185181
vt 0.42213743925094604 0.5772057175636292
vt 0.3973393142223358 0.6239947080612183
vt 0.5731902718544006 0.5003812313079834
vt 0.5175542235374451 0.4701099395751953
vt 0.5217212438583374 0.5052837133407593
vt 0.5731902718544006 0.5003812313079834
vt 0.5217212438583374 0.5052837133407593
vt 0.528178870677948 0.5397410988807678
vt 0.528178870677948 0.5397410988807678
vt 0.5985373854637146 0.5297415256500244
vt 0.5731902718544006 0.5003812313079834
vt 0.5985373854637146 0.5297415256500244
vt 0.528178870677948 0.5397410988807678
vt 0.5440513491630554 0.5772050023078918
vt 0.5440513491630554 0.5772050023078918
vt 0.6321905851364136 0.5687234401702881
vt 0.5985373854637146 0.5297415256500244
vt 0.6321905851364136 0.5687234401702881
vt 0.5440513491630554 0.5772050023078918
vt 0.5688497424125671 0.6239933371543884
vt 0.3676506578922272 0.5297431349754333
vt 0.3973393142223358 0.6239947080612183
vt 0.42213743925094604 0.5772057175636292
vt 0.3973393142223358 0.6239947080612183
vt 0.3676506578922272 0.5297431349754333
vt 0.33399784564971924 0.5687257051467896
vt 0.42213743925094604 0.5772057175636292
vt 0.3929971754550934 0.5003826022148132
vt 0.3676506578922272 0.5297431349754333
vt 0.3929971754550934 0.5003826022148132
vt 0.42213743925094604 0.5772057175636292
vt 0.43800944089889526 0.5397417545318604
vt 0.3929971754550934 0.5003826022148132
vt 0.43800944089889526 0.5397417545318604
vt 0.44446611404418945 0.5052842497825623
vt 0.3929971754550934 0.5003826022148132
vt 0.44446611404418945 0.5052842497825623
vt 0.4468746483325958 0.4693569540977478
vt 0.6794509887695312 0.6615875959396362
vt 0.7684136629104614 0.6184550523757935
vt 0.7014377117156982 0.6078357696533203
vt 0.7684136629104614 0.6184550523757935
vt 0.6794509887695312 0.6615875959396362
vt 0.7577495574951172 0.6829986572265625
vt 0.7577495574951172 0.6829986572265625
vt 0.8106250762939453 0.622368574142456
vt 0.7684136629104614 0.6184550523757935
vt 0.8106250762939453 0.622368574142456
vt 0.7577495574951172 0.6829986572265625
vt 0.8106865882873535 0.6897141933441162
vt 0.8106865882873535 0.6897141933441162
vt 0.7681107521057129 0.6184555292129517
vt 0.8106250762939453 0.622368574142456
vt 0.7681107521057129 0.6184555292129517
vt 0.8106865882873535 0.6897141933441162
vt 0.7573757171630859 0.6829891204833984
vt 0.7573757171630859 0.6829891204833984
vt 0.7011291980743408 0.6078360080718994
vt 0.7681107521057129 0.6184555292129517
vt 0.7011291980743408 0.6078360080718994
vt 0.7573757171630859 0.6829891204833984
vt 0.6791514158248901 0.6615910530090332
vt 0.6595218181610107 0.6521872282028198
vt 0.7014377117156982 0.6078357696533203
vt 0.6806333065032959 0.6005744934082031
vt 0.7014377117156982 0.6078357696533203
vt 0.6595218181610107 0.6521872282028198
vt 0.6794509887695312 0.6615875959396362
vt 0.7059459686279297 0.5851397514343262
vt 0.7684136629104614 0.6184550523757935
vt 0.7713340520858765 0.5966635942459106
vt 0.7684136629104614 0.6184550523757935
vt 0.7059459686279297 0.5851397514343262
vt 0.7014377117156982 0.6078357696533203
vt 0.8106250762939453 0.622368574142456
vt 0.7713340520858765 0.5966635942459106
vt 0.7684136629104614 0.6184550523757935
vt 0.7713340520858765 0.5966635942459106
vt 0.8106250762939453 0.622368574142456
vt 0.8106451034545898 0.6004519462585449
vt 0.7681107521057129 0.6184555292129517
vt 0.8106451034545898 0.6004519462585449
vt 0.8106250762939453 0.622368574142456
vt 0.8106451034545898 0.6004519462585449
vt 0.7681107521057129 0.6184555292129517
vt 0.7710340023040771 0.596664309501648
vt 0.7011291980743408 0.6078360080718994
vt 0.7710340023040771 0.596664309501648
vt 0.7681107521057129 0.6184555292129517
vt 0.7710340023040771 0.596664309501648
vt 0.7011291980743408 0.6078360080718994
vt 0.7056396007537842 0.5851404666900635
vt 0.6803239583969116 0.6005779504776001
vt 0.6791514158248901 0.6615910530090332
vt 0.6592211723327637 0.6521942615509033
vt 0.6791514158248901 0.6615910530090332
vt 0.6803239583969116 0.6005779504776001
vt 0.7011291980743408 0.6078360080718994
vt 0.6738940477371216 0.6841422319412231
vt 0.7573757171630859 0.6829891204833984
vt 0.7533674240112305 0.7045789957046509
vt 0.7573757171630859 0.6829891204833984
vt 0.6738940477371216 0.6841422319412231
vt 0.6791514158248901 0.6615910530090332
vt 0.81090247631073 0.6897141933441162
vt 0.7533674240112305 0.7045789957046509
vt 0.7573757171630859 0.6829891204833984
vt 0.7533674240112305 0.7045789957046509
vt 0.81090247631073 0.6897141933441162
vt 0.8110108375549316 0.7115520238876343
vt 0.7577495574951172 0.6829986572265625
vt 0.8110108375549316 0.7115520238876343
vt 0.81090247631073 0.6897141933441162
vt 0.8110108375549316 0.7115520238876343
vt 0.7577495574951172 0.6829986572265625
vt 0.7537227869033813 0.7045797109603882
vt 0.6794509887695312 0.6615875959396362
vt 0.7537227869033813 0.7045797109603882
vt 0.7577495574951172 0.6829986572265625
vt 0.7537227869033813 0.7045797109603882
vt 0.6794509887695312 0.6615875959396362
vt 0.6741821765899658 0.684136152267456
vt 0.4744427502155304 0.8045248985290527
vt 0.45642659068107605 0.7721527814865112
vt 0.47432222962379456 0.772045373916626
vt 0.4744427502155304 0.8045248985290527
vt 0.47432222962379456 0.772045373916626
vt 0.492218017578125 0.7719382047653198
vt 0.45642659068107605 0.7721527814865112
vt 0.47424426674842834 0.751050591468811
vt 0.47432222962379456 0.772045373916626
vt 0.47424426674842834 0.751050591468811
vt 0.492218017578125 0.7719382047653198
vt 0.47432222962379456 0.772045373916626
vt 0.47424426674842834 0.751050591468811
vt 0.45642659068107605 0.7721527814865112
vt 0.4465244710445404 0.7512136697769165
vt 0.4465244710445404 0.7512136697769165
vt 0.4741664230823517 0.7300592660903931
vt 0.47424426674842834 0.751050591468811
vt 0.4741664230823517 0.7300592660903931
vt 0.4465244710445404 0.7512136697769165
vt 0.43322184681892395 0.7303047180175781
vt 0.4741664230823517 0.7300592660903931
vt 0.5019640922546387 0.7508902549743652
vt 0.47424426674842834 0.751050591468811
vt 0.492218017578125 0.7719382047653198
vt 0.47424426674842834 0.751050591468811
vt 0.5019640922546387 0.7508902549743652
vt 0.5019640922546387 0.7508902549743652
vt 0.4741664230823517 0.7300592660903931
vt 0.5151111483573914 0.7298136949539185
vt 0.43322184681892395 0.7303047180175781
vt 0.4740522801876068 0.6992974281311035
vt 0.4741664230823517 0.7300592660903931
vt 0.4740522801876068 0.6992974281311035
vt 0.5151111483573914 0.7298136949539185
vt 0.4741664230823517 0.7300592660903931
vt 0.4740522801876068 0.6992974281311035
vt 0.43322184681892395 0.7303047180175781
vt 0.42517784237861633 0.6995905637741089
vt 0.42517784237861633 0.6995905637741089
vt 0.4739316403865814 0.666779637336731
vt 0.4740522801876068 0.6992974281311035
vt 0.4739316403865814 0.666779637336731
vt 0.42517784237861633 0.6995905637741089
vt 0.4030749499797821 0.6527431011199951
vt 0.4739316403865814 0.666779637336731
vt 0.5229268074035645 0.6990045309066772
vt 0.4740522801876068 0.6992974281311035
vt 0.5151111483573914 0.7298136949539185
vt 0.4740522801876068 0.6992974281311035
vt 0.5229268074035645 0.6990045309066772
vt 0.5229268074035645 0.6990045309066772
vt 0.4739316403865814 0.666779637336731
vt 0.5446815490722656 0.6518939733505249
vt 0.38535359501838684 0.7186104655265808
vt 0.37329044938087463 0.6786965727806091
vt 0.37329044938087463 0.7186104655265808
vt 0.37329044938087463 0.7422375679016113
vt 0.38535359501838684 0.7186104655265808
vt 0.37329044938087463 0.7186104655265808
vt 0.38535359501838684 0.7186104655265808
vt 0.37329044938087463 0.7422375679016113
vt 0.3875100314617157 0.7422375679016113
vt 0.3615476191043854 0.7186104655265808
vt 0.37329044938087463 0.7422375679016113
vt 0.37329044938087463 0.7186104655265808
vt 0.37329044938087463 0.6786965727806091
vt 0.3615476191043854 0.7186104655265808
vt 0.37329044938087463 0.7186104655265808
vt 0.3615476191043854 0.7186104655265808
vt 0.37329044938087463 0.6786965727806091
vt 0.3493326008319855 0.7186104655265808
vt 0.37329044938087463 0.7422375679016113
vt 0.3615476191043854 0.7186104655265808
vt 0.3563895523548126 0.7422375679016113
vt 0.3493326008319855 0.7186104655265808
vt 0.3493075668811798 0.7403011322021484
vt 0.3615476191043854 0.7186104655265808
vt 0.3493075668811798 0.7403011322021484
vt 0.3493326008319855 0.7186104655265808
vt 0.33386096358299255 0.7417950630187988
vt 0.33386096358299255 0.7417950630187988
vt 0.33912476897239685 0.7678214907646179
vt 0.3493075668811798 0.7403011322021484
vt 0.33912476897239685 0.7678214907646179
vt 0.33386096358299255 0.7417950630187988
vt 0.32182034850120544 0.7698187828063965
vt 0.37329044938087463 0.774705708026886
vt 0.3875100314617157 0.7422375679016113
vt 0.37329044938087463 0.7422375679016113
vt 0.3563895523548126 0.7422375679016113
vt 0.37329044938087463 0.774705708026886
vt 0.37329044938087463 0.7422375679016113
vt 0.3875100314617157 0.7422375679016113
vt 0.37329044938087463 0.774705708026886
vt 0.39117977023124695 0.774705708026886
vt 0.37329044938087463 0.8061472177505493
vt 0.39117977023124695 0.774705708026886
vt 0.37329044938087463 0.774705708026886
vt 0.39117977023124695 0.774705708026886
vt 0.37329044938087463 0.8061472177505493
vt 0.4028533399105072 0.8061472177505493
vt 0.35325655341148376 0.774705708026886
vt 0.37329044938087463 0.8061472177505493
vt 0.37329044938087463 0.774705708026886
vt 0.37329044938087463 0.774705708026886
vt 0.3563895523548126 0.7422375679016113
vt 0.35325655341148376 0.774705708026886
vt 0.37329044938087463 0.8061472177505493
vt 0.35325655341148376 0.774705708026886
vt 0.34221145510673523 0.8061472177505493
vt 0.37329044938087463 0.826736569404602
vt 0.4028533399105072 0.8061472177505493
vt 0.37329044938087463 0.8061472177505493
vt 0.34221145510673523 0.8061472177505493
vt 0.37329044938087463 0.826736569404602
vt 0.37329044938087463 0.8061472177505493
vt 0.4028533399105072 0.8061472177505493
vt 0.37329044938087463 0.826736569404602
vt 0.4128919541835785 0.826736569404602
vt 0.37329044938087463 0.8801032304763794
vt 0.4128919541835785 0.826736569404602
vt 0.37329044938087463 0.826736569404602
vt 0.4128919541835785 0.826736569404602
vt 0.37329044938087463 0.8801032304763794
vt 0.4341265857219696 0.8801032304763794
vt 0.4341265857219696 0.8801032304763794
vt 0.37329044938087463 0.8801032304763794
vt 0.37329044938087463 0.9385112524032593
vt 0.37329044938087463 0.826736569404602
vt 0.31009986996650696 0.8801032304763794
vt 0.37329044938087463 0.8801032304763794
vt 0.37329044938087463 0.8801032304763794
vt 0.31009986996650696 0.8801032304763794
vt 0.37329044938087463 0.9385112524032593
vt 0.31009986996650696 0.8801032304763794
vt 0.37329044938087463 0.826736569404602
vt 0.3325459659099579 0.826736569404602
vt 0.37329044938087463 0.826736569404602
vt 0.34221145510673523 0.8061472177505493
vt 0.3325459659099579 0.826736569404602
vt 0.9620280861854553 0.46946433186531067
vt 0.9722203016281128 0.5117519497871399
vt 0.947888195514679 0.4982856214046478
vt 0.9722203016281128 0.5117519497871399
vt 0.9304510951042175 0.5167749524116516
vt 0.947888195514679 0.4982856214046478
vt 0.9304510951042175 0.5167749524116516
vt 0.9722203016281128 0.5117519497871399
vt 0.9591728448867798 0.5356957316398621
vt 0.9304510951042175 0.5167749524116516
vt 0.9591728448867798 0.5356957316398621
vt 0.9423060417175293 0.562323272228241
vt 0.9423060417175293 0.562323272228241
vt 0.9066131711006165 0.5199766755104065
vt 0.9304510951042175 0.5167749524116516
vt 0.9066131711006165 0.5199766755104065
vt 0.9423060417175293 0.562323272228241
vt 0.9100657105445862 0.5786793231964111
vt 0.9100657105445862 0.5786793231964111
vt 0.8798671364784241 0.5122233033180237
vt 0.9066131711006165 0.5199766755104065
vt 0.8798671364784241 0.5122233033180237
vt 0.9100657105445862 0.5786793231964111
vt 0.8812851905822754 0.5786793231964111
vt 0.8083282113075256 0.5786793231964111
vt 0.8798671364784241 0.5122233033180237
vt 0.8812851905822754 0.5786793231964111
vt 0.8798671364784241 0.5122233033180237
vt 0.8083282113075256 0.5786793231964111
vt 0.8085241913795471 0.5428182482719421
vt 0.8798671364784241 0.5122233033180237
vt 0.8085241913795471 0.5428182482719421
vt 0.8058966994285583 0.5064046382904053
vt 0.8058966994285583 0.5064046382904053
vt 0.8330338001251221 0.4742296636104584
vt 0.8798671364784241 0.5122233033180237
vt 0.8330338001251221 0.4742296636104584
vt 0.8058966994285583 0.5064046382904053
vt 0.8026719093322754 0.4742296636104584
vt 0.8798753023147583 0.5126001238822937
vt 0.9097433686256409 0.5783836245536804
vt 0.9063716530799866 0.5199843645095825
vt 0.9097433686256409 0.5783836245536804
vt 0.8798753023147583 0.5126001238822937
vt 0.8813389539718628 0.5783836245536804
vt 0.9097433686256409 0.5783836245536804
vt 0.9304231405258179 0.5169258117675781
vt 0.9063716530799866 0.5199843645095825
vt 0.9304231405258179 0.5169258117675781
vt 0.9097433686256409 0.5783836245536804
vt 0.9427428841590881 0.5624783039093018
vt 0.9304231405258179 0.5169258117675781
vt 0.9427428841590881 0.5624783039093018
vt 0.9595762491226196 0.5356709957122803
vt 0.9720055460929871 0.5116339921951294
vt 0.9304231405258179 0.5169258117675781
vt 0.9595762491226196 0.5356709957122803
vt 0.9304231405258179 0.5169258117675781
vt 0.9720055460929871 0.5116339921951294
vt 0.9475263953208923 0.4980146586894989
vt 0.9475263953208923 0.4980146586894989
vt 0.9720055460929871 0.5116339921951294
vt 0.9620848894119263 0.4693305194377899
vt 0.8072233200073242 0.5430808067321777
vt 0.8813389539718628 0.5783836245536804
vt 0.8798753023147583 0.5126001238822937
vt 0.8798753023147583 0.5126001238822937
vt 0.8051544427871704 0.5072252750396729
vt 0.8072233200073242 0.5430808067321777
vt 0.8322649002075195 0.4742344915866852
vt 0.8051544427871704 0.5072252750396729
vt 0.8798753023147583 0.5126001238822937
vt 0.8051544427871704 0.5072252750396729
vt 0.8322649002075195 0.4742344915866852
vt 0.8030573129653931 0.4742344915866852
vt 0.8813389539718628 0.5783836245536804
vt 0.8072233200073242 0.5430808067321777
vt 0.807424008846283 0.5783836245536804
vt 0.4595184028148651 0.888314962387085
vt 0.45287391543388367 0.8238363265991211
vt 0.42980918288230896 0.8196440935134888
vt 0.45287391543388367 0.8238363265991211
vt 0.4595184028148651 0.888314962387085
vt 0.4938780665397644 0.8939257264137268
vt 0.37329044938087463 0.957585334777832
vt 0.4938780665397644 0.8939257264137268
vt 0.4595184028148651 0.888314962387085
vt 0.4938780665397644 0.8939257264137268
vt 0.37329044938087463 0.957585334777832
vt 0.37329044938087463 0.9893053770065308
vt 0.28444626927375793 0.8867210745811462
vt 0.37329044938087463 0.9893053770065308
vt 0.37329044938087463 0.957585334777832
vt 0.37329044938087463 0.9893053770065308
vt 0.28444626927375793 0.8867210745811462
vt 0.2526685297489166 0.8894475102424622
vt 0.28444626927375793 0.8867210745811462
vt 0.29333338141441345 0.8208742141723633
vt 0.2526685297489166 0.8894475102424622
vt 0.29333338141441345 0.8208742141723633
vt 0.28444626927375793 0.8867210745811462
vt 0.3159169852733612 0.8192031383514404
vt 0.4396393597126007 0.7975861430168152
vt 0.42980918288230896 0.8196440935134888
vt 0.45287391543388367 0.8238363265991211
vt 0.42980918288230896 0.8196440935134888
vt 0.4396393597126007 0.7975861430168152
vt 0.4175085127353668 0.7958166599273682
vt 0.3159169852733612 0.8192031383514404
vt 0.30758097767829895 0.7951343655586243
vt 0.29333338141441345 0.8208742141723633
vt 0.30758097767829895 0.7951343655586243
vt 0.3159169852733612 0.8192031383514404
vt 0.32852521538734436 0.7954258322715759
vt 0.42639657855033875 0.7717601656913757
vt 0.4175085127353668 0.7958166599273682
vt 0.4396393597126007 0.7975861430168152
vt 0.4175085127353668 0.7958166599273682
vt 0.42639657855033875 0.7717601656913757
vt 0.4072096049785614 0.7682659029960632
vt 0.32852521538734436 0.7954258322715759
vt 0.32182034850120544 0.7698187828063965
vt 0.30758097767829895 0.7951343655586243
vt 0.32182034850120544 0.7698187828063965
vt 0.32852521538734436 0.7954258322715759
vt 0.33912476897239685 0.7678214907646179
vt 0.6835376620292664 0.5064046382904053
vt 0.8085241913795471 0.5428182482719421
vt 0.6835376620292664 0.5428182482719421
vt 0.8085241913795471 0.5428182482719421
vt 0.6835376620292664 0.5064046382904053
vt 0.8058966994285583 0.5064046382904053
vt 0.8072233200073242 0.5430808067321777
vt 0.6835376620292664 0.5064046382904053
vt 0.6835376620292664 0.5428182482719421
vt 0.6835376620292664 0.5064046382904053
vt 0.8072233200073242 0.5430808067321777
vt 0.8051544427871704 0.5072252750396729
vt 0.6835376620292664 0.5064046382904053
vt 0.8026719093322754 0.4742296636104584
vt 0.8058966994285583 0.5064046382904053
vt 0.8026719093322754 0.4742296636104584
vt 0.6835376620292664 0.5064046382904053
vt 0.6835376620292664 0.4742296636104584
vt 0.8030573129653931 0.4742344915866852
vt 0.6835376620292664 0.5064046382904053
vt 0.8051544427871704 0.5072252750396729
vt 0.6835376620292664 0.5064046382904053
vt 0.8030573129653931 0.4742344915866852
vt 0.6835376620292664 0.4742296636104584
vt 0.8083282113075256 0.5786793231964111
vt 0.6835376620292664 0.5428182482719421
vt 0.8085241913795471 0.5428182482719421
vt 0.6835376620292664 0.5428182482719421
vt 0.8083282113075256 0.5786793231964111
vt 0.6835376620292664 0.5786793231964111
vt 0.807424008846283 0.5783836245536804
vt 0.6835376620292664 0.5428182482719421
vt 0.6835376620292664 0.5786793231964111
vt 0.6835376620292664 0.5428182482719421
vt 0.807424008846283 0.5783836245536804
vt 0.8072233200073242 0.5430808067321777
vt 0.4009545147418976 0.7186104655265808
vt 0.3972744643688202 0.7407610416412354
vt 0.41545620560646057 0.7433096170425415
vt 0.3972744643688202 0.7407610416412354
vt 0.4009545147418976 0.7186104655265808
vt 0.38535359501838684 0.7186104655265808
vt 0.4072096049785614 0.7682659029960632
vt 0.41545620560646057 0.7433096170425415
vt 0.3972744643688202 0.7407610416412354
vt 0.41545620560646057 0.7433096170425415
vt 0.4072096049785614 0.7682659029960632
vt 0.42639657855033875 0.7717601656913757
vt 0.37329044938087463 0.6786965727806091
vt 0.38535359501838684 0.7186104655265808
vt 0.4009545147418976 0.7186104655265808
vt 0.4072096049785614 0.7682659029960632
vt 0.4028533399105072 0.8061472177505493
vt 0.4175085127353668 0.7958166599273682
vt 0.4028533399105072 0.8061472177505493
vt 0.4072096049785614 0.7682659029960632
vt 0.39117977023124695 0.774705708026886
vt 0.3972744643688202 0.7407610416412354
vt 0.39117977023124695 0.774705708026886
vt 0.4072096049785614 0.7682659029960632
vt 0.39117977023124695 0.774705708026886
vt 0.3972744643688202 0.7407610416412354
vt 0.3875100314617157 0.7422375679016113
vt 0.38535359501838684 0.7186104655265808
vt 0.3875100314617157 0.7422375679016113
vt 0.3972744643688202 0.7407610416412354
vt 0.4028533399105072 0.8061472177505493
vt 0.42980918288230896 0.8196440935134888
vt 0.4175085127353668 0.7958166599273682
vt 0.42980918288230896 0.8196440935134888
vt 0.4028533399105072 0.8061472177505493
vt 0.4128919541835785 0.826736569404602
vt 0.42980918288230896 0.8196440935134888
vt 0.4128919541835785 0.826736569404602
vt 0.4595184028148651 0.888314962387085
vt 0.4595184028148651 0.888314962387085
vt 0.4128919541835785 0.826736569404602
vt 0.4341265857219696 0.8801032304763794
vt 0.4595184028148651 0.888314962387085
vt 0.37329044938087463 0.9385112524032593
vt 0.37329044938087463 0.957585334777832
vt 0.37329044938087463 0.9385112524032593
vt 0.4595184028148651 0.888314962387085
vt 0.4341265857219696 0.8801032304763794
vt 0.37329044938087463 0.957585334777832
vt 0.31009986996650696 0.8801032304763794
vt 0.28444626927375793 0.8867210745811462
vt 0.31009986996650696 0.8801032304763794
vt 0.37329044938087463 0.957585334777832
vt 0.37329044938087463 0.9385112524032593
vt 0.28444626927375793 0.8867210745811462
vt 0.31009986996650696 0.8801032304763794
vt 0.3159169852733612 0.8192031383514404
vt 0.3159169852733612 0.8192031383514404
vt 0.31009986996650696 0.8801032304763794
vt 0.3325459659099579 0.826736569404602
vt 0.34221145510673523 0.8061472177505493
vt 0.3159169852733612 0.8192031383514404
vt 0.3325459659099579 0.826736569404602
vt 0.3159169852733612 0.8192031383514404
vt 0.34221145510673523 0.8061472177505493
vt 0.32852521538734436 0.7954258322715759
vt 0.34221145510673523 0.8061472177505493
vt 0.33912476897239685 0.7678214907646179
vt 0.32852521538734436 0.7954258322715759
vt 0.33912476897239685 0.7678214907646179
vt 0.34221145510673523 0.8061472177505493
vt 0.35325655341148376 0.774705708026886
vt 0.3563895523548126 0.7422375679016113
vt 0.33912476897239685 0.7678214907646179
vt 0.35325655341148376 0.774705708026886
vt 0.33912476897239685 0.7678214907646179
vt 0.3563895523548126 0.7422375679016113
vt 0.3493075668811798 0.7403011322021484
vt 0.3493075668811798 0.7403011322021484
vt 0.3563895523548126 0.7422375679016113
vt 0.3615476191043854 0.7186104655265808
vt 0.6338191628456116 0.8348785042762756
vt 0.6086581349372864 0.8088377118110657
vt 0.5982488989830017 0.8349094986915588
vt 0.6338191628456116 0.8348785042762756
vt 0.6337942481040955 0.7977415919303894
vt 0.6086581349372864 0.8088377118110657
vt 0.6338191628456116 0.8348785042762756
vt 0.6589287519454956 0.8088330626487732
vt 0.6337942481040955 0.7977415919303894
vt 0.6338191628456116 0.8348785042762756
vt 0.6693421602249146 0.834902822971344
vt 0.6589287519454956 0.8088330626487732
vt 0.6338191628456116 0.8348785042762756
vt 0.5982488989830017 0.8349094986915588
vt 0.608669102191925 0.8621982932090759
vt 0.6338191628456116 0.8348785042762756
vt 0.608669102191925 0.8621982932090759
vt 0.633809506893158 0.87320476770401
vt 0.5980255007743835 0.7981193661689758
vt 0.5982488989830017 0.8349094986915588
vt 0.6086581349372864 0.8088377118110657
vt 0.5982488989830017 0.8349094986915588
vt 0.5980255007743835 0.7981193661689758
vt 0.5832222104072571 0.835196316242218
vt 0.5887921452522278 0.7853201031684875
vt 0.5832222104072571 0.835196316242218
vt 0.5980255007743835 0.7981193661689758
vt 0.5832222104072571 0.835196316242218
vt 0.5887921452522278 0.7853201031684875
vt 0.5701808929443359 0.8352587819099426
vt 0.5980255007743835 0.7981193661689758
vt 0.6337449550628662 0.765674889087677
vt 0.5887921452522278 0.7853201031684875
vt 0.6337449550628662 0.765674889087677
vt 0.5980255007743835 0.7981193661689758
vt 0.6337718367576599 0.7823392748832703
vt 0.6337718367576599 0.7823392748832703
vt 0.6086581349372864 0.8088377118110657
vt 0.6337942481040955 0.7977415919303894
vt 0.6086581349372864 0.8088377118110657
vt 0.6337718367576599 0.7823392748832703
vt 0.5980255007743835 0.7981193661689758
vt 0.5888116359710693 0.8807331919670105
vt 0.5832222104072571 0.835196316242218
vt 0.5701808929443359 0.8352587819099426
vt 0.5832222104072571 0.835196316242218
vt 0.5888116359710693 0.8807331919670105
vt 0.5980411171913147 0.8740043044090271
vt 0.5980411171913147 0.8740043044090271
vt 0.633809506893158 0.87320476770401
vt 0.608669102191925 0.8621982932090759
vt 0.5980411171913147 0.8740043044090271
vt 0.5982488989830017 0.8349094986915588
vt 0.5832222104072571 0.835196316242218
vt 0.5982488989830017 0.8349094986915588
vt 0.5980411171913147 0.8740043044090271
vt 0.608669102191925 0.8621982932090759
vt 0.5888116359710693 0.8807331919670105
vt 0.6337934136390686 0.8896570801734924
vt 0.5980411171913147 0.8740043044090271
vt 0.633809506893158 0.87320476770401
vt 0.5980411171913147 0.8740043044090271
vt 0.6337934136390686 0.8896570801734924
vt 0.6337934136390686 0.8896570801734924
vt 0.5888116359710693 0.8807331919670105
vt 0.6337718367576599 0.90060955286026
vt 0.6695163249969482 0.7981124520301819
vt 0.6337942481040955 0.7977415919303894
vt 0.6589287519454956 0.8088330626487732
vt 0.6337942481040955 0.7977415919303894
vt 0.6695163249969482 0.7981124520301819
vt 0.6337718367576599 0.7823392748832703
vt 0.6786805987358093 0.785311758518219
vt 0.6337718367576599 0.7823392748832703
vt 0.6695163249969482 0.7981124520301819
vt 0.6338191628456116 0.8348785042762756
vt 0.6589397192001343 0.8621931672096252
vt 0.6693421602249146 0.834902822971344
vt 0.6338191628456116 0.8348785042762756
vt 0.633809506893158 0.87320476770401
vt 0.6589397192001343 0.8621931672096252
vt 0.6695313453674316 0.8739975094795227
vt 0.6693421602249146 0.834902822971344
vt 0.6589397192001343 0.8621931672096252
vt 0.6693421602249146 0.834902822971344
vt 0.6695313453674316 0.8739975094795227
vt 0.6843255758285522 0.8351870179176331
vt 0.6786993741989136 0.8807247281074524
vt 0.6843255758285522 0.8351870179176331
vt 0.6695313453674316 0.8739975094795227
vt 0.6843255758285522 0.8351870179176331
vt 0.6786993741989136 0.8807247281074524
vt 0.6973018050193787 0.8352470993995667
vt 0.6973018050193787 0.8352470993995667
vt 0.6695163249969482 0.7981124520301819
vt 0.6843255758285522 0.8351870179176331
vt 0.6695163249969482 0.7981124520301819
vt 0.6973018050193787 0.8352470993995667
vt 0.6786805987358093 0.785311758518219
vt 0.6695313453674316 0.8739975094795227
vt 0.6337718367576599 0.90060955286026
vt 0.6786993741989136 0.8807247281074524
vt 0.6337718367576599 0.90060955286026
vt 0.6695313453674316 0.8739975094795227
vt 0.6337934136390686 0.8896570801734924
vt 0.6337934136390686 0.8896570801734924
vt 0.6589397192001343 0.8621931672096252
vt 0.633809506893158 0.87320476770401
vt 0.6589397192001343 0.8621931672096252
vt 0.6337934136390686 0.8896570801734924
vt 0.6695313453674316 0.8739975094795227
vt 0.6843255758285522 0.8351870179176331
vt 0.6589287519454956 0.8088330626487732
vt 0.6693421602249146 0.834902822971344
vt 0.6589287519454956 0.8088330626487732
vt 0.6843255758285522 0.8351870179176331
vt 0.6695163249969482 0.7981124520301819
vt 0.6337718367576599 0.7823392748832703
vt 0.6786805987358093 0.785311758518219
vt 0.6337449550628662 0.765674889087677
vt 0.5701808929443359 0.8352587819099426
vt 0.5785776376724243 0.7751985192298889
vt 0.5544370412826538 0.8356818556785583
vt 0.5785776376724243 0.7751985192298889
vt 0.5701808929443359 0.8352587819099426
vt 0.5887921452522278 0.7853201031684875
vt 0.5887921452522278 0.7853201031684875
vt 0.6337319016456604 0.7508885264396667
vt 0.5785776376724243 0.7751985192298889
vt 0.6337319016456604 0.7508885264396667
vt 0.5887921452522278 0.7853201031684875
vt 0.6337449550628662 0.765674889087677
vt 0.5786008834838867 0.8922685980796814
vt 0.5701808929443359 0.8352587819099426
vt 0.5544370412826538 0.8356818556785583
vt 0.5701808929443359 0.8352587819099426
vt 0.5786008834838867 0.8922685980796814
vt 0.5888116359710693 0.8807331919670105
vt 0.6337647438049316 0.9164503216743469
vt 0.5888116359710693 0.8807331919670105
vt 0.5786008834838867 0.8922685980796814
vt 0.5888116359710693 0.8807331919670105
vt 0.6337647438049316 0.9164503216743469
vt 0.6337718367576599 0.90060955286026
vt 0.5632221698760986 0.7531991600990295
vt 0.5544370412826538 0.8356818556785583
vt 0.5785776376724243 0.7751985192298889
vt 0.5544370412826538 0.8356818556785583
vt 0.5632221698760986 0.7531991600990295
vt 0.5316814184188843 0.8387907147407532
vt 0.5785776376724243 0.7751985192298889
vt 0.6336880326271057 0.7177610993385315
vt 0.5632221698760986 0.7531991600990295
vt 0.6336880326271057 0.7177610993385315
vt 0.5785776376724243 0.7751985192298889
vt 0.6337319016456604 0.7508885264396667
vt 0.6888684034347534 0.7751882672309875
vt 0.6336880326271057 0.7177610993385315
vt 0.6337319016456604 0.7508885264396667
vt 0.6336880326271057 0.7177610993385315
vt 0.6888684034347534 0.7751882672309875
vt 0.70412278175354 0.753186047077179
vt 0.5786008834838867 0.8922685980796814
vt 0.6337292194366455 0.9484265446662903
vt 0.6337647438049316 0.9164503216743469
vt 0.6337292194366455 0.9484265446662903
vt 0.5786008834838867 0.8922685980796814
vt 0.5632508993148804 0.913534939289093
vt 0.5632508993148804 0.913534939289093
vt 0.5544370412826538 0.8356818556785583
vt 0.5316814184188843 0.8387907147407532
vt 0.5544370412826538 0.8356818556785583
vt 0.5632508993148804 0.913534939289093
vt 0.5786008834838867 0.8922685980796814
vt 0.5632221698760986 0.7531991600990295
vt 0.5021369457244873 0.840738832950592
vt 0.5316814184188843 0.8387907147407532
vt 0.5021369457244873 0.840738832950592
vt 0.5632508993148804 0.913534939289093
vt 0.5316814184188843 0.8387907147407532
vt 0.5021369457244873 0.840738832950592
vt 0.5632221698760986 0.7531991600990295
vt 0.5432705879211426 0.7243428230285645
vt 0.5632221698760986 0.7531991600990295
vt 0.6336323618888855 0.6745920181274414
vt 0.5432705879211426 0.7243428230285645
vt 0.6336323618888855 0.6745920181274414
vt 0.5632221698760986 0.7531991600990295
vt 0.6336880326271057 0.7177610993385315
vt 0.5632508993148804 0.913534939289093
vt 0.6336846947669983 0.9892140030860901
vt 0.6337292194366455 0.9484265446662903
vt 0.6336846947669983 0.9892140030860901
vt 0.5632508993148804 0.913534939289093
vt 0.5433065295219421 0.940539538860321
vt 0.5632508993148804 0.913534939289093
vt 0.5021369457244873 0.840738832950592
vt 0.5433065295219421 0.940539538860321
vt 0.6337319016456604 0.7508885264396667
vt 0.6786805987358093 0.785311758518219
vt 0.6888684034347534 0.7751882672309875
vt 0.6786805987358093 0.785311758518219
vt 0.6337319016456604 0.7508885264396667
vt 0.6337449550628662 0.765674889087677
vt 0.6973018050193787 0.8352470993995667
vt 0.6888684034347534 0.7751882672309875
vt 0.6786805987358093 0.785311758518219
vt 0.6888684034347534 0.7751882672309875
vt 0.6973018050193787 0.8352470993995667
vt 0.7130142450332642 0.8356669545173645
vt 0.6973018050193787 0.8352470993995667
vt 0.6888918280601501 0.8922582268714905
vt 0.7130142450332642 0.8356669545173645
vt 0.6888918280601501 0.8922582268714905
vt 0.6973018050193787 0.8352470993995667
vt 0.6786993741989136 0.8807247281074524
vt 0.6786993741989136 0.8807247281074524
vt 0.6337647438049316 0.9164503216743469
vt 0.6888918280601501 0.8922582268714905
vt 0.6337647438049316 0.9164503216743469
vt 0.6786993741989136 0.8807247281074524
vt 0.6337718367576599 0.90060955286026
vt 0.7130142450332642 0.8356669545173645
vt 0.70412278175354 0.753186047077179
vt 0.6888684034347534 0.7751882672309875
vt 0.70412278175354 0.753186047077179
vt 0.7130142450332642 0.8356669545173645
vt 0.735660195350647 0.8387718796730042
vt 0.7130142450332642 0.8356669545173645
vt 0.704151451587677 0.9135215878486633
vt 0.735660195350647 0.8387718796730042
vt 0.704151451587677 0.9135215878486633
vt 0.7130142450332642 0.8356669545173645
vt 0.6888918280601501 0.8922582268714905
vt 0.6888918280601501 0.8922582268714905
vt 0.6337292194366455 0.9484265446662903
vt 0.704151451587677 0.9135215878486633
vt 0.6337292194366455 0.9484265446662903
vt 0.6888918280601501 0.8922582268714905
vt 0.6337647438049316 0.9164503216743469
vt 0.735660195350647 0.8387718796730042
vt 0.7239448428153992 0.7243260741233826
vt 0.70412278175354 0.753186047077179
vt 0.6336323618888855 0.6745920181274414
vt 0.70412278175354 0.753186047077179
vt 0.7239448428153992 0.7243260741233826
vt 0.70412278175354 0.753186047077179
vt 0.6336323618888855 0.6745920181274414
vt 0.6336880326271057 0.7177610993385315
vt 0.7239448428153992 0.7243260741233826
vt 0.735660195350647 0.8387718796730042
vt 0.7650647759437561 0.840714156627655
vt 0.735660195350647 0.8387718796730042
vt 0.7239806652069092 0.9405224919319153
vt 0.7650647759437561 0.840714156627655
vt 0.7239806652069092 0.9405224919319153
vt 0.735660195350647 0.8387718796730042
vt 0.704151451587677 0.9135215878486633
vt 0.704151451587677 0.9135215878486633
vt 0.6336846947669983 0.9892140030860901
vt 0.7239806652069092 0.9405224919319153
vt 0.6336846947669983 0.9892140030860901
vt 0.704151451587677 0.9135215878486633
vt 0.6337292194366455 0.9484265446662903
vt 0.5175542235374451 0.4701099395751953
vt 0.4830937683582306 0.507936418056488
vt 0.5217212438583374 0.5052837133407593
vt 0.4830937683582306 0.507936418056488
vt 0.5175542235374451 0.4701099395751953
vt 0.48309341073036194 0.47076427936553955
vt 0.4468746483325958 0.4693569540977478
vt 0.4830937683582306 0.507936418056488
vt 0.48309341073036194 0.47076427936553955
vt 0.4830937683582306 0.507936418056488
vt 0.4468746483325958 0.4693569540977478
vt 0.44446611404418945 0.5052842497825623
vt 0.48309391736984253 0.5394302606582642
vt 0.5217212438583374 0.5052837133407593
vt 0.4830937683582306 0.507936418056488
vt 0.44446611404418945 0.5052842497825623
vt 0.48309391736984253 0.5394302606582642
vt 0.4830937683582306 0.507936418056488
vt 0.5217212438583374 0.5052837133407593
vt 0.48309391736984253 0.5394302606582642
vt 0.528178870677948 0.5397410988807678
vt 0.48309391736984253 0.5394302606582642
vt 0.5440513491630554 0.5772050023078918
vt 0.528178870677948 0.5397410988807678
vt 0.5440513491630554 0.5772050023078918
vt 0.48309391736984253 0.5394302606582642
vt 0.48309415578842163 0.5775169134140015
vt 0.43800944089889526 0.5397417545318604
vt 0.48309415578842163 0.5775169134140015
vt 0.48309391736984253 0.5394302606582642
vt 0.48309391736984253 0.5394302606582642
vt 0.44446611404418945 0.5052842497825623
vt 0.43800944089889526 0.5397417545318604
vt 0.48309415578842163 0.5775169134140015
vt 0.43800944089889526 0.5397417545318604
vt 0.42213743925094604 0.5772057175636292
vt 0.48309415578842163 0.5775169134140015
vt 0.5688497424125671 0.6239933371543884
vt 0.5440513491630554 0.5772050023078918
vt 0.5688497424125671 0.6239933371543884
vt 0.48309415578842163 0.5775169134140015
vt 0.48309454321861267 0.6290155649185181
vt 0.42213743925094604 0.5772057175636292
vt 0.48309454321861267 0.6290155649185181
vt 0.48309415578842163 0.5775169134140015
vt 0.48309454321861267 0.6290155649185181
vt 0.42213743925094604 0.5772057175636292
vt 0.3973393142223358 0.6239947080612183
vt 0.5731902718544006 0.5003812313079834
vt 0.5175542235374451 0.4701099395751953
vt 0.5217212438583374 0.5052837133407593
vt 0.5731902718544006 0.5003812313079834
vt 0.5217212438583374 0.5052837133407593
vt 0.528178870677948 0.5397410988807678
vt 0.528178870677948 0.5397410988807678
vt 0.5985373854637146 0.5297415256500244
vt 0.5731902718544006 0.5003812313079834
vt 0.5985373854637146 0.5297415256500244
vt 0.528178870677948 0.5397410988807678
vt 0.5440513491630554 0.5772050023078918
vt 0.5440513491630554 0.5772050023078918
vt 0.6321905851364136 0.5687234401702881
vt 0.5985373854637146 0.5297415256500244
vt 0.6321905851364136 0.5687234401702881
vt 0.5440513491630554 0.5772050023078918
vt 0.5688497424125671 0.6239933371543884
vt 0.3676506578922272 0.5297431349754333
vt 0.3973393142223358 0.6239947080612183
vt 0.42213743925094604 0.5772057175636292
vt 0.3973393142223358 0.6239947080612183
vt 0.3676506578922272 0.5297431349754333
vt 0.33399784564971924 0.5687257051467896
vt 0.42213743925094604 0.5772057175636292
vt 0.3929971754550934 0.5003826022148132
vt 0.3676506578922272 0.5297431349754333
vt 0.3929971754550934 0.5003826022148132
vt 0.42213743925094604 0.5772057175636292
vt 0.43800944089889526 0.5397417545318604
vt 0.3929971754550934 0.5003826022148132
vt 0.43800944089889526 0.5397417545318604
vt 0.44446611404418945 0.5052842497825623
vt 0.3929971754550934 0.5003826022148132
vt 0.44446611404418945 0.5052842497825623
vt 0.4468746483325958 0.4693569540977478
vt 0.6794509887695312 0.6615875959396362
vt 0.7684136629104614 0.6184550523757935
vt 0.7014377117156982 0.6078357696533203
vt 0.7684136629104614 0.6184550523757935
vt 0.6794509887695312 0.6615875959396362
vt 0.7577495574951172 0.6829986572265625
vt 0.7577495574951172 0.6829986572265625
vt 0.8106250762939453 0.622368574142456
vt 0.7684136629104614 0.6184550523757935
vt 0.8106250762939453 0.622368574142456
vt 0.7577495574951172 0.6829986572265625
vt 0.8106865882873535 0.6897141933441162
vt 0.8106865882873535 0.6897141933441162
vt 0.7681107521057129 0.6184555292129517
vt 0.8106250762939453 0.622368574142456
vt 0.7681107521057129 0.6184555292129517
vt 0.8106865882873535 0.6897141933441162
vt 0.7573757171630859 0.6829891204833984
vt 0.7573757171630859 0.6829891204833984
vt 0.7011291980743408 0.6078360080718994
vt 0.7681107521057129 0.6184555292129517
vt 0.7011291980743408 0.6078360080718994
vt 0.7573757171630859 0.6829891204833984
vt 0.6791514158248901 0.6615910530090332
vt 0.6595218181610107 0.6521872282028198
vt 0.7014377117156982 0.6078357696533203
vt 0.6806333065032959 0.6005744934082031
vt 0.7014377117156982 0.6078357696533203
vt 0.6595218181610107 0.6521872282028198
vt 0.6794509887695312 0.6615875959396362
vt 0.7059459686279297 0.5851397514343262
vt 0.7684136629104614 0.6184550523757935
vt 0.7713340520858765 0.5966635942459106
vt 0.7684136629104614 0.6184550523757935
vt 0.7059459686279297 0.5851397514343262
vt 0.7014377117156982 0.6078357696533203
vt 0.8106250762939453 0.622368574142456
vt 0.7713340520858765 0.5966635942459106
vt 0.7684136629104614 0.6184550523757935
vt 0.7713340520858765 0.5966635942459106
vt 0.8106250762939453 0.622368574142456
vt 0.8106451034545898 0.6004519462585449
vt 0.7681107521057129 0.6184555292129517
vt 0.8106451034545898 0.6004519462585449
vt 0.8106250762939453 0.622368574142456
vt 0.8106451034545898 0.6004519462585449
vt 0.7681107521057129 0.6184555292129517
vt 0.7710340023040771 0.596664309501648
vt 0.7011291980743408 0.6078360080718994
vt 0.7710340023040771 0.596664309501648
vt 0.7681107521057129 0.6184555292129517
vt 0.7710340023040771 0.596664309501648
vt 0.7011291980743408 0.6078360080718994
vt 0.7056396007537842 0.5851404666900635
vt 0.6803239583969116 0.6005779504776001
vt 0.6791514158248901 0.6615910530090332
vt 0.6592211723327637 0.6521942615509033
vt 0.6791514158248901 0.6615910530090332
vt 0.6803239583969116 0.6005779504776001
vt 0.7011291980743408 0.6078360080718994
vt 0.6738940477371216 0.6841422319412231
vt 0.7573757171630859 0.6829891204833984
vt 0.7533674240112305 0.7045789957046509
vt 0.7573757171630859 0.6829891204833984
vt 0.6738940477371216 0.6841422319412231
vt 0.6791514158248901 0.6615910530090332
vt 0.81090247631073 0.6897141933441162
vt 0.7533674240112305 0.7045789957046509
vt 0.7573757171630859 0.6829891204833984
vt 0.7533674240112305 0.7045789957046509
vt 0.81090247631073 0.6897141933441162
vt 0.8110108375549316 0.7115520238876343
vt 0.7577495574951172 0.6829986572265625
vt 0.8110108375549316 0.7115520238876343
vt 0.81090247631073 0.6897141933441162
vt 0.8110108375549316 0.7115520238876343
vt 0.7577495574951172 0.6829986572265625
vt 0.7537227869033813 0.7045797109603882
vt 0.6794509887695312 0.6615875959396362
vt 0.7537227869033813 0.7045797109603882
vt 0.7577495574951172 0.6829986572265625
vt 0.7537227869033813 0.7045797109603882
vt 0.6794509887695312 0.6615875959396362
vt 0.6741821765899658 0.684136152267456
vt 0.4744427502155304 0.8045248985290527
vt 0.45642659068107605 0.7721527814865112
vt 0.47432222962379456 0.772045373916626
vt 0.4744427502155304 0.8045248985290527
vt 0.47432222962379456 0.772045373916626
vt 0.492218017578125 0.7719382047653198
vt 0.45642659068107605 0.7721527814865112
vt 0.47424426674842834 0.751050591468811
vt 0.47432222962379456 0.772045373916626
vt 0.47424426674842834 0.751050591468811
vt 0.492218017578125 0.7719382047653198
vt 0.47432222962379456 0.772045373916626
vt 0.47424426674842834 0.751050591468811
vt 0.45642659068107605 0.7721527814865112
vt 0.4465244710445404 0.7512136697769165
vt 0.4465244710445404 0.7512136697769165
vt 0.4741664230823517 0.7300592660903931
vt 0.47424426674842834 0.751050591468811
vt 0.4741664230823517 0.7300592660903931
vt 0.4465244710445404 0.7512136697769165
vt 0.43322184681892395 0.7303047180175781
vt 0.4741664230823517 0.7300592660903931
vt 0.5019640922546387 0.7508902549743652
vt 0.47424426674842834 0.751050591468811
vt 0.492218017578125 0.7719382047653198
vt 0.47424426674842834 0.751050591468811
vt 0.5019640922546387 0.7508902549743652
vt 0.5019640922546387 0.7508902549743652
vt 0.4741664230823517 0.7300592660903931
vt 0.5151111483573914 0.7298136949539185
vt 0.43322184681892395 0.7303047180175781
vt 0.4740522801876068 0.6992974281311035
vt 0.4741664230823517 0.7300592660903931
vt 0.4740522801876068 0.6992974281311035
vt 0.5151111483573914 0.7298136949539185
vt 0.4741664230823517 0.7300592660903931
vt 0.4740522801876068 0.6992974281311035
vt 0.43322184681892395 0.7303047180175781
vt 0.42517784237861633 0.6995905637741089
vt 0.42517784237861633 0.6995905637741089
vt 0.4739316403865814 0.666779637336731
vt 0.4740522801876068 0.6992974281311035
vt 0.4739316403865814 0.666779637336731
vt 0.42517784237861633 0.6995905637741089
vt 0.4030749499797821 0.6527431011199951
vt 0.4739316403865814 0.666779637336731
vt 0.5229268074035645 0.6990045309066772
vt 0.4740522801876068 0.6992974281311035
vt 0.5151111483573914 0.7298136949539185
vt 0.4740522801876068 0.6992974281311035
vt 0.5229268074035645 0.6990045309066772
vt 0.5229268074035645 0.6990045309066772
vt 0.4739316403865814 0.666779637336731
vt 0.5446815490722656 0.6518939733505249
vt 0.38535359501838684 0.7186104655265808
vt 0.37329044938087463 0.6786965727806091
vt 0.37329044938087463 0.7186104655265808
vt 0.37329044938087463 0.7422375679016113
vt 0.38535359501838684 0.7186104655265808
vt 0.37329044938087463 0.7186104655265808
vt 0.38535359501838684 0.7186104655265808
vt 0.37329044938087463 0.7422375679016113
vt 0.3875100314617157 0.7422375679016113
vt 0.3615476191043854 0.7186104655265808
vt 0.37329044938087463 0.7422375679016113
vt 0.37329044938087463 0.7186104655265808
vt 0.37329044938087463 0.6786965727806091
vt 0.3615476191043854 0.7186104655265808
vt 0.37329044938087463 0.7186104655265808
vt 0.3615476191043854 0.7186104655265808
vt 0.37329044938087463 0.6786965727806091
vt 0.3493326008319855 0.7186104655265808
vt 0.37329044938087463 0.7422375679016113
vt 0.3615476191043854 0.7186104655265808
vt 0.3563895523548126 0.7422375679016113
vt 0.3493326008319855 0.7186104655265808
vt 0.3493075668811798 0.7403011322021484
vt 0.3615476191043854 0.7186104655265808
vt 0.3493075668811798 0.7403011322021484
vt 0.3493326008319855 0.7186104655265808
vt 0.33386096358299255 0.7417950630187988
vt 0.33386096358299255 0.7417950630187988
vt 0.33912476897239685 0.7678214907646179
vt 0.3493075668811798 0.7403011322021484
vt 0.33912476897239685 0.7678214907646179
vt 0.33386096358299255 0.7417950630187988
vt 0.32182034850120544 0.7698187828063965
vt 0.37329044938087463 0.774705708026886
vt 0.3875100314617157 0.7422375679016113
vt 0.37329044938087463 0.7422375679016113
vt 0.3563895523548126 0.7422375679016113
vt 0.37329044938087463 0.774705708026886
vt 0.37329044938087463 0.7422375679016113
vt 0.3875100314617157 0.7422375679016113
vt 0.37329044938087463 0.774705708026886
vt 0.39117977023124695 0.774705708026886
vt 0.37329044938087463 0.8061472177505493
vt 0.39117977023124695 0.774705708026886
vt 0.37329044938087463 0.774705708026886
vt 0.39117977023124695 0.774705708026886
vt 0.37329044938087463 0.8061472177505493
vt 0.4028533399105072 0.8061472177505493
vt 0.35325655341148376 0.774705708026886
vt 0.37329044938087463 0.8061472177505493
vt 0.37329044938087463 0.774705708026886
vt 0.37329044938087463 0.774705708026886
vt 0.3563895523548126 0.7422375679016113
vt 0.35325655341148376 0.774705708026886
vt 0.37329044938087463 0.8061472177505493
vt 0.35325655341148376 0.774705708026886
vt 0.34221145510673523 0.8061472177505493
vt 0.37329044938087463 0.826736569404602
vt 0.4028533399105072 0.8061472177505493
vt 0.37329044938087463 0.8061472177505493
vt 0.34221145510673523 0.8061472177505493
vt 0.37329044938087463 0.826736569404602
vt 0.37329044938087463 0.8061472177505493
vt 0.4028533399105072 0.8061472177505493
vt 0.37329044938087463 0.826736569404602
vt 0.4128919541835785 0.826736569404602
vt 0.37329044938087463 0.8801032304763794
vt 0.4128919541835785 0.826736569404602
vt 0.37329044938087463 0.826736569404602
vt 0.4128919541835785 0.826736569404602
vt 0.37329044938087463 0.8801032304763794
vt 0.4341265857219696 0.8801032304763794
vt 0.4341265857219696 0.8801032304763794
vt 0.37329044938087463 0.8801032304763794
vt 0.37329044938087463 0.9385112524032593
vt 0.37329044938087463 0.826736569404602
vt 0.31009986996650696 0.8801032304763794
vt 0.37329044938087463 0.8801032304763794
vt 0.37329044938087463 0.8801032304763794
vt 0.31009986996650696 0.8801032304763794
vt 0.37329044938087463 0.9385112524032593
vt 0.31009986996650696 0.8801032304763794
vt 0.37329044938087463 0.826736569404602
vt 0.3325459659099579 0.826736569404602
vt 0.37329044938087463 0.826736569404602
vt 0.34221145510673523 0.8061472177505493
vt 0.3325459659099579 0.826736569404602
vt 0.9620280861854553 0.46946433186531067
vt 0.9722203016281128 0.5117519497871399
vt 0.947888195514679 0.4982856214046478
vt 0.9722203016281128 0.5117519497871399
vt 0.9304510951042175 0.5167749524116516
vt 0.947888195514679 0.4982856214046478
vt 0.9304510951042175 0.5167749524116516
vt 0.9722203016281128 0.5117519497871399
vt 0.9591728448867798 0.5356957316398621
vt 0.9304510951042175 0.5167749524116516
vt 0.9591728448867798 0.5356957316398621
vt 0.9423060417175293 0.562323272228241
vt 0.9423060417175293 0.562323272228241
vt 0.9066131711006165 0.5199766755104065
vt 0.9304510951042175 0.5167749524116516
vt 0.9066131711006165 0.5199766755104065
vt 0.9423060417175293 0.562323272228241
vt 0.9100657105445862 0.5786793231964111
vt 0.9100657105445862 0.5786793231964111
vt 0.8798671364784241 0.5122233033180237
vt 0.9066131711006165 0.5199766755104065
vt 0.8798671364784241 0.5122233033180237
vt 0.9100657105445862 0.5786793231964111
vt 0.8812851905822754 0.5786793231964111
vt 0.8083282113075256 0.5786793231964111
vt 0.8798671364784241 0.5122233033180237
vt 0.8812851905822754 0.5786793231964111
vt 0.8798671364784241 0.5122233033180237
vt 0.8083282113075256 0.5786793231964111
vt 0.8085241913795471 0.5428182482719421
vt 0.8798671364784241 0.5122233033180237
vt 0.8085241913795471 0.5428182482719421
vt 0.8058966994285583 0.5064046382904053
vt 0.8058966994285583 0.5064046382904053
vt 0.8330338001251221 0.4742296636104584
vt 0.8798671364784241 0.5122233033180237
vt 0.8330338001251221 0.4742296636104584
vt 0.8058966994285583 0.5064046382904053
vt 0.8026719093322754 0.4742296636104584
vt 0.8798753023147583 0.5126001238822937
vt 0.9097433686256409 0.5783836245536804
vt 0.9063716530799866 0.5199843645095825
vt 0.9097433686256409 0.5783836245536804
vt 0.8798753023147583 0.5126001238822937
vt 0.8813389539718628 0.5783836245536804
vt 0.9097433686256409 0.5783836245536804
vt 0.9304231405258179 0.5169258117675781
vt 0.9063716530799866 0.5199843645095825
vt 0.9304231405258179 0.5169258117675781
vt 0.9097433686256409 0.5783836245536804
vt 0.9427428841590881 0.5624783039093018
vt 0.9304231405258179 0.5169258117675781
vt 0.9427428841590881 0.5624783039093018
vt 0.9595762491226196 0.5356709957122803
vt 0.9720055460929871 0.5116339921951294
vt 0.9304231405258179 0.5169258117675781
vt 0.9595762491226196 0.5356709957122803
vt 0.9304231405258179 0.5169258117675781
vt 0.9720055460929871 0.5116339921951294
vt 0.9475263953208923 0.4980146586894989
vt 0.9475263953208923 0.4980146586894989
vt 0.9720055460929871 0.5116339921951294
vt 0.9620848894119263 0.4693305194377899
vt 0.8072233200073242 0.5430808067321777
vt 0.8813389539718628 0.5783836245536804
vt 0.8798753023147583 0.5126001238822937
vt 0.8798753023147583 0.5126001238822937
vt 0.8051544427871704 0.5072252750396729
vt 0.8072233200073242 0.5430808067321777
vt 0.8322649002075195 0.4742344915866852
vt 0.8051544427871704 0.5072252750396729
vt 0.8798753023147583 0.5126001238822937
vt 0.8051544427871704 0.5072252750396729
vt 0.8322649002075195 0.4742344915866852
vt 0.8030573129653931 0.4742344915866852
vt 0.8813389539718628 0.5783836245536804
vt 0.8072233200073242 0.5430808067321777
vt 0.807424008846283 0.5783836245536804
vt 0.4595184028148651 0.888314962387085
vt 0.45287391543388367 0.8238363265991211
vt 0.42980918288230896 0.8196440935134888
vt 0.45287391543388367 0.8238363265991211
vt 0.4595184028148651 0.888314962387085
vt 0.4938780665397644 0.8939257264137268
vt 0.37329044938087463 0.957585334777832
vt 0.4938780665397644 0.8939257264137268
vt 0.4595184028148651 0.888314962387085
vt 0.4938780665397644 0.8939257264137268
vt 0.37329044938087463 0.957585334777832
vt 0.37329044938087463 0.9893053770065308
vt 0.28444626927375793 0.8867210745811462
vt 0.37329044938087463 0.9893053770065308
vt 0.37329044938087463 0.957585334777832
vt 0.37329044938087463 0.9893053770065308
vt 0.28444626927375793 0.8867210745811462
vt 0.2526685297489166 0.8894475102424622
vt 0.28444626927375793 0.8867210745811462
vt 0.29333338141441345 0.8208742141723633
vt 0.2526685297489166 0.8894475102424622
vt 0.29333338141441345 0.8208742141723633
vt 0.28444626927375793 0.8867210745811462
vt 0.3159169852733612 0.8192031383514404
vt 0.4396393597126007 0.7975861430168152
vt 0.42980918288230896 0.8196440935134888
vt 0.45287391543388367 0.8238363265991211
vt 0.42980918288230896 0.8196440935134888
vt 0.4396393597126007 0.7975861430168152
vt 0.4175085127353668 0.7958166599273682
vt 0.3159169852733612 0.8192031383514404
vt 0.30758097767829895 0.7951343655586243
vt 0.29333338141441345 0.8208742141723633
vt 0.30758097767829895 0.7951343655586243
vt 0.3159169852733612 0.8192031383514404
vt 0.32852521538734436 0.7954258322715759
vt 0.42639657855033875 0.7717601656913757
vt 0.4175085127353668 0.7958166599273682
vt 0.4396393597126007 0.7975861430168152
vt 0.4175085127353668 0.7958166599273682
vt 0.42639657855033875 0.7717601656913757
vt 0.4072096049785614 0.7682659029960632
vt 0.32852521538734436 0.7954258322715759
vt 0.32182034850120544 0.7698187828063965
vt 0.30758097767829895 0.7951343655586243
vt 0.32182034850120544 0.7698187828063965
vt 0.32852521538734436 0.7954258322715759
vt 0.33912476897239685 0.7678214907646179
vt 0.6835376620292664 0.5064046382904053
vt 0.8085241913795471 0.5428182482719421
vt 0.6835376620292664 0.5428182482719421
vt 0.8085241913795471 0.5428182482719421
vt 0.6835376620292664 0.5064046382904053
vt 0.8058966994285583 0.5064046382904053
vt 0.8072233200073242 0.5430808067321777
vt 0.6835376620292664 0.5064046382904053
vt 0.6835376620292664 0.5428182482719421
vt 0.6835376620292664 0.5064046382904053
vt 0.8072233200073242 0.5430808067321777
vt 0.8051544427871704 0.5072252750396729
vt 0.6835376620292664 0.5064046382904053
vt 0.8026719093322754 0.4742296636104584
vt 0.8058966994285583 0.5064046382904053
vt 0.8026719093322754 0.4742296636104584
vt 0.6835376620292664 0.5064046382904053
vt 0.6835376620292664 0.4742296636104584
vt 0.8030573129653931 0.4742344915866852
vt 0.6835376620292664 0.5064046382904053
vt 0.8051544427871704 0.5072252750396729
vt 0.6835376620292664 0.5064046382904053
vt 0.8030573129653931 0.4742344915866852
vt 0.6835376620292664 0.4742296636104584
vt 0.8083282113075256 0.5786793231964111
vt 0.6835376620292664 0.5428182482719421
vt 0.8085241913795471 0.5428182482719421
vt 0.6835376620292664 0.5428182482719421
vt 0.8083282113075256 0.5786793231964111
vt 0.6835376620292664 0.5786793231964111
vt 0.807424008846283 0.5783836245536804
vt 0.6835376620292664 0.5428182482719421
vt 0.6835376620292664 0.5786793231964111
vt 0.6835376620292664 0.5428182482719421
vt 0.807424008846283 0.5783836245536804
vt 0.8072233200073242 0.5430808067321777
vt 0.4009545147418976 0.7186104655265808
vt 0.3972744643688202 0.7407610416412354
vt 0.41545620560646057 0.7433096170425415
vt 0.3972744643688202 0.7407610416412354
vt 0.4009545147418976 0.7186104655265808
vt 0.38535359501838684 0.7186104655265808
vt 0.4072096049785614 0.7682659029960632
vt 0.41545620560646057 0.7433096170425415
vt 0.3972744643688202 0.7407610416412354
vt 0.41545620560646057 0.7433096170425415
vt 0.4072096049785614 0.7682659029960632
vt 0.42639657855033875 0.7717601656913757
vt 0.37329044938087463 0.6786965727806091
vt 0.38535359501838684 0.7186104655265808
vt 0.4009545147418976 0.7186104655265808
vt 0.4072096049785614 0.7682659029960632
vt 0.4028533399105072 0.8061472177505493
vt 0.4175085127353668 0.7958166599273682
vt 0.4028533399105072 0.8061472177505493
vt 0.4072096049785614 0.7682659029960632
vt 0.39117977023124695 0.774705708026886
vt 0.3972744643688202 0.7407610416412354
vt 0.39117977023124695 0.774705708026886
vt 0.4072096049785614 0.7682659029960632
vt 0.39117977023124695 0.774705708026886
vt 0.3972744643688202 0.7407610416412354
vt 0.3875100314617157 0.7422375679016113
vt 0.38535359501838684 0.7186104655265808
vt 0.3875100314617157 0.7422375679016113
vt 0.3972744643688202 0.7407610416412354
vt 0.4028533399105072 0.8061472177505493
vt 0.42980918288230896 0.8196440935134888
vt 0.4175085127353668 0.7958166599273682
vt 0.42980918288230896 0.8196440935134888
vt 0.4028533399105072 0.8061472177505493
vt 0.4128919541835785 0.826736569404602
vt 0.42980918288230896 0.8196440935134888
vt 0.4128919541835785 0.826736569404602
vt 0.4595184028148651 0.888314962387085
vt 0.4595184028148651 0.888314962387085
vt 0.4128919541835785 0.826736569404602
vt 0.4341265857219696 0.8801032304763794
vt 0.4595184028148651 0.888314962387085
vt 0.37329044938087463 0.9385112524032593
vt 0.37329044938087463 0.957585334777832
vt 0.37329044938087463 0.9385112524032593
vt 0.4595184028148651 0.888314962387085
vt 0.4341265857219696 0.8801032304763794
vt 0.37329044938087463 0.957585334777832
vt 0.31009986996650696 0.8801032304763794
vt 0.28444626927375793 0.8867210745811462
vt 0.31009986996650696 0.8801032304763794
vt 0.37329044938087463 0.957585334777832
vt 0.37329044938087463 0.9385112524032593
vt 0.28444626927375793 0.8867210745811462
vt 0.31009986996650696 0.8801032304763794
vt 0.3159169852733612 0.8192031383514404
vt 0.3159169852733612 0.8192031383514404
vt 0.31009986996650696 0.8801032304763794
vt 0.3325459659099579 0.826736569404602
vt 0.34221145510673523 0.8061472177505493
vt 0.3159169852733612 0.8192031383514404
vt 0.3325459659099579 0.826736569404602
vt 0.3159169852733612 0.8192031383514404
vt 0.34221145510673523 0.8061472177505493
vt 0.32852521538734436 0.7954258322715759
vt 0.34221145510673523 0.8061472177505493
vt 0.33912476897239685 0.7678214907646179
vt 0.32852521538734436 0.7954258322715759
vt 0.33912476897239685 0.7678214907646179
vt 0.34221145510673523 0.8061472177505493
vt 0.35325655341148376 0.774705708026886
vt 0.3563895523548126 0.7422375679016113
vt 0.33912476897239685 0.7678214907646179
vt 0.35325655341148376 0.774705708026886
vt 0.33912476897239685 0.7678214907646179
vt 0.3563895523548126 0.7422375679016113
vt 0.3493075668811798 0.7403011322021484
vt 0.3493075668811798 0.7403011322021484
vt 0.3563895523548126 0.7422375679016113
vt 0.3615476191043854 0.7186104655265808
vt 0.6338191628456116 0.8348785042762756
vt 0.6086581349372864 0.8088377118110657
vt 0.5982488989830017 0.8349094986915588
vt 0.6338191628456116 0.8348785042762756
vt 0.6337942481040955 0.7977415919303894
vt 0.6086581349372864 0.8088377118110657
vt 0.6338191628456116 0.8348785042762756
vt 0.6589287519454956 0.8088330626487732
vt 0.6337942481040955 0.7977415919303894
vt 0.6338191628456116 0.8348785042762756
vt 0.6693421602249146 0.834902822971344
vt 0.6589287519454956 0.8088330626487732
vt 0.6338191628456116 0.8348785042762756
vt 0.5982488989830017 0.8349094986915588
vt 0.608669102191925 0.8621982932090759
vt 0.6338191628456116 0.8348785042762756
vt 0.608669102191925 0.8621982932090759
vt 0.633809506893158 0.87320476770401
vt 0.5980255007743835 0.7981193661689758
vt 0.5982488989830017 0.8349094986915588
vt 0.6086581349372864 0.8088377118110657
vt 0.5982488989830017 0.8349094986915588
vt 0.5980255007743835 0.7981193661689758
vt 0.5832222104072571 0.835196316242218
vt 0.5887921452522278 0.7853201031684875
vt 0.5832222104072571 0.835196316242218
vt 0.5980255007743835 0.7981193661689758
vt 0.5832222104072571 0.835196316242218
vt 0.5887921452522278 0.7853201031684875
vt 0.5701808929443359 0.8352587819099426
vt 0.5980255007743835 0.7981193661689758
vt 0.6337449550628662 0.765674889087677
vt 0.5887921452522278 0.7853201031684875
vt 0.6337449550628662 0.765674889087677
vt 0.5980255007743835 0.7981193661689758
vt 0.6337718367576599 0.7823392748832703
vt 0.6337718367576599 0.7823392748832703
vt 0.6086581349372864 0.8088377118110657
vt 0.6337942481040955 0.7977415919303894
vt 0.6086581349372864 0.8088377118110657
vt 0.6337718367576599 0.7823392748832703
vt 0.5980255007743835 0.7981193661689758
vt 0.5888116359710693 0.8807331919670105
vt 0.5832222104072571 0.835196316242218
vt 0.5701808929443359 0.8352587819099426
vt 0.5832222104072571 0.835196316242218
vt 0.5888116359710693 0.8807331919670105
vt 0.5980411171913147 0.8740043044090271
vt 0.5980411171913147 0.8740043044090271
vt 0.633809506893158 0.87320476770401
vt 0.608669102191925 0.8621982932090759
vt 0.5980411171913147 0.8740043044090271
vt 0.5982488989830017 0.8349094986915588
vt 0.5832222104072571 0.835196316242218
vt 0.5982488989830017 0.8349094986915588
vt 0.5980411171913147 0.8740043044090271
vt 0.608669102191925 0.8621982932090759
vt 0.5888116359710693 0.8807331919670105
vt 0.6337934136390686 0.8896570801734924
vt 0.5980411171913147 0.8740043044090271
vt 0.633809506893158 0.87320476770401
vt 0.5980411171913147 0.8740043044090271
vt 0.6337934136390686 0.8896570801734924
vt 0.6337934136390686 0.8896570801734924
vt 0.5888116359710693 0.8807331919670105
vt 0.6337718367576599 0.90060955286026
vt 0.6695163249969482 0.7981124520301819
vt 0.6337942481040955 0.7977415919303894
vt 0.6589287519454956 0.8088330626487732
vt 0.6337942481040955 0.7977415919303894
vt 0.6695163249969482 0.7981124520301819
vt 0.6337718367576599 0.7823392748832703
vt 0.6786805987358093 0.785311758518219
vt 0.6337718367576599 0.7823392748832703
vt 0.6695163249969482 0.7981124520301819
vt 0.6338191628456116 0.8348785042762756
vt 0.6589397192001343 0.8621931672096252
vt 0.6693421602249146 0.834902822971344
vt 0.6338191628456116 0.8348785042762756
vt 0.633809506893158 0.87320476770401
vt 0.6589397192001343 0.8621931672096252
vt 0.6695313453674316 0.8739975094795227
vt 0.6693421602249146 0.834902822971344
vt 0.6589397192001343 0.8621931672096252
vt 0.6693421602249146 0.834902822971344
vt 0.6695313453674316 0.8739975094795227
vt 0.6843255758285522 0.8351870179176331
vt 0.6786993741989136 0.8807247281074524
vt 0.6843255758285522 0.8351870179176331
vt 0.6695313453674316 0.8739975094795227
vt 0.6843255758285522 0.8351870179176331
vt 0.6786993741989136 0.8807247281074524
vt 0.6973018050193787 0.8352470993995667
vt 0.6973018050193787 0.8352470993995667
vt 0.6695163249969482 0.7981124520301819
vt 0.6843255758285522 0.8351870179176331
vt 0.6695163249969482 0.7981124520301819
vt 0.6973018050193787 0.8352470993995667
vt 0.6786805987358093 0.785311758518219
vt 0.6695313453674316 0.8739975094795227
vt 0.6337718367576599 0.90060955286026
vt 0.6786993741989136 0.8807247281074524
vt 0.6337718367576599 0.90060955286026
vt 0.6695313453674316 0.8739975094795227
vt 0.6337934136390686 0.8896570801734924
vt 0.6337934136390686 0.8896570801734924
vt 0.6589397192001343 0.8621931672096252
vt 0.633809506893158 0.87320476770401
vt 0.6589397192001343 0.8621931672096252
vt 0.6337934136390686 0.8896570801734924
vt 0.6695313453674316 0.8739975094795227
vt 0.6843255758285522 0.8351870179176331
vt 0.6589287519454956 0.8088330626487732
vt 0.6693421602249146 0.834902822971344
vt 0.6589287519454956 0.8088330626487732
vt 0.6843255758285522 0.8351870179176331
vt 0.6695163249969482 0.7981124520301819
vt 0.6337718367576599 0.7823392748832703
vt 0.6786805987358093 0.785311758518219
vt 0.6337449550628662 0.765674889087677
vt 0.5701808929443359 0.8352587819099426
vt 0.5785776376724243 0.7751985192298889
vt 0.5544370412826538 0.8356818556785583
vt 0.5785776376724243 0.7751985192298889
vt 0.5701808929443359 0.8352587819099426
vt 0.5887921452522278 0.7853201031684875
vt 0.5887921452522278 0.7853201031684875
vt 0.6337319016456604 0.7508885264396667
vt 0.5785776376724243 0.7751985192298889
vt 0.6337319016456604 0.7508885264396667
vt 0.5887921452522278 0.7853201031684875
vt 0.6337449550628662 0.765674889087677
vt 0.5786008834838867 0.8922685980796814
vt 0.5701808929443359 0.8352587819099426
vt 0.5544370412826538 0.8356818556785583
vt 0.5701808929443359 0.8352587819099426
vt 0.5786008834838867 0.8922685980796814
vt 0.5888116359710693 0.8807331919670105
vt 0.6337647438049316 0.9164503216743469
vt 0.5888116359710693 0.8807331919670105
vt 0.5786008834838867 0.8922685980796814
vt 0.5888116359710693 0.8807331919670105
vt 0.6337647438049316 0.9164503216743469
vt 0.6337718367576599 0.90060955286026
vt 0.5632221698760986 0.7531991600990295
vt 0.5544370412826538 0.8356818556785583
vt 0.5785776376724243 0.7751985192298889
vt 0.5544370412826538 0.8356818556785583
vt 0.5632221698760986 0.7531991600990295
vt 0.5316814184188843 0.8387907147407532
vt 0.5785776376724243 0.7751985192298889
vt 0.6336880326271057 0.7177610993385315
vt 0.5632221698760986 0.7531991600990295
vt 0.6336880326271057 0.7177610993385315
vt 0.5785776376724243 0.7751985192298889
vt 0.6337319016456604 0.7508885264396667
vt 0.6888684034347534 0.7751882672309875
vt 0.6336880326271057 0.7177610993385315
vt 0.6337319016456604 0.7508885264396667
vt 0.6336880326271057 0.7177610993385315
vt 0.6888684034347534 0.7751882672309875
vt 0.70412278175354 0.753186047077179
vt 0.5786008834838867 0.8922685980796814
vt 0.6337292194366455 0.9484265446662903
vt 0.6337647438049316 0.9164503216743469
vt 0.6337292194366455 0.9484265446662903
vt 0.5786008834838867 0.8922685980796814
vt 0.5632508993148804 0.913534939289093
vt 0.5632508993148804 0.913534939289093
vt 0.5544370412826538 0.8356818556785583
vt 0.5316814184188843 0.8387907147407532
vt 0.5544370412826538 0.8356818556785583
vt 0.5632508993148804 0.913534939289093
vt 0.5786008834838867 0.8922685980796814
vt 0.5632221698760986 0.7531991600990295
vt 0.5021369457244873 0.840738832950592
vt 0.5316814184188843 0.8387907147407532
vt 0.5021369457244873 0.840738832950592
vt 0.5632508993148804 0.913534939289093
vt 0.5316814184188843 0.8387907147407532
vt 0.5021369457244873 0.840738832950592
vt 0.5632221698760986 0.7531991600990295
vt 0.5432705879211426 0.7243428230285645
vt 0.5632221698760986 0.7531991600990295
vt 0.6336323618888855 0.6745920181274414
vt 0.5432705879211426 0.7243428230285645
vt 0.6336323618888855 0.6745920181274414
vt 0.5632221698760986 0.7531991600990295
vt 0.6336880326271057 0.7177610993385315
vt 0.5632508993148804 0.913534939289093
vt 0.6336846947669983 0.9892140030860901
vt 0.6337292194366455 0.9484265446662903
vt 0.6336846947669983 0.9892140030860901
vt 0.5632508993148804 0.913534939289093
vt 0.5433065295219421 0.940539538860321
vt 0.5632508993148804 0.913534939289093
vt 0.5021369457244873 0.840738832950592
vt 0.5433065295219421 0.940539538860321
vt 0.6337319016456604 0.7508885264396667
vt 0.6786805987358093 0.785311758518219
vt 0.6888684034347534 0.7751882672309875
vt 0.6786805987358093 0.785311758518219
vt 0.6337319016456604 0.7508885264396667
vt 0.6337449550628662 0.765674889087677
vt 0.6973018050193787 0.8352470993995667
vt 0.6888684034347534 0.7751882672309875
vt 0.6786805987358093 0.785311758518219
vt 0.6888684034347534 0.7751882672309875
vt 0.6973018050193787 0.8352470993995667
vt 0.7130142450332642 0.8356669545173645
vt 0.6973018050193787 0.8352470993995667
vt 0.6888918280601501 0.8922582268714905
vt 0.7130142450332642 0.8356669545173645
vt 0.6888918280601501 0.8922582268714905
vt 0.6973018050193787 0.8352470993995667
vt 0.6786993741989136 0.8807247281074524
vt 0.6786993741989136 0.8807247281074524
vt 0.6337647438049316 0.9164503216743469
vt 0.6888918280601501 0.8922582268714905
vt 0.6337647438049316 0.9164503216743469
vt 0.6786993741989136 0.8807247281074524
vt 0.6337718367576599 0.90060955286026
vt 0.7130142450332642 0.8356669545173645
vt 0.70412278175354 0.753186047077179
vt 0.6888684034347534 0.7751882672309875
vt 0.70412278175354 0.753186047077179
vt 0.7130142450332642 0.8356669545173645
vt 0.735660195350647 0.8387718796730042
vt 0.7130142450332642 0.8356669545173645
vt 0.704151451587677 0.9135215878486633
vt 0.735660195350647 0.8387718796730042
vt 0.704151451587677 0.9135215878486633
vt 0.7130142450332642 0.8356669545173645
vt 0.6888918280601501 0.8922582268714905
vt 0.6888918280601501 0.8922582268714905
vt 0.6337292194366455 0.9484265446662903
vt 0.704151451587677 0.9135215878486633
vt 0.6337292194366455 0.9484265446662903
vt 0.6888918280601501 0.8922582268714905
vt 0.6337647438049316 0.9164503216743469
vt 0.735660195350647 0.8387718796730042
vt 0.7239448428153992 0.7243260741233826
vt 0.70412278175354 0.753186047077179
vt 0.6336323618888855 0.6745920181274414
vt 0.70412278175354 0.753186047077179
vt 0.7239448428153992 0.7243260741233826
vt 0.70412278175354 0.753186047077179
vt 0.6336323618888855 0.6745920181274414
vt 0.6336880326271057 0.7177610993385315
vt 0.7239448428153992 0.7243260741233826
vt 0.735660195350647 0.8387718796730042
vt 0.7650647759437561 0.840714156627655
vt 0.735660195350647 0.8387718796730042
vt 0.7239806652069092 0.9405224919319153
vt 0.7650647759437561 0.840714156627655
vt 0.7239806652069092 0.9405224919319153
vt 0.735660195350647 0.8387718796730042
vt 0.704151451587677 0.9135215878486633
vt 0.704151451587677 0.9135215878486633
vt 0.6336846947669983 0.9892140030860901
vt 0.7239806652069092 0.9405224919319153
vt 0.6336846947669983 0.9892140030860901
vt 0.704151451587677 0.9135215878486633
vt 0.6337292194366455 0.9484265446662903
vt 0.5175542235374451 0.4701099395751953
vt 0.4830937683582306 0.507936418056488
vt 0.5217212438583374 0.5052837133407593
vt 0.4830937683582306 0.507936418056488
vt 0.5175542235374451 0.4701099395751953
vt 0.48309341073036194 0.47076427936553955
vt 0.4468746483325958 0.4693569540977478
vt 0.4830937683582306 0.507936418056488
vt 0.48309341073036194 0.47076427936553955
vt 0.4830937683582306 0.507936418056488
vt 0.4468746483325958 0.4693569540977478
vt 0.44446611404418945 0.5052842497825623
vt 0.48309391736984253 0.5394302606582642
vt 0.5217212438583374 0.5052837133407593
vt 0.4830937683582306 0.507936418056488
vt 0.44446611404418945 0.5052842497825623
vt 0.48309391736984253 0.5394302606582642
vt 0.4830937683582306 0.507936418056488
vt 0.5217212438583374 0.5052837133407593
vt 0.48309391736984253 0.5394302606582642
vt 0.528178870677948 0.5397410988807678
vt 0.48309391736984253 0.5394302606582642
vt 0.5440513491630554 0.5772050023078918
vt 0.528178870677948 0.5397410988807678
vt 0.5440513491630554 0.5772050023078918
vt 0.48309391736984253 0.5394302606582642
vt 0.48309415578842163 0.5775169134140015
vt 0.43800944089889526 0.5397417545318604
vt 0.48309415578842163 0.5775169134140015
vt 0.48309391736984253 0.5394302606582642
vt 0.48309391736984253 0.5394302606582642
vt 0.44446611404418945 0.5052842497825623
vt 0.43800944089889526 0.5397417545318604
vt 0.48309415578842163 0.5775169134140015
vt 0.43800944089889526 0.5397417545318604
vt 0.42213743925094604 0.5772057175636292
vt 0.48309415578842163 0.5775169134140015
vt 0.5688497424125671 0.6239933371543884
vt 0.5440513491630554 0.5772050023078918
vt 0.5688497424125671 0.6239933371543884
vt 0.48309415578842163 0.5775169134140015
vt 0.48309454321861267 0.6290155649185181
vt 0.42213743925094604 0.5772057175636292
vt 0.48309454321861267 0.6290155649185181
vt 0.48309415578842163 0.5775169134140015
vt 0.48309454321861267 0.6290155649185181
vt 0.42213743925094604 0.5772057175636292
vt 0.3973393142223358 0.6239947080612183
vt 0.5731902718544006 0.5003812313079834
vt 0.5175542235374451 0.4701099395751953
vt 0.5217212438583374 0.5052837133407593
vt 0.5731902718544006 0.5003812313079834
vt 0.5217212438583374 0.5052837133407593
vt 0.528178870677948 0.5397410988807678
vt 0.528178870677948 0.5397410988807678
vt 0.5985373854637146 0.5297415256500244
vt 0.5731902718544006 0.5003812313079834
vt 0.5985373854637146 0.5297415256500244
vt 0.528178870677948 0.5397410988807678
vt 0.5440513491630554 0.5772050023078918
vt 0.5440513491630554 0.5772050023078918
vt 0.6321905851364136 0.5687234401702881
vt 0.5985373854637146 0.5297415256500244
vt 0.6321905851364136 0.5687234401702881
vt 0.5440513491630554 0.5772050023078918
vt 0.5688497424125671 0.6239933371543884
vt 0.3676506578922272 0.5297431349754333
vt 0.3973393142223358 0.6239947080612183
vt 0.42213743925094604 0.5772057175636292
vt 0.3973393142223358 0.6239947080612183
vt 0.3676506578922272 0.5297431349754333
vt 0.33399784564971924 0.5687257051467896
vt 0.42213743925094604 0.5772057175636292
vt 0.3929971754550934 0.5003826022148132
vt 0.3676506578922272 0.5297431349754333
vt 0.3929971754550934 0.5003826022148132
vt 0.42213743925094604 0.5772057175636292
vt 0.43800944089889526 0.5397417545318604
vt 0.3929971754550934 0.5003826022148132
vt 0.43800944089889526 0.5397417545318604
vt 0.44446611404418945 0.5052842497825623
vt 0.3929971754550934 0.5003826022148132
vt 0.44446611404418945 0.5052842497825623
vt 0.4468746483325958 0.4693569540977478
vt 0.6794509887695312 0.6615875959396362
vt 0.7684136629104614 0.6184550523757935
vt 0.7014377117156982 0.6078357696533203
vt 0.7684136629104614 0.6184550523757935
vt 0.6794509887695312 0.6615875959396362
vt 0.7577495574951172 0.6829986572265625
vt 0.7577495574951172 0.6829986572265625
vt 0.8106250762939453 0.622368574142456
vt 0.7684136629104614 0.6184550523757935
vt 0.8106250762939453 0.622368574142456
vt 0.7577495574951172 0.6829986572265625
vt 0.8106865882873535 0.6897141933441162
vt 0.8106865882873535 0.6897141933441162
vt 0.7681107521057129 0.6184555292129517
vt 0.8106250762939453 0.622368574142456
vt 0.7681107521057129 0.6184555292129517
vt 0.8106865882873535 0.6897141933441162
vt 0.7573757171630859 0.6829891204833984
vt 0.7573757171630859 0.6829891204833984
vt 0.7011291980743408 0.6078360080718994
vt 0.7681107521057129 0.6184555292129517
vt 0.7011291980743408 0.6078360080718994
vt 0.7573757171630859 0.6829891204833984
vt 0.6791514158248901 0.6615910530090332
vt 0.6595218181610107 0.6521872282028198
vt 0.7014377117156982 0.6078357696533203
vt 0.6806333065032959 0.6005744934082031
vt 0.7014377117156982 0.6078357696533203
vt 0.6595218181610107 0.6521872282028198
vt 0.6794509887695312 0.6615875959396362
vt 0.7059459686279297 0.5851397514343262
vt 0.7684136629104614 0.6184550523757935
vt 0.7713340520858765 0.5966635942459106
vt 0.7684136629104614 0.6184550523757935
vt 0.7059459686279297 0.5851397514343262
vt 0.7014377117156982 0.6078357696533203
vt 0.8106250762939453 0.622368574142456
vt 0.7713340520858765 0.5966635942459106
vt 0.7684136629104614 0.6184550523757935
vt 0.7713340520858765 0.5966635942459106
vt 0.8106250762939453 0.622368574142456
vt 0.8106451034545898 0.6004519462585449
vt 0.7681107521057129 0.6184555292129517
vt 0.8106451034545898 0.6004519462585449
vt 0.8106250762939453 0.622368574142456
vt 0.8106451034545898 0.6004519462585449
vt 0.7681107521057129 0.6184555292129517
vt 0.7710340023040771 0.596664309501648
vt 0.7011291980743408 0.6078360080718994
vt 0.7710340023040771 0.596664309501648
vt 0.7681107521057129 0.6184555292129517
vt 0.7710340023040771 0.596664309501648
vt 0.7011291980743408 0.6078360080718994
vt 0.7056396007537842 0.5851404666900635
vt 0.6803239583969116 0.6005779504776001
vt 0.6791514158248901 0.6615910530090332
vt 0.6592211723327637 0.6521942615509033
vt 0.6791514158248901 0.6615910530090332
vt 0.6803239583969116 0.6005779504776001
vt 0.7011291980743408 0.6078360080718994
vt 0.6738940477371216 0.6841422319412231
vt 0.7573757171630859 0.6829891204833984
vt 0.7533674240112305 0.7045789957046509
vt 0.7573757171630859 0.6829891204833984
vt 0.6738940477371216 0.6841422319412231
vt 0.6791514158248901 0.6615910530090332
vt 0.81090247631073 0.6897141933441162
vt 0.7533674240112305 0.7045789957046509
vt 0.7573757171630859 0.6829891204833984
vt 0.7533674240112305 0.7045789957046509
vt 0.81090247631073 0.6897141933441162
vt 0.8110108375549316 0.7115520238876343
vt 0.7577495574951172 0.6829986572265625
vt 0.8110108375549316 0.7115520238876343
vt 0.81090247631073 0.6897141933441162
vt 0.8110108375549316 0.7115520238876343
vt 0.7577495574951172 0.6829986572265625
vt 0.7537227869033813 0.7045797109603882
vt 0.6794509887695312 0.6615875959396362
vt 0.7537227869033813 0.7045797109603882
vt 0.7577495574951172 0.6829986572265625
vt 0.7537227869033813 0.7045797109603882
vt 0.6794509887695312 0.6615875959396362
vt 0.6741821765899658 0.684136152267456
vt 0.056433457881212234 0.6710250973701477
vt 0.09794896841049194 0.6862250566482544
vt 0.056433457881212234 0.6862250566482544
vt 0.09794896841049194 0.6862250566482544
vt 0.056433457881212234 0.6710250973701477
vt 0.09794896841049194 0.6710250973701477
vt 0.09794896841049194 0.6710250973701477
vt 0.1322833150625229 0.6862250566482544
vt 0.09794896841049194 0.6862250566482544
vt 0.1322833150625229 0.6862250566482544
vt 0.09794896841049194 0.6710250973701477
vt 0.1322833150625229 0.6710250973701477
vt 0.1322833150625229 0.6710250973701477
vt 0.16876381635665894 0.6862250566482544
vt 0.1322833150625229 0.6862250566482544
vt 0.16876381635665894 0.6862250566482544
vt 0.1322833150625229 0.6710250973701477
vt 0.16876381635665894 0.6710250973701477
vt 0.16876381635665894 0.6710250973701477
vt 0.20917820930480957 0.6862248182296753
vt 0.16876381635665894 0.6862250566482544
vt 0.20917820930480957 0.6862248182296753
vt 0.16876381635665894 0.6710250973701477
vt 0.20917820930480957 0.6710250973701477
vt 0.23940926790237427 0.6710250973701477
vt 0.20917820930480957 0.6862248182296753
vt 0.20917820930480957 0.6710250973701477
vt 0.20917820930480957 0.6862248182296753
vt 0.23940926790237427 0.6710250973701477
vt 0.23940926790237427 0.6862250566482544
vt 0.056433457881212234 0.6862250566482544
vt 0.03390415385365486 0.6710250973701477
vt 0.056433457881212234 0.6710250973701477
vt 0.03390415385365486 0.6710250973701477
vt 0.056433457881212234 0.6862250566482544
vt 0.03390415385365486 0.6862250566482544
vt 0.03390415385365486 0.6710250973701477
vt 0.056433457881212234 0.6223572492599487
vt 0.056433457881212234 0.6710250973701477
vt 0.056433457881212234 0.6223572492599487
vt 0.03390415385365486 0.6710250973701477
vt 0.03390415385365486 0.6223572492599487
vt 0.20917820930480957 0.6710250973701477
vt 0.23940926790237427 0.6223572492599487
vt 0.23940926790237427 0.6710250973701477
vt 0.23940926790237427 0.6223572492599487
vt 0.20917820930480957 0.6710250973701477
vt 0.20917820930480957 0.6223572492599487
vt 0.23067592084407806 0.6044480800628662
vt 0.1920969933271408 0.5723263621330261
vt 0.23067592084407806 0.5723263621330261
vt 0.1920969933271408 0.5723263621330261
vt 0.23067592084407806 0.6044480800628662
vt 0.1920969933271408 0.6044480800628662
vt 0.1920969933271408 0.6044480800628662
vt 0.148224338889122 0.5723263621330261
vt 0.1920969933271408 0.5723263621330261
vt 0.148224338889122 0.5723263621330261
vt 0.1920969933271408 0.6044480800628662
vt 0.148224338889122 0.6044480800628662
vt 0.148224338889122 0.6044480800628662
vt 0.10590676963329315 0.5723263621330261
vt 0.148224338889122 0.5723263621330261
vt 0.10590676963329315 0.5723263621330261
vt 0.148224338889122 0.6044480800628662
vt 0.10590676963329315 0.6044480800628662
vt 0.10590676963329315 0.6044480800628662
vt 0.06685738265514374 0.5723263621330261
vt 0.10590676963329315 0.5723263621330261
vt 0.06685738265514374 0.5723263621330261
vt 0.10590676963329315 0.6044480800628662
vt 0.06685738265514374 0.6044480800628662
vt 0.032571837306022644 0.6044480800628662
vt 0.06685738265514374 0.5723263621330261
vt 0.06685738265514374 0.6044480800628662
vt 0.06685738265514374 0.5723263621330261
vt 0.032571837306022644 0.6044480800628662
vt 0.032571837306022644 0.5723263621330261
vt 0.23067592084407806 0.5723263621330261
vt 0.27070188522338867 0.6044480800628662
vt 0.23067592084407806 0.6044480800628662
vt 0.27070188522338867 0.6044480800628662
vt 0.23067592084407806 0.5723263621330261
vt 0.27070188522338867 0.5723263621330261
vt 0.055132634937763214 0.9900781512260437
vt 0.09638606756925583 0.9700778126716614
vt 0.05513264983892441 0.9700775742530823
vt 0.09638606756925583 0.9700778126716614
vt 0.055132634937763214 0.9900781512260437
vt 0.09638610482215881 0.9900781512260437
vt 0.09638610482215881 0.9900781512260437
vt 0.13122068345546722 0.9700779318809509
vt 0.09638606756925583 0.9700778126716614
vt 0.13122068345546722 0.9700779318809509
vt 0.09638610482215881 0.9900781512260437
vt 0.13122068345546722 0.9900781512260437
vt 0.13122068345546722 0.9900781512260437
vt 0.16664795577526093 0.9700780510902405
vt 0.13122068345546722 0.9700779318809509
vt 0.16664795577526093 0.9700780510902405
vt 0.13122068345546722 0.9900781512260437
vt 0.16664795577526093 0.9900782108306885
vt 0.16664795577526093 0.9900782108306885
vt 0.20717962086200714 0.97007817029953
vt 0.16664795577526093 0.9700780510902405
vt 0.20717962086200714 0.97007817029953
vt 0.16664795577526093 0.9900782108306885
vt 0.20717962086200714 0.9900782108306885
vt 0.23886285722255707 0.9900782108306885
vt 0.20717962086200714 0.97007817029953
vt 0.20717962086200714 0.9900782108306885
vt 0.20717962086200714 0.97007817029953
vt 0.23886285722255707 0.9900782108306885
vt 0.23886285722255707 0.97007817029953
vt 0.05513264983892441 0.9700775742530823
vt 0.034734927117824554 0.9900781512260437
vt 0.055132634937763214 0.9900781512260437
vt 0.034734927117824554 0.9900781512260437
vt 0.05513264983892441 0.9700775742530823
vt 0.034734927117824554 0.9700775742530823
vt 0.27070188522338867 0.5723263621330261
vt 0.2864890694618225 0.6044436693191528
vt 0.27070188522338867 0.6044480800628662
vt 0.2864890694618225 0.6044436693191528
vt 0.27070188522338867 0.5723263621330261
vt 0.2864890694618225 0.5723280310630798
vt 0.017001792788505554 0.5723263621330261
vt 0.032571837306022644 0.6044480800628662
vt 0.017001792788505554 0.6044480800628662
vt 0.032571837306022644 0.6044480800628662
vt 0.017001792788505554 0.5723263621330261
vt 0.032571837306022644 0.5723263621330261
vt 0.056433457881212234 0.6710250973701477
vt 0.09794896841049194 0.6223572492599487
vt 0.09794896841049194 0.6710250973701477
vt 0.09794896841049194 0.6223572492599487
vt 0.056433457881212234 0.6710250973701477
vt 0.056433457881212234 0.6223572492599487
vt 0.09794896841049194 0.6710250973701477
vt 0.1322833150625229 0.6223572492599487
vt 0.1322833150625229 0.6710250973701477
vt 0.1322833150625229 0.6223572492599487
vt 0.09794896841049194 0.6710250973701477
vt 0.09794896841049194 0.6223572492599487
vt 0.1322833150625229 0.6710250973701477
vt 0.16876381635665894 0.6223572492599487
vt 0.16876381635665894 0.6710250973701477
vt 0.16876381635665894 0.6223572492599487
vt 0.1322833150625229 0.6710250973701477
vt 0.1322833150625229 0.6223572492599487
vt 0.16876381635665894 0.6710250973701477
vt 0.20917820930480957 0.6223572492599487
vt 0.20917820930480957 0.6710250973701477
vt 0.20917820930480957 0.6223572492599487
vt 0.16876381635665894 0.6710250973701477
vt 0.16876381635665894 0.6223572492599487
vt 0.20717962086200714 0.97007817029953
vt 0.23886288702487946 0.8142779469490051
vt 0.20717978477478027 0.8142779469490051
vt 0.23886288702487946 0.8142779469490051
vt 0.20717962086200714 0.97007817029953
vt 0.23886285722255707 0.97007817029953
vt 0.23886288702487946 0.8142779469490051
vt 0.2071799635887146 0.7043771147727966
vt 0.20717978477478027 0.8142779469490051
vt 0.2071799635887146 0.7043771147727966
vt 0.23886288702487946 0.8142779469490051
vt 0.23886290192604065 0.7043771147727966
vt 0.16664795577526093 0.9700780510902405
vt 0.20717978477478027 0.8142779469490051
vt 0.1666477918624878 0.8142778277397156
vt 0.20717978477478027 0.8142779469490051
vt 0.16664795577526093 0.9700780510902405
vt 0.20717962086200714 0.97007817029953
vt 0.20717978477478027 0.8142779469490051
vt 0.16664764285087585 0.7043769359588623
vt 0.1666477918624878 0.8142778277397156
vt 0.16664764285087585 0.7043769359588623
vt 0.20717978477478027 0.8142779469490051
vt 0.2071799635887146 0.7043771147727966
vt 0.13122068345546722 0.9700779318809509
vt 0.1666477918624878 0.8142778277397156
vt 0.13122065365314484 0.8142776489257812
vt 0.1666477918624878 0.8142778277397156
vt 0.13122068345546722 0.9700779318809509
vt 0.16664795577526093 0.9700780510902405
vt 0.1666477918624878 0.8142778277397156
vt 0.13122063875198364 0.7043766975402832
vt 0.13122065365314484 0.8142776489257812
vt 0.13122063875198364 0.7043766975402832
vt 0.1666477918624878 0.8142778277397156
vt 0.16664764285087585 0.7043769359588623
vt 0.09638606756925583 0.9700778126716614
vt 0.13122065365314484 0.8142776489257812
vt 0.0963859036564827 0.8142775297164917
vt 0.13122065365314484 0.8142776489257812
vt 0.09638606756925583 0.9700778126716614
vt 0.13122068345546722 0.9700779318809509
vt 0.13122065365314484 0.8142776489257812
vt 0.09638573229312897 0.7043765187263489
vt 0.0963859036564827 0.8142775297164917
vt 0.09638573229312897 0.7043765187263489
vt 0.13122065365314484 0.8142776489257812
vt 0.13122063875198364 0.7043766975402832
vt 0.05513264983892441 0.9700775742530823
vt 0.0963859036564827 0.8142775297164917
vt 0.05513272061944008 0.8142773509025574
vt 0.0963859036564827 0.8142775297164917
vt 0.05513264983892441 0.9700775742530823
vt 0.09638606756925583 0.9700778126716614
vt 0.0963859036564827 0.8142775297164917
vt 0.05513279512524605 0.7043763995170593
vt 0.05513272061944008 0.8142773509025574
vt 0.05513279512524605 0.7043763995170593
vt 0.0963859036564827 0.8142775297164917
vt 0.09638573229312897 0.7043765187263489
vt 0.034734927117824554 0.9700775742530823
vt 0.05513272061944008 0.8142773509025574
vt 0.03473507612943649 0.8142773509025574
vt 0.05513272061944008 0.8142773509025574
vt 0.034734927117824554 0.9700775742530823
vt 0.05513264983892441 0.9700775742530823
vt 0.05513272061944008 0.8142773509025574
vt 0.034735213965177536 0.7043763995170593
vt 0.03473507612943649 0.8142773509025574
vt 0.034735213965177536 0.7043763995170593
vt 0.05513272061944008 0.8142773509025574
vt 0.05513279512524605 0.7043763995170593
vt 0.0566120482981205 0.6710250973701477
vt 0.0977087989449501 0.6862250566482544
vt 0.0566120482981205 0.6862250566482544
vt 0.0977087989449501 0.6862250566482544
vt 0.0566120482981205 0.6710250973701477
vt 0.0977087989449501 0.6710250973701477
vt 0.0977087989449501 0.6710250973701477
vt 0.1320832520723343 0.6862250566482544
vt 0.0977087989449501 0.6862250566482544
vt 0.1320832520723343 0.6862250566482544
vt 0.0977087989449501 0.6710250973701477
vt 0.1320832520723343 0.6710250973701477
vt 0.1320832520723343 0.6710250973701477
vt 0.16905222833156586 0.6862250566482544
vt 0.1320832520723343 0.6862250566482544
vt 0.16905222833156586 0.6862250566482544
vt 0.1320832520723343 0.6710250973701477
vt 0.16905222833156586 0.6710250973701477
vt 0.16905222833156586 0.6710250973701477
vt 0.20832452178001404 0.6862250566482544
vt 0.16905222833156586 0.6862250566482544
vt 0.20832452178001404 0.6862250566482544
vt 0.16905222833156586 0.6710250973701477
vt 0.20832452178001404 0.6710250973701477
vt 0.23916910588741302 0.6710250973701477
vt 0.20832452178001404 0.6862250566482544
vt 0.20832452178001404 0.6710250973701477
vt 0.20832452178001404 0.6862250566482544
vt 0.23916910588741302 0.6710250973701477
vt 0.23916910588741302 0.6862250566482544
vt 0.0566120482981205 0.6862250566482544
vt 0.034147363156080246 0.6710250973701477
vt 0.0566120482981205 0.6710250973701477
vt 0.034147363156080246 0.6710250973701477
vt 0.0566120482981205 0.6862250566482544
vt 0.034147363156080246 0.6862250566482544
vt 0.034147363156080246 0.6710250973701477
vt 0.0566120482981205 0.6223572492599487
vt 0.0566120482981205 0.6710250973701477
vt 0.0566120482981205 0.6223572492599487
vt 0.034147363156080246 0.6710250973701477
vt 0.034147363156080246 0.6223572492599487
vt 0.20832452178001404 0.6710250973701477
vt 0.23916910588741302 0.6223572492599487
vt 0.23916910588741302 0.6710250973701477
vt 0.23916910588741302 0.6223572492599487
vt 0.20832452178001404 0.6710250973701477
vt 0.20832452178001404 0.6223572492599487
vt 0.23065339028835297 0.6045283079147339
vt 0.19159267842769623 0.5723639130592346
vt 0.23065339028835297 0.5723639130592346
vt 0.19159267842769623 0.5723639130592346
vt 0.23065339028835297 0.6045283079147339
vt 0.19159267842769623 0.6045283079147339
vt 0.19159267842769623 0.6045283079147339
vt 0.14876942336559296 0.5723639130592346
vt 0.19159267842769623 0.5723639130592346
vt 0.14876942336559296 0.5723639130592346
vt 0.19159267842769623 0.6045283079147339
vt 0.14876942336559296 0.6045283079147339
vt 0.14876942336559296 0.6045283079147339
vt 0.10622982680797577 0.5723639130592346
vt 0.14876942336559296 0.5723639130592346
vt 0.10622982680797577 0.5723639130592346
vt 0.14876942336559296 0.6045283079147339
vt 0.10622982680797577 0.6045283079147339
vt 0.10622982680797577 0.6045283079147339
vt 0.06704334914684296 0.5723639130592346
vt 0.10622982680797577 0.5723639130592346
vt 0.06704334914684296 0.5723639130592346
vt 0.10622982680797577 0.6045283079147339
vt 0.06704334914684296 0.6045283079147339
vt 0.03303639590740204 0.6045283079147339
vt 0.06704334914684296 0.5723639130592346
vt 0.06704334914684296 0.6045283079147339
vt 0.06704334914684296 0.5723639130592346
vt 0.03303639590740204 0.6045283079147339
vt 0.03303639590740204 0.5723639130592346
vt 0.23065339028835297 0.5723639130592346
vt 0.2704261541366577 0.6045283079147339
vt 0.23065339028835297 0.6045283079147339
vt 0.2704261541366577 0.6045283079147339
vt 0.23065339028835297 0.5723639130592346
vt 0.27042168378829956 0.5723639130592346
vt 0.055902209132909775 0.9900485277175903
vt 0.09560582041740417 0.9700769782066345
vt 0.055902209132909775 0.970076858997345
vt 0.09560582041740417 0.9700769782066345
vt 0.055902209132909775 0.9900485277175903
vt 0.09560585021972656 0.9900485277175903
vt 0.09560585021972656 0.9900485277175903
vt 0.13130302727222443 0.9700770974159241
vt 0.09560582041740417 0.9700769782066345
vt 0.13130302727222443 0.9700770974159241
vt 0.09560585021972656 0.9900485277175903
vt 0.13130302727222443 0.9900485277175903
vt 0.13130302727222443 0.9900485277175903
vt 0.16610287129878998 0.9700773358345032
vt 0.13130302727222443 0.9700770974159241
vt 0.16610287129878998 0.9700773358345032
vt 0.13130302727222443 0.9900485277175903
vt 0.16610288619995117 0.9900485277175903
vt 0.16610288619995117 0.9900485277175903
vt 0.20771874487400055 0.9700773358345032
vt 0.16610287129878998 0.9700773358345032
vt 0.20771874487400055 0.9700773358345032
vt 0.16610288619995117 0.9900485277175903
vt 0.20771874487400055 0.9900485277175903
vt 0.23893354833126068 0.9900485277175903
vt 0.20771874487400055 0.9700773358345032
vt 0.20771874487400055 0.9900485277175903
vt 0.20771874487400055 0.9700773358345032
vt 0.23893354833126068 0.9900485277175903
vt 0.23893354833126068 0.9700774550437927
vt 0.055902209132909775 0.970076858997345
vt 0.03505083546042442 0.9900484681129456
vt 0.055902209132909775 0.9900485277175903
vt 0.03505083546042442 0.9900484681129456
vt 0.055902209132909775 0.970076858997345
vt 0.035050854086875916 0.9700767397880554
vt 0.27042168378829956 0.5723639130592346
vt 0.28615808486938477 0.6045306921005249
vt 0.2704261541366577 0.6045283079147339
vt 0.28615808486938477 0.6045306921005249
vt 0.27042168378829956 0.5723639130592346
vt 0.28615808486938477 0.572363018989563
vt 0.016664430499076843 0.5723639130592346
vt 0.03303639590740204 0.6045283079147339
vt 0.016664430499076843 0.6045283079147339
vt 0.03303639590740204 0.6045283079147339
vt 0.016664430499076843 0.5723639130592346
vt 0.03303639590740204 0.5723639130592346
vt 0.0566120482981205 0.6710250973701477
vt 0.0977087989449501 0.6223572492599487
vt 0.0977087989449501 0.6710250973701477
vt 0.0977087989449501 0.6223572492599487
vt 0.0566120482981205 0.6710250973701477
vt 0.0566120482981205 0.6223572492599487
vt 0.0977087989449501 0.6710250973701477
vt 0.1320832520723343 0.6223572492599487
vt 0.1320832520723343 0.6710250973701477
vt 0.1320832520723343 0.6223572492599487
vt 0.0977087989449501 0.6710250973701477
vt 0.0977087989449501 0.6223572492599487
vt 0.1320832520723343 0.6710250973701477
vt 0.16905222833156586 0.6223572492599487
vt 0.16905222833156586 0.6710250973701477
vt 0.16905222833156586 0.6223572492599487
vt 0.1320832520723343 0.6710250973701477
vt 0.1320832520723343 0.6223572492599487
vt 0.16905222833156586 0.6710250973701477
vt 0.20832452178001404 0.6223572492599487
vt 0.20832452178001404 0.6710250973701477
vt 0.20832452178001404 0.6223572492599487
vt 0.16905222833156586 0.6710250973701477
vt 0.16905222833156586 0.6223572492599487
vt 0.20771874487400055 0.9700773358345032
vt 0.23893356323242188 0.8142772316932678
vt 0.20771890878677368 0.8142769932746887
vt 0.23893356323242188 0.8142772316932678
vt 0.20771874487400055 0.9700773358345032
vt 0.23893354833126068 0.9700774550437927
vt 0.23893356323242188 0.8142772316932678
vt 0.207719087600708 0.7043759226799011
vt 0.20771890878677368 0.8142769932746887
vt 0.207719087600708 0.7043759226799011
vt 0.23893356323242188 0.8142772316932678
vt 0.23893359303474426 0.7043761610984802
vt 0.16610287129878998 0.9700773358345032
vt 0.20771890878677368 0.8142769932746887
vt 0.16610273718833923 0.8142769932746887
vt 0.20771890878677368 0.8142769932746887
vt 0.16610287129878998 0.9700773358345032
vt 0.20771874487400055 0.9700773358345032
vt 0.20771890878677368 0.8142769932746887
vt 0.1661025881767273 0.7043759226799011
vt 0.16610273718833923 0.8142769932746887
vt 0.1661025881767273 0.7043759226799011
vt 0.20771890878677368 0.8142769932746887
vt 0.207719087600708 0.7043759226799011
vt 0.13130302727222443 0.9700770974159241
vt 0.16610273718833923 0.8142769932746887
vt 0.13130301237106323 0.814276933670044
vt 0.16610273718833923 0.8142769932746887
vt 0.13130302727222443 0.9700770974159241
vt 0.16610287129878998 0.9700773358345032
vt 0.16610273718833923 0.8142769932746887
vt 0.13130299746990204 0.7043757438659668
vt 0.13130301237106323 0.814276933670044
vt 0.13130299746990204 0.7043757438659668
vt 0.16610273718833923 0.8142769932746887
vt 0.1661025881767273 0.7043759226799011
vt 0.09560582041740417 0.9700769782066345
vt 0.13130301237106323 0.814276933670044
vt 0.09560564160346985 0.8142768144607544
vt 0.13130301237106323 0.814276933670044
vt 0.09560582041740417 0.9700769782066345
vt 0.13130302727222443 0.9700770974159241
vt 0.13130301237106323 0.814276933670044
vt 0.09560545533895493 0.7043755054473877
vt 0.09560564160346985 0.8142768144607544
vt 0.09560545533895493 0.7043755054473877
vt 0.13130301237106323 0.814276933670044
vt 0.13130299746990204 0.7043757438659668
vt 0.055902209132909775 0.970076858997345
vt 0.09560564160346985 0.8142768144607544
vt 0.05590227618813515 0.8142765164375305
vt 0.09560564160346985 0.8142768144607544
vt 0.055902209132909775 0.970076858997345
vt 0.09560582041740417 0.9700769782066345
vt 0.09560564160346985 0.8142768144607544
vt 0.05590234696865082 0.7043752670288086
vt 0.05590227618813515 0.8142765164375305
vt 0.05590234696865082 0.7043752670288086
vt 0.09560564160346985 0.8142768144607544
vt 0.09560545533895493 0.7043755054473877
vt 0.035050854086875916 0.9700767397880554
vt 0.05590227618813515 0.8142765164375305
vt 0.03505098447203636 0.814276397228241
vt 0.05590227618813515 0.8142765164375305
vt 0.035050854086875916 0.9700767397880554
vt 0.055902209132909775 0.970076858997345
vt 0.05590227618813515 0.8142765164375305
vt 0.03505111485719681 0.7043750882148743
vt 0.03505098447203636 0.814276397228241
vt 0.03505111485719681 0.7043750882148743
vt 0.05590227618813515 0.8142765164375305
vt 0.05590234696865082 0.7043752670288086
vt 0.056462373584508896 0.6710250973701477
vt 0.09771695733070374 0.6862250566482544
vt 0.056462373584508896 0.6862250566482544
vt 0.09771695733070374 0.6862250566482544
vt 0.056462373584508896 0.6710250973701477
vt 0.09771695733070374 0.6710250973701477
vt 0.056462373584508896 0.6862250566482544
vt 0.03465403988957405 0.6710250973701477
vt 0.056462373584508896 0.6710250973701477
vt 0.03465403988957405 0.6710250973701477
vt 0.056462373584508896 0.6862250566482544
vt 0.03465403988957405 0.6862250566482544
vt 0.03465403988957405 0.6710250973701477
vt 0.056462373584508896 0.6223572492599487
vt 0.056462373584508896 0.6710250973701477
vt 0.056462373584508896 0.6223572492599487
vt 0.03465403988957405 0.6710250973701477
vt 0.03465403988957405 0.6223572492599487
vt 0.23066751658916473 0.6044240593910217
vt 0.19158534705638885 0.572317361831665
vt 0.23066751658916473 0.572317361831665
vt 0.19158534705638885 0.572317361831665
vt 0.23066751658916473 0.6044240593910217
vt 0.19158534705638885 0.6044240593910217
vt 0.19158534705638885 0.6044240593910217
vt 0.14834217727184296 0.572317361831665
vt 0.19158534705638885 0.572317361831665
vt 0.14834217727184296 0.572317361831665
vt 0.19158534705638885 0.6044240593910217
vt 0.14834217727184296 0.6044240593910217
vt 0.14834217727184296 0.6044240593910217
vt 0.10590343177318573 0.572317361831665
vt 0.14834217727184296 0.572317361831665
vt 0.10590343177318573 0.572317361831665
vt 0.14834217727184296 0.6044240593910217
vt 0.10590343177318573 0.6044240593910217
vt 0.10590343177318573 0.6044240593910217
vt 0.0669042319059372 0.572317361831665
vt 0.10590343177318573 0.572317361831665
vt 0.0669042319059372 0.572317361831665
vt 0.10590343177318573 0.6044240593910217
vt 0.0669042319059372 0.6044240593910217
vt 0.032781705260276794 0.6044220328330994
vt 0.0669042319059372 0.572317361831665
vt 0.0669042319059372 0.6044240593910217
vt 0.0669042319059372 0.572317361831665
vt 0.032781705260276794 0.6044220328330994
vt 0.032781705260276794 0.572317361831665
vt 0.23066751658916473 0.572317361831665
vt 0.270673930644989 0.6044240593910217
vt 0.23066751658916473 0.6044240593910217
vt 0.270673930644989 0.6044240593910217
vt 0.23066751658916473 0.572317361831665
vt 0.270673930644989 0.572317361831665
vt 0.05528081953525543 0.9901036620140076
vt 0.09586396813392639 0.9700785279273987
vt 0.05528082698583603 0.9700784087181091
vt 0.09586396813392639 0.9700785279273987
vt 0.05528081953525543 0.9901036620140076
vt 0.09586396813392639 0.9900826811790466
vt 0.05528082698583603 0.9700784087181091
vt 0.03498736023902893 0.9901246428489685
vt 0.05528081953525543 0.9901036620140076
vt 0.03498736023902893 0.9901246428489685
vt 0.05528082698583603 0.9700784087181091
vt 0.03498736768960953 0.9700784087181091
vt 0.09771695733070374 0.6710250973701477
vt 0.13241316378116608 0.6862250566482544
vt 0.09771695733070374 0.6862250566482544
vt 0.13241316378116608 0.6862250566482544
vt 0.09771695733070374 0.6710250973701477
vt 0.13241316378116608 0.6710250973701477
vt 0.13241316378116608 0.6710250973701477
vt 0.16924792528152466 0.6862248182296753
vt 0.13241316378116608 0.6862250566482544
vt 0.16924792528152466 0.6862248182296753
vt 0.13241316378116608 0.6710250973701477
vt 0.16924792528152466 0.6710250973701477
vt 0.16924792528152466 0.6710250973701477
vt 0.2094733566045761 0.6862250566482544
vt 0.16924792528152466 0.6862248182296753
vt 0.2094733566045761 0.6862250566482544
vt 0.16924792528152466 0.6710250973701477
vt 0.2094733566045761 0.6710250973701477
vt 0.2394028604030609 0.6710250973701477
vt 0.2094733566045761 0.6862250566482544
vt 0.2094733566045761 0.6710250973701477
vt 0.2094733566045761 0.6862250566482544
vt 0.2394028604030609 0.6710250973701477
vt 0.2394028604030609 0.6862250566482544
vt 0.2094733566045761 0.6710250973701477
vt 0.2394028604030609 0.6223570704460144
vt 0.2394028604030609 0.6710250973701477
vt 0.2394028604030609 0.6223570704460144
vt 0.2094733566045761 0.6710250973701477
vt 0.2094733566045761 0.6223570704460144
vt 0.09586396813392639 0.9900826811790466
vt 0.13115422427654266 0.9700785279273987
vt 0.09586396813392639 0.9700785279273987
vt 0.13115422427654266 0.9700785279273987
vt 0.09586396813392639 0.9900826811790466
vt 0.13115422427654266 0.9900826811790466
vt 0.13115422427654266 0.9900826811790466
vt 0.16597409546375275 0.9700786471366882
vt 0.13115422427654266 0.9700785279273987
vt 0.16597409546375275 0.9700786471366882
vt 0.13115422427654266 0.9900826811790466
vt 0.16597409546375275 0.9900826811790466
vt 0.16597409546375275 0.9900826811790466
vt 0.20707744359970093 0.9700787663459778
vt 0.16597409546375275 0.9700786471366882
vt 0.20707744359970093 0.9700787663459778
vt 0.16597409546375275 0.9900826811790466
vt 0.20707741379737854 0.9900826811790466
vt 0.23887817561626434 0.9900827407836914
vt 0.20707744359970093 0.9700787663459778
vt 0.20707741379737854 0.9900826811790466
vt 0.20707744359970093 0.9700787663459778
vt 0.23887817561626434 0.9900827407836914
vt 0.23887817561626434 0.9700790047645569
vt 0.270673930644989 0.572317361831665
vt 0.2864019274711609 0.6044240593910217
vt 0.270673930644989 0.6044240593910217
vt 0.2864019274711609 0.6044240593910217
vt 0.270673930644989 0.572317361831665
vt 0.2864019274711609 0.572317361831665
vt 0.01675526797771454 0.572317361831665
vt 0.032781705260276794 0.6044220328330994
vt 0.01675526797771454 0.604420006275177
vt 0.032781705260276794 0.6044220328330994
vt 0.01675526797771454 0.572317361831665
vt 0.032781705260276794 0.572317361831665
vt 0.056462373584508896 0.6710250973701477
vt 0.09771695733070374 0.6223572492599487
vt 0.09771695733070374 0.6710250973701477
vt 0.09771695733070374 0.6223572492599487
vt 0.056462373584508896 0.6710250973701477
vt 0.056462373584508896 0.6223572492599487
vt 0.09771695733070374 0.6710250973701477
vt 0.13241316378116608 0.6223570704460144
vt 0.13241316378116608 0.6710250973701477
vt 0.13241316378116608 0.6223570704460144
vt 0.09771695733070374 0.6710250973701477
vt 0.09771695733070374 0.6223572492599487
vt 0.13241316378116608 0.6710250973701477
vt 0.16924792528152466 0.6223570704460144
vt 0.16924792528152466 0.6710250973701477
vt 0.16924792528152466 0.6223570704460144
vt 0.13241316378116608 0.6710250973701477
vt 0.13241316378116608 0.6223570704460144
vt 0.16924792528152466 0.6710250973701477
vt 0.2094733566045761 0.6223570704460144
vt 0.2094733566045761 0.6710250973701477
vt 0.2094733566045761 0.6223570704460144
vt 0.16924792528152466 0.6710250973701477
vt 0.16924792528152466 0.6223570704460144
vt 0.20707744359970093 0.9700787663459778
vt 0.23887819051742554 0.8142786622047424
vt 0.20707762241363525 0.8142785429954529
vt 0.23887819051742554 0.8142786622047424
vt 0.20707744359970093 0.9700787663459778
vt 0.23887817561626434 0.9700790047645569
vt 0.23887819051742554 0.8142786622047424
vt 0.2070777863264084 0.7043771743774414
vt 0.20707762241363525 0.8142785429954529
vt 0.2070777863264084 0.7043771743774414
vt 0.23887819051742554 0.8142786622047424
vt 0.23887822031974792 0.7043773531913757
vt 0.16597409546375275 0.9700786471366882
vt 0.20707762241363525 0.8142785429954529
vt 0.16597393155097961 0.8142784833908081
vt 0.20707762241363525 0.8142785429954529
vt 0.16597409546375275 0.9700786471366882
vt 0.20707744359970093 0.9700787663459778
vt 0.20707762241363525 0.8142785429954529
vt 0.16597378253936768 0.7043769359588623
vt 0.16597393155097961 0.8142784833908081
vt 0.16597378253936768 0.7043769359588623
vt 0.20707762241363525 0.8142785429954529
vt 0.2070777863264084 0.7043771743774414
vt 0.13115422427654266 0.9700785279273987
vt 0.16597393155097961 0.8142784833908081
vt 0.13115419447422028 0.8142781853675842
vt 0.16597393155097961 0.8142784833908081
vt 0.13115422427654266 0.9700785279273987
vt 0.16597409546375275 0.9700786471366882
vt 0.16597393155097961 0.8142784833908081
vt 0.13115417957305908 0.7043766975402832
vt 0.13115419447422028 0.8142781853675842
vt 0.13115417957305908 0.7043766975402832
vt 0.16597393155097961 0.8142784833908081
vt 0.16597378253936768 0.7043769359588623
vt 0.09586396813392639 0.9700785279273987
vt 0.13115419447422028 0.8142781853675842
vt 0.09586377441883087 0.8142781853675842
vt 0.13115419447422028 0.8142781853675842
vt 0.09586396813392639 0.9700785279273987
vt 0.13115422427654266 0.9700785279273987
vt 0.13115419447422028 0.8142781853675842
vt 0.09586358070373535 0.7043766975402832
vt 0.09586377441883087 0.8142781853675842
vt 0.09586358070373535 0.7043766975402832
vt 0.13115419447422028 0.8142781853675842
vt 0.13115417957305908 0.7043766975402832
vt 0.05528082698583603 0.9700784087181091
vt 0.09586377441883087 0.8142781853675842
vt 0.0552808903157711 0.8142780661582947
vt 0.09586377441883087 0.8142781853675842
vt 0.05528082698583603 0.9700784087181091
vt 0.09586396813392639 0.9700785279273987
vt 0.09586377441883087 0.8142781853675842
vt 0.05528097227215767 0.7043769359588623
vt 0.0552808903157711 0.8142780661582947
vt 0.05528097227215767 0.7043769359588623
vt 0.09586377441883087 0.8142781853675842
vt 0.09586358070373535 0.7043766975402832
vt 0.03498736768960953 0.9700784087181091
vt 0.0552808903157711 0.8142780661582947
vt 0.034987494349479675 0.8142780661582947
vt 0.0552808903157711 0.8142780661582947
vt 0.03498736768960953 0.9700784087181091
vt 0.05528082698583603 0.9700784087181091
vt 0.0552808903157711 0.8142780661582947
vt 0.03498762100934982 0.7043773531913757
vt 0.034987494349479675 0.8142780661582947
vt 0.03498762100934982 0.7043773531913757
vt 0.0552808903157711 0.8142780661582947
vt 0.05528097227215767 0.7043769359588623
vt 0.01795016974210739 0.8142772316932678
vt 0.034734927117824554 0.9700775742530823
vt 0.03473507612943649 0.8142773509025574
vt 0.034734927117824554 0.9700775742530823
vt 0.01795016974210739 0.8142772316932678
vt 0.01795016974210739 0.9700774550437927
vt 0.03473507612943649 0.8142773509025574
vt 0.01795016974210739 0.7043761610984802
vt 0.01795016974210739 0.8142772316932678
vt 0.01795016974210739 0.7043761610984802
vt 0.03473507612943649 0.8142773509025574
vt 0.034735213965177536 0.7043763995170593
vt 0.30925267934799194 0.5723297595977783
vt 0.2864890694618225 0.6044436693191528
vt 0.2864890694618225 0.5723280310630798
vt 0.2864890694618225 0.6044436693191528
vt 0.30925267934799194 0.5723297595977783
vt 0.30925267934799194 0.6044391989707947
vt 0.012420146726071835 0.6710250973701477
vt 0.03390415385365486 0.6223572492599487
vt 0.03390415385365486 0.6710250973701477
vt 0.03390415385365486 0.6223572492599487
vt 0.012420146726071835 0.6710250973701477
vt 0.012420146726071835 0.6223572492599487
vt 0.034987494349479675 0.8142780661582947
vt 0.017614029347896576 0.7043771147727966
vt 0.017614029347896576 0.8142779469490051
vt 0.017614029347896576 0.7043771147727966
vt 0.034987494349479675 0.8142780661582947
vt 0.03498762100934982 0.7043773531913757
vt 0.017614029347896576 0.8142779469490051
vt 0.03498736768960953 0.9700784087181091
vt 0.034987494349479675 0.8142780661582947
vt 0.03498736768960953 0.9700784087181091
vt 0.017614029347896576 0.8142779469490051
vt 0.017614029347896576 0.97007817029953
vt 0.2864019274711609 0.6044240593910217
vt 0.3092336654663086 0.572317361831665
vt 0.3092336654663086 0.6044240593910217
vt 0.3092336654663086 0.572317361831665
vt 0.2864019274711609 0.6044240593910217
vt 0.2864019274711609 0.572317361831665
vt 0.03465403988957405 0.6223572492599487
vt 0.012477681040763855 0.6710250973701477
vt 0.012477681040763855 0.6223572492599487
vt 0.012477681040763855 0.6710250973701477
vt 0.03465403988957405 0.6223572492599487
vt 0.03465403988957405 0.6710250973701477
vt 0.01811947673559189 0.814276397228241
vt 0.035050854086875916 0.9700767397880554
vt 0.03505098447203636 0.814276397228241
vt 0.035050854086875916 0.9700767397880554
vt 0.01811947673559189 0.814276397228241
vt 0.01811947673559189 0.9700767397880554
vt 0.03505098447203636 0.814276397228241
vt 0.01811947673559189 0.7043750882148743
vt 0.01811947673559189 0.814276397228241
vt 0.01811947673559189 0.7043750882148743
vt 0.03505098447203636 0.814276397228241
vt 0.03505111485719681 0.7043750882148743
vt 0.30919820070266724 0.5723620653152466
vt 0.28615808486938477 0.6045306921005249
vt 0.28615808486938477 0.572363018989563
vt 0.28615808486938477 0.6045306921005249
vt 0.30919820070266724 0.5723620653152466
vt 0.30920523405075073 0.6045331358909607
vt 0.011867906898260117 0.6710250973701477
vt 0.034147363156080246 0.6223572492599487
vt 0.034147363156080246 0.6710250973701477
vt 0.034147363156080246 0.6223572492599487
vt 0.011867906898260117 0.6710250973701477
vt 0.011867906898260117 0.6223572492599487
vt 0.9307889342308044 0.7733107805252075
vt 0.9908764958381653 0.8353758454322815
vt 0.9360266923904419 0.8018383979797363
vt 0.9908764958381653 0.8353758454322815
vt 0.9307889342308044 0.7733107805252075
vt 0.9617968797683716 0.7588865756988525
vt 0.9617968797683716 0.7588865756988525
vt 0.9307889342308044 0.7733107805252075
vt 0.9534032940864563 0.713658332824707
vt 0.9534032940864563 0.713658332824707
vt 0.9307889342308044 0.7733107805252075
vt 0.9206956028938293 0.7087981104850769
vt 0.9534032940864563 0.713658332824707
vt 0.9206956028938293 0.7087981104850769
vt 0.9292095899581909 0.6721793413162231
vt 0.9292095899581909 0.6721793413162231
vt 0.9206956028938293 0.7087981104850769
vt 0.8714441657066345 0.6365329027175903
vt 0.9534032940864563 0.713658332824707
vt 0.8888466954231262 0.675189733505249
vt 0.887708842754364 0.7024280428886414
vt 0.8888466954231262 0.675189733505249
vt 0.9534032940864563 0.713658332824707
vt 0.9291441440582275 0.6739815473556519
vt 0.8888466954231262 0.675189733505249
vt 0.9291441440582275 0.6739815473556519
vt 0.8714441657066345 0.6365329027175903
vt 0.887708842754364 0.7024280428886414
vt 0.9603959918022156 0.7595974802970886
vt 0.9534032940864563 0.713658332824707
vt 0.9603959918022156 0.7595974802970886
vt 0.887708842754364 0.7024280428886414
vt 0.8880060911178589 0.7579658627510071
vt 0.8880060911178589 0.7579658627510071
vt 0.9361992478370667 0.8135637044906616
vt 0.9603959918022156 0.7595974802970886
vt 0.9361992478370667 0.8135637044906616
vt 0.8880060911178589 0.7579658627510071
vt 0.8903820514678955 0.8224405646324158
vt 0.9922497868537903 0.8401061296463013
vt 0.9603959918022156 0.7595974802970886
vt 0.9361992478370667 0.8135637044906616
vt 0.8760849237442017 0.8855130076408386
vt 0.9361992478370667 0.8135637044906616
vt 0.8903820514678955 0.8224405646324158
vt 0.8760849237442017 0.8855130076408386
vt 0.9575920104980469 0.9054654240608215
vt 0.9361992478370667 0.8135637044906616
vt 0.9361992478370667 0.8135637044906616
vt 0.9575920104980469 0.9054654240608215
vt 0.9922497868537903 0.8401061296463013
vt 0.8755974173545837 0.9388681650161743
vt 0.9575920104980469 0.9054654240608215
vt 0.8760849237442017 0.8855130076408386
vt 0.9575920104980469 0.9054654240608215
vt 0.8755974173545837 0.9388681650161743
vt 0.9133437871932983 0.9436251521110535
vt 0.9133437871932983 0.9436251521110535
vt 0.8755974173545837 0.9388681650161743
vt 0.8759939670562744 0.9869659543037415
vt 0.887708842754364 0.7024280428886414
vt 0.82320237159729 0.7380317449569702
vt 0.8880060911178589 0.7579658627510071
vt 0.82320237159729 0.7380317449569702
vt 0.887708842754364 0.7024280428886414
vt 0.8420671820640564 0.6826353073120117
vt 0.8333027958869934 0.8241219520568848
vt 0.8880060911178589 0.7579658627510071
vt 0.82320237159729 0.7380317449569702
vt 0.8333027958869934 0.8241219520568848
vt 0.82320237159729 0.7380317449569702
vt 0.7710059285163879 0.8086259365081787
vt 0.7979208827018738 0.9044870138168335
vt 0.8333027958869934 0.8241219520568848
vt 0.7710059285163879 0.8086259365081787
vt 0.8333027958869934 0.8241219520568848
vt 0.7979208827018738 0.9044870138168335
vt 0.8760849237442017 0.8855130076408386
vt 0.8333027958869934 0.8241219520568848
vt 0.8760849237442017 0.8855130076408386
vt 0.8903820514678955 0.8224405646324158
vt 0.8880060911178589 0.7579658627510071
vt 0.8333027958869934 0.8241219520568848
vt 0.8903820514678955 0.8224405646324158
vt 0.8380445241928101 0.9484317898750305
vt 0.8760849237442017 0.8855130076408386
vt 0.7979208827018738 0.9044870138168335
vt 0.8760849237442017 0.8855130076408386
vt 0.8380445241928101 0.9484317898750305
vt 0.8755974173545837 0.9388681650161743
vt 0.8755974173545837 0.9388681650161743
vt 0.8380445241928101 0.9484317898750305
vt 0.8759939670562744 0.9869659543037415
vt 0.8420671820640564 0.6826353073120117
vt 0.887708842754364 0.7024280428886414
vt 0.8888466954231262 0.675189733505249
vt 0.8420671820640564 0.6826353073120117
vt 0.8888466954231262 0.675189733505249
vt 0.8710240125656128 0.6372616291046143
vt 0.879277765750885 0.699039101600647
vt 0.8430327773094177 0.6807675361633301
vt 0.8710240125656128 0.6372616291046143
vt 0.879277765750885 0.699039101600647
vt 0.8224495053291321 0.7392631769180298
vt 0.8430327773094177 0.6807675361633301
vt 0.8224495053291321 0.7392631769180298
vt 0.879277765750885 0.699039101600647
vt 0.8680748343467712 0.7645136713981628
vt 0.8224495053291321 0.7392631769180298
vt 0.8680748343467712 0.7645136713981628
vt 0.847891628742218 0.8416780829429626
vt 0.8224495053291321 0.7392631769180298
vt 0.847891628742218 0.8416780829429626
vt 0.7723922729492188 0.8094751238822937
vt 0.847891628742218 0.8416780829429626
vt 0.799768328666687 0.9058241844177246
vt 0.7723922729492188 0.8094751238822937
vt 0.8666788339614868 0.9045796990394592
vt 0.799768328666687 0.9058241844177246
vt 0.847891628742218 0.8416780829429626
vt 0.8364813327789307 0.9490509033203125
vt 0.799768328666687 0.9058241844177246
vt 0.8666788339614868 0.9045796990394592
vt 0.8364813327789307 0.9490509033203125
vt 0.8666788339614868 0.9045796990394592
vt 0.8750267624855042 0.94227534532547
vt 0.8364813327789307 0.9490509033203125
vt 0.8750267624855042 0.94227534532547
vt 0.8767070770263672 0.9877166748046875
vt 0.9077808856964111 0.8913760781288147
vt 0.9588029980659485 0.9043735265731812
vt 0.8666788339614868 0.9045796990394592
vt 0.847891628742218 0.8416780829429626
vt 0.9077808856964111 0.8913760781288147
vt 0.8666788339614868 0.9045796990394592
vt 0.9077808856964111 0.8913760781288147
vt 0.847891628742218 0.8416780829429626
vt 0.9173842668533325 0.839596688747406
vt 0.9173842668533325 0.839596688747406
vt 0.9588029980659485 0.9043735265731812
vt 0.9077808856964111 0.8913760781288147
vt 0.9141677618026733 0.9434090256690979
vt 0.8666788339614868 0.9045796990394592
vt 0.9588029980659485 0.9043735265731812
vt 0.8666788339614868 0.9045796990394592
vt 0.9141677618026733 0.9434090256690979
vt 0.8750267624855042 0.94227534532547
vt 0.9173842668533325 0.839596688747406
vt 0.847891628742218 0.8416780829429626
vt 0.8680748343467712 0.7645136713981628
vt 0.8680748343467712 0.7645136713981628
vt 0.9360266923904419 0.8018383979797363
vt 0.9173842668533325 0.839596688747406
vt 0.9360266923904419 0.8018383979797363
vt 0.8680748343467712 0.7645136713981628
vt 0.9307889342308044 0.7733107805252075
vt 0.9173842668533325 0.839596688747406
vt 0.9360266923904419 0.8018383979797363
vt 0.9908764958381653 0.8353758454322815
vt 0.9588029980659485 0.9043735265731812
vt 0.9173842668533325 0.839596688747406
vt 0.9908764958381653 0.8353758454322815
vt 0.8680748343467712 0.7645136713981628
vt 0.9206956028938293 0.7087981104850769
vt 0.9307889342308044 0.7733107805252075
vt 0.9206956028938293 0.7087981104850769
vt 0.8680748343467712 0.7645136713981628
vt 0.879277765750885 0.699039101600647
vt 0.8750267624855042 0.94227534532547
vt 0.9141677618026733 0.9434090256690979
vt 0.8767070770263672 0.9877166748046875
vt 0.9206956028938293 0.7087981104850769
vt 0.879277765750885 0.699039101600647
vt 0.8710240125656128 0.6372616291046143
vt 0.8421541452407837 0.7503157258033752
vt 0.8247541189193726 0.771798312664032
vt 0.8458613157272339 0.7789543271064758
vt 0.8246941566467285 0.8425240516662598
vt 0.8458613157272339 0.7789543271064758
vt 0.8247541189193726 0.771798312664032
vt 0.8458613157272339 0.7789543271064758
vt 0.8246941566467285 0.8425240516662598
vt 0.8560906052589417 0.847323477268219
vt 0.8247541189193726 0.771798312664032
vt 0.8067471385002136 0.8317124843597412
vt 0.8246941566467285 0.8425240516662598
vt 0.8067471385002136 0.8317124843597412
vt 0.838494062423706 0.8859184384346008
vt 0.8246941566467285 0.8425240516662598
vt 0.838494062423706 0.8859184384346008
vt 0.8560906052589417 0.847323477268219
vt 0.8246941566467285 0.8425240516662598
vt 0.8560906052589417 0.847323477268219
vt 0.838494062423706 0.8859184384346008
vt 0.8529415130615234 0.8877177834510803
vt 0.8529415130615234 0.8877177834510803
vt 0.838494062423706 0.8859184384346008
vt 0.818045437335968 0.9184313416481018
vt 0.8421541452407837 0.7503157258033752
vt 0.8458613157272339 0.7789543271064758
vt 0.8341860771179199 0.7695128917694092
vt 0.8458613157272339 0.7789543271064758
vt 0.8192552328109741 0.8446381092071533
vt 0.8341860771179199 0.7695128917694092
vt 0.8192552328109741 0.8446381092071533
vt 0.8458613157272339 0.7789543271064758
vt 0.8560906052589417 0.847323477268219
vt 0.8529415130615234 0.8877177834510803
vt 0.8192552328109741 0.8446381092071533
vt 0.8560906052589417 0.847323477268219
vt 0.8192552328109741 0.8446381092071533
vt 0.8529415130615234 0.8877177834510803
vt 0.818045437335968 0.9184313416481018
vt 0.8421541452407837 0.7503157258033752
vt 0.8341860771179199 0.7695128917694092
vt 0.8157085180282593 0.7613550424575806
vt 0.8341860771179199 0.7695128917694092
vt 0.7906485199928284 0.8177503943443298
vt 0.8157085180282593 0.7613550424575806
vt 0.7906485199928284 0.8177503943443298
vt 0.8341860771179199 0.7695128917694092
vt 0.8192552328109741 0.8446381092071533
vt 0.8192552328109741 0.8446381092071533
vt 0.818045437335968 0.9184313416481018
vt 0.7906485199928284 0.8177503943443298
vt 0.8421541452407837 0.7503157258033752
vt 0.8157085180282593 0.7613550424575806
vt 0.8247541189193726 0.771798312664032
vt 0.7906485199928284 0.8177503943443298
vt 0.8247541189193726 0.771798312664032
vt 0.8157085180282593 0.7613550424575806
vt 0.8247541189193726 0.771798312664032
vt 0.7906485199928284 0.8177503943443298
vt 0.8067471385002136 0.8317124843597412
vt 0.7906485199928284 0.8177503943443298
vt 0.818045437335968 0.9184313416481018
vt 0.8067471385002136 0.8317124843597412
vt 0.8067471385002136 0.8317124843597412
vt 0.818045437335968 0.9184313416481018
vt 0.838494062423706 0.8859184384346008
vt 0.8278146982192993 0.7431879043579102
vt 0.8264772295951843 0.7665477395057678
vt 0.8075433969497681 0.7588397860527039
vt 0.7943709492683411 0.8192415237426758
vt 0.8075433969497681 0.7588397860527039
vt 0.8264772295951843 0.7665477395057678
vt 0.8075433969497681 0.7588397860527039
vt 0.7943709492683411 0.8192415237426758
vt 0.7726013660430908 0.8023474812507629
vt 0.8264772295951843 0.7665477395057678
vt 0.8241867423057556 0.8427173495292664
vt 0.7943709492683411 0.8192415237426758
vt 0.8241867423057556 0.8427173495292664
vt 0.796198308467865 0.8735155463218689
vt 0.7943709492683411 0.8192415237426758
vt 0.796198308467865 0.8735155463218689
vt 0.7726013660430908 0.8023474812507629
vt 0.7943709492683411 0.8192415237426758
vt 0.7726013660430908 0.8023474812507629
vt 0.796198308467865 0.8735155463218689
vt 0.7817508578300476 0.8753148913383484
vt 0.7817508578300476 0.8753148913383484
vt 0.796198308467865 0.8735155463218689
vt 0.8031297326087952 0.9126221537590027
vt 0.8278146982192993 0.7431879043579102
vt 0.8075433969497681 0.7588397860527039
vt 0.8205803036689758 0.7588397860527039
vt 0.8075433969497681 0.7588397860527039
vt 0.8090411424636841 0.8391585946083069
vt 0.8205803036689758 0.7588397860527039
vt 0.8090411424636841 0.8391585946083069
vt 0.8075433969497681 0.7588397860527039
vt 0.7726013660430908 0.8023474812507629
vt 0.7817508578300476 0.8753148913383484
vt 0.8090411424636841 0.8391585946083069
vt 0.7726013660430908 0.8023474812507629
vt 0.8090411424636841 0.8391585946083069
vt 0.7817508578300476 0.8753148913383484
vt 0.8031297326087952 0.9126221537590027
vt 0.8278146982192993 0.7431879043579102
vt 0.8205803036689758 0.7588397860527039
vt 0.842471182346344 0.7751263380050659
vt 0.8205803036689758 0.7588397860527039
vt 0.8521541357040405 0.8498552441596985
vt 0.842471182346344 0.7751263380050659
vt 0.8521541357040405 0.8498552441596985
vt 0.8205803036689758 0.7588397860527039
vt 0.8090411424636841 0.8391585946083069
vt 0.8090411424636841 0.8391585946083069
vt 0.8031297326087952 0.9126221537590027
vt 0.8521541357040405 0.8498552441596985
vt 0.8278146982192993 0.7431879043579102
vt 0.842471182346344 0.7751263380050659
vt 0.8264772295951843 0.7665477395057678
vt 0.8521541357040405 0.8498552441596985
vt 0.8264772295951843 0.7665477395057678
vt 0.842471182346344 0.7751263380050659
vt 0.8264772295951843 0.7665477395057678
vt 0.8521541357040405 0.8498552441596985
vt 0.8241867423057556 0.8427173495292664
vt 0.8521541357040405 0.8498552441596985
vt 0.8031297326087952 0.9126221537590027
vt 0.8241867423057556 0.8427173495292664
vt 0.8241867423057556 0.8427173495292664
vt 0.8031297326087952 0.9126221537590027
vt 0.796198308467865 0.8735155463218689
vt 0.8913333415985107 0.8511695861816406
vt 0.8780986070632935 0.8368132710456848
vt 0.8990105390548706 0.8291053175926208
vt 0.8913333415985107 0.8511695861816406
vt 0.8621046543121338 0.8453918099403381
vt 0.8780986070632935 0.8368132710456848
vt 0.9073137640953064 0.8861086368560791
vt 0.8990105390548706 0.8291053175926208
vt 0.8780986070632935 0.8368132710456848
vt 0.8990105390548706 0.8291053175926208
vt 0.9073137640953064 0.8861086368560791
vt 0.9290833473205566 0.869214653968811
vt 0.8780986070632935 0.8368132710456848
vt 0.8742011189460754 0.9076064229011536
vt 0.9073137640953064 0.8861086368560791
vt 0.8742011189460754 0.9076064229011536
vt 0.9074645638465881 0.9410421252250671
vt 0.9073137640953064 0.8861086368560791
vt 0.9074645638465881 0.9410421252250671
vt 0.9290833473205566 0.869214653968811
vt 0.9073137640953064 0.8861086368560791
vt 0.9290833473205566 0.869214653968811
vt 0.9074645638465881 0.9410421252250671
vt 0.9219120144844055 0.9428414702415466
vt 0.9219120144844055 0.9428414702415466
vt 0.9074645638465881 0.9410421252250671
vt 0.8800925016403198 0.975533127784729
vt 0.8913333415985107 0.8511695861816406
vt 0.8990105390548706 0.8291053175926208
vt 0.883995532989502 0.8291053175926208
vt 0.8990105390548706 0.8291053175926208
vt 0.889346718788147 0.9040476679801941
vt 0.883995532989502 0.8291053175926208
vt 0.889346718788147 0.9040476679801941
vt 0.8990105390548706 0.8291053175926208
vt 0.9290833473205566 0.869214653968811
vt 0.9219120144844055 0.9428414702415466
vt 0.889346718788147 0.9040476679801941
vt 0.9290833473205566 0.869214653968811
vt 0.889346718788147 0.9040476679801941
vt 0.9219120144844055 0.9428414702415466
vt 0.8800925016403198 0.975533127784729
vt 0.8913333415985107 0.8511695861816406
vt 0.883995532989502 0.8291053175926208
vt 0.8621046543121338 0.8453918099403381
vt 0.883995532989502 0.8291053175926208
vt 0.8554649949073792 0.9154036641120911
vt 0.8621046543121338 0.8453918099403381
vt 0.8554649949073792 0.9154036641120911
vt 0.883995532989502 0.8291053175926208
vt 0.889346718788147 0.9040476679801941
vt 0.889346718788147 0.9040476679801941
vt 0.8800925016403198 0.975533127784729
vt 0.8554649949073792 0.9154036641120911
vt 0.8554649949073792 0.9154036641120911
vt 0.8800925016403198 0.975533127784729
vt 0.8742011189460754 0.9076064229011536
vt 0.8780986070632935 0.8368132710456848
vt 0.8554649949073792 0.9154036641120911
vt 0.8742011189460754 0.9076064229011536
vt 0.8554649949073792 0.9154036641120911
vt 0.8780986070632935 0.8368132710456848
vt 0.8621046543121338 0.8453918099403381
vt 0.8742011189460754 0.9076064229011536
vt 0.8800925016403198 0.975533127784729
vt 0.9074645638465881 0.9410421252250671
vt 0.21021400392055511 0.5036866068840027
vt 0.279920756816864 0.5479778051376343
vt 0.2746940553188324 0.5034088492393494
vt 0.279920756816864 0.5479778051376343
vt 0.21021400392055511 0.5036866068840027
vt 0.21047216653823853 0.5477730631828308
vt 0.14247137308120728 0.5037628412246704
vt 0.21047216653823853 0.5477730631828308
vt 0.21021400392055511 0.5036866068840027
vt 0.21047216653823853 0.5477730631828308
vt 0.14247137308120728 0.5037628412246704
vt 0.14199095964431763 0.5476948618888855
vt 0.08740027248859406 0.5034371018409729
vt 0.14199095964431763 0.5476948618888855
vt 0.14247137308120728 0.5037628412246704
vt 0.14199095964431763 0.5476948618888855
vt 0.08740027248859406 0.5034371018409729
vt 0.08734939247369766 0.5479016900062561
vt 0.026258986443281174 0.5034225583076477
vt 0.08734939247369766 0.5479016900062561
vt 0.08740027248859406 0.5034371018409729
vt 0.08734939247369766 0.5479016900062561
vt 0.026258986443281174 0.5034225583076477
vt 0.022546803578734398 0.5479122996330261
vt 0.08737052977085114 0.503470778465271
vt 0.020553749054670334 0.5479103326797485
vt 0.026258986443281174 0.5034225583076477
vt 0.020553749054670334 0.5479103326797485
vt 0.08737052977085114 0.503470778465271
vt 0.08731922507286072 0.5478855967521667
vt 0.14244161546230316 0.5038507580757141
vt 0.08731922507286072 0.5478855967521667
vt 0.08737052977085114 0.503470778465271
vt 0.08731922507286072 0.5478855967521667
vt 0.14244161546230316 0.5038507580757141
vt 0.14196549355983734 0.547663688659668
vt 0.2102232724428177 0.5038016438484192
vt 0.14196549355983734 0.547663688659668
vt 0.14244161546230316 0.5038507580757141
vt 0.14196549355983734 0.547663688659668
vt 0.2102232724428177 0.5038016438484192
vt 0.2104860097169876 0.5477355718612671
vt 0.27397626638412476 0.5035436749458313
vt 0.2104860097169876 0.5477355718612671
vt 0.2102232724428177 0.5038016438484192
vt 0.2104860097169876 0.5477355718612671
vt 0.27397626638412476 0.5035436749458313
vt 0.27775654196739197 0.5479198694229126
vt 0.21024975180625916 0.503841757774353
vt 0.27988436818122864 0.5479236245155334
vt 0.27397626638412476 0.5035436749458313
vt 0.27988436818122864 0.5479236245155334
vt 0.21024975180625916 0.503841757774353
vt 0.2105126678943634 0.5477185845375061
vt 0.14247757196426392 0.5039476752281189
vt 0.2105126678943634 0.5477185845375061
vt 0.21024975180625916 0.503841757774353
vt 0.2105126678943634 0.5477185845375061
vt 0.14247757196426392 0.5039476752281189
vt 0.14199776947498322 0.5476309657096863
vt 0.08735649287700653 0.5035961270332336
vt 0.14199776947498322 0.5476309657096863
vt 0.14247757196426392 0.5039476752281189
vt 0.14199776947498322 0.5476309657096863
vt 0.08735649287700653 0.5035961270332336
vt 0.08729926496744156 0.5478458404541016
vt 0.026305319741368294 0.5035814642906189
vt 0.08729926496744156 0.5478458404541016
vt 0.08735649287700653 0.5035961270332336
vt 0.08729926496744156 0.5478458404541016
vt 0.026305319741368294 0.5035814642906189
vt 0.022598184645175934 0.5478566884994507
vt 0.0874408483505249 0.5035794973373413
vt 0.020467933267354965 0.5478723049163818
vt 0.026305319741368294 0.5035814642906189
vt 0.020467933267354965 0.5478723049163818
vt 0.0874408483505249 0.5035794973373413
vt 0.08739674091339111 0.5478484630584717
vt 0.14263343811035156 0.503861129283905
vt 0.08739674091339111 0.5478484630584717
vt 0.0874408483505249 0.5035794973373413
vt 0.08739674091339111 0.5478484630584717
vt 0.14263343811035156 0.503861129283905
vt 0.14217710494995117 0.547660231590271
vt 0.21028248965740204 0.5037144422531128
vt 0.14217710494995117 0.547660231590271
vt 0.14263343811035156 0.503861129283905
vt 0.14217710494995117 0.547660231590271
vt 0.21028248965740204 0.5037144422531128
vt 0.2105494737625122 0.5477651953697205
vt 0.2746940553188324 0.5034088492393494
vt 0.2105494737625122 0.5477651953697205
vt 0.21028248965740204 0.5037144422531128
vt 0.2105494737625122 0.5477651953697205
vt 0.2746940553188324 0.5034088492393494
vt 0.27770185470581055 0.5479503273963928
vn 0.36337801814079285 -0.31361138820648193 0.8772709369659424
vn 0.1855965405702591 -0.308163046836853 0.9330537915229797
vn 0.3633776903152466 -0.3136115074157715 0.8772710561752319
vn 0.1855965405702591 -0.308163046836853 0.9330537915229797
vn 0.36337801814079285 -0.31361138820648193 0.8772709369659424
vn 0.18559658527374268 -0.30816322565078735 0.9330537915229797
vn 0.3633776903152466 -0.3136115074157715 0.8772710561752319
vn 0.6714341044425964 -0.3136129081249237 0.6714335680007935
vn 0.36337801814079285 -0.31361138820648193 0.8772709369659424
vn 0.6714341044425964 -0.3136129081249237 0.6714335680007935
vn 0.3633776903152466 -0.3136115074157715 0.8772710561752319
vn 0.6714344620704651 -0.3136129379272461 0.6714333295822144
vn 0.6714344620704651 -0.3136129379272461 0.6714333295822144
vn 0.8772712349891663 -0.3136117458343506 0.3633769452571869
vn 0.6714341044425964 -0.3136129081249237 0.6714335680007935
vn 0.8772712349891663 -0.3136117458343506 0.3633769452571869
vn 0.6714344620704651 -0.3136129379272461 0.6714333295822144
vn 0.8772712349891663 -0.31361156702041626 0.363377183675766
vn 0.8772712349891663 -0.31361156702041626 0.363377183675766
vn 0.9495514631271362 -0.31361132860183716 -7.031937911960995e-7
vn 0.8772712349891663 -0.3136117458343506 0.3633769452571869
vn 0.9495514631271362 -0.31361132860183716 -7.031937911960995e-7
vn 0.8772712349891663 -0.31361156702041626 0.363377183675766
vn 0.9495514631271362 -0.31361129879951477 -6.968966772546992e-7
vn 0.9495514631271362 -0.31361129879951477 -6.968966772546992e-7
vn 0.8772707581520081 -0.31361183524131775 -0.3633781373500824
vn 0.9495514631271362 -0.31361132860183716 -7.031937911960995e-7
vn 0.8772707581520081 -0.31361183524131775 -0.3633781373500824
vn 0.9495514631271362 -0.31361129879951477 -6.968966772546992e-7
vn 0.8772708177566528 -0.3136119246482849 -0.36337780952453613
vn 0.8772708177566528 -0.3136119246482849 -0.36337780952453613
vn 0.6714337468147278 -0.31361261010169983 -0.6714341044425964
vn 0.8772707581520081 -0.31361183524131775 -0.3633781373500824
vn 0.6714337468147278 -0.31361261010169983 -0.6714341044425964
vn 0.8772708177566528 -0.3136119246482849 -0.36337780952453613
vn 0.6714335680007935 -0.3136126697063446 -0.6714342832565308
vn 0.6714335680007935 -0.3136126697063446 -0.6714342832565308
vn 0.36337682604789734 -0.3136122226715088 -0.8772711753845215
vn 0.6714337468147278 -0.31361261010169983 -0.6714341044425964
vn 0.36337682604789734 -0.3136122226715088 -0.8772711753845215
vn 0.6714335680007935 -0.3136126697063446 -0.6714342832565308
vn 0.36337709426879883 -0.31361207365989685 -0.8772710561752319
vn 0.36337709426879883 -0.31361207365989685 -0.8772710561752319
vn 0.18559539318084717 -0.30816277861595154 -0.9330541491508484
vn 0.36337682604789734 -0.3136122226715088 -0.8772711753845215
vn 0.18559539318084717 -0.30816277861595154 -0.9330541491508484
vn 0.36337709426879883 -0.31361207365989685 -0.8772710561752319
vn 0.18559546768665314 -0.3081625699996948 -0.9330542087554932
vn 0.19250668585300446 -0.16222548484802246 0.9677934050559998
vn 0.3774184286594391 -0.16531726717948914 0.9111671447753906
vn 0.3774184584617615 -0.16531722247600555 0.9111671447753906
vn 0.6973774433135986 -0.16531753540039062 0.69737708568573
vn 0.3774184584617615 -0.16531722247600555 0.9111671447753906
vn 0.3774184286594391 -0.16531726717948914 0.9111671447753906
vn 0.3774184584617615 -0.16531722247600555 0.9111671447753906
vn 0.6973774433135986 -0.16531753540039062 0.69737708568573
vn 0.6973774433135986 -0.1653175950050354 0.69737708568573
vn 0.3774184286594391 -0.16531726717948914 0.9111671447753906
vn 0.19250668585300446 -0.16222548484802246 0.9677934050559998
vn 0.19250653684139252 -0.16222573816776276 0.9677934050559998
vn 0.6973774433135986 -0.1653175950050354 0.69737708568573
vn 0.9111676216125488 -0.16531741619110107 0.3774171769618988
vn 0.9111676216125488 -0.16531740128993988 0.3774171769618988
vn 0.9111676216125488 -0.16531741619110107 0.3774171769618988
vn 0.6973774433135986 -0.1653175950050354 0.69737708568573
vn 0.6973774433135986 -0.16531753540039062 0.69737708568573
vn 0.9862403869628906 -0.16531747579574585 -9.567389724907116e-7
vn 0.9111676216125488 -0.16531740128993988 0.3774171769618988
vn 0.9111676216125488 -0.16531741619110107 0.3774171769618988
vn 0.9111676216125488 -0.16531740128993988 0.3774171769618988
vn 0.9862403869628906 -0.16531747579574585 -9.567389724907116e-7
vn 0.9862403869628906 -0.16531749069690704 -9.524431447971438e-7
vn 0.9111671447753906 -0.16531750559806824 -0.3774183392524719
vn 0.9862403869628906 -0.16531749069690704 -9.524431447971438e-7
vn 0.9862403869628906 -0.16531747579574585 -9.567389724907116e-7
vn 0.9862403869628906 -0.16531749069690704 -9.524431447971438e-7
vn 0.9111671447753906 -0.16531750559806824 -0.3774183392524719
vn 0.9111671447753906 -0.16531752049922943 -0.3774183392524719
vn 0.6973770260810852 -0.16531750559806824 -0.6973775625228882
vn 0.9111671447753906 -0.16531752049922943 -0.3774183392524719
vn 0.9111671447753906 -0.16531750559806824 -0.3774183392524719
vn 0.9111671447753906 -0.16531752049922943 -0.3774183392524719
vn 0.6973770260810852 -0.16531750559806824 -0.6973775625228882
vn 0.6973770260810852 -0.16531749069690704 -0.6973775625228882
vn 0.20291836559772491 0.8478410840034485 0.48988741636276245
vn 0.10489176958799362 0.8431642055511475 0.5273252725601196
vn 0.20291826128959656 0.8478410840034485 0.48988741636276245
vn 0.10489176958799362 0.8431642055511475 0.5273252725601196
vn 0.20291836559772491 0.8478410840034485 0.48988741636276245
vn 0.10489176958799362 0.8431642055511475 0.5273252725601196
vn 0.20291826128959656 0.8478410840034485 0.48988741636276245
vn 0.37494343519210815 0.8478413224220276 0.374943345785141
vn 0.20291836559772491 0.8478410840034485 0.48988741636276245
vn 0.37494343519210815 0.8478413224220276 0.374943345785141
vn 0.20291826128959656 0.8478410840034485 0.48988741636276245
vn 0.3749435842037201 0.8478413224220276 0.37494322657585144
vn 0.3749435842037201 0.8478413224220276 0.37494322657585144
vn 0.4898872375488281 0.8478413820266724 0.20291750133037567
vn 0.37494343519210815 0.8478413224220276 0.374943345785141
vn 0.4898872375488281 0.8478413820266724 0.20291750133037567
vn 0.3749435842037201 0.8478413224220276 0.37494322657585144
vn 0.4898872375488281 0.8478413224220276 0.2029176652431488
vn 0.5302503108978271 0.8478411436080933 -4.7445385575883847e-7
vn 0.4898872375488281 0.8478413224220276 0.2029176652431488
vn 0.5302503705024719 0.8478410840034485 -4.4803371679336124e-7
vn 0.4898872375488281 0.8478413224220276 0.2029176652431488
vn 0.5302503108978271 0.8478411436080933 -4.7445385575883847e-7
vn 0.4898872375488281 0.8478413820266724 0.20291750133037567
vn 0.5302503705024719 0.8478410840034485 -4.4803371679336124e-7
vn 0.4898875653743744 0.8478409051895142 -0.20291844010353088
vn 0.5302503108978271 0.8478411436080933 -4.7445385575883847e-7
vn 0.4898875653743744 0.8478409051895142 -0.20291844010353088
vn 0.5302503705024719 0.8478410840034485 -4.4803371679336124e-7
vn 0.4898875951766968 0.8478409051895142 -0.2029184252023697
vn 0.4898875951766968 0.8478409051895142 -0.2029184252023697
vn 0.37494343519210815 0.847841203212738 -0.3749435544013977
vn 0.4898875653743744 0.8478409051895142 -0.20291844010353088
vn 0.37494343519210815 0.847841203212738 -0.3749435544013977
vn 0.4898875951766968 0.8478409051895142 -0.2029184252023697
vn 0.37494322657585144 0.8478412628173828 -0.37494367361068726
vn 0.37494322657585144 0.8478412628173828 -0.37494367361068726
vn 0.20291750133037567 0.847841203212738 -0.4898875653743744
vn 0.37494343519210815 0.847841203212738 -0.3749435544013977
vn 0.20291750133037567 0.847841203212738 -0.4898875653743744
vn 0.37494322657585144 0.8478412628173828 -0.37494367361068726
vn 0.2029176652431488 0.8478412628173828 -0.4898873567581177
vn -2.5137066472780134e-7 -1 -0.0000012637198096854263
vn -0.05384257063269615 -0.9981247186660767 0.029122190549969673
vn -0.05187711492180824 -0.9984223246574402 0.021486837416887283
vn -0.05384257063269615 -0.9981247186660767 0.029122190549969673
vn -2.5137066472780134e-7 -1 -0.0000012637198096854263
vn -2.513710057883145e-7 -1 -0.000001263720378119615
vn -0.05384257063269615 -0.9981247186660767 0.029122190549969673
vn -0.1903330385684967 -0.9743523001670837 0.12004551291465759
vn -0.05187711492180824 -0.9984223246574402 0.021486837416887283
vn -0.1903330385684967 -0.9743523001670837 0.12004551291465759
vn -0.05384257063269615 -0.9981247186660767 0.029122190549969673
vn -0.20359794795513153 -0.9672142267227173 0.1518040895462036
vn -0.1903330385684967 -0.9743523001670837 0.12004551291465759
vn -0.20359794795513153 -0.9672142267227173 0.1518040895462036
vn -0.3219335377216339 -0.9066707491874695 0.2725928723812103
vn -0.3219335377216339 -0.9066707491874695 0.2725928723812103
vn -0.20359794795513153 -0.9672142267227173 0.1518040895462036
vn -0.3576125502586365 -0.8863658308982849 0.2940558195114136
vn -0.02885771170258522 -0.9991668462753296 -0.028858402743935585
vn -0.3219335377216339 -0.9066707491874695 0.2725928723812103
vn -0.3576125502586365 -0.8863658308982849 0.2940558195114136
vn -0.3219335377216339 -0.9066707491874695 0.2725928723812103
vn -0.02885771170258522 -0.9991668462753296 -0.028858402743935585
vn -4.5876132048761065e-7 -1 -0.000001352138610855036
vn -0.02885771170258522 -0.9991668462753296 -0.028858402743935585
vn 0.2725929319858551 -0.9066706299781799 -0.32193395495414734
vn -4.5876132048761065e-7 -1 -0.000001352138610855036
vn 0.2725929319858551 -0.9066706299781799 -0.32193395495414734
vn -0.02885771170258522 -0.9991668462753296 -0.028858402743935585
vn 0.29405614733695984 -0.8863657712936401 -0.3576124906539917
vn 0.2725929319858551 -0.9066706299781799 -0.32193395495414734
vn 0.29405614733695984 -0.8863657712936401 -0.3576124906539917
vn 0.15180419385433197 -0.9672142267227173 -0.2035980522632599
vn 0.2725929319858551 -0.9066706299781799 -0.32193395495414734
vn 0.15180419385433197 -0.9672142267227173 -0.2035980522632599
vn 0.12004516273736954 -0.9743524193763733 -0.19033282995224
vn 0.029122143983840942 -0.9981247186660767 -0.053842585533857346
vn 0.12004516273736954 -0.9743524193763733 -0.19033282995224
vn 0.15180419385433197 -0.9672142267227173 -0.2035980522632599
vn 0.12004516273736954 -0.9743524193763733 -0.19033282995224
vn 0.029122143983840942 -0.9981247186660767 -0.053842585533857346
vn 0.021486874669790268 -0.9984223246574402 -0.05187718942761421
vn -0.000001074916212928656 -1 0
vn 0.021486874669790268 -0.9984223246574402 -0.05187718942761421
vn 0.029122143983840942 -0.9981247186660767 -0.053842585533857346
vn 0.021486874669790268 -0.9984223246574402 -0.05187718942761421
vn -0.000001074916212928656 -1 0
vn -0.0000010530999361435534 -1 0
vn 0.029122311621904373 -0.9981247186660767 0.05384247750043869
vn -0.0000010530999361435534 -1 0
vn -0.000001074916212928656 -1 0
vn -0.0000010530999361435534 -1 0
vn 0.029122311621904373 -0.9981247186660767 0.05384247750043869
vn 0.02148704044520855 -0.9984223246574402 0.05187704414129257
vn 0.029122311621904373 -0.9981247186660767 0.05384247750043869
vn 0.12004545331001282 -0.9743523597717285 0.19033291935920715
vn 0.02148704044520855 -0.9984223246574402 0.05187704414129257
vn 0.12004545331001282 -0.9743523597717285 0.19033291935920715
vn 0.029122311621904373 -0.9981247186660767 0.05384247750043869
vn 0.15180397033691406 -0.9672142863273621 0.20359788835048676
vn 0.12004545331001282 -0.9743523597717285 0.19033291935920715
vn 0.15180397033691406 -0.9672142863273621 0.20359788835048676
vn 0.27259302139282227 -0.9066706895828247 0.32193365693092346
vn 0.27259302139282227 -0.9066706895828247 0.32193365693092346
vn 0.15180397033691406 -0.9672142863273621 0.20359788835048676
vn 0.2940560281276703 -0.8863656520843506 0.3576129078865051
vn -0.0288582444190979 -0.9991668462753296 0.028857722878456116
vn 0.27259302139282227 -0.9066706895828247 0.32193365693092346
vn 0.2940560281276703 -0.8863656520843506 0.3576129078865051
vn 0.27259302139282227 -0.9066706895828247 0.32193365693092346
vn -0.0288582444190979 -0.9991668462753296 0.028857722878456116
vn -9.53740482145804e-7 -1 2.2938061761124118e-7
vn -0.0288582444190979 -0.9991668462753296 0.028857722878456116
vn -0.32193392515182495 -0.9066705703735352 -0.272593230009079
vn -9.53740482145804e-7 -1 2.2938061761124118e-7
vn -0.32193392515182495 -0.9066705703735352 -0.272593230009079
vn -0.0288582444190979 -0.9991668462753296 0.028857722878456116
vn -0.357612669467926 -0.8863656520843506 -0.2940564453601837
vn -0.32193392515182495 -0.9066705703735352 -0.272593230009079
vn -0.357612669467926 -0.8863656520843506 -0.2940564453601837
vn -0.20359788835048676 -0.9672142863273621 -0.1518041491508484
vn -0.32193392515182495 -0.9066705703735352 -0.272593230009079
vn -0.20359788835048676 -0.9672142863273621 -0.1518041491508484
vn -0.19033275544643402 -0.9743524193763733 -0.1200452595949173
vn -0.05384241044521332 -0.9981247186660767 -0.02912224642932415
vn -0.19033275544643402 -0.9743524193763733 -0.1200452595949173
vn -0.20359788835048676 -0.9672142863273621 -0.1518041491508484
vn -0.19033275544643402 -0.9743524193763733 -0.1200452595949173
vn -0.05384241044521332 -0.9981247186660767 -0.02912224642932415
vn -0.05187702924013138 -0.9984223246574402 -0.021487029269337654
vn -2.094738533742202e-7 -1 0.0000010531003908909042
vn -0.05187702924013138 -0.9984223246574402 -0.021487029269337654
vn -0.05384241044521332 -0.9981247186660767 -0.02912224642932415
vn -0.05187702924013138 -0.9984223246574402 -0.021487029269337654
vn -2.094738533742202e-7 -1 0.0000010531003908909042
vn -2.094739528502032e-7 -1 0.0000010530999361435534
vn 0.390743225812912 0.2192787528038025 0.8940002918243408
vn 0.19051556289196014 0.2153007984161377 0.957783579826355
vn 0.19051554799079895 0.21530073881149292 0.957783579826355
vn 0.19051556289196014 0.2153007984161377 0.957783579826355
vn 0.390743225812912 0.2192787528038025 0.8940002918243408
vn 0.37950000166893005 0.21345287561416626 0.9002319574356079
vn 0.5646247267723083 0.1812802255153656 0.8051933646202087
vn 0.37950000166893005 0.21345287561416626 0.9002319574356079
vn 0.390743225812912 0.2192787528038025 0.8940002918243408
vn 0.37950000166893005 0.21345287561416626 0.9002319574356079
vn 0.5646247267723083 0.1812802255153656 0.8051933646202087
vn 0.6950573325157166 0.1709071397781372 0.6983451843261719
vn 0.6950573325157166 0.1709071397781372 0.6983451843261719
vn 0.5646247267723083 0.1812802255153656 0.8051933646202087
vn 0.5996955037117004 0.1415031999349594 0.7876180410385132
vn 0.6950573325157166 0.1709071397781372 0.6983451843261719
vn 0.5996955037117004 0.1415031999349594 0.7876180410385132
vn 0.700295090675354 0.13847315311431885 0.7002941966056824
vn 0.7876189947128296 0.14150306582450867 0.5996943116188049
vn 0.6950573325157166 0.1709071397781372 0.6983451843261719
vn 0.700295090675354 0.13847315311431885 0.7002941966056824
vn 0.8031296730041504 0.16482838988304138 0.5725507140159607
vn 0.6950573325157166 0.1709071397781372 0.6983451843261719
vn 0.7876189947128296 0.14150306582450867 0.5996943116188049
vn 0.8988436460494995 0.21235927939414978 0.38338446617126465
vn 0.6950573325157166 0.1709071397781372 0.6983451843261719
vn 0.8031296730041504 0.16482838988304138 0.5725507140159607
vn 0.6950573325157166 0.1709071397781372 0.6983451843261719
vn 0.8988436460494995 0.21235927939414978 0.38338446617126465
vn 0.901386559009552 0.21931736171245575 0.37336593866348267
vn 0.9756535291671753 0.2193177193403244 -8.841293492878322e-7
vn 0.901386559009552 0.21931736171245575 0.37336593866348267
vn 0.8988436460494995 0.21235927939414978 0.38338446617126465
vn 0.901386559009552 0.21931736171245575 0.37336593866348267
vn 0.9756535291671753 0.2193177193403244 -8.841293492878322e-7
vn 0.9756534695625305 0.21931785345077515 -9.853882829702343e-7
vn 0.894000232219696 0.21927915513515472 -0.3907432556152344
vn 0.9756534695625305 0.21931785345077515 -9.853882829702343e-7
vn 0.9756535291671753 0.2193177193403244 -8.841293492878322e-7
vn 0.9756534695625305 0.21931785345077515 -9.853882829702343e-7
vn 0.894000232219696 0.21927915513515472 -0.3907432556152344
vn 0.9002317786216736 0.21345332264900208 -0.379500150680542
vn 0.805193305015564 0.1812804639339447 -0.5646247267723083
vn 0.9002317786216736 0.21345332264900208 -0.379500150680542
vn 0.894000232219696 0.21927915513515472 -0.3907432556152344
vn 0.9002317786216736 0.21345332264900208 -0.379500150680542
vn 0.805193305015564 0.1812804639339447 -0.5646247267723083
vn 0.6983450055122375 0.17090721428394318 -0.6950575709342957
vn 0.6983450055122375 0.17090721428394318 -0.6950575709342957
vn 0.805193305015564 0.1812804639339447 -0.5646247267723083
vn 0.7876178026199341 0.1415030062198639 -0.5996958613395691
vn 0.6983450055122375 0.17090721428394318 -0.6950575709342957
vn 0.7876178026199341 0.1415030062198639 -0.5996958613395691
vn 0.7002941370010376 0.13847297430038452 -0.7002952694892883
vn 0.599694013595581 0.14150302112102509 -0.7876191139221191
vn 0.6983450055122375 0.17090721428394318 -0.6950575709342957
vn 0.7002941370010376 0.13847297430038452 -0.7002952694892883
vn 0.5725504159927368 0.1648281067609787 -0.8031299710273743
vn 0.6983450055122375 0.17090721428394318 -0.6950575709342957
vn 0.599694013595581 0.14150302112102509 -0.7876191139221191
vn 0.38338446617126465 0.212359219789505 -0.8988436460494995
vn 0.6983450055122375 0.17090721428394318 -0.6950575709342957
vn 0.5725504159927368 0.1648281067609787 -0.8031299710273743
vn 0.6983450055122375 0.17090721428394318 -0.6950575709342957
vn 0.38338446617126465 0.212359219789505 -0.8988436460494995
vn 0.37336596846580505 0.219317227602005 -0.9013866186141968
vn 0.19051462411880493 0.215300053358078 -0.9577838778495789
vn 0.37336596846580505 0.219317227602005 -0.9013866186141968
vn 0.38338446617126465 0.212359219789505 -0.8988436460494995
vn 0.37336596846580505 0.219317227602005 -0.9013866186141968
vn 0.19051462411880493 0.215300053358078 -0.9577838778495789
vn 0.1905146986246109 0.21529994904994965 -0.9577839374542236
vn 0.36802637577056885 -0.2741098701953888 0.8884932994842529
vn 0.18788766860961914 -0.26922717690467834 0.9445712566375732
vn 0.18788771331310272 -0.269226998090744 0.9445713758468628
vn 0.18788766860961914 -0.26922717690467834 0.9445712566375732
vn 0.36802637577056885 -0.2741098701953888 0.8884932994842529
vn 0.36802607774734497 -0.27410975098609924 0.8884934782981873
vn 0.6800244450569153 -0.27410688996315 0.680023729801178
vn 0.36802607774734497 -0.27410975098609924 0.8884934782981873
vn 0.36802637577056885 -0.2741098701953888 0.8884932994842529
vn 0.36802607774734497 -0.27410975098609924 0.8884934782981873
vn 0.6800244450569153 -0.27410688996315 0.680023729801178
vn 0.6800246238708496 -0.2741067707538605 0.6800235509872437
vn 0.888494074344635 -0.2741085886955261 0.3680255711078644
vn 0.6800246238708496 -0.2741067707538605 0.6800235509872437
vn 0.6800244450569153 -0.27410688996315 0.680023729801178
vn 0.6800246238708496 -0.2741067707538605 0.6800235509872437
vn 0.888494074344635 -0.2741085886955261 0.3680255711078644
vn 0.8884939551353455 -0.2741087079048157 0.36802566051483154
vn 0.9616987109184265 -0.27410873770713806 -8.873241199580661e-7
vn 0.8884939551353455 -0.2741087079048157 0.36802566051483154
vn 0.888494074344635 -0.2741085886955261 0.3680255711078644
vn 0.8884939551353455 -0.2741087079048157 0.36802566051483154
vn 0.9616987109184265 -0.27410873770713806 -8.873241199580661e-7
vn 0.9616987109184265 -0.27410876750946045 -8.186640343410545e-7
vn 0.8884934782981873 -0.2741091251373291 -0.36802658438682556
vn 0.9616987109184265 -0.27410876750946045 -8.186640343410545e-7
vn 0.9616987109184265 -0.27410873770713806 -8.873241199580661e-7
vn 0.9616987109184265 -0.27410876750946045 -8.186640343410545e-7
vn 0.8884934782981873 -0.2741091251373291 -0.36802658438682556
vn 0.888493537902832 -0.27410897612571716 -0.36802640557289124
vn 0.6800238490104675 -0.27410680055618286 -0.6800243258476257
vn 0.888493537902832 -0.27410897612571716 -0.36802640557289124
vn 0.8884934782981873 -0.2741091251373291 -0.36802658438682556
vn 0.888493537902832 -0.27410897612571716 -0.36802640557289124
vn 0.6800238490104675 -0.27410680055618286 -0.6800243258476257
vn 0.6800236701965332 -0.2741067409515381 -0.6800245642662048
vn 0.03578074276447296 -0.9956193566322327 0.08638209104537964
vn 0.018594877794384956 -0.9954472184181213 0.09348302334547043
vn 0.018594864755868912 -0.9954472184181213 0.09348299354314804
vn 0.018594877794384956 -0.9954472184181213 0.09348302334547043
vn 0.03578074276447296 -0.9956193566322327 0.08638209104537964
vn 0.03578072041273117 -0.9956193566322327 0.08638211339712143
vn 0.06611402332782745 -0.9956193566322327 0.06611396372318268
vn 0.03578072041273117 -0.9956193566322327 0.08638211339712143
vn 0.03578074276447296 -0.9956193566322327 0.08638209104537964
vn 0.03578072041273117 -0.9956193566322327 0.08638211339712143
vn 0.06611402332782745 -0.9956193566322327 0.06611396372318268
vn 0.06611401587724686 -0.9956193566322327 0.06611395627260208
vn 0.08638206869363785 -0.9956193566322327 0.035780563950538635
vn 0.06611401587724686 -0.9956193566322327 0.06611395627260208
vn 0.06611402332782745 -0.9956193566322327 0.06611396372318268
vn 0.06611401587724686 -0.9956193566322327 0.06611395627260208
vn 0.08638206869363785 -0.9956193566322327 0.035780563950538635
vn 0.08638204634189606 -0.9956193566322327 0.03578058257699013
vn 0.09349910169839859 -0.9956193566322327 0
vn 0.08638204634189606 -0.9956193566322327 0.03578058257699013
vn 0.08638206869363785 -0.9956193566322327 0.035780563950538635
vn 0.08638204634189606 -0.9956193566322327 0.03578058257699013
vn 0.09349910169839859 -0.9956193566322327 0
vn 0.09349910914897919 -0.9956193566322327 0
vn 0.08638199418783188 -0.9956193566322327 -0.03578074276447296
vn 0.09349910914897919 -0.9956193566322327 0
vn 0.09349910169839859 -0.9956193566322327 0
vn 0.09349910914897919 -0.9956193566322327 0
vn 0.08638199418783188 -0.9956193566322327 -0.03578074276447296
vn 0.08638200163841248 -0.9956193566322327 -0.035780709236860275
vn 0.0661139115691185 -0.9956193566322327 -0.06611400097608566
vn 0.08638200163841248 -0.9956193566322327 -0.035780709236860275
vn 0.08638199418783188 -0.9956193566322327 -0.03578074276447296
vn 0.08638200163841248 -0.9956193566322327 -0.035780709236860275
vn 0.0661139115691185 -0.9956193566322327 -0.06611400097608566
vn 0.0661139115691185 -0.9956193566322327 -0.06611397117376328
vn 0.03578054904937744 -0.9956193566322327 -0.08638187497854233
vn 0.0661139115691185 -0.9956193566322327 -0.06611397117376328
vn 0.0661139115691185 -0.9956193566322327 -0.06611400097608566
vn 0.0661139115691185 -0.9956193566322327 -0.06611397117376328
vn 0.03578054904937744 -0.9956193566322327 -0.08638187497854233
vn 0.03578055277466774 -0.9956193566322327 -0.08638184517621994
vn 0.01859482191503048 -0.9954472780227661 -0.09348278492689133
vn 0.03578055277466774 -0.9956193566322327 -0.08638184517621994
vn 0.03578054904937744 -0.9956193566322327 -0.08638187497854233
vn 0.03578055277466774 -0.9956193566322327 -0.08638184517621994
vn 0.01859482191503048 -0.9954472780227661 -0.09348278492689133
vn 0.01859482377767563 -0.9954472780227661 -0.09348276257514954
vn 0.18477007746696472 -0.8757161498069763 0.44607317447662354
vn 0.09560039639472961 -0.8717054128646851 0.48061442375183105
vn 0.09560036659240723 -0.8717054724693298 0.4806143343448639
vn 0.09560039639472961 -0.8717054128646851 0.48061442375183105
vn 0.18477007746696472 -0.8757161498069763 0.44607317447662354
vn 0.18477000296115875 -0.8757162094116211 0.4460730254650116
vn 0.3414084017276764 -0.8757171034812927 0.34140852093696594
vn 0.18477000296115875 -0.8757162094116211 0.4460730254650116
vn 0.18477007746696472 -0.8757161498069763 0.44607317447662354
vn 0.18477000296115875 -0.8757162094116211 0.4460730254650116
vn 0.3414084017276764 -0.8757171034812927 0.34140852093696594
vn 0.34140849113464355 -0.8757171034812927 0.34140855073928833
vn 0.44607415795326233 -0.8757157325744629 0.18476934731006622
vn 0.34140849113464355 -0.8757171034812927 0.34140855073928833
vn 0.3414084017276764 -0.8757171034812927 0.34140852093696594
vn 0.34140849113464355 -0.8757171034812927 0.34140855073928833
vn 0.44607415795326233 -0.8757157325744629 0.18476934731006622
vn 0.4460742175579071 -0.8757157325744629 0.1847696155309677
vn 0.4828261733055115 -0.8757162690162659 -3.56528005340806e-7
vn 0.4460742175579071 -0.8757157325744629 0.1847696155309677
vn 0.44607415795326233 -0.8757157325744629 0.18476934731006622
vn 0.4460742175579071 -0.8757157325744629 0.1847696155309677
vn 0.4828261733055115 -0.8757162690162659 -3.56528005340806e-7
vn 0.4828261733055115 -0.8757162690162659 -3.370330148300127e-7
vn 0.4460734724998474 -0.8757159113883972 -0.18477024137973785
vn 0.4828261733055115 -0.8757162690162659 -3.370330148300127e-7
vn 0.4828261733055115 -0.8757162690162659 -3.56528005340806e-7
vn 0.4828261733055115 -0.8757162690162659 -3.370330148300127e-7
vn 0.4460734724998474 -0.8757159113883972 -0.18477024137973785
vn 0.44607335329055786 -0.8757160305976868 -0.18477022647857666
vn 0.3414086401462555 -0.8757169842720032 -0.34140872955322266
vn 0.44607335329055786 -0.8757160305976868 -0.18477022647857666
vn 0.4460734724998474 -0.8757159113883972 -0.18477024137973785
vn 0.44607335329055786 -0.8757160305976868 -0.18477022647857666
vn 0.3414086401462555 -0.8757169842720032 -0.34140872955322266
vn 0.34140875935554504 -0.8757169246673584 -0.34140872955322266
vn 0.18476931750774384 -0.875715970993042 -0.4460738003253937
vn 0.34140875935554504 -0.8757169246673584 -0.34140872955322266
vn 0.3414086401462555 -0.8757169842720032 -0.34140872955322266
vn -0.24206489324569702 -0.04346591234207153 -0.9692859649658203
vn -0.42873722314834595 -0.02605053223669529 -0.9030535817146301
vn -0.3581692576408386 -0.066293865442276 -0.9313001036643982
vn -0.42873722314834595 -0.02605053223669529 -0.9030535817146301
vn -0.24206489324569702 -0.04346591234207153 -0.9692859649658203
vn -0.27050161361694336 -2.866712520699366e-7 -0.9627195596694946
vn -0.3581692576408386 -0.066293865442276 -0.9313001036643982
vn -0.42873722314834595 -0.02605053223669529 -0.9030535817146301
vn -0.5555699467658997 -3.9674003460277163e-7 -0.8314697742462158
vn -0.7071070671081543 0 -0.7071064710617065
vn -0.5555699467658997 -3.9674003460277163e-7 -0.8314697742462158
vn -0.42873722314834595 -0.02605053223669529 -0.9030535817146301
vn -0.5555699467658997 -3.9674003460277163e-7 -0.8314697742462158
vn -0.7071070671081543 0 -0.7071064710617065
vn -0.5555709600448608 -4.1752812762752e-7 -0.8314691185951233
vn -0.5555709600448608 -4.1752812762752e-7 -0.8314691185951233
vn -0.7071070671081543 0 -0.7071064710617065
vn -0.7071081399917603 0 -0.7071053981781006
vn -0.7071081399917603 0 -0.7071053981781006
vn -0.7071070671081543 0 -0.7071064710617065
vn -0.8314699530601501 0 -0.5555696487426758
vn -0.8951268196105957 -0.03864888846874237 -0.44413313269615173
vn -0.8314699530601501 0 -0.5555696487426758
vn -0.7071070671081543 0 -0.7071064710617065
vn -0.8314699530601501 0 -0.5555696487426758
vn -0.8951268196105957 -0.03864888846874237 -0.44413313269615173
vn -0.8314692974090576 0 -0.555570662021637
vn -0.8314692974090576 0 -0.555570662021637
vn -0.8951268196105957 -0.03864888846874237 -0.44413313269615173
vn -0.922823965549469 -0.03352745994925499 -0.38376009464263916
vn -0.99953693151474 -0.021290747448801994 0.02173927053809166
vn -0.922823965549469 -0.03352745994925499 -0.38376009464263916
vn -0.8951268196105957 -0.03864888846874237 -0.44413313269615173
vn -0.922823965549469 -0.03352745994925499 -0.38376009464263916
vn -0.99953693151474 -0.021290747448801994 0.02173927053809166
vn -0.9994601607322693 -0.022283894941210747 0.024141333997249603
vn -0.9030535817146301 -0.026050740852952003 0.42873725295066833
vn -0.9994601607322693 -0.022283894941210747 0.024141333997249603
vn -0.99953693151474 -0.021290747448801994 0.02173927053809166
vn -0.9994601607322693 -0.022283894941210747 0.024141333997249603
vn -0.9030535817146301 -0.026050740852952003 0.42873725295066833
vn -0.9313000440597534 -0.06629442423582077 0.3581693768501282
vn -0.9313000440597534 -0.06629442423582077 0.3581693768501282
vn -0.9030535817146301 -0.026050740852952003 0.42873725295066833
vn -0.831469714641571 -4.3223943180237256e-7 0.555570125579834
vn -0.7071066498756409 0 0.7071069478988647
vn -0.831469714641571 -4.3223943180237256e-7 0.555570125579834
vn -0.9030535817146301 -0.026050740852952003 0.42873725295066833
vn -0.831469714641571 -4.3223943180237256e-7 0.555570125579834
vn -0.7071066498756409 0 0.7071069478988647
vn -0.8314692974090576 -2.9950572866255243e-7 0.5555707216262817
vn -0.8314692974090576 -2.9950572866255243e-7 0.5555707216262817
vn -0.7071066498756409 0 0.7071069478988647
vn -0.7071056962013245 0 0.7071079015731812
vn -0.7071056962013245 0 0.7071079015731812
vn -0.7071066498756409 0 0.7071069478988647
vn -0.5555693507194519 0 0.8314701914787292
vn -0.44413310289382935 -0.038648828864097595 0.8951268196105957
vn -0.5555693507194519 0 0.8314701914787292
vn -0.7071066498756409 0 0.7071069478988647
vn -0.5555693507194519 0 0.8314701914787292
vn -0.44413310289382935 -0.038648828864097595 0.8951268196105957
vn -0.5555700063705444 3.237722125959408e-7 0.8314697742462158
vn -0.5555700063705444 3.237722125959408e-7 0.8314697742462158
vn -0.44413310289382935 -0.038648828864097595 0.8951268196105957
vn -0.3837602734565735 -0.03352741524577141 0.9228239059448242
vn 0.6973770260810852 -0.16531749069690704 -0.6973775625228882
vn 0.3774171769618988 -0.16531743109226227 -0.9111676216125488
vn 0.3774172067642212 -0.16531743109226227 -0.9111676216125488
vn 0.3774171769618988 -0.16531743109226227 -0.9111676216125488
vn 0.6973770260810852 -0.16531749069690704 -0.6973775625228882
vn 0.6973770260810852 -0.16531750559806824 -0.6973775625228882
vn 0.19250518083572388 -0.16222533583641052 -0.9677937626838684
vn 0.3774172067642212 -0.16531743109226227 -0.9111676216125488
vn 0.3774171769618988 -0.16531743109226227 -0.9111676216125488
vn 0.3774172067642212 -0.16531743109226227 -0.9111676216125488
vn 0.19250518083572388 -0.16222533583641052 -0.9677937626838684
vn 0.19250518083572388 -0.16222533583641052 -0.9677937626838684
vn 0.10489113628864288 0.8431646227836609 -0.5273246765136719
vn 0.2029176652431488 0.8478412628173828 -0.4898873567581177
vn 0.10489115864038467 0.8431647419929504 -0.5273244380950928
vn 0.2029176652431488 0.8478412628173828 -0.4898873567581177
vn 0.10489113628864288 0.8431646227836609 -0.5273246765136719
vn 0.20291750133037567 0.847841203212738 -0.4898875653743744
vn 0.36802563071250916 -0.27410781383514404 -0.8884942531585693
vn 0.6800236701965332 -0.2741067409515381 -0.6800245642662048
vn 0.6800238490104675 -0.27410680055618286 -0.6800243258476257
vn 0.6800236701965332 -0.2741067409515381 -0.6800245642662048
vn 0.36802563071250916 -0.27410781383514404 -0.8884942531585693
vn 0.3680257797241211 -0.2741079032421112 -0.8884941339492798
vn 0.18788622319698334 -0.26922696828842163 -0.9445716142654419
vn 0.3680257797241211 -0.2741079032421112 -0.8884941339492798
vn 0.36802563071250916 -0.27410781383514404 -0.8884942531585693
vn 0.3680257797241211 -0.2741079032421112 -0.8884941339492798
vn 0.18788622319698334 -0.26922696828842163 -0.9445716142654419
vn 0.18788623809814453 -0.2692270874977112 -0.9445716142654419
vn 0.34140875935554504 -0.8757169246673584 -0.34140872955322266
vn 0.18476931750774384 -0.875715970993042 -0.4460738003253937
vn 0.18476951122283936 -0.8757159113883972 -0.4460737705230713
vn 0.09559968113899231 -0.8717052936553955 -0.4806147515773773
vn 0.18476951122283936 -0.8757159113883972 -0.4460737705230713
vn 0.18476931750774384 -0.875715970993042 -0.4460738003253937
vn 0.18476951122283936 -0.8757159113883972 -0.4460737705230713
vn 0.09559968113899231 -0.8717052936553955 -0.4806147515773773
vn 0.09559968113899231 -0.8717053532600403 -0.48061469197273254
vn -0.3837602734565735 -0.03352741524577141 0.9228239059448242
vn -0.22828523814678192 -0.041216034442186356 0.9727214574813843
vn -0.19508911669254303 0 0.9807854890823364
vn -0.22828523814678192 -0.041216034442186356 0.9727214574813843
vn -0.3837602734565735 -0.03352741524577141 0.9228239059448242
vn -0.44413310289382935 -0.038648828864097595 0.8951268196105957
vn -0.3633781373500824 -0.31361180543899536 -0.8772707581520081
vn -0.18559661507606506 -0.3081626892089844 -0.9330539703369141
vn -0.36337780952453613 -0.3136119246482849 -0.8772708177566528
vn -0.18559661507606506 -0.3081626892089844 -0.9330539703369141
vn -0.3633781373500824 -0.31361180543899536 -0.8772707581520081
vn -0.18559661507606506 -0.3081626296043396 -0.9330539703369141
vn -0.36337780952453613 -0.3136119246482849 -0.8772708177566528
vn -0.6714341044425964 -0.31361261010169983 -0.6714337468147278
vn -0.3633781373500824 -0.31361180543899536 -0.8772707581520081
vn -0.6714341044425964 -0.31361261010169983 -0.6714337468147278
vn -0.36337780952453613 -0.3136119246482849 -0.8772708177566528
vn -0.6714342832565308 -0.3136126697063446 -0.6714335680007935
vn -0.6714342832565308 -0.3136126697063446 -0.6714335680007935
vn -0.8772711753845215 -0.3136122226715088 -0.36337676644325256
vn -0.6714341044425964 -0.31361261010169983 -0.6714337468147278
vn -0.8772711753845215 -0.3136122226715088 -0.36337676644325256
vn -0.6714342832565308 -0.3136126697063446 -0.6714335680007935
vn -0.8772710561752319 -0.31361207365989685 -0.36337703466415405
vn -0.8772710561752319 -0.31361207365989685 -0.36337703466415405
vn -0.9495514631271362 -0.31361135840415955 6.027373729011742e-7
vn -0.8772711753845215 -0.3136122226715088 -0.36337676644325256
vn -0.9495514631271362 -0.31361135840415955 6.027373729011742e-7
vn -0.8772710561752319 -0.31361207365989685 -0.36337703466415405
vn -0.9495514631271362 -0.31361138820648193 5.853931952515268e-7
vn -0.9495514631271362 -0.31361138820648193 5.853931952515268e-7
vn -0.8772705793380737 -0.3136124014854431 0.36337801814079285
vn -0.9495514631271362 -0.31361135840415955 6.027373729011742e-7
vn -0.8772705793380737 -0.3136124014854431 0.36337801814079285
vn -0.9495514631271362 -0.31361138820648193 5.853931952515268e-7
vn -0.8772705793380737 -0.31361252069473267 0.3633779287338257
vn -0.8772705793380737 -0.31361252069473267 0.3633779287338257
vn -0.671433687210083 -0.3136126697063446 0.6714341044425964
vn -0.8772705793380737 -0.3136124014854431 0.36337801814079285
vn -0.671433687210083 -0.3136126697063446 0.6714341044425964
vn -0.8772705793380737 -0.31361252069473267 0.3633779287338257
vn -0.6714335680007935 -0.31361261010169983 0.6714344024658203
vn -0.6714335680007935 -0.31361261010169983 0.6714344024658203
vn -0.3633769452571869 -0.31361180543899536 0.8772712349891663
vn -0.671433687210083 -0.3136126697063446 0.6714341044425964
vn -0.3633769452571869 -0.31361180543899536 0.8772712349891663
vn -0.6714335680007935 -0.31361261010169983 0.6714344024658203
vn -0.363377183675766 -0.3136116564273834 0.8772711753845215
vn -0.363377183675766 -0.3136116564273834 0.8772711753845215
vn -0.1855952888727188 -0.3081626892089844 0.9330542087554932
vn -0.3633769452571869 -0.31361180543899536 0.8772712349891663
vn -0.1855952888727188 -0.3081626892089844 0.9330542087554932
vn -0.363377183675766 -0.3136116564273834 0.8772711753845215
vn -0.1855953186750412 -0.3081625998020172 0.9330542087554932
vn -0.1925067901611328 -0.1622253954410553 -0.9677934050559998
vn -0.37741830945014954 -0.16531752049922943 -0.9111671447753906
vn -0.37741830945014954 -0.16531752049922943 -0.9111671447753906
vn -0.37741830945014954 -0.16531752049922943 -0.9111671447753906
vn -0.1925067901611328 -0.1622253954410553 -0.9677934050559998
vn -0.1925068199634552 -0.1622253954410553 -0.9677934050559998
vn -0.6973775625228882 -0.16531750559806824 -0.6973770260810852
vn -0.37741830945014954 -0.16531752049922943 -0.9111671447753906
vn -0.37741830945014954 -0.16531752049922943 -0.9111671447753906
vn -0.37741830945014954 -0.16531752049922943 -0.9111671447753906
vn -0.6973775625228882 -0.16531750559806824 -0.6973770260810852
vn -0.6973775625228882 -0.16531749069690704 -0.6973770260810852
vn -0.6973775625228882 -0.16531749069690704 -0.6973770260810852
vn -0.911167562007904 -0.16531743109226227 -0.3774172067642212
vn -0.9111676216125488 -0.16531731188297272 -0.3774171471595764
vn -0.911167562007904 -0.16531743109226227 -0.3774172067642212
vn -0.6973775625228882 -0.16531749069690704 -0.6973770260810852
vn -0.6973775625228882 -0.16531750559806824 -0.6973770260810852
vn -0.9862405061721802 -0.16531682014465332 0.0000010988291023750207
vn -0.9111676216125488 -0.16531731188297272 -0.3774171471595764
vn -0.911167562007904 -0.16531743109226227 -0.3774172067642212
vn -0.9111676216125488 -0.16531731188297272 -0.3774171471595764
vn -0.9862405061721802 -0.16531682014465332 0.0000010988291023750207
vn -0.9862405061721802 -0.1653168499469757 0.0000010807513035615557
vn -0.9111671447753906 -0.1653173714876175 0.3774183988571167
vn -0.9862405061721802 -0.1653168499469757 0.0000010807513035615557
vn -0.9862405061721802 -0.16531682014465332 0.0000010988291023750207
vn -0.9862405061721802 -0.1653168499469757 0.0000010807513035615557
vn -0.9111671447753906 -0.1653173714876175 0.3774183988571167
vn -0.9111671447753906 -0.16531750559806824 0.37741830945014954
vn -0.6973769068717957 -0.1653175950050354 0.6973775625228882
vn -0.9111671447753906 -0.16531750559806824 0.37741830945014954
vn -0.9111671447753906 -0.1653173714876175 0.3774183988571167
vn -0.9111671447753906 -0.16531750559806824 0.37741830945014954
vn -0.6973769068717957 -0.1653175950050354 0.6973775625228882
vn -0.6973769664764404 -0.1653175950050354 0.6973775625228882
vn -0.20291851460933685 0.8478409051895142 -0.4898875951766968
vn -0.10489193350076675 0.8431641459465027 -0.5273253321647644
vn -0.20291845500469208 0.8478409051895142 -0.4898875951766968
vn -0.10489193350076675 0.8431641459465027 -0.5273253321647644
vn -0.20291851460933685 0.8478409051895142 -0.4898875951766968
vn -0.10489189624786377 0.8431642055511475 -0.5273252129554749
vn -0.20291845500469208 0.8478409051895142 -0.4898875951766968
vn -0.3749435544013977 0.847841203212738 -0.37494343519210815
vn -0.20291851460933685 0.8478409051895142 -0.4898875951766968
vn -0.3749435544013977 0.847841203212738 -0.37494343519210815
vn -0.20291845500469208 0.8478409051895142 -0.4898875951766968
vn -0.37494367361068726 0.8478412628173828 -0.37494322657585144
vn -0.37494367361068726 0.8478412628173828 -0.37494322657585144
vn -0.489887535572052 0.847841203212738 -0.20291753113269806
vn -0.3749435544013977 0.847841203212738 -0.37494343519210815
vn -0.489887535572052 0.847841203212738 -0.20291753113269806
vn -0.37494367361068726 0.8478412628173828 -0.37494322657585144
vn -0.48988738656044006 0.847841203212738 -0.20291773974895477
vn -0.48988738656044006 0.847841203212738 -0.20291773974895477
vn -0.5302503108978271 0.847841203212738 4.744537989154196e-7
vn -0.489887535572052 0.847841203212738 -0.20291753113269806
vn -0.5302503108978271 0.847841203212738 4.744537989154196e-7
vn -0.48988738656044006 0.847841203212738 -0.20291773974895477
vn -0.5302503108978271 0.8478411436080933 4.240320095050265e-7
vn -0.5302503108978271 0.8478411436080933 4.240320095050265e-7
vn -0.48988717794418335 0.847841203212738 0.20291832089424133
vn -0.5302503108978271 0.847841203212738 4.744537989154196e-7
vn -0.48988717794418335 0.847841203212738 0.20291832089424133
vn -0.5302503108978271 0.8478411436080933 4.240320095050265e-7
vn -0.48988717794418335 0.847841203212738 0.20291823148727417
vn -0.48988717794418335 0.847841203212738 0.20291823148727417
vn -0.3749433755874634 0.847841203212738 0.3749437928199768
vn -0.48988717794418335 0.847841203212738 0.20291832089424133
vn -0.3749433755874634 0.847841203212738 0.3749437928199768
vn -0.48988717794418335 0.847841203212738 0.20291823148727417
vn -0.3749433755874634 0.847841203212738 0.37494367361068726
vn -0.3749433755874634 0.847841203212738 0.37494367361068726
vn -0.20291759073734283 0.847841203212738 0.4898875653743744
vn -0.3749433755874634 0.847841203212738 0.3749437928199768
vn -0.20291759073734283 0.847841203212738 0.4898875653743744
vn -0.3749433755874634 0.847841203212738 0.37494367361068726
vn -0.20291775465011597 0.847841203212738 0.48988738656044006
vn -0.20291775465011597 0.847841203212738 0.48988738656044006
vn -0.10489118099212646 0.8431642651557922 0.5273252129554749
vn -0.20291759073734283 0.847841203212738 0.4898875653743744
vn -0.10489118099212646 0.8431642651557922 0.5273252129554749
vn -0.20291775465011597 0.847841203212738 0.48988738656044006
vn -0.10489118844270706 0.843164324760437 0.5273250937461853
vn 2.094754449899483e-7 -1 0.000001053099708769878
vn 0.05384247004985809 -0.9981247186660767 -0.029122311621904373
vn 0.05187704414129257 -0.9984223246574402 -0.021487046033143997
vn 0.05384247004985809 -0.9981247186660767 -0.029122311621904373
vn 2.094754449899483e-7 -1 0.000001053099708769878
vn 2.0947547341165773e-7 -1 0.000001053099708769878
vn 0.05384247004985809 -0.9981247186660767 -0.029122311621904373
vn 0.19033290445804596 -0.9743523597717285 -0.12004545331001282
vn 0.05187704414129257 -0.9984223246574402 -0.021487046033143997
vn 0.19033290445804596 -0.9743523597717285 -0.12004545331001282
vn 0.05384247004985809 -0.9981247186660767 -0.029122311621904373
vn 0.20359788835048676 -0.9672142863273621 -0.15180401504039764
vn 0.19033290445804596 -0.9743523597717285 -0.12004545331001282
vn 0.20359788835048676 -0.9672142863273621 -0.15180401504039764
vn 0.3219336271286011 -0.9066707491874695 -0.27259305119514465
vn 0.3219336271286011 -0.9066707491874695 -0.27259305119514465
vn 0.20359788835048676 -0.9672142863273621 -0.15180401504039764
vn 0.3576127588748932 -0.8863656520843506 -0.29405608773231506
vn 0.028857534751296043 -0.9991668462753296 0.028858395293354988
vn 0.3219336271286011 -0.9066707491874695 -0.27259305119514465
vn 0.3576127588748932 -0.8863656520843506 -0.29405608773231506
vn 0.3219336271286011 -0.9066707491874695 -0.27259305119514465
vn 0.028857534751296043 -0.9991668462753296 0.028858395293354988
vn 2.2938061761124118e-7 -1 9.53740482145804e-7
vn 0.028857534751296043 -0.9991668462753296 0.028858395293354988
vn -0.27259325981140137 -0.9066705703735352 0.3219339847564697
vn 2.2938061761124118e-7 -1 9.53740482145804e-7
vn -0.27259325981140137 -0.9066705703735352 0.3219339847564697
vn 0.028857534751296043 -0.9991668462753296 0.028858395293354988
vn -0.29405635595321655 -0.8863656520843506 0.3576126992702484
vn -0.27259325981140137 -0.9066705703735352 0.3219339847564697
vn -0.29405635595321655 -0.8863656520843506 0.3576126992702484
vn -0.1518041342496872 -0.9672142863273621 0.20359787344932556
vn -0.27259325981140137 -0.9066705703735352 0.3219339847564697
vn -0.1518041342496872 -0.9672142863273621 0.20359787344932556
vn -0.1200452521443367 -0.9743524193763733 0.19033275544643402
vn -0.02912226878106594 -0.9981247186660767 0.05384247377514839
vn -0.1200452521443367 -0.9743524193763733 0.19033275544643402
vn -0.1518041342496872 -0.9672142863273621 0.20359787344932556
vn -0.1200452521443367 -0.9743524193763733 0.19033275544643402
vn -0.02912226878106594 -0.9981247186660767 0.05384247377514839
vn -0.0214870385825634 -0.9984223246574402 0.051877088844776154
vn 0.00000104669220490905 -1 0
vn -0.0214870385825634 -0.9984223246574402 0.051877088844776154
vn -0.02912226878106594 -0.9981247186660767 0.05384247377514839
vn -0.0214870385825634 -0.9984223246574402 0.051877088844776154
vn 0.00000104669220490905 -1 0
vn 0.000001053099708769878 -1 0
vn -0.02912226691842079 -0.9981247186660767 -0.05384238436818123
vn 0.000001053099708769878 -1 0
vn 0.00000104669220490905 -1 0
vn 0.000001053099708769878 -1 0
vn -0.02912226691842079 -0.9981247186660767 -0.05384238436818123
vn -0.021486997604370117 -0.9984223246574402 -0.05187694728374481
vn -0.02912226691842079 -0.9981247186660767 -0.05384238436818123
vn -0.120045505464077 -0.9743523597717285 -0.19033287465572357
vn -0.021486997604370117 -0.9984223246574402 -0.05187694728374481
vn -0.120045505464077 -0.9743523597717285 -0.19033287465572357
vn -0.02912226691842079 -0.9981247186660767 -0.05384238436818123
vn -0.15180420875549316 -0.9672142267227173 -0.20359787344932556
vn -0.120045505464077 -0.9743523597717285 -0.19033287465572357
vn -0.15180420875549316 -0.9672142267227173 -0.20359787344932556
vn -0.27259325981140137 -0.9066705703735352 -0.32193395495414734
vn -0.27259325981140137 -0.9066705703735352 -0.32193395495414734
vn -0.15180420875549316 -0.9672142267227173 -0.20359787344932556
vn -0.2940564453601837 -0.8863655924797058 -0.3576127290725708
vn 0.028858328238129616 -0.9991668462753296 -0.028857527300715446
vn -0.27259325981140137 -0.9066705703735352 -0.32193395495414734
vn -0.2940564453601837 -0.8863655924797058 -0.3576127290725708
vn -0.27259325981140137 -0.9066705703735352 -0.32193395495414734
vn 0.028858328238129616 -0.9991668462753296 -0.028857527300715446
vn 0.0000010261769602948334 -1 -7.605781888742058e-7
vn 0.028858328238129616 -0.9991668462753296 -0.028857527300715446
vn 0.32193413376808167 -0.9066704511642456 0.27259328961372375
vn 0.0000010261769602948334 -1 -7.605781888742058e-7
vn 0.32193413376808167 -0.9066704511642456 0.27259328961372375
vn 0.028858328238129616 -0.9991668462753296 -0.028857527300715446
vn 0.35761263966560364 -0.8863656520843506 0.2940564751625061
vn 0.32193413376808167 -0.9066704511642456 0.27259328961372375
vn 0.35761263966560364 -0.8863656520843506 0.2940564751625061
vn 0.20359788835048676 -0.9672142267227173 0.1518041342496872
vn 0.32193413376808167 -0.9066704511642456 0.27259328961372375
vn 0.20359788835048676 -0.9672142267227173 0.1518041342496872
vn 0.19033266603946686 -0.9743524193763733 0.12004511803388596
vn 0.053842365741729736 -0.9981247186660767 0.02912219613790512
vn 0.19033266603946686 -0.9743524193763733 0.12004511803388596
vn 0.20359788835048676 -0.9672142267227173 0.1518041342496872
vn 0.19033266603946686 -0.9743524193763733 0.12004511803388596
vn 0.053842365741729736 -0.9981247186660767 0.02912219613790512
vn 0.051876939833164215 -0.9984223246574402 0.021486958488821983
vn 2.094737681090919e-7 -1 -0.0000010531002772040665
vn 0.051876939833164215 -0.9984223246574402 0.021486958488821983
vn 0.053842365741729736 -0.9981247186660767 0.02912219613790512
vn 0.051876939833164215 -0.9984223246574402 0.021486958488821983
vn 2.094737681090919e-7 -1 -0.0000010531002772040665
vn 2.0947378231994662e-7 -1 -0.000001053100049830391
vn -0.3907431960105896 0.21927909553050995 -0.894000232219696
vn -0.19051583111286163 0.21530094742774963 -0.9577834606170654
vn -0.19051577150821686 0.2153007984161377 -0.9577835202217102
vn -0.19051583111286163 0.21530094742774963 -0.9577834606170654
vn -0.3907431960105896 0.21927909553050995 -0.894000232219696
vn -0.379500150680542 0.21345332264900208 -0.9002317786216736
vn -0.5646247267723083 0.1812804639339447 -0.805193305015564
vn -0.379500150680542 0.21345332264900208 -0.9002317786216736
vn -0.3907431960105896 0.21927909553050995 -0.894000232219696
vn -0.379500150680542 0.21345332264900208 -0.9002317786216736
vn -0.5646247267723083 0.1812804639339447 -0.805193305015564
vn -0.6950575709342957 0.17090721428394318 -0.6983450055122375
vn -0.6950575709342957 0.17090721428394318 -0.6983450055122375
vn -0.5646247267723083 0.1812804639339447 -0.805193305015564
vn -0.5996958613395691 0.1415030062198639 -0.7876178026199341
vn -0.6950575709342957 0.17090721428394318 -0.6983450055122375
vn -0.5996958613395691 0.1415030062198639 -0.7876178026199341
vn -0.7002952694892883 0.13847297430038452 -0.7002941370010376
vn -0.7876191139221191 0.14150302112102509 -0.599694013595581
vn -0.6950575709342957 0.17090721428394318 -0.6983450055122375
vn -0.7002952694892883 0.13847297430038452 -0.7002941370010376
vn -0.8031299710273743 0.1648281067609787 -0.5725504159927368
vn -0.6950575709342957 0.17090721428394318 -0.6983450055122375
vn -0.7876191139221191 0.14150302112102509 -0.599694013595581
vn -0.8988437056541443 0.2123592495918274 -0.38338443636894226
vn -0.6950575709342957 0.17090721428394318 -0.6983450055122375
vn -0.8031299710273743 0.1648281067609787 -0.5725504159927368
vn -0.6950575709342957 0.17090721428394318 -0.6983450055122375
vn -0.8988437056541443 0.2123592495918274 -0.38338443636894226
vn -0.9013866186141968 0.21931731700897217 -0.3733658492565155
vn -0.9756535291671753 0.21931734681129456 8.245252161032113e-7
vn -0.9013866186141968 0.21931731700897217 -0.3733658492565155
vn -0.8988437056541443 0.2123592495918274 -0.38338443636894226
vn -0.9013866186141968 0.21931731700897217 -0.3733658492565155
vn -0.9756535291671753 0.21931734681129456 8.245252161032113e-7
vn -0.9756535291671753 0.21931742131710052 9.054283509613015e-7
vn -0.8940002918243408 0.21927869319915771 0.39074331521987915
vn -0.9756535291671753 0.21931742131710052 9.054283509613015e-7
vn -0.9756535291671753 0.21931734681129456 8.245252161032113e-7
vn -0.9756535291671753 0.21931742131710052 9.054283509613015e-7
vn -0.8940002918243408 0.21927869319915771 0.39074331521987915
vn -0.9002318978309631 0.21345295011997223 0.37950024008750916
vn -0.8051933646202087 0.18128040432929993 0.5646246671676636
vn -0.9002318978309631 0.21345295011997223 0.37950024008750916
vn -0.8940002918243408 0.21927869319915771 0.39074331521987915
vn -0.9002318978309631 0.21345295011997223 0.37950024008750916
vn -0.8051933646202087 0.18128040432929993 0.5646246671676636
vn -0.6983451247215271 0.17090719938278198 0.6950573325157166
vn -0.6983451247215271 0.17090719938278198 0.6950573325157166
vn -0.8051933646202087 0.18128040432929993 0.5646246671676636
vn -0.7876176834106445 0.14150315523147583 0.5996959209442139
vn -0.6983451247215271 0.17090719938278198 0.6950573325157166
vn -0.7876176834106445 0.14150315523147583 0.5996959209442139
vn -0.7002938389778137 0.13847294449806213 0.7002955079078674
vn -0.5996943712234497 0.14150290191173553 0.7876189947128296
vn -0.6983451247215271 0.17090719938278198 0.6950573325157166
vn -0.7002938389778137 0.13847294449806213 0.7002955079078674
vn -0.5725505948066711 0.16482828557491302 0.8031297922134399
vn -0.6983451247215271 0.17090719938278198 0.6950573325157166
vn -0.5996943712234497 0.14150290191173553 0.7876189947128296
vn -0.3833843469619751 0.21235963702201843 0.8988435864448547
vn -0.6983451247215271 0.17090719938278198 0.6950573325157166
vn -0.5725505948066711 0.16482828557491302 0.8031297922134399
vn -0.6983451247215271 0.17090719938278198 0.6950573325157166
vn -0.3833843469619751 0.21235963702201843 0.8988435864448547
vn -0.37336593866348267 0.21931765973567963 0.901386559009552
vn -0.36802658438682556 -0.2741091549396515 -0.8884934782981873
vn -0.18788766860961914 -0.2692270874977112 -0.944571316242218
vn -0.18788769841194153 -0.269226998090744 -0.944571316242218
vn -0.18788766860961914 -0.2692270874977112 -0.944571316242218
vn -0.36802658438682556 -0.2741091549396515 -0.8884934782981873
vn -0.36802634596824646 -0.27410900592803955 -0.8884935975074768
vn -0.6800243258476257 -0.27410680055618286 -0.6800238490104675
vn -0.36802634596824646 -0.27410900592803955 -0.8884935975074768
vn -0.36802658438682556 -0.2741091549396515 -0.8884934782981873
vn -0.36802634596824646 -0.27410900592803955 -0.8884935975074768
vn -0.6800243258476257 -0.27410680055618286 -0.6800238490104675
vn -0.6800245642662048 -0.2741067409515381 -0.6800236701965332
vn -0.8884943723678589 -0.27410781383514404 -0.36802545189857483
vn -0.6800245642662048 -0.2741067409515381 -0.6800236701965332
vn -0.6800243258476257 -0.27410680055618286 -0.6800238490104675
vn -0.6800245642662048 -0.2741067409515381 -0.6800236701965332
vn -0.8884943723678589 -0.27410781383514404 -0.36802545189857483
vn -0.8884941935539246 -0.274107962846756 -0.36802566051483154
vn -0.9616984128952026 -0.27410954236984253 6.444772111535713e-7
vn -0.8884941935539246 -0.274107962846756 -0.36802566051483154
vn -0.8884943723678589 -0.27410781383514404 -0.36802545189857483
vn -0.8884941935539246 -0.274107962846756 -0.36802566051483154
vn -0.9616984128952026 -0.27410954236984253 6.444772111535713e-7
vn -0.9616984128952026 -0.2741095721721649 6.52431367598183e-7
vn -0.8884936571121216 -0.27410832047462463 0.3680267333984375
vn -0.9616984128952026 -0.2741095721721649 6.52431367598183e-7
vn -0.9616984128952026 -0.27410954236984253 6.444772111535713e-7
vn -0.9616984128952026 -0.2741095721721649 6.52431367598183e-7
vn -0.8884936571121216 -0.27410832047462463 0.3680267333984375
vn -0.8884937167167664 -0.2741081118583679 0.36802664399147034
vn -0.6800237894058228 -0.2741067707538605 0.6800243258476257
vn -0.8884937167167664 -0.2741081118583679 0.36802664399147034
vn -0.8884936571121216 -0.27410832047462463 0.3680267333984375
vn -0.8884937167167664 -0.2741081118583679 0.36802664399147034
vn -0.6800237894058228 -0.2741067707538605 0.6800243258476257
vn -0.6800235509872437 -0.2741066813468933 0.6800246238708496
vn -0.03578073903918266 -0.9956193566322327 -0.08638198673725128
vn -0.01859487220644951 -0.9954472184181213 -0.0934828668832779
vn -0.018594849854707718 -0.9954472184181213 -0.09348281472921371
vn -0.01859487220644951 -0.9954472184181213 -0.0934828668832779
vn -0.03578073903918266 -0.9956193566322327 -0.08638198673725128
vn -0.035780709236860275 -0.9956193566322327 -0.08638200163841248
vn -0.06611400097608566 -0.9956193566322327 -0.0661139115691185
vn -0.035780709236860275 -0.9956193566322327 -0.08638200163841248
vn -0.03578073903918266 -0.9956193566322327 -0.08638198673725128
vn -0.035780709236860275 -0.9956193566322327 -0.08638200163841248
vn -0.06611400097608566 -0.9956193566322327 -0.0661139115691185
vn -0.06611397117376328 -0.9956193566322327 -0.0661139115691185
vn -0.08638188242912292 -0.9956193566322327 -0.03578052669763565
vn -0.06611397117376328 -0.9956193566322327 -0.0661139115691185
vn -0.06611400097608566 -0.9956193566322327 -0.0661139115691185
vn -0.06611397117376328 -0.9956193566322327 -0.0661139115691185
vn -0.08638188242912292 -0.9956193566322327 -0.03578052669763565
vn -0.08638185262680054 -0.9956193566322327 -0.03578053414821625
vn -0.09349898993968964 -0.9956194162368774 0
vn -0.08638185262680054 -0.9956193566322327 -0.03578053414821625
vn -0.08638188242912292 -0.9956193566322327 -0.03578052669763565
vn -0.08638185262680054 -0.9956193566322327 -0.03578053414821625
vn -0.09349898993968964 -0.9956194162368774 0
vn -0.09349901229143143 -0.9956193566322327 0
vn -0.08638199418783188 -0.9956193566322327 0.03578075394034386
vn -0.09349901229143143 -0.9956193566322327 0
vn -0.09349898993968964 -0.9956194162368774 0
vn -0.09349901229143143 -0.9956193566322327 0
vn -0.08638199418783188 -0.9956193566322327 0.03578075394034386
vn -0.08638200908899307 -0.9956193566322327 0.03578072786331177
vn -0.06611385196447372 -0.9956193566322327 0.0661139264702797
vn -0.08638200908899307 -0.9956193566322327 0.03578072786331177
vn -0.08638199418783188 -0.9956193566322327 0.03578075394034386
vn -0.08638200908899307 -0.9956193566322327 0.03578072786331177
vn -0.06611385196447372 -0.9956193566322327 0.0661139264702797
vn -0.06611384451389313 -0.9956193566322327 0.0661139041185379
vn -0.03578053042292595 -0.9956193566322327 0.08638183027505875
vn -0.06611384451389313 -0.9956193566322327 0.0661139041185379
vn -0.06611385196447372 -0.9956193566322327 0.0661139264702797
vn -0.06611384451389313 -0.9956193566322327 0.0661139041185379
vn -0.03578053042292595 -0.9956193566322327 0.08638183027505875
vn -0.03578053042292595 -0.9956193566322327 0.08638183027505875
vn -0.018594827502965927 -0.9954472184181213 0.0934828594326973
vn -0.03578053042292595 -0.9956193566322327 0.08638183027505875
vn -0.03578053042292595 -0.9956193566322327 0.08638183027505875
vn -0.03578053042292595 -0.9956193566322327 0.08638183027505875
vn -0.018594827502965927 -0.9954472184181213 0.0934828594326973
vn -0.018594827502965927 -0.9954472184181213 0.0934828594326973
vn -0.18477024137973785 -0.8757159113883972 -0.4460734724998474
vn -0.09560032188892365 -0.8717054128646851 -0.4806145131587982
vn -0.09560025483369827 -0.8717054724693298 -0.4806143343448639
vn -0.09560032188892365 -0.8717054128646851 -0.4806145131587982
vn -0.18477024137973785 -0.8757159113883972 -0.4460734724998474
vn -0.18477021157741547 -0.8757160305976868 -0.44607341289520264
vn -0.34140872955322266 -0.8757169842720032 -0.3414086401462555
vn -0.18477021157741547 -0.8757160305976868 -0.44607341289520264
vn -0.18477024137973785 -0.8757159113883972 -0.4460734724998474
vn -0.18477021157741547 -0.8757160305976868 -0.44607341289520264
vn -0.34140872955322266 -0.8757169842720032 -0.3414086401462555
vn -0.34140872955322266 -0.8757169246673584 -0.34140875935554504
vn -0.4460739195346832 -0.875715970993042 -0.18476921319961548
vn -0.34140872955322266 -0.8757169246673584 -0.34140875935554504
vn -0.34140872955322266 -0.8757169842720032 -0.3414086401462555
vn -0.34140872955322266 -0.8757169246673584 -0.34140875935554504
vn -0.4460739195346832 -0.875715970993042 -0.18476921319961548
vn -0.4460738003253937 -0.875715970993042 -0.1847694367170334
vn -0.4828261137008667 -0.8757162690162659 3.9948315588844707e-7
vn -0.4460738003253937 -0.875715970993042 -0.1847694367170334
vn -0.4460739195346832 -0.875715970993042 -0.18476921319961548
vn -0.4460738003253937 -0.875715970993042 -0.1847694367170334
vn -0.4828261137008667 -0.8757162690162659 3.9948315588844707e-7
vn -0.4828260540962219 -0.8757162690162659 4.0457311456520983e-7
vn -0.44607290625572205 -0.8757162690162659 0.18476992845535278
vn -0.4828260540962219 -0.8757162690162659 4.0457311456520983e-7
vn -0.4828261137008667 -0.8757162690162659 3.9948315588844707e-7
vn -0.4828260540962219 -0.8757162690162659 4.0457311456520983e-7
vn -0.44607290625572205 -0.8757162690162659 0.18476992845535278
vn -0.44607284665107727 -0.8757163286209106 0.1847698837518692
vn -0.3414086103439331 -0.8757168650627136 0.341408908367157
vn -0.44607284665107727 -0.8757163286209106 0.1847698837518692
vn -0.44607290625572205 -0.8757162690162659 0.18476992845535278
vn -0.44607284665107727 -0.8757163286209106 0.1847698837518692
vn -0.3414086103439331 -0.8757168650627136 0.341408908367157
vn -0.34140878915786743 -0.8757168650627136 0.3414088189601898
vn -0.18476919829845428 -0.8757160902023315 0.44607359170913696
vn -0.34140878915786743 -0.8757168650627136 0.3414088189601898
vn -0.3414086103439331 -0.8757168650627136 0.341408908367157
vn -0.34140878915786743 -0.8757168650627136 0.3414088189601898
vn -0.18476919829845428 -0.8757160902023315 0.44607359170913696
vn -0.1847693920135498 -0.8757160305976868 0.44607362151145935
vn 0.2420649528503418 -0.04346615821123123 0.9692859053611755
vn 0.42873716354370117 -0.02605077065527439 0.9030536413192749
vn 0.3581693470478058 -0.06629441678524017 0.9313000440597534
vn 0.42873716354370117 -0.02605077065527439 0.9030536413192749
vn 0.2420649528503418 -0.04346615821123123 0.9692859053611755
vn 0.2705018222332001 -2.866713373350649e-7 0.9627195000648499
vn 0.3581693470478058 -0.06629441678524017 0.9313000440597534
vn 0.42873716354370117 -0.02605077065527439 0.9030536413192749
vn 0.5555698871612549 -5.352529228730418e-7 0.8314698934555054
vn 0.7071070075035095 0 0.7071065902709961
vn 0.5555698871612549 -5.352529228730418e-7 0.8314698934555054
vn 0.42873716354370117 -0.02605077065527439 0.9030536413192749
vn 0.5555698871612549 -5.352529228730418e-7 0.8314698934555054
vn 0.7071070075035095 0 0.7071065902709961
vn 0.5555708408355713 -3.672996342629631e-7 0.8314692378044128
vn 0.5555708408355713 -3.672996342629631e-7 0.8314692378044128
vn 0.7071070075035095 0 0.7071065902709961
vn 0.7071083188056946 0 0.707105278968811
vn 0.7071083188056946 0 0.707105278968811
vn 0.7071070075035095 0 0.7071065902709961
vn 0.831470251083374 0 0.5555692315101624
vn 0.8951268792152405 -0.038648821413517 0.44413307309150696
vn 0.831470251083374 0 0.5555692315101624
vn 0.7071070075035095 0 0.7071065902709961
vn 0.831470251083374 0 0.5555692315101624
vn 0.8951268792152405 -0.038648821413517 0.44413307309150696
vn 0.8314695358276367 2.3211337918382924e-7 0.5555703043937683
vn 0.8314695358276367 2.3211337918382924e-7 0.5555703043937683
vn 0.8951268792152405 -0.038648821413517 0.44413307309150696
vn 0.922823965549469 -0.033527445048093796 0.38376012444496155
vn 0.99953693151474 -0.021290767937898636 -0.021739298477768898
vn 0.922823965549469 -0.033527445048093796 0.38376012444496155
vn 0.8951268792152405 -0.038648821413517 0.44413307309150696
vn 0.922823965549469 -0.033527445048093796 0.38376012444496155
vn 0.99953693151474 -0.021290767937898636 -0.021739298477768898
vn 0.9994601607322693 -0.0222837682813406 -0.024141449481248856
vn 0.9030535817146301 -0.026050468906760216 -0.42873725295066833
vn 0.9994601607322693 -0.0222837682813406 -0.024141449481248856
vn 0.99953693151474 -0.021290767937898636 -0.021739298477768898
vn 0.9994601607322693 -0.0222837682813406 -0.024141449481248856
vn 0.9030535817146301 -0.026050468906760216 -0.42873725295066833
vn 0.9313000440597534 -0.06629389524459839 -0.358169287443161
vn 0.9313000440597534 -0.06629389524459839 -0.358169287443161
vn 0.9030535817146301 -0.026050468906760216 -0.42873725295066833
vn 0.8314698338508606 -3.553104477305169e-7 -0.5555699467658997
vn 0.707106351852417 0 -0.7071072459220886
vn 0.8314698338508606 -3.553104477305169e-7 -0.5555699467658997
vn 0.9030535817146301 -0.026050468906760216 -0.42873725295066833
vn 0.8314698338508606 -3.553104477305169e-7 -0.5555699467658997
vn 0.707106351852417 0 -0.7071072459220886
vn 0.8314693570137024 -4.284158592327003e-7 -0.5555706024169922
vn 0.8314693570137024 -4.284158592327003e-7 -0.5555706024169922
vn 0.707106351852417 0 -0.7071072459220886
vn 0.7071053981781006 0 -0.707108199596405
vn 0.7071053981781006 0 -0.707108199596405
vn 0.707106351852417 0 -0.7071072459220886
vn 0.5555688142776489 0 -0.8314705491065979
vn 0.4441329538822174 -0.03864885866641998 -0.8951269388198853
vn 0.5555688142776489 0 -0.8314705491065979
vn 0.707106351852417 0 -0.7071072459220886
vn 0.5555688142776489 0 -0.8314705491065979
vn 0.4441329538822174 -0.03864885866641998 -0.8951269388198853
vn 0.5555699467658997 0 -0.8314698338508606
vn 0.5555699467658997 0 -0.8314698338508606
vn 0.4441329538822174 -0.03864885866641998 -0.8951269388198853
vn 0.3837602734565735 -0.03352748230099678 -0.9228239059448242
vn -0.6973769664764404 -0.1653175950050354 0.6973775625228882
vn -0.3774172365665436 -0.16531743109226227 0.911167562007904
vn -0.37741711735725403 -0.16531731188297272 0.9111676216125488
vn -0.3774172365665436 -0.16531743109226227 0.911167562007904
vn -0.6973769664764404 -0.1653175950050354 0.6973775625228882
vn -0.6973769068717957 -0.1653175950050354 0.6973775625228882
vn -0.1925051510334015 -0.16222479939460754 0.9677938222885132
vn -0.37741711735725403 -0.16531731188297272 0.9111676216125488
vn -0.3774172365665436 -0.16531743109226227 0.911167562007904
vn -0.37741711735725403 -0.16531731188297272 0.9111676216125488
vn -0.1925051510334015 -0.16222479939460754 0.9677938222885132
vn -0.19250504672527313 -0.16222459077835083 0.967793881893158
vn -0.1905144453048706 0.21530047059059143 0.9577838778495789
vn -0.37336593866348267 0.21931765973567963 0.901386559009552
vn -0.3833843469619751 0.21235963702201843 0.8988435864448547
vn -0.37336593866348267 0.21931765973567963 0.901386559009552
vn -0.1905144453048706 0.21530047059059143 0.9577838778495789
vn -0.19051450490951538 0.21530035138130188 0.9577838778495789
vn -0.36802545189857483 -0.2741069495677948 0.888494610786438
vn -0.6800235509872437 -0.2741066813468933 0.6800246238708496
vn -0.6800237894058228 -0.2741067707538605 0.6800243258476257
vn -0.6800235509872437 -0.2741066813468933 0.6800246238708496
vn -0.36802545189857483 -0.2741069495677948 0.888494610786438
vn -0.3680257499217987 -0.2741071283817291 0.8884943723678589
vn -0.18788635730743408 -0.26922768354415894 0.9445714354515076
vn -0.3680257499217987 -0.2741071283817291 0.8884943723678589
vn -0.36802545189857483 -0.2741069495677948 0.888494610786438
vn -0.3680257499217987 -0.2741071283817291 0.8884943723678589
vn -0.18788635730743408 -0.26922768354415894 0.9445714354515076
vn -0.18788640201091766 -0.2692280411720276 0.9445712566375732
vn -0.09559954702854156 -0.8717052936553955 0.4806147515773773
vn -0.1847693920135498 -0.8757160305976868 0.44607362151145935
vn -0.18476919829845428 -0.8757160902023315 0.44607359170913696
vn -0.1847693920135498 -0.8757160305976868 0.44607362151145935
vn -0.09559954702854156 -0.8717052936553955 0.4806147515773773
vn -0.09559955447912216 -0.8717052936553955 0.48061472177505493
vn 0.3837602734565735 -0.03352748230099678 -0.9228239059448242
vn 0.2282855063676834 -0.041216038167476654 -0.9727214574813843
vn 0.19508937001228333 0 -0.9807854890823364
vn 0.2282855063676834 -0.041216038167476654 -0.9727214574813843
vn 0.3837602734565735 -0.03352748230099678 -0.9228239059448242
vn 0.4441329538822174 -0.03864885866641998 -0.8951269388198853
vn 0 0.18053066730499268 0.9835693836212158
vn -5.658429245158914e-7 0.458699494600296 0.888591468334198
vn 0 0.38829150795936584 0.9215366244316101
vn 0 0.18053066730499268 0.9835693836212158
vn 0 0.38829150795936584 0.9215366244316101
vn 0.0000017165048120659776 0.4586987793445587 0.8885918259620667
vn -5.658429245158914e-7 0.458699494600296 0.888591468334198
vn 7.884471528996073e-7 0.8076663017272949 0.5896399021148682
vn 0 0.38829150795936584 0.9215366244316101
vn 7.884471528996073e-7 0.8076663017272949 0.5896399021148682
vn 0.0000017165048120659776 0.4586987793445587 0.8885918259620667
vn 0 0.38829150795936584 0.9215366244316101
vn 7.884471528996073e-7 0.8076663017272949 0.5896399021148682
vn -5.658429245158914e-7 0.458699494600296 0.888591468334198
vn 3.8045598671487824e-7 0.8637834787368774 0.5038631558418274
vn 3.8045598671487824e-7 0.8637834787368774 0.5038631558418274
vn 2.392061730915884e-7 0.9843159914016724 0.17641453444957733
vn 7.884471528996073e-7 0.8076663017272949 0.5896399021148682
vn 2.392061730915884e-7 0.9843159914016724 0.17641453444957733
vn 3.8045598671487824e-7 0.8637834787368774 0.5038631558418274
vn 0 0.9899806976318359 0.14120246469974518
vn 2.392061730915884e-7 0.9843159914016724 0.17641453444957733
vn 0.0000010802749557115021 0.8637833595275879 0.5038633942604065
vn 7.884471528996073e-7 0.8076663017272949 0.5896399021148682
vn 0.0000017165048120659776 0.4586987793445587 0.8885918259620667
vn 7.884471528996073e-7 0.8076663017272949 0.5896399021148682
vn 0.0000010802749557115021 0.8637833595275879 0.5038633942604065
vn 0.0000010802749557115021 0.8637833595275879 0.5038633942604065
vn 2.392061730915884e-7 0.9843159914016724 0.17641453444957733
vn 0 0.9899808168411255 0.14120183885097504
vn 0 0.9899806976318359 0.14120246469974518
vn -2.5983109708249685e-7 0.9591618180274963 -0.28285783529281616
vn 2.392061730915884e-7 0.9843159914016724 0.17641453444957733
vn -2.5983109708249685e-7 0.9591618180274963 -0.28285783529281616
vn 0 0.9899808168411255 0.14120183885097504
vn 2.392061730915884e-7 0.9843159914016724 0.17641453444957733
vn -2.5983109708249685e-7 0.9591618180274963 -0.28285783529281616
vn 0 0.9899806976318359 0.14120246469974518
vn -0.02381414733827114 0.9471922516822815 -0.3197806179523468
vn -0.02381414733827114 0.9471922516822815 -0.3197806179523468
vn -4.733392131583969e-7 0.8332304954528809 -0.5529257655143738
vn -2.5983109708249685e-7 0.9591618180274963 -0.28285783529281616
vn -4.733392131583969e-7 0.8332304954528809 -0.5529257655143738
vn -0.02381414733827114 0.9471922516822815 -0.3197806179523468
vn -0.05891738459467888 0.850801944732666 -0.5221731066703796
vn -4.733392131583969e-7 0.8332304954528809 -0.5529257655143738
vn 0.02381361648440361 0.9471921920776367 -0.3197809159755707
vn -2.5983109708249685e-7 0.9591618180274963 -0.28285783529281616
vn 0 0.9899808168411255 0.14120183885097504
vn -2.5983109708249685e-7 0.9591618180274963 -0.28285783529281616
vn 0.02381361648440361 0.9471921920776367 -0.3197809159755707
vn 0.02381361648440361 0.9471921920776367 -0.3197809159755707
vn -4.733392131583969e-7 0.8332304954528809 -0.5529257655143738
vn 0.05891650170087814 0.8508020043373108 -0.5221732258796692
vn 5.713457653655496e-7 0.30203452706336975 -0.953296959400177
vn 0 0.5646730661392212 -0.8253146409988403
vn -0.0000022776450805395143 0.37852373719215393 -0.9255915880203247
vn -0.000001127092218666803 0.0473286435008049 -0.9988793730735779
vn 5.713457653655496e-7 0.30203452706336975 -0.953296959400177
vn -0.0000022776450805395143 0.37852373719215393 -0.9255915880203247
vn 5.713457653655496e-7 0.30203452706336975 -0.953296959400177
vn -0.000001127092218666803 0.0473286435008049 -0.9988793730735779
vn -0.000001435338162991684 0.03058602288365364 -0.999532163143158
vn 0 0.3020349144935608 -0.9532968997955322
vn -0.000001127092218666803 0.0473286435008049 -0.9988793730735779
vn -0.0000022776450805395143 0.37852373719215393 -0.9255915880203247
vn 0 0.5646730661392212 -0.8253146409988403
vn 0 0.3020349144935608 -0.9532968997955322
vn -0.0000022776450805395143 0.37852373719215393 -0.9255915880203247
vn 0 0.3020349144935608 -0.9532968997955322
vn 0 0.5646730661392212 -0.8253146409988403
vn -4.963463879903429e-7 -0.010104232467710972 -0.9999489188194275
vn -0.000001127092218666803 0.0473286435008049 -0.9988793730735779
vn 0 0.3020349144935608 -0.9532968997955322
vn 0 0.03058515675365925 -0.9995322227478027
vn -4.963463879903429e-7 -0.010104232467710972 -0.9999489188194275
vn -0.0000019749327293538954 -0.33699753880500793 -0.941505491733551
vn 0 0.3020349144935608 -0.9532968997955322
vn -0.0000019749327293538954 -0.33699753880500793 -0.941505491733551
vn -4.963463879903429e-7 -0.010104232467710972 -0.9999489188194275
vn -0.0000022797078145231353 -0.3561473488807678 -0.9344298243522644
vn -0.0000022797078145231353 -0.3561473488807678 -0.9344298243522644
vn -0.0000018163915456170798 -0.5910559892654419 -0.806630551815033
vn -0.0000019749327293538954 -0.33699753880500793 -0.941505491733551
vn -0.0000018163915456170798 -0.5910559892654419 -0.806630551815033
vn -0.0000022797078145231353 -0.3561473488807678 -0.9344298243522644
vn -0.000001410824211234285 -0.6808388233184814 -0.7324333190917969
vn -5.044929594077985e-7 -0.522871732711792 -0.8524113297462463
vn -0.000001435338162991684 0.03058602288365364 -0.999532163143158
vn -0.000001127092218666803 0.0473286435008049 -0.9988793730735779
vn 0 0.03058515675365925 -0.9995322227478027
vn -5.044929594077985e-7 -0.522871732711792 -0.8524113297462463
vn -0.000001127092218666803 0.0473286435008049 -0.9988793730735779
vn -0.000001435338162991684 0.03058602288365364 -0.999532163143158
vn -5.044929594077985e-7 -0.522871732711792 -0.8524113297462463
vn -7.083301625243621e-7 -0.5700046420097351 -0.8216414451599121
vn -6.113748440839117e-7 -0.9042841196060181 -0.4269311726093292
vn -7.083301625243621e-7 -0.5700046420097351 -0.8216414451599121
vn -5.044929594077985e-7 -0.522871732711792 -0.8524113297462463
vn -7.083301625243621e-7 -0.5700046420097351 -0.8216414451599121
vn -6.113748440839117e-7 -0.9042841196060181 -0.4269311726093292
vn -7.631885523551318e-7 -0.9128400683403015 -0.40831729769706726
vn 0 -0.570005476474762 -0.8216408491134644
vn -6.113748440839117e-7 -0.9042841196060181 -0.4269311726093292
vn -5.044929594077985e-7 -0.522871732711792 -0.8524113297462463
vn -5.044929594077985e-7 -0.522871732711792 -0.8524113297462463
vn 0 0.03058515675365925 -0.9995322227478027
vn 0 -0.570005476474762 -0.8216408491134644
vn -6.113748440839117e-7 -0.9042841196060181 -0.4269311726093292
vn 0 -0.570005476474762 -0.8216408491134644
vn -4.319863080581854e-7 -0.9128401875495911 -0.40831708908081055
vn -4.855037332163192e-7 -0.9779292941093445 -0.20893625915050507
vn -7.631885523551318e-7 -0.9128400683403015 -0.40831729769706726
vn -6.113748440839117e-7 -0.9042841196060181 -0.4269311726093292
vn -4.319863080581854e-7 -0.9128401875495911 -0.40831708908081055
vn -4.855037332163192e-7 -0.9779292941093445 -0.20893625915050507
vn -6.113748440839117e-7 -0.9042841196060181 -0.4269311726093292
vn -7.631885523551318e-7 -0.9128400683403015 -0.40831729769706726
vn -4.855037332163192e-7 -0.9779292941093445 -0.20893625915050507
vn -5.0129142437072e-7 -0.9832706451416016 -0.18215075135231018
vn 0 -0.9989691972732544 -0.045393187552690506
vn -5.0129142437072e-7 -0.9832706451416016 -0.18215075135231018
vn -4.855037332163192e-7 -0.9779292941093445 -0.20893625915050507
vn -5.0129142437072e-7 -0.9832706451416016 -0.18215075135231018
vn 0 -0.9989691972732544 -0.045393187552690506
vn 0 -0.9985547661781311 -0.0537436306476593
vn 0 -0.9985547661781311 -0.0537436306476593
vn 0 -0.9989691972732544 -0.045393187552690506
vn 0 -1 -3.86544854791282e-7
vn -4.855037332163192e-7 -0.9779292941093445 -0.20893625915050507
vn 0 -0.9985548257827759 -0.05374336615204811
vn 0 -0.9989691972732544 -0.045393187552690506
vn 0 -0.9989691972732544 -0.045393187552690506
vn 0 -0.9985548257827759 -0.05374336615204811
vn 0 -1 -3.86544854791282e-7
vn 0 -0.9985548257827759 -0.05374336615204811
vn -4.855037332163192e-7 -0.9779292941093445 -0.20893625915050507
vn -2.5109275725299085e-7 -0.9832707047462463 -0.1821504831314087
vn -4.855037332163192e-7 -0.9779292941093445 -0.20893625915050507
vn -4.319863080581854e-7 -0.9128401875495911 -0.40831708908081055
vn -2.5109275725299085e-7 -0.9832707047462463 -0.1821504831314087
vn -0.8223323225975037 0.5667062997817993 -0.05112243443727493
vn -0.8517629504203796 0.5225013494491577 -0.03862977400422096
vn -0.8483317494392395 0.5278470516204834 -0.04136187955737114
vn -0.8517629504203796 0.5225013494491577 -0.03862977400422096
vn -0.8515926003456116 0.5012417435646057 -0.15344956517219543
vn -0.8483317494392395 0.5278470516204834 -0.04136187955737114
vn -0.8515926003456116 0.5012417435646057 -0.15344956517219543
vn -0.8517629504203796 0.5225013494491577 -0.03862977400422096
vn -0.8986055254936218 0.43862223625183105 -0.010890563018620014
vn -0.8515926003456116 0.5012417435646057 -0.15344956517219543
vn -0.8986055254936218 0.43862223625183105 -0.010890563018620014
vn -0.913399875164032 0.3818184733390808 -0.14112156629562378
vn -0.913399875164032 0.3818184733390808 -0.14112156629562378
vn -0.8962347507476807 0.3736252784729004 -0.23909707367420197
vn -0.8515926003456116 0.5012417435646057 -0.15344956517219543
vn -0.8962347507476807 0.3736252784729004 -0.23909707367420197
vn -0.913399875164032 0.3818184733390808 -0.14112156629562378
vn -0.9193845391273499 0.32625633478164673 -0.21974726021289825
vn -0.9193845391273499 0.32625633478164673 -0.21974726021289825
vn -0.8541209697723389 0.32614871859550476 -0.40509799122810364
vn -0.8962347507476807 0.3736252784729004 -0.23909707367420197
vn -0.8541209697723389 0.32614871859550476 -0.40509799122810364
vn -0.9193845391273499 0.32625633478164673 -0.21974726021289825
vn -0.871068000793457 0.38343462347984314 -0.306950181722641
vn -0.823884129524231 0.21139751374721527 -0.5258573293685913
vn -0.8541209697723389 0.32614871859550476 -0.40509799122810364
vn -0.871068000793457 0.38343462347984314 -0.306950181722641
vn -0.8541209697723389 0.32614871859550476 -0.40509799122810364
vn -0.823884129524231 0.21139751374721527 -0.5258573293685913
vn -0.7788423299789429 0.08095421642065048 -0.6219733953475952
vn -0.8541209697723389 0.32614871859550476 -0.40509799122810364
vn -0.7788423299789429 0.08095421642065048 -0.6219733953475952
vn -0.7250982522964478 0.2687707245349884 -0.6340305209159851
vn -0.7250982522964478 0.2687707245349884 -0.6340305209159851
vn -0.6771653890609741 0.4091145992279053 -0.611614465713501
vn -0.8541209697723389 0.32614871859550476 -0.40509799122810364
vn -0.6771653890609741 0.4091145992279053 -0.611614465713501
vn -0.7250982522964478 0.2687707245349884 -0.6340305209159851
vn -0.6422615051269531 0.3570941388607025 -0.6782211661338806
vn 0.8282933831214905 0.3671245276927948 -0.42326071858406067
vn 0.8963679075241089 0.37819772958755493 -0.23128141462802887
vn 0.8888155817985535 0.33917614817619324 -0.3081662058830261
vn 0.8963679075241089 0.37819772958755493 -0.23128141462802887
vn 0.8282933831214905 0.3671245276927948 -0.42326071858406067
vn 0.8631262183189392 0.36062708497047424 -0.35349854826927185
vn 0.8963679075241089 0.37819772958755493 -0.23128141462802887
vn 0.8914832472801208 0.43140992522239685 -0.1383582055568695
vn 0.8888155817985535 0.33917614817619324 -0.3081662058830261
vn 0.8914832472801208 0.43140992522239685 -0.1383582055568695
vn 0.8963679075241089 0.37819772958755493 -0.23128141462802887
vn 0.9123457670211792 0.40678322315216064 -0.046397119760513306
vn 0.8914832472801208 0.43140992522239685 -0.1383582055568695
vn 0.9123457670211792 0.40678322315216064 -0.046397119760513306
vn 0.8986057043075562 0.4386218786239624 -0.010892231948673725
vn 0.8517628908157349 0.5225012302398682 -0.03863175958395004
vn 0.8914832472801208 0.43140992522239685 -0.1383582055568695
vn 0.8986057043075562 0.4386218786239624 -0.010892231948673725
vn 0.8914832472801208 0.43140992522239685 -0.1383582055568695
vn 0.8517628908157349 0.5225012302398682 -0.03863175958395004
vn 0.8483317494392395 0.5278468132019043 -0.04136399179697037
vn 0.8483317494392395 0.5278468132019043 -0.04136399179697037
vn 0.8517628908157349 0.5225012302398682 -0.03863175958395004
vn 0.8223320841789246 0.5667064785957336 -0.05112458020448685
vn 0.8436266779899597 0.1470717042684555 -0.5163952112197876
vn 0.8631262183189392 0.36062708497047424 -0.35349854826927185
vn 0.8282933831214905 0.3671245276927948 -0.42326071858406067
vn 0.8282933831214905 0.3671245276927948 -0.42326071858406067
vn 0.7250947952270508 0.26877257227897644 -0.6340338587760925
vn 0.8436266779899597 0.1470717042684555 -0.5163952112197876
vn 0.6771610975265503 0.4091174602508545 -0.6116173267364502
vn 0.7250947952270508 0.26877257227897644 -0.6340338587760925
vn 0.8282933831214905 0.3671245276927948 -0.42326071858406067
vn 0.7250947952270508 0.26877257227897644 -0.6340338587760925
vn 0.6771610975265503 0.4091174602508545 -0.6116173267364502
vn 0.6422566175460815 0.35709714889526367 -0.6782242059707642
vn 0.8631262183189392 0.36062708497047424 -0.35349854826927185
vn 0.8436266779899597 0.1470717042684555 -0.5163952112197876
vn 0.913093090057373 0.05250300467014313 -0.40435686707496643
vn -0.006404547486454248 -0.9992873072624207 -0.037200912833213806
vn -0.0015213664155453444 -0.991437554359436 -0.13057272136211395
vn 3.314229957140924e-7 -0.9863386750221252 -0.16473019123077393
vn -0.0015213664155453444 -0.991437554359436 -0.13057272136211395
vn -0.006404547486454248 -0.9992873072624207 -0.037200912833213806
vn -0.007250263821333647 -0.9992892146110535 -0.03699394315481186
vn 0 -1 0
vn -0.007250263821333647 -0.9992892146110535 -0.03699394315481186
vn -0.006404547486454248 -0.9992873072624207 -0.037200912833213806
vn -0.007250263821333647 -0.9992892146110535 -0.03699394315481186
vn 0 -1 0
vn 0 -1 0
vn 0.006404227577149868 -0.9992873072624207 -0.03720080479979515
vn 0 -1 0
vn 0 -1 0
vn 0 -1 0
vn 0.006404227577149868 -0.9992873072624207 -0.03720080479979515
vn 0.007249962072819471 -0.9992892146110535 -0.036994148045778275
vn 0.006404227577149868 -0.9992873072624207 -0.03720080479979515
vn 0.0015212977305054665 -0.991437554359436 -0.13057276606559753
vn 0.007249962072819471 -0.9992892146110535 -0.036994148045778275
vn 0.0015212977305054665 -0.991437554359436 -0.13057276606559753
vn 0.006404227577149868 -0.9992873072624207 -0.03720080479979515
vn 0 -0.9863386154174805 -0.16473053395748138
vn 0.000001357792257294932 -0.9324867129325867 -0.3612041473388672
vn 3.314229957140924e-7 -0.9863386750221252 -0.16473019123077393
vn -0.0015213664155453444 -0.991437554359436 -0.13057272136211395
vn 3.314229957140924e-7 -0.9863386750221252 -0.16473019123077393
vn 0.000001357792257294932 -0.9324867129325867 -0.3612041473388672
vn 0.0000018018173477685195 -0.9032829999923706 -0.42904531955718994
vn 0 -0.9863386154174805 -0.16473053395748138
vn 0 -0.932486891746521 -0.36120375990867615
vn 0.0015212977305054665 -0.991437554359436 -0.13057276606559753
vn 0 -0.932486891746521 -0.36120375990867615
vn 0 -0.9863386154174805 -0.16473053395748138
vn -1.6751275211390748e-7 -0.9032829999923706 -0.4290451109409332
vn 0.0000030711628369317623 -0.6808385252952576 -0.7324336171150208
vn 0.0000018018173477685195 -0.9032829999923706 -0.42904531955718994
vn 0.000001357792257294932 -0.9324867129325867 -0.3612041473388672
vn 0.0000018018173477685195 -0.9032829999923706 -0.42904531955718994
vn 0.0000030711628369317623 -0.6808385252952576 -0.7324336171150208
vn 0.0000029197174171713414 -0.5910568237304688 -0.8066298961639404
vn -1.6751275211390748e-7 -0.9032829999923706 -0.4290451109409332
vn -0.000001410824211234285 -0.6808388233184814 -0.7324333190917969
vn 0 -0.932486891746521 -0.36120375990867615
vn -0.000001410824211234285 -0.6808388233184814 -0.7324333190917969
vn -1.6751275211390748e-7 -0.9032829999923706 -0.4290451109409332
vn -0.0000018163915456170798 -0.5910559892654419 -0.806630551815033
vn 0.0000019591122963902308 -0.10010728985071182 0.9949766397476196
vn -0.5953595042228699 -0.08839575201272964 0.7985820174217224
vn 0.0000016795838746475056 0.353951632976532 0.9352636933326721
vn -0.5953595042228699 -0.08839575201272964 0.7985820174217224
vn 0.0000019591122963902308 -0.10010728985071182 0.9949766397476196
vn -0.555977463722229 -0.23658587038516998 0.7968162894248962
vn 0.5953626036643982 -0.08839469403028488 0.7985798120498657
vn 0.0000019591122963902308 -0.10010728985071182 0.9949766397476196
vn 0.0000016795838746475056 0.353951632976532 0.9352636933326721
vn 0.0000019591122963902308 -0.10010728985071182 0.9949766397476196
vn 0.5953626036643982 -0.08839469403028488 0.7985798120498657
vn 0.5559807419776917 -0.23658542335033417 0.7968141436576843
vn 0.0000019591122963902308 -0.10010728985071182 0.9949766397476196
vn -0.524740993976593 -0.3747061789035797 0.7643573880195618
vn -0.555977463722229 -0.23658587038516998 0.7968162894248962
vn -0.524740993976593 -0.3747061789035797 0.7643573880195618
vn 0.0000019591122963902308 -0.10010728985071182 0.9949766397476196
vn 0.0000018222508515464142 -0.240228071808815 0.9707164764404297
vn 0.5247439742088318 -0.37470680475234985 0.7643550634384155
vn 0.0000019591122963902308 -0.10010728985071182 0.9949766397476196
vn 0.5559807419776917 -0.23658542335033417 0.7968141436576843
vn 0.0000019591122963902308 -0.10010728985071182 0.9949766397476196
vn 0.5247439742088318 -0.37470680475234985 0.7643550634384155
vn 0.0000018222508515464142 -0.240228071808815 0.9707164764404297
vn -0.6301265954971313 -0.011178824119269848 0.7764119505882263
vn 0.0000016795838746475056 0.353951632976532 0.9352636933326721
vn -0.5953595042228699 -0.08839575201272964 0.7985820174217224
vn 0.0000016795838746475056 0.353951632976532 0.9352636933326721
vn -0.6301265954971313 -0.011178824119269848 0.7764119505882263
vn 0.0000012600090713021928 0.5830479860305786 0.8124377131462097
vn 0.630129337310791 -0.011177904903888702 0.7764097452163696
vn 0.0000016795838746475056 0.353951632976532 0.9352636933326721
vn 0.0000012600090713021928 0.5830479860305786 0.8124377131462097
vn 0.0000016795838746475056 0.353951632976532 0.9352636933326721
vn 0.630129337310791 -0.011177904903888702 0.7764097452163696
vn 0.5953626036643982 -0.08839469403028488 0.7985798120498657
vn 0.000005192073786020046 -0.01010696031153202 -0.9999489188194275
vn 7.737190799161908e-7 -0.3369990289211273 -0.9415050148963928
vn 7.233113592519658e-7 -0.3561488389968872 -0.9344292283058167
vn 7.737190799161908e-7 -0.3369990289211273 -0.9415050148963928
vn 0.000005192073786020046 -0.01010696031153202 -0.9999489188194275
vn 5.713457653655496e-7 0.30203452706336975 -0.953296959400177
vn 0.0000029197174171713414 -0.5910568237304688 -0.8066298961639404
vn 7.233113592519658e-7 -0.3561488389968872 -0.9344292283058167
vn 7.737190799161908e-7 -0.3369990289211273 -0.9415050148963928
vn 7.233113592519658e-7 -0.3561488389968872 -0.9344292283058167
vn 0.0000029197174171713414 -0.5910568237304688 -0.8066298961639404
vn 0.0000030711628369317623 -0.6808385252952576 -0.7324336171150208
vn 0 0.5646730661392212 -0.8253146409988403
vn 5.713457653655496e-7 0.30203452706336975 -0.953296959400177
vn 0.000005192073786020046 -0.01010696031153202 -0.9999489188194275
vn -0.9260486364364624 0.013095363974571228 -0.377176970243454
vn -0.9387024641036987 -0.06840963661670685 -0.3378724455833435
vn -0.9363276362419128 -0.1018555760383606 -0.3360298275947571
vn -0.9387024641036987 -0.06840963661670685 -0.3378724455833435
vn -0.9260486364364624 0.013095363974571228 -0.377176970243454
vn -0.9334617853164673 0.016856346279382706 -0.3582807183265686
vn -0.9172300100326538 0.18642500042915344 -0.35204389691352844
vn -0.9334617853164673 0.016856346279382706 -0.3582807183265686
vn -0.9260486364364624 0.013095363974571228 -0.377176970243454
vn -0.9334617853164673 0.016856346279382706 -0.3582807183265686
vn -0.9172300100326538 0.18642500042915344 -0.35204389691352844
vn -0.925391674041748 0.1883559674024582 -0.3288954496383667
vn -0.8898822665214539 0.30546027421951294 -0.33882683515548706
vn -0.925391674041748 0.1883559674024582 -0.3288954496383667
vn -0.9172300100326538 0.18642500042915344 -0.35204389691352844
vn -0.9387024641036987 -0.06840963661670685 -0.3378724455833435
vn -0.9384408593177795 0.0003238993522245437 -0.3454396724700928
vn -0.9363276362419128 -0.1018555760383606 -0.3360298275947571
vn -0.9384408593177795 0.0003238993522245437 -0.3454396724700928
vn -0.9387024641036987 -0.06840963661670685 -0.3378724455833435
vn -0.9352065920829773 0.023270362988114357 -0.35333722829818726
vn -0.9384408593177795 0.0003238993522245437 -0.3454396724700928
vn -0.9352065920829773 0.023270362988114357 -0.35333722829818726
vn -0.9384229779243469 0.021614793688058853 -0.34481173753738403
vn -0.9384229779243469 0.021614793688058853 -0.34481173753738403
vn -0.9352065920829773 0.023270362988114357 -0.35333722829818726
vn -0.9384152293205261 0.021694909781217575 -0.34482771158218384
vn -0.7397358417510986 -0.012052689678966999 0.6727895140647888
vn -0.7091593146324158 0.13920184969902039 0.6911699175834656
vn -0.6998367309570312 0.17306584119796753 0.6930200457572937
vn -0.7091593146324158 0.13920184969902039 0.6911699175834656
vn -0.7397358417510986 -0.012052689678966999 0.6727895140647888
vn -0.743674635887146 -0.04197925701737404 0.6672224402427673
vn 0.7329301834106445 0.1374855637550354 0.6662665605545044
vn 0.7156923413276672 -0.012542716227471828 0.6983030438423157
vn 0.7098652720451355 -0.04422694072127342 0.7029476165771484
vn 0.7156923413276672 -0.012542716227471828 0.6983030438423157
vn 0.7329301834106445 0.1374855637550354 0.6662665605545044
vn 0.7341924905776978 0.1644986867904663 0.6587120890617371
vn 0.9384584426879883 0.02168753184378147 -0.34471046924591064
vn 0.9384492039680481 0.021609101444482803 -0.3447405993938446
vn 0.9384211301803589 0.0003758287930395454 -0.34549325704574585
vn 0.9384211301803589 0.0003758287930395454 -0.34549325704574585
vn 0.9384492039680481 0.021609101444482803 -0.3447405993938446
vn 0.9351864457130432 0.0232364684343338 -0.35339266061782837
vn 0.9387013912200928 -0.06841032952070236 -0.3378753960132599
vn 0.9384211301803589 0.0003758287930395454 -0.34549325704574585
vn 0.9351864457130432 0.0232364684343338 -0.35339266061782837
vn 0.9384211301803589 0.0003758287930395454 -0.34549325704574585
vn 0.9387013912200928 -0.06841032952070236 -0.3378753960132599
vn 0.9363266825675964 -0.1018555611371994 -0.3360324203968048
vn 0.9387013912200928 -0.06841032952070236 -0.3378753960132599
vn 0.9334536194801331 0.005204277113080025 -0.3586603105068207
vn 0.9363266825675964 -0.1018555611371994 -0.3360324203968048
vn 0.9334536194801331 0.005204277113080025 -0.3586603105068207
vn 0.9387013912200928 -0.06841032952070236 -0.3378753960132599
vn 0.931705892086029 0.00259638880379498 -0.3632042706012726
vn 0.9113917946815491 0.21016466617584229 -0.3538301885128021
vn 0.9334536194801331 0.005204277113080025 -0.3586603105068207
vn 0.931705892086029 0.00259638880379498 -0.3632042706012726
vn 0.9334536194801331 0.005204277113080025 -0.3586603105068207
vn 0.9113917946815491 0.21016466617584229 -0.3538301885128021
vn 0.9153226613998413 0.22693946957588196 -0.3326902389526367
vn 0.9153226613998413 0.22693946957588196 -0.3326902389526367
vn 0.9113917946815491 0.21016466617584229 -0.3538301885128021
vn 0.8898814916610718 0.3054594099521637 -0.33882951736450195
vn -8.202010803870508e-7 0.0996968001127243 -0.9950178861618042
vn 0.3560429811477661 0.35891449451446533 -0.8627942204475403
vn 0.4845068156719208 0.08917021006345749 -0.8702309131622314
vn -8.202010803870508e-7 0.0996968001127243 -0.9950178861618042
vn 7.098202559063793e-7 0.4954337179660797 -0.8686457872390747
vn 0.3560429811477661 0.35891449451446533 -0.8627942204475403
vn -8.202010803870508e-7 0.0996968001127243 -0.9950178861618042
vn -0.3560445308685303 0.3589145541191101 -0.862793505191803
vn 7.098202559063793e-7 0.4954337179660797 -0.8686457872390747
vn -8.202010803870508e-7 0.0996968001127243 -0.9950178861618042
vn -0.4845072627067566 0.08916980773210526 -0.8702306747436523
vn -0.3560445308685303 0.3589145541191101 -0.862793505191803
vn -8.202010803870508e-7 0.0996968001127243 -0.9950178861618042
vn 0.4845068156719208 0.08917021006345749 -0.8702309131622314
vn 0.35915109515190125 -0.17880474030971527 -0.9159908890724182
vn -8.202010803870508e-7 0.0996968001127243 -0.9950178861618042
vn 0.35915109515190125 -0.17880474030971527 -0.9159908890724182
vn -8.459650757686177e-7 -0.3132721185684204 -0.9496634006500244
vn 0.5121632218360901 0.4687473773956299 -0.7196977138519287
vn 0.4845068156719208 0.08917021006345749 -0.8702309131622314
vn 0.3560429811477661 0.35891449451446533 -0.8627942204475403
vn 0.4845068156719208 0.08917021006345749 -0.8702309131622314
vn 0.5121632218360901 0.4687473773956299 -0.7196977138519287
vn 0.7081050872802734 0.06174768880009651 -0.7034019827842712
vn 0.5531878471374512 0.5196018218994141 -0.6511505842208862
vn 0.7081050872802734 0.06174768880009651 -0.7034019827842712
vn 0.5121632218360901 0.4687473773956299 -0.7196977138519287
vn 0.7081050872802734 0.06174768880009651 -0.7034019827842712
vn 0.5531878471374512 0.5196018218994141 -0.6511505842208862
vn 0.7794076800346375 0.05813009291887283 -0.6238145232200623
vn 0.5121632218360901 0.4687473773956299 -0.7196977138519287
vn -0.01470260601490736 0.6524753570556641 -0.7576672434806824
vn 0.5531878471374512 0.5196018218994141 -0.6511505842208862
vn -0.01470260601490736 0.6524753570556641 -0.7576672434806824
vn 0.5121632218360901 0.4687473773956299 -0.7196977138519287
vn -0.016076192259788513 0.6298068761825562 -0.7765854001045227
vn -0.016076192259788513 0.6298068761825562 -0.7765854001045227
vn 0.3560429811477661 0.35891449451446533 -0.8627942204475403
vn 7.098202559063793e-7 0.4954337179660797 -0.8686457872390747
vn 0.3560429811477661 0.35891449451446533 -0.8627942204475403
vn -0.016076192259788513 0.6298068761825562 -0.7765854001045227
vn 0.5121632218360901 0.4687473773956299 -0.7196977138519287
vn 0.639127790927887 -0.4458043575286865 -0.6267169117927551
vn 0.7081050872802734 0.06174768880009651 -0.7034019827842712
vn 0.7794076800346375 0.05813009291887283 -0.6238145232200623
vn 0.7081050872802734 0.06174768880009651 -0.7034019827842712
vn 0.639127790927887 -0.4458043575286865 -0.6267169117927551
vn 0.5384548902511597 -0.41964662075042725 -0.7307277321815491
vn 0.5384548902511597 -0.41964662075042725 -0.7307277321815491
vn -8.459650757686177e-7 -0.3132721185684204 -0.9496634006500244
vn 0.35915109515190125 -0.17880474030971527 -0.9159908890724182
vn 0.5384548902511597 -0.41964662075042725 -0.7307277321815491
vn 0.4845068156719208 0.08917021006345749 -0.8702309131622314
vn 0.7081050872802734 0.06174768880009651 -0.7034019827842712
vn 0.4845068156719208 0.08917021006345749 -0.8702309131622314
vn 0.5384548902511597 -0.41964662075042725 -0.7307277321815491
vn 0.35915109515190125 -0.17880474030971527 -0.9159908890724182
vn 0.639127790927887 -0.4458043575286865 -0.6267169117927551
vn 0.014762790873646736 -0.5876200199127197 -0.8090022802352905
vn 0.5384548902511597 -0.41964662075042725 -0.7307277321815491
vn -8.459650757686177e-7 -0.3132721185684204 -0.9496634006500244
vn 0.5384548902511597 -0.41964662075042725 -0.7307277321815491
vn 0.014762790873646736 -0.5876200199127197 -0.8090022802352905
vn 0.014762790873646736 -0.5876200199127197 -0.8090022802352905
vn 0.639127790927887 -0.4458043575286865 -0.6267169117927551
vn 0.016506055369973183 -0.691940188407898 -0.7217660546302795
vn -0.5101844668388367 0.48033446073532104 -0.7134357690811157
vn 7.098202559063793e-7 0.4954337179660797 -0.8686457872390747
vn -0.3560445308685303 0.3589145541191101 -0.862793505191803
vn 7.098202559063793e-7 0.4954337179660797 -0.8686457872390747
vn -0.5101844668388367 0.48033446073532104 -0.7134357690811157
vn -0.016076192259788513 0.6298068761825562 -0.7765854001045227
vn -0.5356332659721375 0.517538845539093 -0.6672709584236145
vn -0.016076192259788513 0.6298068761825562 -0.7765854001045227
vn -0.5101844668388367 0.48033446073532104 -0.7134357690811157
vn -8.202010803870508e-7 0.0996968001127243 -0.9950178861618042
vn -0.35915106534957886 -0.17880302667617798 -0.9159913063049316
vn -0.4845072627067566 0.08916980773210526 -0.8702306747436523
vn -8.202010803870508e-7 0.0996968001127243 -0.9950178861618042
vn -8.459650757686177e-7 -0.3132721185684204 -0.9496634006500244
vn -0.35915106534957886 -0.17880302667617798 -0.9159913063049316
vn -0.5441335439682007 -0.4038539230823517 -0.7354050874710083
vn -0.4845072627067566 0.08916980773210526 -0.8702306747436523
vn -0.35915106534957886 -0.17880302667617798 -0.9159913063049316
vn -0.4845072627067566 0.08916980773210526 -0.8702306747436523
vn -0.5441335439682007 -0.4038539230823517 -0.7354050874710083
vn -0.7093610167503357 0.0648670345544815 -0.7018541693687439
vn -0.6512206196784973 -0.4433823823928833 -0.6158925890922546
vn -0.7093610167503357 0.0648670345544815 -0.7018541693687439
vn -0.5441335439682007 -0.4038539230823517 -0.7354050874710083
vn -0.7093610167503357 0.0648670345544815 -0.7018541693687439
vn -0.6512206196784973 -0.4433823823928833 -0.6158925890922546
vn -0.7769668698310852 0.06161173805594444 -0.6265193819999695
vn -0.7769668698310852 0.06161173805594444 -0.6265193819999695
vn -0.5101844668388367 0.48033446073532104 -0.7134357690811157
vn -0.7093610167503357 0.0648670345544815 -0.7018541693687439
vn -0.5101844668388367 0.48033446073532104 -0.7134357690811157
vn -0.7769668698310852 0.06161173805594444 -0.6265193819999695
vn -0.5356332659721375 0.517538845539093 -0.6672709584236145
vn -0.5441335439682007 -0.4038539230823517 -0.7354050874710083
vn 0.016506055369973183 -0.691940188407898 -0.7217660546302795
vn -0.6512206196784973 -0.4433823823928833 -0.6158925890922546
vn 0.016506055369973183 -0.691940188407898 -0.7217660546302795
vn -0.5441335439682007 -0.4038539230823517 -0.7354050874710083
vn 0.014762790873646736 -0.5876200199127197 -0.8090022802352905
vn 0.014762790873646736 -0.5876200199127197 -0.8090022802352905
vn -0.35915106534957886 -0.17880302667617798 -0.9159913063049316
vn -8.459650757686177e-7 -0.3132721185684204 -0.9496634006500244
vn -0.35915106534957886 -0.17880302667617798 -0.9159913063049316
vn 0.014762790873646736 -0.5876200199127197 -0.8090022802352905
vn -0.5441335439682007 -0.4038539230823517 -0.7354050874710083
vn -0.7093610167503357 0.0648670345544815 -0.7018541693687439
vn -0.3560445308685303 0.3589145541191101 -0.862793505191803
vn -0.4845072627067566 0.08916980773210526 -0.8702306747436523
vn -0.3560445308685303 0.3589145541191101 -0.862793505191803
vn -0.7093610167503357 0.0648670345544815 -0.7018541693687439
vn -0.5101844668388367 0.48033446073532104 -0.7134357690811157
vn -0.016076192259788513 0.6298068761825562 -0.7765854001045227
vn -0.5356332659721375 0.517538845539093 -0.6672709584236145
vn -0.01470260601490736 0.6524753570556641 -0.7576672434806824
vn 0.4420342445373535 0.08509740978479385 -0.8929525017738342
vn 0.4650401473045349 0.37892478704452515 -0.8000960350036621
vn 0.6518839001655579 0.06730157881975174 -0.7553263306617737
vn 0.4650401473045349 0.37892478704452515 -0.8000960350036621
vn 0.4420342445373535 0.08509740978479385 -0.8929525017738342
vn 0.3173666000366211 0.28252387046813965 -0.9052395820617676
vn 0.3173666000366211 0.28252387046813965 -0.9052395820617676
vn -6.948648092475196e-7 0.5007087588310242 -0.8656157851219177
vn 0.4650401473045349 0.37892478704452515 -0.8000960350036621
vn -6.948648092475196e-7 0.5007087588310242 -0.8656157851219177
vn 0.3173666000366211 0.28252387046813965 -0.9052395820617676
vn -4.7000258973639575e-7 0.41704612970352173 -0.9088853001594543
vn 0.47566306591033936 -0.24772725999355316 -0.8440236449241638
vn 0.4420342445373535 0.08509740978479385 -0.8929525017738342
vn 0.6518839001655579 0.06730157881975174 -0.7553263306617737
vn 0.4420342445373535 0.08509740978479385 -0.8929525017738342
vn 0.47566306591033936 -0.24772725999355316 -0.8440236449241638
vn 0.3115191161632538 -0.09202338755130768 -0.9457735419273376
vn -6.702409223180439e-7 -0.3698374629020691 -0.9290964603424072
vn 0.3115191161632538 -0.09202338755130768 -0.9457735419273376
vn 0.47566306591033936 -0.24772725999355316 -0.8440236449241638
vn 0.3115191161632538 -0.09202338755130768 -0.9457735419273376
vn -6.702409223180439e-7 -0.3698374629020691 -0.9290964603424072
vn -0.0000013813643136018072 -0.21969567239284515 -0.975568413734436
vn 0.6828840374946594 0.5502883791923523 -0.4804708659648895
vn 0.6518839001655579 0.06730157881975174 -0.7553263306617737
vn 0.4650401473045349 0.37892478704452515 -0.8000960350036621
vn 0.6518839001655579 0.06730157881975174 -0.7553263306617737
vn 0.6828840374946594 0.5502883791923523 -0.4804708659648895
vn 0.9141293168067932 0.011406480334699154 -0.40526217222213745
vn 0.4650401473045349 0.37892478704452515 -0.8000960350036621
vn -4.216663000988774e-7 0.7774099111557007 -0.628994345664978
vn 0.6828840374946594 0.5502883791923523 -0.4804708659648895
vn -4.216663000988774e-7 0.7774099111557007 -0.628994345664978
vn 0.4650401473045349 0.37892478704452515 -0.8000960350036621
vn -6.948648092475196e-7 0.5007087588310242 -0.8656157851219177
vn -0.46504101157188416 0.3789254128932953 -0.80009526014328
vn -4.216663000988774e-7 0.7774099111557007 -0.628994345664978
vn -6.948648092475196e-7 0.5007087588310242 -0.8656157851219177
vn -4.216663000988774e-7 0.7774099111557007 -0.628994345664978
vn -0.46504101157188416 0.3789254128932953 -0.80009526014328
vn -0.6787758469581604 0.5527957081794739 -0.4834047555923462
vn 0.47566306591033936 -0.24772725999355316 -0.8440236449241638
vn -7.543039259871875e-7 -0.7333835959434509 -0.6798150539398193
vn -6.702409223180439e-7 -0.3698374629020691 -0.9290964603424072
vn -7.543039259871875e-7 -0.7333835959434509 -0.6798150539398193
vn 0.47566306591033936 -0.24772725999355316 -0.8440236449241638
vn 0.6850119829177856 -0.510319709777832 -0.5199350118637085
vn 0.6850119829177856 -0.510319709777832 -0.5199350118637085
vn 0.6518839001655579 0.06730157881975174 -0.7553263306617737
vn 0.9141293168067932 0.011406480334699154 -0.40526217222213745
vn 0.6518839001655579 0.06730157881975174 -0.7553263306617737
vn 0.6850119829177856 -0.510319709777832 -0.5199350118637085
vn 0.47566306591033936 -0.24772725999355316 -0.8440236449241638
vn 0.6828840374946594 0.5502883791923523 -0.4804708659648895
vn 0.974998950958252 0.005157141946256161 -0.22214968502521515
vn 0.9141293168067932 0.011406480334699154 -0.40526217222213745
vn 0.974998950958252 0.005157141946256161 -0.22214968502521515
vn 0.6850119829177856 -0.510319709777832 -0.5199350118637085
vn 0.9141293168067932 0.011406480334699154 -0.40526217222213745
vn 0.974998950958252 0.005157141946256161 -0.22214968502521515
vn 0.6828840374946594 0.5502883791923523 -0.4804708659648895
vn 0.7427477240562439 0.6058102250099182 -0.28516626358032227
vn 0.6828840374946594 0.5502883791923523 -0.4804708659648895
vn 0 0.9021808505058289 -0.4313580393791199
vn 0.7427477240562439 0.6058102250099182 -0.28516626358032227
vn 0 0.9021808505058289 -0.4313580393791199
vn 0.6828840374946594 0.5502883791923523 -0.4804708659648895
vn -4.216663000988774e-7 0.7774099111557007 -0.628994345664978
vn 0.6850119829177856 -0.510319709777832 -0.5199350118637085
vn -5.106961111778219e-7 -0.8899095058441162 -0.4561370611190796
vn -7.543039259871875e-7 -0.7333835959434509 -0.6798150539398193
vn -5.106961111778219e-7 -0.8899095058441162 -0.4561370611190796
vn 0.6850119829177856 -0.510319709777832 -0.5199350118637085
vn 0.7538948655128479 -0.5831076502799988 -0.3027011454105377
vn 0.6850119829177856 -0.510319709777832 -0.5199350118637085
vn 0.974998950958252 0.005157141946256161 -0.22214968502521515
vn 0.7538948655128479 -0.5831076502799988 -0.3027011454105377
vn -6.948648092475196e-7 0.5007087588310242 -0.8656157851219177
vn -0.31737077236175537 0.282524973154068 -0.9052377939224243
vn -0.46504101157188416 0.3789254128932953 -0.80009526014328
vn -0.31737077236175537 0.282524973154068 -0.9052377939224243
vn -6.948648092475196e-7 0.5007087588310242 -0.8656157851219177
vn -4.7000258973639575e-7 0.41704612970352173 -0.9088853001594543
vn -0.442034512758255 0.08509818464517593 -0.8929523229598999
vn -0.46504101157188416 0.3789254128932953 -0.80009526014328
vn -0.31737077236175537 0.282524973154068 -0.9052377939224243
vn -0.46504101157188416 0.3789254128932953 -0.80009526014328
vn -0.442034512758255 0.08509818464517593 -0.8929523229598999
vn -0.6518850922584534 0.06730189919471741 -0.7553253173828125
vn -0.442034512758255 0.08509818464517593 -0.8929523229598999
vn -0.4756632149219513 -0.2477262318134308 -0.8440238237380981
vn -0.6518850922584534 0.06730189919471741 -0.7553253173828125
vn -0.4756632149219513 -0.2477262318134308 -0.8440238237380981
vn -0.442034512758255 0.08509818464517593 -0.8929523229598999
vn -0.311516135931015 -0.09202034771442413 -0.9457747936248779
vn -0.311516135931015 -0.09202034771442413 -0.9457747936248779
vn -6.702409223180439e-7 -0.3698374629020691 -0.9290964603424072
vn -0.4756632149219513 -0.2477262318134308 -0.8440238237380981
vn -6.702409223180439e-7 -0.3698374629020691 -0.9290964603424072
vn -0.311516135931015 -0.09202034771442413 -0.9457747936248779
vn -0.0000013813643136018072 -0.21969567239284515 -0.975568413734436
vn -0.6518850922584534 0.06730189919471741 -0.7553253173828125
vn -0.6787758469581604 0.5527957081794739 -0.4834047555923462
vn -0.46504101157188416 0.3789254128932953 -0.80009526014328
vn -0.6787758469581604 0.5527957081794739 -0.4834047555923462
vn -0.6518850922584534 0.06730189919471741 -0.7553253173828125
vn -0.9123661518096924 0.010107435286045074 -0.40925031900405884
vn -0.6518850922584534 0.06730189919471741 -0.7553253173828125
vn -0.6829841136932373 -0.5113333463668823 -0.5216041207313538
vn -0.9123661518096924 0.010107435286045074 -0.40925031900405884
vn -0.6829841136932373 -0.5113333463668823 -0.5216041207313538
vn -0.6518850922584534 0.06730189919471741 -0.7553253173828125
vn -0.4756632149219513 -0.2477262318134308 -0.8440238237380981
vn -0.4756632149219513 -0.2477262318134308 -0.8440238237380981
vn -7.543039259871875e-7 -0.7333835959434509 -0.6798150539398193
vn -0.6829841136932373 -0.5113333463668823 -0.5216041207313538
vn -7.543039259871875e-7 -0.7333835959434509 -0.6798150539398193
vn -0.4756632149219513 -0.2477262318134308 -0.8440238237380981
vn -6.702409223180439e-7 -0.3698374629020691 -0.9290964603424072
vn -0.9123661518096924 0.010107435286045074 -0.40925031900405884
vn -0.7399188876152039 0.6115133166313171 -0.2803061306476593
vn -0.6787758469581604 0.5527957081794739 -0.4834047555923462
vn 0 0.9021808505058289 -0.4313580393791199
vn -0.6787758469581604 0.5527957081794739 -0.4834047555923462
vn -0.7399188876152039 0.6115133166313171 -0.2803061306476593
vn -0.6787758469581604 0.5527957081794739 -0.4834047555923462
vn 0 0.9021808505058289 -0.4313580393791199
vn -4.216663000988774e-7 0.7774099111557007 -0.628994345664978
vn -0.7399188876152039 0.6115133166313171 -0.2803061306476593
vn -0.9123661518096924 0.010107435286045074 -0.40925031900405884
vn -0.9769756197929382 0.0018124604830518365 -0.21334324777126312
vn -0.9123661518096924 0.010107435286045074 -0.40925031900405884
vn -0.7518498301506042 -0.5871439576148987 -0.2999730706214905
vn -0.9769756197929382 0.0018124604830518365 -0.21334324777126312
vn -0.7518498301506042 -0.5871439576148987 -0.2999730706214905
vn -0.9123661518096924 0.010107435286045074 -0.40925031900405884
vn -0.6829841136932373 -0.5113333463668823 -0.5216041207313538
vn -0.6829841136932373 -0.5113333463668823 -0.5216041207313538
vn -5.106961111778219e-7 -0.8899095058441162 -0.4561370611190796
vn -0.7518498301506042 -0.5871439576148987 -0.2999730706214905
vn -5.106961111778219e-7 -0.8899095058441162 -0.4561370611190796
vn -0.6829841136932373 -0.5113333463668823 -0.5216041207313538
vn -7.543039259871875e-7 -0.7333835959434509 -0.6798150539398193
vn -3.749514689843636e-7 -0.339001327753067 -0.9407859444618225
vn -5.757725602961727e-7 -0.6604138612747192 -0.7509018182754517
vn -4.960084538652154e-7 -0.6954190135002136 -0.718604564666748
vn -5.757725602961727e-7 -0.6604138612747192 -0.7509018182754517
vn -3.749514689843636e-7 -0.339001327753067 -0.9407859444618225
vn -5.113910788168141e-7 -0.33900099992752075 -0.9407860040664673
vn -9.178182835967164e-7 -0.3390011191368103 -0.9407860040664673
vn -5.757725602961727e-7 -0.6604138612747192 -0.7509018182754517
vn -5.113910788168141e-7 -0.33900099992752075 -0.9407860040664673
vn -5.757725602961727e-7 -0.6604138612747192 -0.7509018182754517
vn -9.178182835967164e-7 -0.3390011191368103 -0.9407860040664673
vn -6.836832540102478e-7 -0.6954190731048584 -0.7186044454574585
vn -2.77923760449994e-7 -0.9360643625259399 -0.35182884335517883
vn -4.960084538652154e-7 -0.6954190135002136 -0.718604564666748
vn -5.757725602961727e-7 -0.6604138612747192 -0.7509018182754517
vn -6.836832540102478e-7 -0.6954190731048584 -0.7186044454574585
vn -2.77923760449994e-7 -0.9360643625259399 -0.35182884335517883
vn -5.757725602961727e-7 -0.6604138612747192 -0.7509018182754517
vn -4.960084538652154e-7 -0.6954190135002136 -0.718604564666748
vn -2.77923760449994e-7 -0.9360643625259399 -0.35182884335517883
vn 0 -0.9419072866439819 -0.33587297797203064
vn -2.77923760449994e-7 -0.9360643625259399 -0.35182884335517883
vn 0 -0.989986002445221 -0.14116574823856354
vn 0 -0.9419072866439819 -0.33587297797203064
vn 0 -0.989986002445221 -0.14116574823856354
vn -2.77923760449994e-7 -0.9360643625259399 -0.35182884335517883
vn -2.808434373946511e-7 -0.9875032305717468 -0.15759877860546112
vn -5.585413873632206e-7 -0.9419072866439819 -0.335873007774353
vn -2.808434373946511e-7 -0.9875032305717468 -0.15759877860546112
vn -2.77923760449994e-7 -0.9360643625259399 -0.35182884335517883
vn -2.77923760449994e-7 -0.9360643625259399 -0.35182884335517883
vn -6.836832540102478e-7 -0.6954190731048584 -0.7186044454574585
vn -5.585413873632206e-7 -0.9419072866439819 -0.335873007774353
vn -2.808434373946511e-7 -0.9875032305717468 -0.15759877860546112
vn -5.585413873632206e-7 -0.9419072866439819 -0.335873007774353
vn -4.5681355231863563e-7 -0.989986002445221 -0.14116574823856354
vn -2.808434373946511e-7 -0.9875032305717468 -0.15759877860546112
vn 0 -0.997453510761261 -0.07131997495889664
vn 0 -0.989986002445221 -0.14116574823856354
vn 0 -0.997453510761261 -0.07131997495889664
vn -2.808434373946511e-7 -0.9875032305717468 -0.15759877860546112
vn -2.0146471513271536e-7 -0.997453510761261 -0.07131993770599365
vn -4.5681355231863563e-7 -0.989986002445221 -0.14116574823856354
vn -2.0146471513271536e-7 -0.997453510761261 -0.07131993770599365
vn -2.808434373946511e-7 -0.9875032305717468 -0.15759877860546112
vn -2.0146471513271536e-7 -0.997453510761261 -0.07131993770599365
vn -4.5681355231863563e-7 -0.989986002445221 -0.14116574823856354
vn -2.492471082859993e-7 -0.997453510761261 -0.07131978869438171
vn -0.9610307216644287 0.020863380283117294 -0.2756531536579132
vn -0.9507777094841003 0.10074955224990845 -0.2930380702018738
vn -0.9684709906578064 0.04790544882416725 -0.24447715282440186
vn -0.9610307216644287 0.020863380283117294 -0.2756531536579132
vn -0.9684709906578064 0.04790544882416725 -0.24447715282440186
vn -0.9632999300956726 -0.0022691802587360144 -0.2684178352355957
vn -0.9632999300956726 -0.0022691802587360144 -0.2684178352355957
vn -0.9550783038139343 -0.0012677836930379272 -0.2963508665561676
vn -0.9610307216644287 0.020863380283117294 -0.2756531536579132
vn -0.9550783038139343 -0.0012677836930379272 -0.2963508665561676
vn -0.9632999300956726 -0.0022691802587360144 -0.2684178352355957
vn -0.955115795135498 0 -0.29623278975486755
vn -0.955115795135498 0 -0.29623278975486755
vn -0.9592094421386719 0 -0.28269627690315247
vn -0.9550783038139343 -0.0012677836930379272 -0.2963508665561676
vn -0.9592094421386719 0 -0.28269627690315247
vn -0.955115795135498 0 -0.29623278975486755
vn -0.9592095017433167 0 -0.28269627690315247
vn 0.9554381966590881 0 -0.2951911687850952
vn 0.9592084884643555 0 -0.2826996445655823
vn 0.9553711414337158 -0.001125392154790461 -0.2954060733318329
vn 0.9592084884643555 0 -0.2826996445655823
vn 0.9554381966590881 0 -0.2951911687850952
vn 0.9592084884643555 0 -0.2826996445655823
vn 0.9553711414337158 -0.001125392154790461 -0.2954060733318329
vn 0.9606460332870483 0.022251108661293983 -0.27688276767730713
vn 0.9554381966590881 0 -0.2951911687850952
vn 0.9606460332870483 0.022251108661293983 -0.27688276767730713
vn 0.9553711414337158 -0.001125392154790461 -0.2954060733318329
vn 0.9627430438995361 -0.004071113187819719 -0.2703872621059418
vn 0.9606460332870483 0.022251108661293983 -0.27688276767730713
vn 0.9627430438995361 -0.004071113187819719 -0.2703872621059418
vn 0.9684701561927795 0.047905921936035156 -0.2444801777601242
vn 0.9606460332870483 0.022251108661293983 -0.27688276767730713
vn 0.9684701561927795 0.047905921936035156 -0.2444801777601242
vn 0.9507767558097839 0.10075007379055023 -0.29304108023643494
vn 0 -1 0
vn 0 -1 0
vn 0 -1 0
vn 0 -1 0
vn 0 -1 0
vn 0 -1 0
vn 0 -1 0
vn 0 -1 0
vn 0 -1 0
vn 0 -1 0
vn 0 -1 0
vn 0 -1 0
vn 0 -1 0
vn 0 -1 0
vn 0 -1 0
vn 0 -1 0
vn 0 -1 0
vn 0 -1 0
vn 0 -1 0
vn 0 -1 0
vn 0 -1 0
vn 0 -1 0
vn 0 -1 0
vn 0 -1 0
vn -0.9512221813201904 0 0.30850672721862793
vn -0.9512221813201904 0 0.30850672721862793
vn -0.9512221813201904 0 0.30850672721862793
vn -0.9512221813201904 0 0.30850672721862793
vn -0.9512221813201904 0 0.30850672721862793
vn -0.9512221813201904 0 0.30850672721862793
vn 0.22054678201675415 0 0.9753763675689697
vn 0.16851581633090973 0 0.985698938369751
vn 0.16851583123207092 0 0.985698938369751
vn 0.16851581633090973 0 0.985698938369751
vn 0.22054678201675415 0 0.9753763675689697
vn 0.22054678201675415 0 0.9753763675689697
vn 0 0 1
vn 0.16851583123207092 0 0.985698938369751
vn 0.16851581633090973 0 0.985698938369751
vn 0.16851583123207092 0 0.985698938369751
vn 0 0 1
vn 0 0 1
vn -0.1685139685869217 0 0.9856992959976196
vn 0 0 1
vn 0 0 1
vn 0 0 1
vn -0.1685139685869217 0 0.9856992959976196
vn -0.1685139685869217 0 0.9856992959976196
vn -0.22054307162761688 0 0.9753772020339966
vn -0.1685139685869217 0 0.9856992959976196
vn -0.1685139685869217 0 0.9856992959976196
vn -0.1685139685869217 0 0.9856992959976196
vn -0.22054307162761688 0 0.9753772020339966
vn -0.2205430418252945 0 0.9753772020339966
vn 0.9512224793434143 0 0.30850574374198914
vn 0.9512224793434143 0 0.30850574374198914
vn 0.9512224793434143 0 0.30850574374198914
vn 0.9512224793434143 0 0.30850574374198914
vn 0.9512224793434143 0 0.30850574374198914
vn 0.9512224793434143 0 0.30850574374198914
vn 0.3157292604446411 0 -0.9488493204116821
vn 0.23750627040863037 0 -0.9713860154151917
vn 0.23750627040863037 0 -0.9713860154151917
vn 0.23750627040863037 0 -0.9713860154151917
vn 0.3157292604446411 0 -0.9488493204116821
vn 0.3157292604446411 0 -0.9488493204116821
vn 0 0 -1
vn 0.23750627040863037 0 -0.9713860154151917
vn 0.23750627040863037 0 -0.9713860154151917
vn 0.23750627040863037 0 -0.9713860154151917
vn 0 0 -1
vn 0 0 -1
vn -0.23750773072242737 0 -0.971385657787323
vn 0 0 -1
vn 0 0 -1
vn 0 0 -1
vn -0.23750773072242737 0 -0.971385657787323
vn -0.23750773072242737 0 -0.971385657787323
vn -0.3157319724559784 0 -0.9488484263420105
vn -0.23750773072242737 0 -0.971385657787323
vn -0.23750773072242737 0 -0.971385657787323
vn -0.23750773072242737 0 -0.971385657787323
vn -0.3157319724559784 0 -0.9488484263420105
vn -0.3157319724559784 0 -0.9488484263420105
vn 0.9835693836212158 0.18053066730499268 0
vn 0.888592004776001 0.4586985111236572 -3.430757828937203e-7
vn 0.9215368628501892 0.3882909119129181 0
vn 0.9835693836212158 0.18053066730499268 0
vn 0.9215368628501892 0.3882909119129181 0
vn 0.8885921239852905 0.45869818329811096 0
vn 0.888592004776001 0.4586985111236572 -3.430757828937203e-7
vn 0.5896406173706055 0.8076658248901367 -3.7916726114417543e-7
vn 0.9215368628501892 0.3882909119129181 0
vn 0.5896406173706055 0.8076658248901367 -3.7916726114417543e-7
vn 0.8885921239852905 0.45869818329811096 0
vn 0.9215368628501892 0.3882909119129181 0
vn 0.5896406173706055 0.8076658248901367 -3.7916726114417543e-7
vn 0.888592004776001 0.4586985111236572 -3.430757828937203e-7
vn 0.5038637518882751 0.8637831807136536 -5.792394972559123e-7
vn 0.5038637518882751 0.8637831807136536 -5.792394972559123e-7
vn 0.1764145940542221 0.9843159914016724 -2.123337026205263e-7
vn 0.5896406173706055 0.8076658248901367 -3.7916726114417543e-7
vn 0.1764145940542221 0.9843159914016724 -2.123337026205263e-7
vn 0.5038637518882751 0.8637831807136536 -5.792394972559123e-7
vn 0.14120222628116608 0.9899807572364807 -1.8368695009485236e-7
vn 0.1764145940542221 0.9843159914016724 -2.123337026205263e-7
vn 0.5038636326789856 0.8637831807136536 -3.193609643403761e-7
vn 0.5896406173706055 0.8076658248901367 -3.7916726114417543e-7
vn 0.8885921239852905 0.45869818329811096 0
vn 0.5896406173706055 0.8076658248901367 -3.7916726114417543e-7
vn 0.5038636326789856 0.8637831807136536 -3.193609643403761e-7
vn 0.5038636326789856 0.8637831807136536 -3.193609643403761e-7
vn 0.1764145940542221 0.9843159914016724 -2.123337026205263e-7
vn 0.14120206236839294 0.9899807572364807 0
vn 0.14120222628116608 0.9899807572364807 -1.8368695009485236e-7
vn -0.2828578054904938 0.9591618180274963 2.4923858177317015e-7
vn 0.1764145940542221 0.9843159914016724 -2.123337026205263e-7
vn -0.2828578054904938 0.9591618180274963 2.4923858177317015e-7
vn 0.14120206236839294 0.9899807572364807 0
vn 0.1764145940542221 0.9843159914016724 -2.123337026205263e-7
vn -0.2828578054904938 0.9591618180274963 2.4923858177317015e-7
vn 0.14120222628116608 0.9899807572364807 -1.8368695009485236e-7
vn -0.3197804093360901 0.947192370891571 0.02381395921111107
vn -0.3197804093360901 0.947192370891571 0.02381395921111107
vn -0.5529254078865051 0.83323073387146 4.770988653035602e-7
vn -0.2828578054904938 0.9591618180274963 2.4923858177317015e-7
vn -0.5529254078865051 0.83323073387146 4.770988653035602e-7
vn -0.3197804093360901 0.947192370891571 0.02381395921111107
vn -0.522172749042511 0.8508021831512451 0.0589170828461647
vn -0.5529254078865051 0.83323073387146 4.770988653035602e-7
vn -0.31978052854537964 0.9471923112869263 -0.023813415318727493
vn -0.2828578054904938 0.9591618180274963 2.4923858177317015e-7
vn 0.14120206236839294 0.9899807572364807 0
vn -0.2828578054904938 0.9591618180274963 2.4923858177317015e-7
vn -0.31978052854537964 0.9471923112869263 -0.023813415318727493
vn -0.31978052854537964 0.9471923112869263 -0.023813415318727493
vn -0.5529254078865051 0.83323073387146 4.770988653035602e-7
vn -0.5221728682518005 0.8508021831512451 -0.058916207402944565
vn -0.9532967805862427 0.3020350933074951 -3.9332542201009346e-7
vn -0.8253149390220642 0.5646726489067078 6.129112080088817e-7
vn -0.9255914092063904 0.37852415442466736 0.000001009131665341556
vn -0.9988793730735779 0.04732879251241684 1.7837743371273973e-7
vn -0.9532967805862427 0.3020350933074951 -3.9332542201009346e-7
vn -0.9255914092063904 0.37852415442466736 0.000001009131665341556
vn -0.9532967805862427 0.3020350933074951 -3.9332542201009346e-7
vn -0.9988793730735779 0.04732879251241684 1.7837743371273973e-7
vn -0.999532163143158 0.03058570995926857 0
vn -0.9532968401908875 0.30203497409820557 0.000001391109208270791
vn -0.9988793730735779 0.04732879251241684 1.7837743371273973e-7
vn -0.9255914092063904 0.37852415442466736 0.000001009131665341556
vn -0.8253149390220642 0.5646726489067078 6.129112080088817e-7
vn -0.9532968401908875 0.30203497409820557 0.000001391109208270791
vn -0.9255914092063904 0.37852415442466736 0.000001009131665341556
vn -0.9532968401908875 0.30203497409820557 0.000001391109208270791
vn -0.8253149390220642 0.5646726489067078 6.129112080088817e-7
vn -0.9999489784240723 -0.010103955864906311 0.0000026666082248993916
vn -0.9988793730735779 0.04732879251241684 1.7837743371273973e-7
vn -0.9532968401908875 0.30203497409820557 0.000001391109208270791
vn -0.999532163143158 0.030585376545786858 2.7729637963602727e-7
vn -0.9999489784240723 -0.010103955864906311 0.0000026666082248993916
vn -0.9415056109428406 -0.33699727058410645 3.2441914754599566e-7
vn -0.9532968401908875 0.30203497409820557 0.000001391109208270791
vn -0.9415056109428406 -0.33699727058410645 3.2441914754599566e-7
vn -0.9999489784240723 -0.010103955864906311 0.0000026666082248993916
vn -0.9344297051429749 -0.35614773631095886 7.233111318782903e-7
vn -0.9344297051429749 -0.35614773631095886 7.233111318782903e-7
vn -0.8066301941871643 -0.5910564661026001 0.000002919719690908096
vn -0.9415056109428406 -0.33699727058410645 3.2441914754599566e-7
vn -0.8066301941871643 -0.5910564661026001 0.000002919719690908096
vn -0.9344297051429749 -0.35614773631095886 7.233111318782903e-7
vn -0.7324334979057312 -0.6808385252952576 0.000002821650014084298
vn -0.8524112701416016 -0.5228718519210815 8.44553596834885e-7
vn -0.999532163143158 0.03058570995926857 0
vn -0.9988793730735779 0.04732879251241684 1.7837743371273973e-7
vn -0.999532163143158 0.030585376545786858 2.7729637963602727e-7
vn -0.8524112701416016 -0.5228718519210815 8.44553596834885e-7
vn -0.9988793730735779 0.04732879251241684 1.7837743371273973e-7
vn -0.999532163143158 0.03058570995926857 0
vn -0.8524112701416016 -0.5228718519210815 8.44553596834885e-7
vn -0.8216411471366882 -0.5700050592422485 9.343509645987069e-7
vn -0.4269314110279083 -0.9042840003967285 9.905819524647086e-7
vn -0.8216411471366882 -0.5700050592422485 9.343509645987069e-7
vn -0.8524112701416016 -0.5228718519210815 8.44553596834885e-7
vn -0.8216411471366882 -0.5700050592422485 9.343509645987069e-7
vn -0.4269314110279083 -0.9042840003967285 9.905819524647086e-7
vn -0.4083173871040344 -0.9128400087356567 0.0000013811463759338949
vn -0.8216410875320435 -0.5700051784515381 0.0000011003746749338461
vn -0.4269314110279083 -0.9042840003967285 9.905819524647086e-7
vn -0.8524112701416016 -0.5228718519210815 8.44553596834885e-7
vn -0.8524112701416016 -0.5228718519210815 8.44553596834885e-7
vn -0.999532163143158 0.030585376545786858 2.7729637963602727e-7
vn -0.8216410875320435 -0.5700051784515381 0.0000011003746749338461
vn -0.4269314110279083 -0.9042840003967285 9.905819524647086e-7
vn -0.8216410875320435 -0.5700051784515381 0.0000011003746749338461
vn -0.40831711888313293 -0.9128401279449463 3.49981434055735e-7
vn -0.20893633365631104 -0.9779292941093445 5.683253334609617e-7
vn -0.4083173871040344 -0.9128400087356567 0.0000013811463759338949
vn -0.4269314110279083 -0.9042840003967285 9.905819524647086e-7
vn -0.40831711888313293 -0.9128401279449463 3.49981434055735e-7
vn -0.20893633365631104 -0.9779292941093445 5.683253334609617e-7
vn -0.4269314110279083 -0.9042840003967285 9.905819524647086e-7
vn -0.4083173871040344 -0.9128400087356567 0.0000013811463759338949
vn -0.20893633365631104 -0.9779292941093445 5.683253334609617e-7
vn -0.18215084075927734 -0.9832706451416016 5.860409260094457e-7
vn -0.04539317637681961 -0.9989691972732544 0
vn -0.18215084075927734 -0.9832706451416016 5.860409260094457e-7
vn -0.20893633365631104 -0.9779292941093445 5.683253334609617e-7
vn -0.18215084075927734 -0.9832706451416016 5.860409260094457e-7
vn -0.04539317637681961 -0.9989691972732544 0
vn -0.05374367907643318 -0.9985547661781311 0
vn -0.05374367907643318 -0.9985547661781311 0
vn -0.04539317637681961 -0.9989691972732544 0
vn -3.8654482636957255e-7 -1 0
vn -0.20893633365631104 -0.9779292941093445 5.683253334609617e-7
vn -0.053743328899145126 -0.9985548257827759 0
vn -0.04539317637681961 -0.9989691972732544 0
vn -0.04539317637681961 -0.9989691972732544 0
vn -0.053743328899145126 -0.9985548257827759 0
vn -3.8654482636957255e-7 -1 0
vn -0.053743328899145126 -0.9985548257827759 0
vn -0.20893633365631104 -0.9779292941093445 5.683253334609617e-7
vn -0.18215034902095795 -0.9832707047462463 0
vn -0.20893633365631104 -0.9779292941093445 5.683253334609617e-7
vn -0.40831711888313293 -0.9128401279449463 3.49981434055735e-7
vn -0.18215034902095795 -0.9832707047462463 0
vn -0.051122598350048065 0.5667062401771545 0.8223323225975037
vn -0.038629960268735886 0.5225013494491577 0.8517628908157349
vn -0.04136207327246666 0.5278470516204834 0.8483316898345947
vn -0.038629960268735886 0.5225013494491577 0.8517628908157349
vn -0.1534494310617447 0.5012414455413818 0.8515927791595459
vn -0.04136207327246666 0.5278470516204834 0.8483316898345947
vn -0.1534494310617447 0.5012414455413818 0.8515927791595459
vn -0.038629960268735886 0.5225013494491577 0.8517628908157349
vn -0.010890713892877102 0.43862223625183105 0.8986055254936218
vn -0.1534494310617447 0.5012414455413818 0.8515927791595459
vn -0.010890713892877102 0.43862223625183105 0.8986055254936218
vn -0.14112168550491333 0.38181841373443604 0.913399875164032
vn -0.14112168550491333 0.38181841373443604 0.913399875164032
vn -0.2390972524881363 0.3736251890659332 0.8962347507476807
vn -0.1534494310617447 0.5012414455413818 0.8515927791595459
vn -0.2390972524881363 0.3736251890659332 0.8962347507476807
vn -0.14112168550491333 0.38181841373443604 0.913399875164032
vn -0.21974748373031616 0.32625630497932434 0.9193844795227051
vn -0.21974748373031616 0.32625630497932434 0.9193844795227051
vn -0.40509819984436035 0.3261486291885376 0.8541209101676941
vn -0.2390972524881363 0.3736251890659332 0.8962347507476807
vn -0.40509819984436035 0.3261486291885376 0.8541209101676941
vn -0.21974748373031616 0.32625630497932434 0.9193844795227051
vn -0.3069503903388977 0.3834342360496521 0.8710680603981018
vn -0.5258575081825256 0.2113974392414093 0.823884129524231
vn -0.40509819984436035 0.3261486291885376 0.8541209101676941
vn -0.3069503903388977 0.3834342360496521 0.8710680603981018
vn -0.40509819984436035 0.3261486291885376 0.8541209101676941
vn -0.5258575081825256 0.2113974392414093 0.823884129524231
vn -0.62197345495224 0.08095414191484451 0.7788423895835876
vn -0.40509819984436035 0.3261486291885376 0.8541209101676941
vn -0.62197345495224 0.08095414191484451 0.7788423895835876
vn -0.6340306997299194 0.2687707543373108 0.725098192691803
vn -0.6340306997299194 0.2687707543373108 0.725098192691803
vn -0.6116145253181458 0.40911489725112915 0.6771652102470398
vn -0.40509819984436035 0.3261486291885376 0.8541209101676941
vn -0.6116145253181458 0.40911489725112915 0.6771652102470398
vn -0.6340306997299194 0.2687707543373108 0.725098192691803
vn -0.6782211661338806 0.35709455609321594 0.642261266708374
vn -0.42326024174690247 0.3671242594718933 -0.8282937407493591
vn -0.23128129541873932 0.37819769978523254 -0.8963679671287537
vn -0.3081664443016052 0.3391762971878052 -0.8888154029846191
vn -0.23128129541873932 0.37819769978523254 -0.8963679671287537
vn -0.42326024174690247 0.3671242594718933 -0.8282937407493591
vn -0.3534982204437256 0.36062684655189514 -0.8631264567375183
vn -0.23128129541873932 0.37819769978523254 -0.8963679671287537
vn -0.13835836946964264 0.4314100742340088 -0.8914832472801208
vn -0.3081664443016052 0.3391762971878052 -0.8888154029846191
vn -0.13835836946964264 0.4314100742340088 -0.8914832472801208
vn -0.23128129541873932 0.37819769978523254 -0.8963679671287537
vn -0.04639706015586853 0.40678319334983826 -0.9123457670211792
vn -0.13835836946964264 0.4314100742340088 -0.8914832472801208
vn -0.04639706015586853 0.40678319334983826 -0.9123457670211792
vn -0.010892140679061413 0.4386218190193176 -0.8986057043075562
vn -0.03863155469298363 0.5225012898445129 -0.8517628908157349
vn -0.13835836946964264 0.4314100742340088 -0.8914832472801208
vn -0.010892140679061413 0.4386218190193176 -0.8986057043075562
vn -0.13835836946964264 0.4314100742340088 -0.8914832472801208
vn -0.03863155469298363 0.5225012898445129 -0.8517628908157349
vn -0.04136372730135918 0.5278468132019043 -0.8483317494392395
vn -0.04136372730135918 0.5278468132019043 -0.8483317494392395
vn -0.03863155469298363 0.5225012898445129 -0.8517628908157349
vn -0.05112428963184357 0.5667064785957336 -0.8223320841789246
vn -0.5163946747779846 0.14707133173942566 -0.8436270356178284
vn -0.3534982204437256 0.36062684655189514 -0.8631264567375183
vn -0.42326024174690247 0.3671242594718933 -0.8282937407493591
vn -0.42326024174690247 0.3671242594718933 -0.8282937407493591
vn -0.6340335607528687 0.2687719762325287 -0.7250952124595642
vn -0.5163946747779846 0.14707133173942566 -0.8436270356178284
vn -0.6116170883178711 0.409117192029953 -0.6771615147590637
vn -0.6340335607528687 0.2687719762325287 -0.7250952124595642
vn -0.42326024174690247 0.3671242594718933 -0.8282937407493591
vn -0.6340335607528687 0.2687719762325287 -0.7250952124595642
vn -0.6116170883178711 0.409117192029953 -0.6771615147590637
vn -0.6782244443893433 0.35709643363952637 -0.6422566771507263
vn -0.3534982204437256 0.36062684655189514 -0.8631264567375183
vn -0.5163946747779846 0.14707133173942566 -0.8436270356178284
vn -0.404356449842453 0.052503135055303574 -0.9130932688713074
vn -0.0372009351849556 -0.9992873072624207 0.006404561921954155
vn -0.13057270646095276 -0.991437554359436 0.0015217610634863377
vn -0.16473059356212616 -0.9863386154174805 0
vn -0.13057270646095276 -0.991437554359436 0.0015217610634863377
vn -0.0372009351849556 -0.9992873072624207 0.006404561921954155
vn -0.03699393942952156 -0.9992892146110535 0.007250258233398199
vn 0 -1 0
vn -0.03699393942952156 -0.9992892146110535 0.007250258233398199
vn -0.0372009351849556 -0.9992873072624207 0.006404561921954155
vn -0.03699393942952156 -0.9992892146110535 0.007250258233398199
vn 0 -1 0
vn 0 -1 0
vn -0.03720078989863396 -0.9992873072624207 -0.006404218263924122
vn 0 -1 0
vn 0 -1 0
vn 0 -1 0
vn -0.03720078989863396 -0.9992873072624207 -0.006404218263924122
vn -0.03699414059519768 -0.9992892146110535 -0.007249962072819471
vn -0.03720078989863396 -0.9992873072624207 -0.006404218263924122
vn -0.13057270646095276 -0.991437554359436 -0.0015210997080430388
vn -0.03699414059519768 -0.9992892146110535 -0.007249962072819471
vn -0.13057270646095276 -0.991437554359436 -0.0015210997080430388
vn -0.03720078989863396 -0.9992873072624207 -0.006404218263924122
vn -0.16473019123077393 -0.9863386750221252 1.9832977216083236e-7
vn -0.3612041771411896 -0.9324867129325867 -0.0000012106827398383757
vn -0.16473059356212616 -0.9863386154174805 0
vn -0.13057270646095276 -0.991437554359436 0.0015217610634863377
vn -0.16473059356212616 -0.9863386154174805 0
vn -0.3612041771411896 -0.9324867129325867 -0.0000012106827398383757
vn -0.4290452003479004 -0.9032829999923706 -0.0000014667913319499348
vn -0.16473019123077393 -0.9863386750221252 1.9832977216083236e-7
vn -0.36120375990867615 -0.9324869513511658 0
vn -0.13057270646095276 -0.991437554359436 -0.0015210997080430388
vn -0.36120375990867615 -0.9324869513511658 0
vn -0.16473019123077393 -0.9863386750221252 1.9832977216083236e-7
vn -0.4290452301502228 -0.9032829999923706 3.350259305534564e-7
vn -0.7324333190917969 -0.6808387637138367 -2.4951501131909026e-7
vn -0.4290452003479004 -0.9032829999923706 -0.0000014667913319499348
vn -0.3612041771411896 -0.9324867129325867 -0.0000012106827398383757
vn -0.4290452003479004 -0.9032829999923706 -0.0000014667913319499348
vn -0.7324333190917969 -0.6808387637138367 -2.4951501131909026e-7
vn -0.8066306114196777 -0.5910559296607971 0
vn -0.4290452301502228 -0.9032829999923706 3.350259305534564e-7
vn -0.7324334979057312 -0.6808385252952576 0.000002821650014084298
vn -0.36120375990867615 -0.9324869513511658 0
vn -0.7324334979057312 -0.6808385252952576 0.000002821650014084298
vn -0.4290452301502228 -0.9032829999923706 3.350259305534564e-7
vn -0.8066301941871643 -0.5910564661026001 0.000002919719690908096
vn 0.9949765801429749 -0.10010776668787003 -0.000001685492975411762
vn 0.7985819578170776 -0.08839526772499084 0.595359742641449
vn 0.9352637529373169 0.35395148396492004 -0.0000014935989156583673
vn 0.7985819578170776 -0.08839526772499084 0.595359742641449
vn 0.9949765801429749 -0.10010776668787003 -0.000001685492975411762
vn 0.7968161106109619 -0.23658572137355804 0.5559778213500977
vn 0.7985801100730896 -0.088394895195961 -0.5953622460365295
vn 0.9949765801429749 -0.10010776668787003 -0.000001685492975411762
vn 0.9352637529373169 0.35395148396492004 -0.0000014935989156583673
vn 0.9949765801429749 -0.10010776668787003 -0.000001685492975411762
vn 0.7985801100730896 -0.088394895195961 -0.5953622460365295
vn 0.796814501285553 -0.23658470809459686 -0.5559805035591125
vn 0.9949765801429749 -0.10010776668787003 -0.000001685492975411762
vn 0.7643568515777588 -0.37470710277557373 0.5247411131858826
vn 0.7968161106109619 -0.23658572137355804 0.5559778213500977
vn 0.7643568515777588 -0.37470710277557373 0.5247411131858826
vn 0.9949765801429749 -0.10010776668787003 -0.000001685492975411762
vn 0.9707161784172058 -0.24022920429706573 -0.0000017023666032400797
vn 0.7643553614616394 -0.37470635771751404 -0.5247437953948975
vn 0.9949765801429749 -0.10010776668787003 -0.000001685492975411762
vn 0.796814501285553 -0.23658470809459686 -0.5559805035591125
vn 0.9949765801429749 -0.10010776668787003 -0.000001685492975411762
vn 0.7643553614616394 -0.37470635771751404 -0.5247437953948975
vn 0.9707161784172058 -0.24022920429706573 -0.0000017023666032400797
vn 0.7764119505882263 -0.011178512126207352 0.6301266551017761
vn 0.9352637529373169 0.35395148396492004 -0.0000014935989156583673
vn 0.7985819578170776 -0.08839526772499084 0.595359742641449
vn 0.9352637529373169 0.35395148396492004 -0.0000014935989156583673
vn 0.7764119505882263 -0.011178512126207352 0.6301266551017761
vn 0.8124377727508545 0.5830479264259338 -0.0000011578460998862283
vn 0.7764099836349487 -0.011178773827850819 -0.6301289796829224
vn 0.9352637529373169 0.35395148396492004 -0.0000014935989156583673
vn 0.8124377727508545 0.5830479264259338 -0.0000011578460998862283
vn 0.9352637529373169 0.35395148396492004 -0.0000014935989156583673
vn 0.7764099836349487 -0.011178773827850819 -0.6301289796829224
vn 0.7985801100730896 -0.088394895195961 -0.5953622460365295
vn -0.9999489188194275 -0.010105643421411514 -0.000002596036893010023
vn -0.941505491733551 -0.33699750900268555 -3.86859909440318e-7
vn -0.9344298839569092 -0.3561471402645111 0
vn -0.941505491733551 -0.33699750900268555 -3.86859909440318e-7
vn -0.9999489188194275 -0.010105643421411514 -0.000002596036893010023
vn -0.9532967805862427 0.3020350933074951 -3.9332542201009346e-7
vn -0.8066306114196777 -0.5910559296607971 0
vn -0.9344298839569092 -0.3561471402645111 0
vn -0.941505491733551 -0.33699750900268555 -3.86859909440318e-7
vn -0.9344298839569092 -0.3561471402645111 0
vn -0.8066306114196777 -0.5910559296607971 0
vn -0.7324333190917969 -0.6808387637138367 -2.4951501131909026e-7
vn -0.8253149390220642 0.5646726489067078 6.129112080088817e-7
vn -0.9532967805862427 0.3020350933074951 -3.9332542201009346e-7
vn -0.9999489188194275 -0.010105643421411514 -0.000002596036893010023
vn -0.37717822194099426 0.013094977475702763 0.9260481595993042
vn -0.33787277340888977 -0.0684099867939949 0.9387023448944092
vn -0.33602985739707947 -0.10185573995113373 0.9363275766372681
vn -0.33787277340888977 -0.0684099867939949 0.9387023448944092
vn -0.37717822194099426 0.013094977475702763 0.9260481595993042
vn -0.35828161239624023 0.016855591908097267 0.9334614276885986
vn -0.3520437180995941 0.18642503023147583 0.9172300696372986
vn -0.35828161239624023 0.016855591908097267 0.9334614276885986
vn -0.37717822194099426 0.013094977475702763 0.9260481595993042
vn -0.35828161239624023 0.016855591908097267 0.9334614276885986
vn -0.3520437180995941 0.18642503023147583 0.9172300696372986
vn -0.3288947641849518 0.1883559674024582 0.9253919720649719
vn -0.33882614970207214 0.3054606318473816 0.8898823857307434
vn -0.3288947641849518 0.1883559674024582 0.9253919720649719
vn -0.3520437180995941 0.18642503023147583 0.9172300696372986
vn -0.33787277340888977 -0.0684099867939949 0.9387023448944092
vn -0.3454400599002838 0.0003235320618841797 0.9384407997131348
vn -0.33602985739707947 -0.10185573995113373 0.9363275766372681
vn -0.3454400599002838 0.0003235320618841797 0.9384407997131348
vn -0.33787277340888977 -0.0684099867939949 0.9387023448944092
vn -0.3533375561237335 0.023270100355148315 0.935206413269043
vn -0.3454400599002838 0.0003235320618841797 0.9384407997131348
vn -0.3533375561237335 0.023270100355148315 0.935206413269043
vn -0.3448120653629303 0.02161545678973198 0.9384227991104126
vn -0.3448120653629303 0.02161545678973198 0.9384227991104126
vn -0.3533375561237335 0.023270100355148315 0.935206413269043
vn -0.3448280692100525 0.0216958187520504 0.9384151101112366
vn 0.6727890968322754 -0.01205411832779646 0.7397361397743225
vn 0.691169798374176 0.13920153677463531 0.7091594934463501
vn 0.6930199861526489 0.17306587100028992 0.6998368501663208
vn 0.691169798374176 0.13920153677463531 0.7091594934463501
vn 0.6727890968322754 -0.01205411832779646 0.7397361397743225
vn 0.6672219038009644 -0.04198094457387924 0.7436749935150146
vn 0.6662667393684387 0.13748562335968018 -0.7329299449920654
vn 0.69830322265625 -0.01254276279360056 -0.7156921625137329
vn 0.7029478549957275 -0.044226959347724915 -0.7098649740219116
vn 0.69830322265625 -0.01254276279360056 -0.7156921625137329
vn 0.6662667393684387 0.13748562335968018 -0.7329299449920654
vn 0.6587123274803162 0.1644987016916275 -0.7341923117637634
vn -0.3447103798389435 0.021687522530555725 -0.9384585022926331
vn -0.34474045038223267 0.021609226241707802 -0.9384493231773376
vn -0.34549275040626526 0.0003763534768950194 -0.9384213089942932
vn -0.34549275040626526 0.0003763534768950194 -0.9384213089942932
vn -0.34474045038223267 0.021609226241707802 -0.9384493231773376
vn -0.353392094373703 0.023237155750393867 -0.9351866245269775
vn -0.33787497878074646 -0.06841003894805908 -0.9387015104293823
vn -0.34549275040626526 0.0003763534768950194 -0.9384213089942932
vn -0.353392094373703 0.023237155750393867 -0.9351866245269775
vn -0.34549275040626526 0.0003763534768950194 -0.9384213089942932
vn -0.33787497878074646 -0.06841003894805908 -0.9387015104293823
vn -0.3360322117805481 -0.10185546427965164 -0.936326801776886
vn -0.33787497878074646 -0.06841003894805908 -0.9387015104293823
vn -0.3586600422859192 0.005204398650676012 -0.9334537386894226
vn -0.3360322117805481 -0.10185546427965164 -0.936326801776886
vn -0.3586600422859192 0.005204398650676012 -0.9334537386894226
vn -0.33787497878074646 -0.06841003894805908 -0.9387015104293823
vn -0.363203763961792 0.002596740610897541 -0.9317060708999634
vn -0.35383060574531555 0.21016451716423035 -0.9113916754722595
vn -0.3586600422859192 0.005204398650676012 -0.9334537386894226
vn -0.363203763961792 0.002596740610897541 -0.9317060708999634
vn -0.3586600422859192 0.005204398650676012 -0.9334537386894226
vn -0.35383060574531555 0.21016451716423035 -0.9113916754722595
vn -0.33269092440605164 0.22693903744220734 -0.9153226017951965
vn -0.33269092440605164 0.22693903744220734 -0.9153226017951965
vn -0.35383060574531555 0.21016451716423035 -0.9113916754722595
vn -0.33883026242256165 0.30545997619628906 -0.8898810148239136
vn -0.9950178861618042 0.09969694167375565 -3.6109449297327956e-7
vn -0.8627942800521851 0.35891392827033997 -0.3560432493686676
vn -0.8702309131622314 0.0891697034239769 -0.4845069646835327
vn -0.9950178861618042 0.09969694167375565 -3.6109449297327956e-7
vn -0.8686461448669434 0.49543294310569763 -5.688623332389398e-7
vn -0.8627942800521851 0.35891392827033997 -0.3560432493686676
vn -0.9950178861618042 0.09969694167375565 -3.6109449297327956e-7
vn -0.8627942800521851 0.3589145541191101 0.35604265332221985
vn -0.8686461448669434 0.49543294310569763 -5.688623332389398e-7
vn -0.9950178861618042 0.09969694167375565 -3.6109449297327956e-7
vn -0.8702307343482971 0.0891696959733963 0.4845072329044342
vn -0.8627942800521851 0.3589145541191101 0.35604265332221985
vn -0.9950178861618042 0.09969694167375565 -3.6109449297327956e-7
vn -0.8702309131622314 0.0891697034239769 -0.4845069646835327
vn -0.9159910678863525 -0.1788029968738556 -0.35915154218673706
vn -0.9950178861618042 0.09969694167375565 -3.6109449297327956e-7
vn -0.9159910678863525 -0.1788029968738556 -0.35915154218673706
vn -0.9496631026268005 -0.31327304244041443 4.582316250889562e-7
vn -0.7196972966194153 0.46874716877937317 -0.5121639370918274
vn -0.8702309131622314 0.0891697034239769 -0.4845069646835327
vn -0.8627942800521851 0.35891392827033997 -0.3560432493686676
vn -0.8702309131622314 0.0891697034239769 -0.4845069646835327
vn -0.7196972966194153 0.46874716877937317 -0.5121639370918274
vn -0.7034016251564026 0.061747387051582336 -0.7081055045127869
vn -0.6511504650115967 0.5196014642715454 -0.5531883835792542
vn -0.7034016251564026 0.061747387051582336 -0.7081055045127869
vn -0.7196972966194153 0.46874716877937317 -0.5121639370918274
vn -0.7034016251564026 0.061747387051582336 -0.7081055045127869
vn -0.6511504650115967 0.5196014642715454 -0.5531883835792542
vn -0.6238142848014832 0.05812942609190941 -0.7794079184532166
vn -0.7196972966194153 0.46874716877937317 -0.5121639370918274
vn -0.7576680779457092 0.652474582195282 0.01470240205526352
vn -0.6511504650115967 0.5196014642715454 -0.5531883835792542
vn -0.7576680779457092 0.652474582195282 0.01470240205526352
vn -0.7196972966194153 0.46874716877937317 -0.5121639370918274
vn -0.77658611536026 0.6298059821128845 0.01607600972056389
vn -0.77658611536026 0.6298059821128845 0.01607600972056389
vn -0.8627942800521851 0.35891392827033997 -0.3560432493686676
vn -0.8686461448669434 0.49543294310569763 -5.688623332389398e-7
vn -0.8627942800521851 0.35891392827033997 -0.3560432493686676
vn -0.77658611536026 0.6298059821128845 0.01607600972056389
vn -0.7196972966194153 0.46874716877937317 -0.5121639370918274
vn -0.626715362071991 -0.4458051025867462 -0.6391288042068481
vn -0.7034016251564026 0.061747387051582336 -0.7081055045127869
vn -0.6238142848014832 0.05812942609190941 -0.7794079184532166
vn -0.7034016251564026 0.061747387051582336 -0.7081055045127869
vn -0.626715362071991 -0.4458051025867462 -0.6391288042068481
vn -0.7307268381118774 -0.41964730620384216 -0.5384556651115417
vn -0.7307268381118774 -0.41964730620384216 -0.5384556651115417
vn -0.9496631026268005 -0.31327304244041443 4.582316250889562e-7
vn -0.9159910678863525 -0.1788029968738556 -0.35915154218673706
vn -0.7307268381118774 -0.41964730620384216 -0.5384556651115417
vn -0.8702309131622314 0.0891697034239769 -0.4845069646835327
vn -0.7034016251564026 0.061747387051582336 -0.7081055045127869
vn -0.8702309131622314 0.0891697034239769 -0.4845069646835327
vn -0.7307268381118774 -0.41964730620384216 -0.5384556651115417
vn -0.9159910678863525 -0.1788029968738556 -0.35915154218673706
vn -0.626715362071991 -0.4458051025867462 -0.6391288042068481
vn -0.8090023398399353 -0.587619960308075 -0.014763152226805687
vn -0.7307268381118774 -0.41964730620384216 -0.5384556651115417
vn -0.9496631026268005 -0.31327304244041443 4.582316250889562e-7
vn -0.7307268381118774 -0.41964730620384216 -0.5384556651115417
vn -0.8090023398399353 -0.587619960308075 -0.014763152226805687
vn -0.8090023398399353 -0.587619960308075 -0.014763152226805687
vn -0.626715362071991 -0.4458051025867462 -0.6391288042068481
vn -0.7217686772346497 -0.6919375658035278 -0.01650715060532093
vn -0.7134360671043396 0.4803345501422882 0.5101839900016785
vn -0.8686461448669434 0.49543294310569763 -5.688623332389398e-7
vn -0.8627942800521851 0.3589145541191101 0.35604265332221985
vn -0.8686461448669434 0.49543294310569763 -5.688623332389398e-7
vn -0.7134360671043396 0.4803345501422882 0.5101839900016785
vn -0.77658611536026 0.6298059821128845 0.01607600972056389
vn -0.6672705411911011 0.5175391435623169 0.5356335043907166
vn -0.77658611536026 0.6298059821128845 0.01607600972056389
vn -0.7134360671043396 0.4803345501422882 0.5101839900016785
vn -0.9950178861618042 0.09969694167375565 -3.6109449297327956e-7
vn -0.9159908294677734 -0.17880450189113617 0.3591514527797699
vn -0.8702307343482971 0.0891696959733963 0.4845072329044342
vn -0.9950178861618042 0.09969694167375565 -3.6109449297327956e-7
vn -0.9496631026268005 -0.31327304244041443 4.582316250889562e-7
vn -0.9159908294677734 -0.17880450189113617 0.3591514527797699
vn -0.7354051470756531 -0.40385422110557556 0.5441333055496216
vn -0.8702307343482971 0.0891696959733963 0.4845072329044342
vn -0.9159908294677734 -0.17880450189113617 0.3591514527797699
vn -0.8702307343482971 0.0891696959733963 0.4845072329044342
vn -0.7354051470756531 -0.40385422110557556 0.5441333055496216
vn -0.7018536329269409 0.06486658751964569 0.7093615531921387
vn -0.6158941984176636 -0.4433814287185669 0.6512197852134705
vn -0.7018536329269409 0.06486658751964569 0.7093615531921387
vn -0.7354051470756531 -0.40385422110557556 0.5441333055496216
vn -0.7018536329269409 0.06486658751964569 0.7093615531921387
vn -0.6158941984176636 -0.4433814287185669 0.6512197852134705
vn -0.6265186667442322 0.061611566692590714 0.7769674062728882
vn -0.6265186667442322 0.061611566692590714 0.7769674062728882
vn -0.7134360671043396 0.4803345501422882 0.5101839900016785
vn -0.7018536329269409 0.06486658751964569 0.7093615531921387
vn -0.7134360671043396 0.4803345501422882 0.5101839900016785
vn -0.6265186667442322 0.061611566692590714 0.7769674062728882
vn -0.6672705411911011 0.5175391435623169 0.5356335043907166
vn -0.7354051470756531 -0.40385422110557556 0.5441333055496216
vn -0.7217686772346497 -0.6919375658035278 -0.01650715060532093
vn -0.6158941984176636 -0.4433814287185669 0.6512197852134705
vn -0.7217686772346497 -0.6919375658035278 -0.01650715060532093
vn -0.7354051470756531 -0.40385422110557556 0.5441333055496216
vn -0.8090023398399353 -0.587619960308075 -0.014763152226805687
vn -0.8090023398399353 -0.587619960308075 -0.014763152226805687
vn -0.9159908294677734 -0.17880450189113617 0.3591514527797699
vn -0.9496631026268005 -0.31327304244041443 4.582316250889562e-7
vn -0.9159908294677734 -0.17880450189113617 0.3591514527797699
vn -0.8090023398399353 -0.587619960308075 -0.014763152226805687
vn -0.7354051470756531 -0.40385422110557556 0.5441333055496216
vn -0.7018536329269409 0.06486658751964569 0.7093615531921387
vn -0.8627942800521851 0.3589145541191101 0.35604265332221985
vn -0.8702307343482971 0.0891696959733963 0.4845072329044342
vn -0.8627942800521851 0.3589145541191101 0.35604265332221985
vn -0.7018536329269409 0.06486658751964569 0.7093615531921387
vn -0.7134360671043396 0.4803345501422882 0.5101839900016785
vn -0.77658611536026 0.6298059821128845 0.01607600972056389
vn -0.6672705411911011 0.5175391435623169 0.5356335043907166
vn -0.7576680779457092 0.652474582195282 0.01470240205526352
vn -0.8929532766342163 0.085097536444664 -0.4420325458049774
vn -0.800095796585083 0.3789249062538147 -0.4650404751300812
vn -0.7553266882896423 0.06730157136917114 -0.6518835425376892
vn -0.800095796585083 0.3789249062538147 -0.4650404751300812
vn -0.8929532766342163 0.085097536444664 -0.4420325458049774
vn -0.9052386283874512 0.28252482414245605 -0.3173685371875763
vn -0.9052386283874512 0.28252482414245605 -0.3173685371875763
vn -0.8656156659126282 0.500709056854248 0
vn -0.800095796585083 0.3789249062538147 -0.4650404751300812
vn -0.8656156659126282 0.500709056854248 0
vn -0.9052386283874512 0.28252482414245605 -0.3173685371875763
vn -0.9088843464851379 0.41704827547073364 0
vn -0.8440243601799011 -0.24772648513317108 -0.47566211223602295
vn -0.8929532766342163 0.085097536444664 -0.4420325458049774
vn -0.7553266882896423 0.06730157136917114 -0.6518835425376892
vn -0.8929532766342163 0.085097536444664 -0.4420325458049774
vn -0.8440243601799011 -0.24772648513317108 -0.47566211223602295
vn -0.9457741379737854 -0.09202245622873306 -0.3115176260471344
vn -0.9290961027145386 -0.3698383569717407 0
vn -0.9457741379737854 -0.09202245622873306 -0.3115176260471344
vn -0.8440243601799011 -0.24772648513317108 -0.47566211223602295
vn -0.9457741379737854 -0.09202245622873306 -0.3115176260471344
vn -0.9290961027145386 -0.3698383569717407 0
vn -0.9755674004554749 -0.21970045566558838 1.7668645568846841e-7
vn -0.4804706871509552 0.5502883195877075 -0.6828840374946594
vn -0.7553266882896423 0.06730157136917114 -0.6518835425376892
vn -0.800095796585083 0.3789249062538147 -0.4650404751300812
vn -0.7553266882896423 0.06730157136917114 -0.6518835425376892
vn -0.4804706871509552 0.5502883195877075 -0.6828840374946594
vn -0.4052617847919464 0.01140647754073143 -0.9141294956207275
vn -0.800095796585083 0.3789249062538147 -0.4650404751300812
vn -0.6289941668510437 0.7774100303649902 2.7351342168913106e-7
vn -0.4804706871509552 0.5502883195877075 -0.6828840374946594
vn -0.6289941668510437 0.7774100303649902 2.7351342168913106e-7
vn -0.800095796585083 0.3789249062538147 -0.4650404751300812
vn -0.8656156659126282 0.500709056854248 0
vn -0.8000950813293457 0.3789254128932953 0.46504124999046326
vn -0.6289941668510437 0.7774100303649902 2.7351342168913106e-7
vn -0.8656156659126282 0.500709056854248 0
vn -0.6289941668510437 0.7774100303649902 2.7351342168913106e-7
vn -0.8000950813293457 0.3789254128932953 0.46504124999046326
vn -0.4834047257900238 0.5527957081794739 0.6787758469581604
vn -0.8440243601799011 -0.24772648513317108 -0.47566211223602295
vn -0.6798153519630432 -0.7333833575248718 5.775140152763925e-7
vn -0.9290961027145386 -0.3698383569717407 0
vn -0.6798153519630432 -0.7333833575248718 5.775140152763925e-7
vn -0.8440243601799011 -0.24772648513317108 -0.47566211223602295
vn -0.5199352502822876 -0.5103196501731873 -0.6850119233131409
vn -0.5199352502822876 -0.5103196501731873 -0.6850119233131409
vn -0.7553266882896423 0.06730157136917114 -0.6518835425376892
vn -0.4052617847919464 0.01140647754073143 -0.9141294956207275
vn -0.7553266882896423 0.06730157136917114 -0.6518835425376892
vn -0.5199352502822876 -0.5103196501731873 -0.6850119233131409
vn -0.8440243601799011 -0.24772648513317108 -0.47566211223602295
vn -0.4804706871509552 0.5502883195877075 -0.6828840374946594
vn -0.2221495509147644 0.005157210398465395 -0.974998950958252
vn -0.4052617847919464 0.01140647754073143 -0.9141294956207275
vn -0.2221495509147644 0.005157210398465395 -0.974998950958252
vn -0.5199352502822876 -0.5103196501731873 -0.6850119233131409
vn -0.4052617847919464 0.01140647754073143 -0.9141294956207275
vn -0.2221495509147644 0.005157210398465395 -0.974998950958252
vn -0.4804706871509552 0.5502883195877075 -0.6828840374946594
vn -0.28516560792922974 0.6058104038238525 -0.7427477836608887
vn -0.4804706871509552 0.5502883195877075 -0.6828840374946594
vn -0.43135732412338257 0.9021811485290527 0
vn -0.28516560792922974 0.6058104038238525 -0.7427477836608887
vn -0.43135732412338257 0.9021811485290527 0
vn -0.4804706871509552 0.5502883195877075 -0.6828840374946594
vn -0.6289941668510437 0.7774100303649902 2.7351342168913106e-7
vn -0.5199352502822876 -0.5103196501731873 -0.6850119233131409
vn -0.4561370611190796 -0.8899095058441162 3.10858496277433e-7
vn -0.6798153519630432 -0.7333833575248718 5.775140152763925e-7
vn -0.4561370611190796 -0.8899095058441162 3.10858496277433e-7
vn -0.5199352502822876 -0.5103196501731873 -0.6850119233131409
vn -0.302700936794281 -0.5831076502799988 -0.7538949251174927
vn -0.5199352502822876 -0.5103196501731873 -0.6850119233131409
vn -0.2221495509147644 0.005157210398465395 -0.974998950958252
vn -0.302700936794281 -0.5831076502799988 -0.7538949251174927
vn -0.8656156659126282 0.500709056854248 0
vn -0.9052376747131348 0.28252512216567993 0.3173709511756897
vn -0.8000950813293457 0.3789254128932953 0.46504124999046326
vn -0.9052376747131348 0.28252512216567993 0.3173709511756897
vn -0.8656156659126282 0.500709056854248 0
vn -0.9088843464851379 0.41704827547073364 0
vn -0.8929523825645447 0.08509787172079086 0.4420344829559326
vn -0.8000950813293457 0.3789254128932953 0.46504124999046326
vn -0.9052376747131348 0.28252512216567993 0.3173709511756897
vn -0.8000950813293457 0.3789254128932953 0.46504124999046326
vn -0.8929523825645447 0.08509787172079086 0.4420344829559326
vn -0.7553256750106812 0.06730193644762039 0.6518847346305847
vn -0.8929523825645447 0.08509787172079086 0.4420344829559326
vn -0.8440237641334534 -0.24772654473781586 0.4756631851196289
vn -0.7553256750106812 0.06730193644762039 0.6518847346305847
vn -0.8440237641334534 -0.24772654473781586 0.4756631851196289
vn -0.8929523825645447 0.08509787172079086 0.4420344829559326
vn -0.9457740783691406 -0.09202208369970322 0.31151774525642395
vn -0.9457740783691406 -0.09202208369970322 0.31151774525642395
vn -0.9290961027145386 -0.3698383569717407 0
vn -0.8440237641334534 -0.24772654473781586 0.4756631851196289
vn -0.9290961027145386 -0.3698383569717407 0
vn -0.9457740783691406 -0.09202208369970322 0.31151774525642395
vn -0.9755674004554749 -0.21970045566558838 1.7668645568846841e-7
vn -0.7553256750106812 0.06730193644762039 0.6518847346305847
vn -0.4834047257900238 0.5527957081794739 0.6787758469581604
vn -0.8000950813293457 0.3789254128932953 0.46504124999046326
vn -0.4834047257900238 0.5527957081794739 0.6787758469581604
vn -0.7553256750106812 0.06730193644762039 0.6518847346305847
vn -0.4092508852481842 0.010107478126883507 0.9123659133911133
vn -0.7553256750106812 0.06730193644762039 0.6518847346305847
vn -0.5216044187545776 -0.5113332867622375 0.682983934879303
vn -0.4092508852481842 0.010107478126883507 0.9123659133911133
vn -0.5216044187545776 -0.5113332867622375 0.682983934879303
vn -0.7553256750106812 0.06730193644762039 0.6518847346305847
vn -0.8440237641334534 -0.24772654473781586 0.4756631851196289
vn -0.8440237641334534 -0.24772654473781586 0.4756631851196289
vn -0.6798153519630432 -0.7333833575248718 5.775140152763925e-7
vn -0.5216044187545776 -0.5113332867622375 0.682983934879303
vn -0.6798153519630432 -0.7333833575248718 5.775140152763925e-7
vn -0.8440237641334534 -0.24772654473781586 0.4756631851196289
vn -0.9290961027145386 -0.3698383569717407 0
vn -0.4092508852481842 0.010107478126883507 0.9123659133911133
vn -0.28030669689178467 0.6115132570266724 0.7399187088012695
vn -0.4834047257900238 0.5527957081794739 0.6787758469581604
vn -0.43135732412338257 0.9021811485290527 0
vn -0.4834047257900238 0.5527957081794739 0.6787758469581604
vn -0.28030669689178467 0.6115132570266724 0.7399187088012695
vn -0.4834047257900238 0.5527957081794739 0.6787758469581604
vn -0.43135732412338257 0.9021811485290527 0
vn -0.6289941668510437 0.7774100303649902 2.7351342168913106e-7
vn -0.28030669689178467 0.6115132570266724 0.7399187088012695
vn -0.4092508852481842 0.010107478126883507 0.9123659133911133
vn -0.21334333717823029 0.0018124267226085067 0.9769756197929382
vn -0.4092508852481842 0.010107478126883507 0.9123659133911133
vn -0.29997313022613525 -0.5871440172195435 0.7518497109413147
vn -0.21334333717823029 0.0018124267226085067 0.9769756197929382
vn -0.29997313022613525 -0.5871440172195435 0.7518497109413147
vn -0.4092508852481842 0.010107478126883507 0.9123659133911133
vn -0.5216044187545776 -0.5113332867622375 0.682983934879303
vn -0.5216044187545776 -0.5113332867622375 0.682983934879303
vn -0.4561370611190796 -0.8899095058441162 3.10858496277433e-7
vn -0.29997313022613525 -0.5871440172195435 0.7518497109413147
vn -0.4561370611190796 -0.8899095058441162 3.10858496277433e-7
vn -0.5216044187545776 -0.5113332867622375 0.682983934879303
vn -0.6798153519630432 -0.7333833575248718 5.775140152763925e-7
vn -0.940785825252533 -0.3390015661716461 7.499027674384706e-7
vn -0.7509018182754517 -0.6604138612747192 4.655122438634862e-7
vn -0.7186042666435242 -0.6954192519187927 0.0000010858542509595281
vn -0.7509018182754517 -0.6604138612747192 4.655122438634862e-7
vn -0.940785825252533 -0.3390015661716461 7.499027674384706e-7
vn -0.9407860040664673 -0.33900099992752075 0
vn -0.9407860040664673 -0.33900097012519836 0
vn -0.7509018182754517 -0.6604138612747192 4.655122438634862e-7
vn -0.9407860040664673 -0.33900099992752075 0
vn -0.7509018182754517 -0.6604138612747192 4.655122438634862e-7
vn -0.9407860040664673 -0.33900097012519836 0
vn -0.7186044454574585 -0.6954190731048584 0
vn -0.35182884335517883 -0.9360643625259399 2.716264759783371e-7
vn -0.7186042666435242 -0.6954192519187927 0.0000010858542509595281
vn -0.7509018182754517 -0.6604138612747192 4.655122438634862e-7
vn -0.7186044454574585 -0.6954190731048584 0
vn -0.35182884335517883 -0.9360643625259399 2.716264759783371e-7
vn -0.7509018182754517 -0.6604138612747192 4.655122438634862e-7
vn -0.7186042666435242 -0.6954192519187927 0.0000010858542509595281
vn -0.35182884335517883 -0.9360643625259399 2.716264759783371e-7
vn -0.3358728885650635 -0.9419072866439819 2.3408657057188975e-7
vn -0.35182884335517883 -0.9360643625259399 2.716264759783371e-7
vn -0.14116568863391876 -0.989986002445221 0
vn -0.3358728885650635 -0.9419072866439819 2.3408657057188975e-7
vn -0.14116568863391876 -0.989986002445221 0
vn -0.35182884335517883 -0.9360643625259399 2.716264759783371e-7
vn -0.15759873390197754 -0.9875032305717468 2.9645528343280603e-7
vn -0.33587297797203064 -0.9419072866439819 3.783156330428028e-7
vn -0.15759873390197754 -0.9875032305717468 2.9645528343280603e-7
vn -0.35182884335517883 -0.9360643625259399 2.716264759783371e-7
vn -0.35182884335517883 -0.9360643625259399 2.716264759783371e-7
vn -0.7186044454574585 -0.6954190731048584 0
vn -0.33587297797203064 -0.9419072866439819 3.783156330428028e-7
vn -0.15759873390197754 -0.9875032305717468 2.9645528343280603e-7
vn -0.33587297797203064 -0.9419072866439819 3.783156330428028e-7
vn -0.14116576313972473 -0.989986002445221 4.3844752894983685e-7
vn -0.15759873390197754 -0.9875032305717468 2.9645528343280603e-7
vn -0.07131999731063843 -0.997453510761261 0
vn -0.14116568863391876 -0.989986002445221 0
vn -0.07131999731063843 -0.997453510761261 0
vn -0.15759873390197754 -0.9875032305717468 2.9645528343280603e-7
vn -0.07131992280483246 -0.997453510761261 1.868674530669523e-7
vn -0.14116576313972473 -0.989986002445221 4.3844752894983685e-7
vn -0.07131992280483246 -0.997453510761261 1.868674530669523e-7
vn -0.15759873390197754 -0.9875032305717468 2.9645528343280603e-7
vn -0.07131992280483246 -0.997453510761261 1.868674530669523e-7
vn -0.14116576313972473 -0.989986002445221 4.3844752894983685e-7
vn -0.07131973654031754 -0.997453510761261 1.9381468518986367e-7
vn -0.2756531536579132 0.020863212645053864 0.9610307216644287
vn -0.2930382788181305 0.10074927657842636 0.9507776498794556
vn -0.24447746574878693 0.04790525138378143 0.9684709310531616
vn -0.2756531536579132 0.020863212645053864 0.9610307216644287
vn -0.24447746574878693 0.04790525138378143 0.9684709310531616
vn -0.2684178650379181 -0.0022692608181387186 0.9632998704910278
vn -0.2684178650379181 -0.0022692608181387186 0.9632998704910278
vn -0.2963510751724243 -0.0012678264174610376 0.9550782442092896
vn -0.2756531536579132 0.020863212645053864 0.9610307216644287
vn -0.2963510751724243 -0.0012678264174610376 0.9550782442092896
vn -0.2684178650379181 -0.0022692608181387186 0.9632998704910278
vn -0.2962329089641571 0 0.9551157355308533
vn -0.2962329089641571 0 0.9551157355308533
vn -0.2826966643333435 0 0.9592093229293823
vn -0.2963510751724243 -0.0012678264174610376 0.9550782442092896
vn -0.2826966643333435 0 0.9592093229293823
vn -0.2962329089641571 0 0.9551157355308533
vn -0.28269651532173157 -1.9541224105523725e-7 0.9592093825340271
vn -0.2951909601688385 0 -0.9554383158683777
vn -0.2826990783214569 0 -0.9592086672782898
vn -0.2954057455062866 -0.001125352457165718 -0.9553712606430054
vn -0.2826990783214569 0 -0.9592086672782898
vn -0.2951909601688385 0 -0.9554383158683777
vn -0.2826990485191345 0 -0.9592086672782898
vn -0.2954057455062866 -0.001125352457165718 -0.9553712606430054
vn -0.2768825888633728 0.02225116454064846 -0.9606460928916931
vn -0.2951909601688385 0 -0.9554383158683777
vn -0.2768825888633728 0.02225116454064846 -0.9606460928916931
vn -0.2954057455062866 -0.001125352457165718 -0.9553712606430054
vn -0.27038702368736267 -0.004070968367159367 -0.9627431035041809
vn -0.2768825888633728 0.02225116454064846 -0.9606460928916931
vn -0.27038702368736267 -0.004070968367159367 -0.9627431035041809
vn -0.24447990953922272 0.04790598899126053 -0.9684702157974243
vn -0.2768825888633728 0.02225116454064846 -0.9606460928916931
vn -0.24447990953922272 0.04790598899126053 -0.9684702157974243
vn -0.2930407226085663 0.10075008869171143 -0.9507768154144287
vn 0 -1 0
vn 0 -1 0
vn 0 -1 0
vn 0 -1 0
vn 0 -1 0
vn 0 -1 0
vn 0 -1 0
vn 0 -1 0
vn 0 -1 0
vn 0 -1 0
vn 0 -1 0
vn 0 -1 0
vn 0 -1 0
vn 0 -1 0
vn 0 -1 0
vn 0 -1 0
vn 0 -1 0
vn 0 -1 0
vn 0 -1 0
vn 0 -1 0
vn 0 -1 0
vn 0 -1 0
vn 0 -1 0
vn 0 -1 0
vn 0.30850693583488464 0 0.9512221217155457
vn 0.30850693583488464 0 0.9512221217155457
vn 0.30850693583488464 0 0.9512221217155457
vn 0.30850693583488464 0 0.9512221217155457
vn 0.30850693583488464 0 0.9512221217155457
vn 0.30850693583488464 0 0.9512221217155457
vn 0.9753763675689697 0 -0.22054676711559296
vn 0.9856989979743958 0 -0.16851551830768585
vn 0.9856989979743958 0 -0.16851550340652466
vn 0.9856989979743958 0 -0.16851551830768585
vn 0.9753763675689697 0 -0.22054676711559296
vn 0.9753763675689697 0 -0.22054673731327057
vn 1 0 3.151783971588884e-7
vn 0.9856989979743958 0 -0.16851550340652466
vn 0.9856989979743958 0 -0.16851551830768585
vn 0.9856989979743958 0 -0.16851550340652466
vn 1 0 3.151783971588884e-7
vn 1 0 3.199538411990943e-7
vn 0.9856992363929749 0 0.1685141623020172
vn 1 0 3.199538411990943e-7
vn 1 0 3.151783971588884e-7
vn 1 0 3.199538411990943e-7
vn 0.9856992363929749 0 0.1685141623020172
vn 0.9856992363929749 0 0.16851414740085602
vn 0.9753771424293518 0 0.22054347395896912
vn 0.9856992363929749 0 0.16851414740085602
vn 0.9856992363929749 0 0.1685141623020172
vn 0.9856992363929749 0 0.16851414740085602
vn 0.9753771424293518 0 0.22054347395896912
vn 0.9753771424293518 0 0.22054347395896912
vn 0.30850574374198914 0 -0.9512224793434143
vn 0.30850574374198914 0 -0.9512224793434143
vn 0.30850574374198914 0 -0.9512224793434143
vn 0.30850574374198914 0 -0.9512224793434143
vn 0.30850574374198914 0 -0.9512224793434143
vn 0.30850574374198914 0 -0.9512224793434143
vn -0.948849081993103 0 -0.31572994589805603
vn -0.9713859558105469 0 -0.23750635981559753
vn -0.9713859558105469 0 -0.23750635981559753
vn -0.9713859558105469 0 -0.23750635981559753
vn -0.948849081993103 0 -0.31572994589805603
vn -0.948849081993103 0 -0.31572994589805603
vn -1 0 0
vn -0.9713859558105469 0 -0.23750635981559753
vn -0.9713859558105469 0 -0.23750635981559753
vn -0.9713859558105469 0 -0.23750635981559753
vn -1 0 0
vn -1 0 0
vn -0.9713857173919678 0 0.23750753700733185
vn -1 0 0
vn -1 0 0
vn -1 0 0
vn -0.9713857173919678 0 0.23750753700733185
vn -0.9713857173919678 0 0.23750752210617065
vn -0.9488483667373657 0 0.3157321810722351
vn -0.9713857173919678 0 0.23750752210617065
vn -0.9713857173919678 0 0.23750753700733185
vn -0.9713857173919678 0 0.23750752210617065
vn -0.9488483667373657 0 0.3157321810722351
vn -0.9488483667373657 0 0.3157321810722351
vn -0.9835691452026367 0.18053175508975983 0.0000015942794107104419
vn -0.8885921835899353 0.4586980640888214 3.430761239542335e-7
vn -0.9215368628501892 0.38829097151756287 0.0000014937304513296112
vn -0.9835691452026367 0.18053175508975983 0.0000015942794107104419
vn -0.9215368628501892 0.38829097151756287 0.0000014937304513296112
vn -0.888592004776001 0.4586985111236572 0.0000019392707599763526
vn -0.8885921835899353 0.4586980640888214 3.430761239542335e-7
vn -0.5896407961845398 0.8076655864715576 7.009627438492316e-7
vn -0.9215368628501892 0.38829097151756287 0.0000014937304513296112
vn -0.5896407961845398 0.8076655864715576 7.009627438492316e-7
vn -0.888592004776001 0.4586985111236572 0.0000019392707599763526
vn -0.9215368628501892 0.38829097151756287 0.0000014937304513296112
vn -0.5896407961845398 0.8076655864715576 7.009627438492316e-7
vn -0.8885921835899353 0.4586980640888214 3.430761239542335e-7
vn -0.503864049911499 0.8637830018997192 4.798483814738574e-7
vn -0.503864049911499 0.8637830018997192 4.798483814738574e-7
vn -0.1764146089553833 0.9843159914016724 0
vn -0.5896407961845398 0.8076655864715576 7.009627438492316e-7
vn -0.1764146089553833 0.9843159914016724 0
vn -0.503864049911499 0.8637830018997192 4.798483814738574e-7
vn -0.14120234549045563 0.9899807572364807 0
vn -0.1764146089553833 0.9843159914016724 0
vn -0.5038633346557617 0.8637834191322327 2.199698059257571e-7
vn -0.5896407961845398 0.8076655864715576 7.009627438492316e-7
vn -0.888592004776001 0.4586985111236572 0.0000019392707599763526
vn -0.5896407961845398 0.8076655864715576 7.009627438492316e-7
vn -0.5038633346557617 0.8637834191322327 2.199698059257571e-7
vn -0.5038633346557617 0.8637834191322327 2.199698059257571e-7
vn -0.1764146089553833 0.9843159914016724 0
vn -0.14120197296142578 0.9899807572364807 0
vn -0.14120234549045563 0.9899807572364807 0
vn 0.2828575670719147 0.9591618776321411 0
vn -0.1764146089553833 0.9843159914016724 0
vn 0.2828575670719147 0.9591618776321411 0
vn -0.14120197296142578 0.9899807572364807 0
vn -0.1764146089553833 0.9843159914016724 0
vn 0.2828575670719147 0.9591618776321411 0
vn -0.14120234549045563 0.9899807572364807 0
vn 0.319780170917511 0.9471924304962158 -0.023814087733626366
vn 0.319780170917511 0.9471924304962158 -0.023814087733626366
vn 0.5529253482818604 0.8332307934761047 -2.8006289198856393e-7
vn 0.2828575670719147 0.9591618776321411 0
vn 0.5529253482818604 0.8332307934761047 -2.8006289198856393e-7
vn 0.319780170917511 0.9471924304962158 -0.023814087733626366
vn 0.5221723914146423 0.8508024215698242 -0.05891742184758186
vn 0.5529253482818604 0.8332307934761047 -2.8006289198856393e-7
vn 0.3197808265686035 0.9471921920776367 0.023813746869564056
vn 0.2828575670719147 0.9591618776321411 0
vn -0.14120197296142578 0.9899807572364807 0
vn 0.2828575670719147 0.9591618776321411 0
vn 0.3197808265686035 0.9471921920776367 0.023813746869564056
vn 0.3197808265686035 0.9471921920776367 0.023813746869564056
vn 0.5529253482818604 0.8332307934761047 -2.8006289198856393e-7
vn 0.5221729874610901 0.8508020639419556 0.05891667678952217
vn 0.9532968997955322 0.302034854888916 0
vn 0.8253148794174194 0.5646727681159973 -0.0000010960039844576386
vn 0.9255916476249695 0.3785236179828644 2.59381408795889e-7
vn 0.9988793730735779 0.04732894152402878 -7.354378226409608e-7
vn 0.9532968997955322 0.302034854888916 0
vn 0.9255916476249695 0.3785236179828644 2.59381408795889e-7
vn 0.9532968997955322 0.302034854888916 0
vn 0.9988793730735779 0.04732894152402878 -7.354378226409608e-7
vn 0.999532163143158 0.030585572123527527 0
vn 0.9532970786094666 0.30203425884246826 -0.000003030622565347585
vn 0.9988793730735779 0.04732894152402878 -7.354378226409608e-7
vn 0.9255916476249695 0.3785236179828644 2.59381408795889e-7
vn 0.8253148794174194 0.5646727681159973 -0.0000010960039844576386
vn 0.9532970786094666 0.30203425884246826 -0.000003030622565347585
vn 0.9255916476249695 0.3785236179828644 2.59381408795889e-7
vn 0.9532970786094666 0.30203425884246826 -0.000003030622565347585
vn 0.8253148794174194 0.5646727681159973 -0.0000010960039844576386
vn 0.9999489188194275 -0.010105310007929802 -0.000005262641479930608
vn 0.9988793730735779 0.04732894152402878 -7.354378226409608e-7
vn 0.9532970786094666 0.30203425884246826 -0.000003030622565347585
vn 0.999532163143158 0.030585967004299164 -0.000001689937789706164
vn 0.9999489188194275 -0.010105310007929802 -0.000005262641479930608
vn 0.941505491733551 -0.3369976580142975 -7.112788011909288e-7
vn 0.9532970786094666 0.30203425884246826 -0.000003030622565347585
vn 0.941505491733551 -0.3369976580142975 -7.112788011909288e-7
vn 0.9999489188194275 -0.010105310007929802 -0.000005262641479930608
vn 0.9344297051429749 -0.35614755749702454 -3.616557080476923e-7
vn 0.9344297051429749 -0.35614755749702454 -3.616557080476923e-7
vn 0.8066306114196777 -0.5910558700561523 -0.0000014598620055039646
vn 0.941505491733551 -0.3369976580142975 -7.112788011909288e-7
vn 0.8066306114196777 -0.5910558700561523 -0.0000014598620055039646
vn 0.9344297051429749 -0.35614755749702454 -3.616557080476923e-7
vn 0.7324334979057312 -0.6808386445045471 -0.0000014108263712842017
vn 0.8524115085601807 -0.5228714346885681 -9.896124311126187e-7
vn 0.999532163143158 0.030585572123527527 0
vn 0.9988793730735779 0.04732894152402878 -7.354378226409608e-7
vn 0.999532163143158 0.030585967004299164 -0.000001689937789706164
vn 0.8524115085601807 -0.5228714346885681 -9.896124311126187e-7
vn 0.9988793730735779 0.04732894152402878 -7.354378226409608e-7
vn 0.999532163143158 0.030585572123527527 0
vn 0.8524115085601807 -0.5228714346885681 -9.896124311126187e-7
vn 0.8216415643692017 -0.5700045228004456 -8.213402225010213e-7
vn 0.4269314110279083 -0.9042840003967285 -8.269012141681742e-7
vn 0.8216415643692017 -0.5700045228004456 -8.213402225010213e-7
vn 0.8524115085601807 -0.5228714346885681 -9.896124311126187e-7
vn 0.8216415643692017 -0.5700045228004456 -8.213402225010213e-7
vn 0.4269314110279083 -0.9042840003967285 -8.269012141681742e-7
vn 0.40831732749938965 -0.9128400087356567 -0.00000119517471830477
vn 0.8216412663459778 -0.5700049996376038 -0.0000011003745612470084
vn 0.4269314110279083 -0.9042840003967285 -8.269012141681742e-7
vn 0.8524115085601807 -0.5228714346885681 -9.896124311126187e-7
vn 0.8524115085601807 -0.5228714346885681 -9.896124311126187e-7
vn 0.999532163143158 0.030585967004299164 -0.000001689937789706164
vn 0.8216412663459778 -0.5700049996376038 -0.0000011003745612470084
vn 0.4269314110279083 -0.9042840003967285 -8.269012141681742e-7
vn 0.8216412663459778 -0.5700049996376038 -0.0000011003745612470084
vn 0.4083171486854553 -0.9128401279449463 -2.6797656005328463e-7
vn 0.208936408162117 -0.9779292345046997 -5.410112180470605e-7
vn 0.40831732749938965 -0.9128400087356567 -0.00000119517471830477
vn 0.4269314110279083 -0.9042840003967285 -8.269012141681742e-7
vn 0.4083171486854553 -0.9128401279449463 -2.6797656005328463e-7
vn 0.208936408162117 -0.9779292345046997 -5.410112180470605e-7
vn 0.4269314110279083 -0.9042840003967285 -8.269012141681742e-7
vn 0.40831732749938965 -0.9128400087356567 -0.00000119517471830477
vn 0.208936408162117 -0.9779292345046997 -5.410112180470605e-7
vn 0.1821506917476654 -0.9832706451416016 -7.047898975542921e-7
vn 0.04539315775036812 -0.9989691972732544 0
vn 0.1821506917476654 -0.9832706451416016 -7.047898975542921e-7
vn 0.208936408162117 -0.9779292345046997 -5.410112180470605e-7
vn 0.1821506917476654 -0.9832706451416016 -7.047898975542921e-7
vn 0.04539315775036812 -0.9989691972732544 0
vn 0.05374366044998169 -0.9985547661781311 0
vn 0.05374366044998169 -0.9985547661781311 0
vn 0.04539315775036812 -0.9989691972732544 0
vn 3.8654499689982913e-7 -1 0
vn 0.208936408162117 -0.9779292345046997 -5.410112180470605e-7
vn 0.05374336987733841 -0.9985548257827759 0
vn 0.04539315775036812 -0.9989691972732544 0
vn 0.04539315775036812 -0.9989691972732544 0
vn 0.05374336987733841 -0.9985548257827759 0
vn 3.8654499689982913e-7 -1 0
vn 0.05374336987733841 -0.9985548257827759 0
vn 0.208936408162117 -0.9779292345046997 -5.410112180470605e-7
vn 0.18215033411979675 -0.9832707047462463 0
vn 0.208936408162117 -0.9779292345046997 -5.410112180470605e-7
vn 0.4083171486854553 -0.9128401279449463 -2.6797656005328463e-7
vn 0.18215033411979675 -0.9832707047462463 0
vn 0.05112236738204956 0.5667062997817993 -0.8223323822021484
vn 0.03862972557544708 0.5225014686584473 -0.8517628908157349
vn 0.04136184975504875 0.5278470516204834 -0.8483316898345947
vn 0.03862972557544708 0.5225014686584473 -0.8517628908157349
vn 0.1534494012594223 0.5012418031692505 -0.8515926003456116
vn 0.04136184975504875 0.5278470516204834 -0.8483316898345947
vn 0.1534494012594223 0.5012418031692505 -0.8515926003456116
vn 0.03862972557544708 0.5225014686584473 -0.8517628908157349
vn 0.01089046336710453 0.43862244486808777 -0.898605465888977
vn 0.1534494012594223 0.5012418031692505 -0.8515926003456116
vn 0.01089046336710453 0.43862244486808777 -0.898605465888977
vn 0.14112156629562378 0.3818184733390808 -0.913399875164032
vn 0.14112156629562378 0.3818184733390808 -0.913399875164032
vn 0.23909731209278107 0.37362512946128845 -0.8962347507476807
vn 0.1534494012594223 0.5012418031692505 -0.8515926003456116
vn 0.23909731209278107 0.37362512946128845 -0.8962347507476807
vn 0.14112156629562378 0.3818184733390808 -0.913399875164032
vn 0.21974743902683258 0.3262560963630676 -0.9193845987319946
vn 0.21974743902683258 0.3262560963630676 -0.9193845987319946
vn 0.40509822964668274 0.3261486291885376 -0.8541209697723389
vn 0.23909731209278107 0.37362512946128845 -0.8962347507476807
vn 0.40509822964668274 0.3261486291885376 -0.8541209697723389
vn 0.21974743902683258 0.3262560963630676 -0.9193845987319946
vn 0.3069504201412201 0.3834342062473297 -0.8710680603981018
vn 0.5258572697639465 0.2113974392414093 -0.8238843083381653
vn 0.40509822964668274 0.3261486291885376 -0.8541209697723389
vn 0.3069504201412201 0.3834342062473297 -0.8710680603981018
vn 0.40509822964668274 0.3261486291885376 -0.8541209697723389
vn 0.5258572697639465 0.2113974392414093 -0.8238843083381653
vn 0.6219732761383057 0.08095388114452362 -0.7788425087928772
vn 0.40509822964668274 0.3261486291885376 -0.8541209697723389
vn 0.6219732761383057 0.08095388114452362 -0.7788425087928772
vn 0.6340304613113403 0.26877138018608093 -0.7250981330871582
vn 0.6340304613113403 0.26877138018608093 -0.7250981330871582
vn 0.6116140484809875 0.40911638736724854 -0.677164614200592
vn 0.40509822964668274 0.3261486291885376 -0.8541209697723389
vn 0.6116140484809875 0.40911638736724854 -0.677164614200592
vn 0.6340304613113403 0.26877138018608093 -0.7250981330871582
vn 0.6782206296920776 0.3570963442325592 -0.6422609090805054
vn 0.4232604503631592 0.3671244978904724 0.8282935619354248
vn 0.23128117620944977 0.3781977593898773 0.8963679671287537
vn 0.308165967464447 0.3391765356063843 0.8888155221939087
vn 0.23128117620944977 0.3781977593898773 0.8963679671287537
vn 0.4232604503631592 0.3671244978904724 0.8282935619354248
vn 0.3534981310367584 0.36062702536582947 0.8631263971328735
vn 0.23128117620944977 0.3781977593898773 0.8963679671287537
vn 0.13835839927196503 0.4314098656177521 0.8914832472801208
vn 0.308165967464447 0.3391765356063843 0.8888155221939087
vn 0.13835839927196503 0.4314098656177521 0.8914832472801208
vn 0.23128117620944977 0.3781977593898773 0.8963679671287537
vn 0.04639742523431778 0.4067831337451935 0.9123457670211792
vn 0.13835839927196503 0.4314098656177521 0.8914832472801208
vn 0.04639742523431778 0.4067831337451935 0.9123457670211792
vn 0.01089242659509182 0.4386216998100281 0.8986057639122009
vn 0.0386318601667881 0.5225011706352234 0.8517629504203796
vn 0.13835839927196503 0.4314098656177521 0.8914832472801208
vn 0.01089242659509182 0.4386216998100281 0.8986057639122009
vn 0.13835839927196503 0.4314098656177521 0.8914832472801208
vn 0.0386318601667881 0.5225011706352234 0.8517629504203796
vn 0.04136406257748604 0.5278467535972595 0.8483318090438843
vn 0.04136406257748604 0.5278467535972595 0.8483318090438843
vn 0.0386318601667881 0.5225011706352234 0.8517629504203796
vn 0.051124658435583115 0.5667064785957336 0.8223320841789246
vn 0.5163950324058533 0.14707162976264954 0.8436267375946045
vn 0.3534981310367584 0.36062702536582947 0.8631263971328735
vn 0.4232604503631592 0.3671244978904724 0.8282935619354248
vn 0.4232604503631592 0.3671244978904724 0.8282935619354248
vn 0.6340340971946716 0.26877209544181824 0.7250946760177612
vn 0.5163950324058533 0.14707162976264954 0.8436267375946045
vn 0.6116175055503845 0.40911754965782166 0.6771608591079712
vn 0.6340340971946716 0.26877209544181824 0.7250946760177612
vn 0.4232604503631592 0.3671244978904724 0.8282935619354248
vn 0.6340340971946716 0.26877209544181824 0.7250946760177612
vn 0.6116175055503845 0.40911754965782166 0.6771608591079712
vn 0.6782252192497253 0.35709673166275024 0.6422557830810547
vn 0.3534981310367584 0.36062702536582947 0.8631263971328735
vn 0.5163950324058533 0.14707162976264954 0.8436267375946045
vn 0.40435680747032166 0.05250406265258789 0.9130930304527283
vn 0.0372009351849556 -0.9992873072624207 -0.0064045581966638565
vn 0.13057275116443634 -0.991437554359436 -0.0015215632738545537
vn 0.16473038494586945 -0.9863386154174805 0
vn 0.13057275116443634 -0.991437554359436 -0.0015215632738545537
vn 0.0372009351849556 -0.9992873072624207 -0.0064045581966638565
vn 0.03699394315481186 -0.9992892146110535 -0.0072502633556723595
vn 0 -1 0
vn 0.03699394315481186 -0.9992892146110535 -0.0072502633556723595
vn 0.0372009351849556 -0.9992873072624207 -0.0064045581966638565
vn 0.03699394315481186 -0.9992892146110535 -0.0072502633556723595
vn 0 -1 0
vn 0 -1 0
vn 0.03720076009631157 -0.9992873072624207 0.00640414422377944
vn 0 -1 0
vn 0 -1 0
vn 0 -1 0
vn 0.03720076009631157 -0.9992873072624207 0.00640414422377944
vn 0.036994222551584244 -0.9992892146110535 0.007249893620610237
vn 0.03720076009631157 -0.9992873072624207 0.00640414422377944
vn 0.1305726170539856 -0.991437554359436 0.0015212821308523417
vn 0.036994222551584244 -0.9992892146110535 0.007249893620610237
vn 0.1305726170539856 -0.991437554359436 0.0015212821308523417
vn 0.03720076009631157 -0.9992873072624207 0.00640414422377944
vn 0.1647302359342575 -0.9863386750221252 0
vn 0.36120426654815674 -0.9324867129325867 0.000001284236645915371
vn 0.16473038494586945 -0.9863386154174805 0
vn 0.13057275116443634 -0.991437554359436 -0.0015215632738545537
vn 0.16473038494586945 -0.9863386154174805 0
vn 0.36120426654815674 -0.9324867129325867 0.000001284236645915371
vn 0.4290454089641571 -0.9032829403877258 0.0000014667898540210444
vn 0.1647302359342575 -0.9863386750221252 0
vn 0.36120373010635376 -0.9324869513511658 0
vn 0.1305726170539856 -0.991437554359436 0.0015212821308523417
vn 0.36120373010635376 -0.9324869513511658 0
vn 0.1647302359342575 -0.9863386750221252 0
vn 0.4290451109409332 -0.9032829999923706 -1.6751289422245463e-7
vn 0.7324331998825073 -0.6808388829231262 2.49515125005928e-7
vn 0.4290454089641571 -0.9032829403877258 0.0000014667898540210444
vn 0.36120426654815674 -0.9324867129325867 0.000001284236645915371
vn 0.4290454089641571 -0.9032829403877258 0.0000014667898540210444
vn 0.7324331998825073 -0.6808388829231262 2.49515125005928e-7
vn 0.8066303730010986 -0.5910562872886658 3.5653181384986965e-7
vn 0.4290451109409332 -0.9032829999923706 -1.6751289422245463e-7
vn 0.7324334979057312 -0.6808386445045471 -0.0000014108263712842017
vn 0.36120373010635376 -0.9324869513511658 0
vn 0.7324334979057312 -0.6808386445045471 -0.0000014108263712842017
vn 0.4290451109409332 -0.9032829999923706 -1.6751289422245463e-7
vn 0.8066306114196777 -0.5910558700561523 -0.0000014598620055039646
vn -0.9949765801429749 -0.10010774433612823 0.0000016526588524357066
vn -0.7985818982124329 -0.08839556574821472 -0.5953596234321594
vn -0.9352636933326721 0.35395166277885437 0.000001567993081152963
vn -0.7985818982124329 -0.08839556574821472 -0.5953596234321594
vn -0.9949765801429749 -0.10010774433612823 0.0000016526588524357066
vn -0.7968161702156067 -0.2365851253271103 -0.5559778809547424
vn -0.7985799908638 -0.0883953794836998 0.5953623652458191
vn -0.9949765801429749 -0.10010774433612823 0.0000016526588524357066
vn -0.9352636933326721 0.35395166277885437 0.000001567993081152963
vn -0.9949765801429749 -0.10010774433612823 0.0000016526588524357066
vn -0.7985799908638 -0.0883953794836998 0.5953623652458191
vn -0.7968143224716187 -0.23658481240272522 0.5559808015823364
vn -0.9949765801429749 -0.10010774433612823 0.0000016526588524357066
vn -0.7643568515777588 -0.3747069835662842 -0.5247411131858826
vn -0.7968161702156067 -0.2365851253271103 -0.5559778809547424
vn -0.7643568515777588 -0.3747069835662842 -0.5247411131858826
vn -0.9949765801429749 -0.10010774433612823 0.0000016526588524357066
vn -0.9707161784172058 -0.24022921919822693 0.0000016544128129680757
vn -0.7643548250198364 -0.37470749020576477 0.5247436761856079
vn -0.9949765801429749 -0.10010774433612823 0.0000016526588524357066
vn -0.7968143224716187 -0.23658481240272522 0.5559808015823364
vn -0.9949765801429749 -0.10010774433612823 0.0000016526588524357066
vn -0.7643548250198364 -0.37470749020576477 0.5247436761856079
vn -0.9707161784172058 -0.24022921919822693 0.0000016544128129680757
vn -0.7764119505882263 -0.0111796073615551 -0.6301265954971313
vn -0.9352636933326721 0.35395166277885437 0.000001567993081152963
vn -0.7985818982124329 -0.08839556574821472 -0.5953596234321594
vn -0.9352636933326721 0.35395166277885437 0.000001567993081152963
vn -0.7764119505882263 -0.0111796073615551 -0.6301265954971313
vn -0.8124374747276306 0.5830482840538025 0.0000012940639635417028
vn -0.776409924030304 -0.011180168017745018 0.6301290988922119
vn -0.9352636933326721 0.35395166277885437 0.000001567993081152963
vn -0.8124374747276306 0.5830482840538025 0.0000012940639635417028
vn -0.9352636933326721 0.35395166277885437 0.000001567993081152963
vn -0.776409924030304 -0.011180168017745018 0.6301290988922119
vn -0.7985799908638 -0.0883953794836998 0.5953623652458191
vn 0.9999489188194275 -0.010105036199092865 4.2576954228934483e-7
vn 0.9415054321289062 -0.33699774742126465 0.0000020373763618408702
vn 0.9344297051429749 -0.3561477065086365 0.0000019180538401997183
vn 0.9415054321289062 -0.33699774742126465 0.0000020373763618408702
vn 0.9999489188194275 -0.010105036199092865 4.2576954228934483e-7
vn 0.9532968997955322 0.302034854888916 0
vn 0.8066303730010986 -0.5910562872886658 3.5653181384986965e-7
vn 0.9344297051429749 -0.3561477065086365 0.0000019180538401997183
vn 0.9415054321289062 -0.33699774742126465 0.0000020373763618408702
vn 0.9344297051429749 -0.3561477065086365 0.0000019180538401997183
vn 0.8066303730010986 -0.5910562872886658 3.5653181384986965e-7
vn 0.7324331998825073 -0.6808388829231262 2.49515125005928e-7
vn 0.8253148794174194 0.5646727681159973 -0.0000010960039844576386
vn 0.9532968997955322 0.302034854888916 0
vn 0.9999489188194275 -0.010105036199092865 4.2576954228934483e-7
vn 0.3771779239177704 0.013095313683152199 -0.926048219203949
vn 0.3378724753856659 -0.0684095248579979 -0.9387024641036987
vn 0.3360295593738556 -0.10185492038726807 -0.9363278150558472
vn 0.3378724753856659 -0.0684095248579979 -0.9387024641036987
vn 0.3771779239177704 0.013095313683152199 -0.926048219203949
vn 0.35828158259391785 0.016855917870998383 -0.9334613680839539
vn 0.3520442247390747 0.18642476201057434 -0.9172298312187195
vn 0.35828158259391785 0.016855917870998383 -0.9334613680839539
vn 0.3771779239177704 0.013095313683152199 -0.926048219203949
vn 0.35828158259391785 0.016855917870998383 -0.9334613680839539
vn 0.3520442247390747 0.18642476201057434 -0.9172298312187195
vn 0.32889559864997864 0.18835574388504028 -0.925391674041748
vn 0.3388269245624542 0.3054597079753876 -0.8898823857307434
vn 0.32889559864997864 0.18835574388504028 -0.925391674041748
vn 0.3520442247390747 0.18642476201057434 -0.9172298312187195
vn 0.3378724753856659 -0.0684095248579979 -0.9387024641036987
vn 0.34543997049331665 0.0003234131436329335 -0.9384408593177795
vn 0.3360295593738556 -0.10185492038726807 -0.9363278150558472
vn 0.34543997049331665 0.0003234131436329335 -0.9384408593177795
vn 0.3378724753856659 -0.0684095248579979 -0.9387024641036987
vn 0.3533373475074768 0.02326969802379608 -0.9352065324783325
vn 0.34543997049331665 0.0003234131436329335 -0.9384408593177795
vn 0.3533373475074768 0.02326969802379608 -0.9352065324783325
vn 0.3448121249675751 0.021614929661154747 -0.9384227991104126
vn 0.3448121249675751 0.021614929661154747 -0.9384227991104126
vn 0.3533373475074768 0.02326969802379608 -0.9352065324783325
vn 0.34482818841934204 0.02169523946940899 -0.9384150505065918
vn -0.6727893948554993 -0.012052546255290508 -0.7397358417510986
vn -0.6911699175834656 0.13920113444328308 -0.7091595530509949
vn -0.6930199265480042 0.1730649620294571 -0.6998370289802551
vn -0.6911699175834656 0.13920113444328308 -0.7091595530509949
vn -0.6727893948554993 -0.012052546255290508 -0.7397358417510986
vn -0.6672223806381226 -0.04197901859879494 -0.7436746954917908
vn -0.6662667989730835 0.13748469948768616 0.732930064201355
vn -0.6983031630516052 -0.012543769553303719 0.7156921625137329
vn -0.702947735786438 -0.04422807693481445 0.7098649740219116
vn -0.6983031630516052 -0.012543769553303719 0.7156921625137329
vn -0.6662667989730835 0.13748469948768616 0.732930064201355
vn -0.6587122678756714 0.16449785232543945 0.7341924905776978
vn 0.3447103798389435 0.021687669679522514 0.9384585022926331
vn 0.3447404205799103 0.021609459072351456 0.9384493231773376
vn 0.34549278020858765 0.00037672356120310724 0.9384213089942932
vn 0.34549278020858765 0.00037672356120310724 0.9384213089942932
vn 0.3447404205799103 0.021609459072351456 0.9384493231773376
vn 0.3533921539783478 0.0232378039509058 0.9351866245269775
vn 0.33787497878074646 -0.06841028481721878 0.9387015104293823
vn 0.34549278020858765 0.00037672356120310724 0.9384213089942932
vn 0.3533921539783478 0.0232378039509058 0.9351866245269775
vn 0.34549278020858765 0.00037672356120310724 0.9384213089942932
vn 0.33787497878074646 -0.06841028481721878 0.9387015104293823
vn 0.3360321819782257 -0.1018560379743576 0.9363267421722412
vn 0.33787497878074646 -0.06841028481721878 0.9387015104293823
vn 0.3586600422859192 0.005204446148127317 0.9334537386894226
vn 0.3360321819782257 -0.1018560379743576 0.9363267421722412
vn 0.3586600422859192 0.005204446148127317 0.9334537386894226
vn 0.33787497878074646 -0.06841028481721878 0.9387015104293823
vn 0.363203763961792 0.002596828853711486 0.9317060708999634
vn 0.3538306653499603 0.21016477048397064 0.91139155626297
vn 0.3586600422859192 0.005204446148127317 0.9334537386894226
vn 0.363203763961792 0.002596828853711486 0.9317060708999634
vn 0.3586600422859192 0.005204446148127317 0.9334537386894226
vn 0.3538306653499603 0.21016477048397064 0.91139155626297
vn 0.3326909840106964 0.2269393652677536 0.915322482585907
vn 0.3326909840106964 0.2269393652677536 0.915322482585907
vn 0.3538306653499603 0.21016477048397064 0.91139155626297
vn 0.33883026242256165 0.30546003580093384 0.8898810148239136
vn 0.9950178861618042 0.09969667345285416 -2.9403426538010535e-7
vn 0.8627935647964478 0.35891419649124146 0.35604482889175415
vn 0.8702300190925598 0.08917037397623062 0.4845083951950073
vn 0.9950178861618042 0.09969667345285416 -2.9403426538010535e-7
vn 0.8686461448669434 0.4954330325126648 3.674953745758103e-7
vn 0.8627935647964478 0.35891419649124146 0.35604482889175415
vn 0.9950178861618042 0.09969667345285416 -2.9403426538010535e-7
vn 0.8627937436103821 0.3589145243167877 -0.35604387521743774
vn 0.8686461448669434 0.4954330325126648 3.674953745758103e-7
vn 0.9950178861618042 0.09969667345285416 -2.9403426538010535e-7
vn 0.8702305555343628 0.0891694575548172 -0.4845074415206909
vn 0.8627937436103821 0.3589145243167877 -0.35604387521743774
vn 0.9950178861618042 0.09969667345285416 -2.9403426538010535e-7
vn 0.8702300190925598 0.08917037397623062 0.4845083951950073
vn 0.9159911870956421 -0.1788029670715332 0.3591512143611908
vn 0.9950178861618042 0.09969667345285416 -2.9403426538010535e-7
vn 0.9159911870956421 -0.1788029670715332 0.3591512143611908
vn 0.949662983417511 -0.31327345967292786 -0.000001727180574562226
vn 0.7196972966194153 0.4687468409538269 0.5121642351150513
vn 0.8702300190925598 0.08917037397623062 0.4845083951950073
vn 0.8627935647964478 0.35891419649124146 0.35604482889175415
vn 0.8702300190925598 0.08917037397623062 0.4845083951950073
vn 0.7196972966194153 0.4687468409538269 0.5121642351150513
vn 0.703402042388916 0.06174793466925621 0.7081050276756287
vn 0.6511518359184265 0.519600510597229 0.5531876683235168
vn 0.703402042388916 0.06174793466925621 0.7081050276756287
vn 0.7196972966194153 0.4687468409538269 0.5121642351150513
vn 0.703402042388916 0.06174793466925621 0.7081050276756287
vn 0.6511518359184265 0.519600510597229 0.5531876683235168
vn 0.6238169074058533 0.05812982842326164 0.7794057726860046
vn 0.7196972966194153 0.4687468409538269 0.5121642351150513
vn 0.7576683759689331 0.6524741649627686 -0.014702199026942253
vn 0.6511518359184265 0.519600510597229 0.5531876683235168
vn 0.7576683759689331 0.6524741649627686 -0.014702199026942253
vn 0.7196972966194153 0.4687468409538269 0.5121642351150513
vn 0.7765861749649048 0.629805862903595 -0.01607576757669449
vn 0.7765861749649048 0.629805862903595 -0.01607576757669449
vn 0.8627935647964478 0.35891419649124146 0.35604482889175415
vn 0.8686461448669434 0.4954330325126648 3.674953745758103e-7
vn 0.8627935647964478 0.35891419649124146 0.35604482889175415
vn 0.7765861749649048 0.629805862903595 -0.01607576757669449
vn 0.7196972966194153 0.4687468409538269 0.5121642351150513
vn 0.6267154812812805 -0.445805162191391 0.6391286253929138
vn 0.703402042388916 0.06174793466925621 0.7081050276756287
vn 0.6238169074058533 0.05812982842326164 0.7794057726860046
vn 0.703402042388916 0.06174793466925621 0.7081050276756287
vn 0.6267154812812805 -0.445805162191391 0.6391286253929138
vn 0.7307268381118774 -0.41964709758758545 0.5384558439254761
vn 0.7307268381118774 -0.41964709758758545 0.5384558439254761
vn 0.949662983417511 -0.31327345967292786 -0.000001727180574562226
vn 0.9159911870956421 -0.1788029670715332 0.3591512143611908
vn 0.7307268381118774 -0.41964709758758545 0.5384558439254761
vn 0.8702300190925598 0.08917037397623062 0.4845083951950073
vn 0.703402042388916 0.06174793466925621 0.7081050276756287
vn 0.8702300190925598 0.08917037397623062 0.4845083951950073
vn 0.7307268381118774 -0.41964709758758545 0.5384558439254761
vn 0.9159911870956421 -0.1788029670715332 0.3591512143611908
vn 0.6267154812812805 -0.445805162191391 0.6391286253929138
vn 0.8090019226074219 -0.5876206159591675 0.014762797392904758
vn 0.7307268381118774 -0.41964709758758545 0.5384558439254761
vn 0.949662983417511 -0.31327345967292786 -0.000001727180574562226
vn 0.7307268381118774 -0.41964709758758545 0.5384558439254761
vn 0.8090019226074219 -0.5876206159591675 0.014762797392904758
vn 0.8090019226074219 -0.5876206159591675 0.014762797392904758
vn 0.6267154812812805 -0.445805162191391 0.6391286253929138
vn 0.721767246723175 -0.6919389963150024 0.016506683081388474
vn 0.7134357690811157 0.48033407330513 -0.5101847648620605
vn 0.8686461448669434 0.4954330325126648 3.674953745758103e-7
vn 0.8627937436103821 0.3589145243167877 -0.35604387521743774
vn 0.8686461448669434 0.4954330325126648 3.674953745758103e-7
vn 0.7134357690811157 0.48033407330513 -0.5101847648620605
vn 0.7765861749649048 0.629805862903595 -0.01607576757669449
vn 0.6672707796096802 0.5175384283065796 -0.5356339812278748
vn 0.7765861749649048 0.629805862903595 -0.01607576757669449
vn 0.7134357690811157 0.48033407330513 -0.5101847648620605
vn 0.9950178861618042 0.09969667345285416 -2.9403426538010535e-7
vn 0.9159910678863525 -0.17880366742610931 -0.35915109515190125
vn 0.8702305555343628 0.0891694575548172 -0.4845074415206909
vn 0.9950178861618042 0.09969667345285416 -2.9403426538010535e-7
vn 0.949662983417511 -0.31327345967292786 -0.000001727180574562226
vn 0.9159910678863525 -0.17880366742610931 -0.35915109515190125
vn 0.7354053854942322 -0.4038541316986084 -0.5441330671310425
vn 0.8702305555343628 0.0891694575548172 -0.4845074415206909
vn 0.9159910678863525 -0.17880366742610931 -0.35915109515190125
vn 0.8702305555343628 0.0891694575548172 -0.4845074415206909
vn 0.7354053854942322 -0.4038541316986084 -0.5441330671310425
vn 0.7018532752990723 0.06486684828996658 -0.7093619108200073
vn 0.6158928275108337 -0.44338205456733704 -0.6512206792831421
vn 0.7018532752990723 0.06486684828996658 -0.7093619108200073
vn 0.7354053854942322 -0.4038541316986084 -0.5441330671310425
vn 0.7018532752990723 0.06486684828996658 -0.7093619108200073
vn 0.6158928275108337 -0.44338205456733704 -0.6512206792831421
vn 0.6265180706977844 0.061611518263816833 -0.7769678831100464
vn 0.6265180706977844 0.061611518263816833 -0.7769678831100464
vn 0.7134357690811157 0.48033407330513 -0.5101847648620605
vn 0.7018532752990723 0.06486684828996658 -0.7093619108200073
vn 0.7134357690811157 0.48033407330513 -0.5101847648620605
vn 0.6265180706977844 0.061611518263816833 -0.7769678831100464
vn 0.6672707796096802 0.5175384283065796 -0.5356339812278748
vn 0.7354053854942322 -0.4038541316986084 -0.5441330671310425
vn 0.721767246723175 -0.6919389963150024 0.016506683081388474
vn 0.6158928275108337 -0.44338205456733704 -0.6512206792831421
vn 0.721767246723175 -0.6919389963150024 0.016506683081388474
vn 0.7354053854942322 -0.4038541316986084 -0.5441330671310425
vn 0.8090019226074219 -0.5876206159591675 0.014762797392904758
vn 0.8090019226074219 -0.5876206159591675 0.014762797392904758
vn 0.9159910678863525 -0.17880366742610931 -0.35915109515190125
vn 0.949662983417511 -0.31327345967292786 -0.000001727180574562226
vn 0.9159910678863525 -0.17880366742610931 -0.35915109515190125
vn 0.8090019226074219 -0.5876206159591675 0.014762797392904758
vn 0.7354053854942322 -0.4038541316986084 -0.5441330671310425
vn 0.7018532752990723 0.06486684828996658 -0.7093619108200073
vn 0.8627937436103821 0.3589145243167877 -0.35604387521743774
vn 0.8702305555343628 0.0891694575548172 -0.4845074415206909
vn 0.8627937436103821 0.3589145243167877 -0.35604387521743774
vn 0.7018532752990723 0.06486684828996658 -0.7093619108200073
vn 0.7134357690811157 0.48033407330513 -0.5101847648620605
vn 0.7765861749649048 0.629805862903595 -0.01607576757669449
vn 0.6672707796096802 0.5175384283065796 -0.5356339812278748
vn 0.7576683759689331 0.6524741649627686 -0.014702199026942253
vn 0.8929532170295715 0.08509763330221176 0.4420328140258789
vn 0.8000965714454651 0.3789246380329132 0.46503934264183044
vn 0.7553265690803528 0.06730145961046219 0.6518836617469788
vn 0.8000965714454651 0.3789246380329132 0.46503934264183044
vn 0.8929532170295715 0.08509763330221176 0.4420328140258789
vn 0.9052391648292542 0.2825247049331665 0.3173670768737793
vn 0.9052391648292542 0.2825247049331665 0.3173670768737793
vn 0.8656152486801147 0.5007097721099854 0
vn 0.8000965714454651 0.3789246380329132 0.46503934264183044
vn 0.8656152486801147 0.5007097721099854 0
vn 0.9052391648292542 0.2825247049331665 0.3173670768737793
vn 0.9088823795318604 0.4170525074005127 -1.6207022213166056e-7
vn 0.8440240621566772 -0.247726708650589 0.47566258907318115
vn 0.8929532170295715 0.08509763330221176 0.4420328140258789
vn 0.7553265690803528 0.06730145961046219 0.6518836617469788
vn 0.8929532170295715 0.08509763330221176 0.4420328140258789
vn 0.8440240621566772 -0.247726708650589 0.47566258907318115
vn 0.9457743763923645 -0.09202201664447784 0.31151697039604187
vn 0.9290966987609863 -0.3698367774486542 -3.7121026252862066e-7
vn 0.9457743763923645 -0.09202201664447784 0.31151697039604187
vn 0.8440240621566772 -0.247726708650589 0.47566258907318115
vn 0.9457743763923645 -0.09202201664447784 0.31151697039604187
vn 0.9290966987609863 -0.3698367774486542 -3.7121026252862066e-7
vn 0.975568413734436 -0.21969567239284515 -9.316179330198793e-7
vn 0.48047128319740295 0.5502883791923523 0.682883620262146
vn 0.7553265690803528 0.06730145961046219 0.6518836617469788
vn 0.8000965714454651 0.3789246380329132 0.46503934264183044
vn 0.7553265690803528 0.06730145961046219 0.6518836617469788
vn 0.48047128319740295 0.5502883791923523 0.682883620262146
vn 0.40526267886161804 0.0114064309746027 0.9141290783882141
vn 0.8000965714454651 0.3789246380329132 0.46503934264183044
vn 0.6289942860603333 0.7774099707603455 -3.8747737107769353e-7
vn 0.48047128319740295 0.5502883791923523 0.682883620262146
vn 0.6289942860603333 0.7774099707603455 -3.8747737107769353e-7
vn 0.8000965714454651 0.3789246380329132 0.46503934264183044
vn 0.8656152486801147 0.5007097721099854 0
vn 0.8000956177711487 0.37892502546310425 -0.4650407135486603
vn 0.6289942860603333 0.7774099707603455 -3.8747737107769353e-7
vn 0.8656152486801147 0.5007097721099854 0
vn 0.6289942860603333 0.7774099707603455 -3.8747737107769353e-7
vn 0.8000956177711487 0.37892502546310425 -0.4650407135486603
vn 0.4834044575691223 0.5527958273887634 -0.67877596616745
vn 0.8440240621566772 -0.247726708650589 0.47566258907318115
vn 0.6798147559165955 -0.73338383436203 -5.893002708035056e-7
vn 0.9290966987609863 -0.3698367774486542 -3.7121026252862066e-7
vn 0.6798147559165955 -0.73338383436203 -5.893002708035056e-7
vn 0.8440240621566772 -0.247726708650589 0.47566258907318115
vn 0.5199351906776428 -0.5103196501731873 0.6850118637084961
vn 0.5199351906776428 -0.5103196501731873 0.6850118637084961
vn 0.7553265690803528 0.06730145961046219 0.6518836617469788
vn 0.40526267886161804 0.0114064309746027 0.9141290783882141
vn 0.7553265690803528 0.06730145961046219 0.6518836617469788
vn 0.5199351906776428 -0.5103196501731873 0.6850118637084961
vn 0.8440240621566772 -0.247726708650589 0.47566258907318115
vn 0.48047128319740295 0.5502883791923523 0.682883620262146
vn 0.222150981426239 0.0051574078388512135 0.9749986529350281
vn 0.40526267886161804 0.0114064309746027 0.9141290783882141
vn 0.222150981426239 0.0051574078388512135 0.9749986529350281
vn 0.5199351906776428 -0.5103196501731873 0.6850118637084961
vn 0.40526267886161804 0.0114064309746027 0.9141290783882141
vn 0.222150981426239 0.0051574078388512135 0.9749986529350281
vn 0.48047128319740295 0.5502883791923523 0.682883620262146
vn 0.28516578674316406 0.6058105230331421 0.7427476644515991
vn 0.48047128319740295 0.5502883791923523 0.682883620262146
vn 0.4313572943210602 0.9021812081336975 0
vn 0.28516578674316406 0.6058105230331421 0.7427476644515991
vn 0.4313572943210602 0.9021812081336975 0
vn 0.48047128319740295 0.5502883791923523 0.682883620262146
vn 0.6289942860603333 0.7774099707603455 -3.8747737107769353e-7
vn 0.5199351906776428 -0.5103196501731873 0.6850118637084961
vn 0.4561365246772766 -0.8899098038673401 -3.3306278623967955e-7
vn 0.6798147559165955 -0.73338383436203 -5.893002708035056e-7
vn 0.4561365246772766 -0.8899098038673401 -3.3306278623967955e-7
vn 0.5199351906776428 -0.5103196501731873 0.6850118637084961
vn 0.30270206928253174 -0.5831076502799988 0.7538945078849792
vn 0.5199351906776428 -0.5103196501731873 0.6850118637084961
vn 0.222150981426239 0.0051574078388512135 0.9749986529350281
vn 0.30270206928253174 -0.5831076502799988 0.7538945078849792
vn 0.8656152486801147 0.5007097721099854 0
vn 0.905238687992096 0.2825239896774292 -0.31736892461776733
vn 0.8000956177711487 0.37892502546310425 -0.4650407135486603
vn 0.905238687992096 0.2825239896774292 -0.31736892461776733
vn 0.8656152486801147 0.5007097721099854 0
vn 0.9088823795318604 0.4170525074005127 -1.6207022213166056e-7
vn 0.8929542899131775 0.08509811758995056 -0.44203054904937744
vn 0.8000956177711487 0.37892502546310425 -0.4650407135486603
vn 0.905238687992096 0.2825239896774292 -0.31736892461776733
vn 0.8000956177711487 0.37892502546310425 -0.4650407135486603
vn 0.8929542899131775 0.08509811758995056 -0.44203054904937744
vn 0.7553263306617737 0.06730185449123383 -0.6518839001655579
vn 0.8929542899131775 0.08509811758995056 -0.44203054904937744
vn 0.8440242409706116 -0.24772584438323975 -0.4756626486778259
vn 0.7553263306617737 0.06730185449123383 -0.6518839001655579
vn 0.8440242409706116 -0.24772584438323975 -0.4756626486778259
vn 0.8929542899131775 0.08509811758995056 -0.44203054904937744
vn 0.9457752704620361 -0.09201882034540176 -0.3115151524543762
vn 0.9457752704620361 -0.09201882034540176 -0.3115151524543762
vn 0.9290966987609863 -0.3698367774486542 -3.7121026252862066e-7
vn 0.8440242409706116 -0.24772584438323975 -0.4756626486778259
vn 0.9290966987609863 -0.3698367774486542 -3.7121026252862066e-7
vn 0.9457752704620361 -0.09201882034540176 -0.3115151524543762
vn 0.975568413734436 -0.21969567239284515 -9.316179330198793e-7
vn 0.7553263306617737 0.06730185449123383 -0.6518839001655579
vn 0.4834044575691223 0.5527958273887634 -0.67877596616745
vn 0.8000956177711487 0.37892502546310425 -0.4650407135486603
vn 0.4834044575691223 0.5527958273887634 -0.67877596616745
vn 0.7553263306617737 0.06730185449123383 -0.6518839001655579
vn 0.4092496931552887 0.010107312351465225 -0.9123664498329163
vn 0.7553263306617737 0.06730185449123383 -0.6518839001655579
vn 0.5216040015220642 -0.5113334059715271 -0.6829841732978821
vn 0.4092496931552887 0.010107312351465225 -0.9123664498329163
vn 0.5216040015220642 -0.5113334059715271 -0.6829841732978821
vn 0.7553263306617737 0.06730185449123383 -0.6518839001655579
vn 0.8440242409706116 -0.24772584438323975 -0.4756626486778259
vn 0.8440242409706116 -0.24772584438323975 -0.4756626486778259
vn 0.6798147559165955 -0.73338383436203 -5.893002708035056e-7
vn 0.5216040015220642 -0.5113334059715271 -0.6829841732978821
vn 0.6798147559165955 -0.73338383436203 -5.893002708035056e-7
vn 0.8440242409706116 -0.24772584438323975 -0.4756626486778259
vn 0.9290966987609863 -0.3698367774486542 -3.7121026252862066e-7
vn 0.4092496931552887 0.010107312351465225 -0.9123664498329163
vn 0.2803063988685608 0.6115133762359619 -0.7399187088012695
vn 0.4834044575691223 0.5527958273887634 -0.67877596616745
vn 0.4313572943210602 0.9021812081336975 0
vn 0.4834044575691223 0.5527958273887634 -0.67877596616745
vn 0.2803063988685608 0.6115133762359619 -0.7399187088012695
vn 0.4834044575691223 0.5527958273887634 -0.67877596616745
vn 0.4313572943210602 0.9021812081336975 0
vn 0.6289942860603333 0.7774099707603455 -3.8747737107769353e-7
vn 0.2803063988685608 0.6115133762359619 -0.7399187088012695
vn 0.4092496931552887 0.010107312351465225 -0.9123664498329163
vn 0.21334140002727509 0.0018122440669685602 -0.9769760370254517
vn 0.4092496931552887 0.010107312351465225 -0.9123664498329163
vn 0.29997316002845764 -0.5871441960334778 -0.7518495917320251
vn 0.21334140002727509 0.0018122440669685602 -0.9769760370254517
vn 0.29997316002845764 -0.5871441960334778 -0.7518495917320251
vn 0.4092496931552887 0.010107312351465225 -0.9123664498329163
vn 0.5216040015220642 -0.5113334059715271 -0.6829841732978821
vn 0.5216040015220642 -0.5113334059715271 -0.6829841732978821
vn 0.4561365246772766 -0.8899098038673401 -3.3306278623967955e-7
vn 0.29997316002845764 -0.5871441960334778 -0.7518495917320251
vn 0.4561365246772766 -0.8899098038673401 -3.3306278623967955e-7
vn 0.5216040015220642 -0.5113334059715271 -0.6829841732978821
vn 0.6798147559165955 -0.73338383436203 -5.893002708035056e-7
vn 0.9407857060432434 -0.33900174498558044 0
vn 0.7509018182754517 -0.6604138612747192 -2.3275607929917896e-7
vn 0.7186046242713928 -0.6954187750816345 -1.876752264706738e-7
vn 0.7509018182754517 -0.6604138612747192 -2.3275607929917896e-7
vn 0.9407857060432434 -0.33900174498558044 0
vn 0.9407857060432434 -0.33900174498558044 0
vn 0.940785825252533 -0.33900144696235657 -3.749513552975259e-7
vn 0.7509018182754517 -0.6604138612747192 -2.3275607929917896e-7
vn 0.9407857060432434 -0.33900174498558044 0
vn 0.7509018182754517 -0.6604138612747192 -2.3275607929917896e-7
vn 0.940785825252533 -0.33900144696235657 -3.749513552975259e-7
vn 0.718604564666748 -0.6954189538955688 -4.960080559612834e-7
vn 0.3518289625644684 -0.9360643029212952 -1.8796779954755038e-7
vn 0.7186046242713928 -0.6954187750816345 -1.876752264706738e-7
vn 0.7509018182754517 -0.6604138612747192 -2.3275607929917896e-7
vn 0.718604564666748 -0.6954189538955688 -4.960080559612834e-7
vn 0.3518289625644684 -0.9360643029212952 -1.8796779954755038e-7
vn 0.7509018182754517 -0.6604138612747192 -2.3275607929917896e-7
vn 0.7186046242713928 -0.6954187750816345 -1.876752264706738e-7
vn 0.3518289625644684 -0.9360643029212952 -1.8796779954755038e-7
vn 0.3358728885650635 -0.9419072866439819 -4.6817308430036064e-7
vn 0.3518289625644684 -0.9360643029212952 -1.8796779954755038e-7
vn 0.14116571843624115 -0.989986002445221 0
vn 0.3358728885650635 -0.9419072866439819 -4.6817308430036064e-7
vn 0.14116571843624115 -0.989986002445221 0
vn 0.3518289625644684 -0.9360643029212952 -1.8796779954755038e-7
vn 0.15759864449501038 -0.9875032901763916 -2.1168729347209592e-7
vn 0.3358728289604187 -0.9419072866439819 -1.5845600387365266e-7
vn 0.15759864449501038 -0.9875032901763916 -2.1168729347209592e-7
vn 0.3518289625644684 -0.9360643029212952 -1.8796779954755038e-7
vn 0.3518289625644684 -0.9360643029212952 -1.8796779954755038e-7
vn 0.718604564666748 -0.6954189538955688 -4.960080559612834e-7
vn 0.3358728289604187 -0.9419072866439819 -1.5845600387365266e-7
vn 0.15759864449501038 -0.9875032901763916 -2.1168729347209592e-7
vn 0.3358728289604187 -0.9419072866439819 -1.5845600387365266e-7
vn 0.14116568863391876 -0.989986002445221 -3.965345172218804e-7
vn 0.15759864449501038 -0.9875032901763916 -2.1168729347209592e-7
vn 0.07131994515657425 -0.997453510761261 0
vn 0.14116571843624115 -0.989986002445221 0
vn 0.07131994515657425 -0.997453510761261 0
vn 0.15759864449501038 -0.9875032901763916 -2.1168729347209592e-7
vn 0.07131990790367126 -0.997453510761261 -1.7895001747092465e-7
vn 0.14116568863391876 -0.989986002445221 -3.965345172218804e-7
vn 0.07131990790367126 -0.997453510761261 -1.7895001747092465e-7
vn 0.15759864449501038 -0.9875032901763916 -2.1168729347209592e-7
vn 0.07131990790367126 -0.997453510761261 -1.7895001747092465e-7
vn 0.14116568863391876 -0.989986002445221 -3.965345172218804e-7
vn 0.07131978869438171 -0.997453510761261 -2.4924716512941814e-7
vn 0.27565300464630127 0.020863115787506104 -0.9610307812690735
vn 0.29303839802742004 0.10074929893016815 -0.9507775902748108
vn 0.24447749555110931 0.04790521413087845 -0.9684708714485168
vn 0.27565300464630127 0.020863115787506104 -0.9610307812690735
vn 0.24447749555110931 0.04790521413087845 -0.9684708714485168
vn 0.2684178054332733 -0.0022693381179124117 -0.9632999300956726
vn 0.2684178054332733 -0.0022693381179124117 -0.9632999300956726
vn 0.29635095596313477 -0.0012678694911301136 -0.9550782442092896
vn 0.27565300464630127 0.020863115787506104 -0.9610307812690735
vn 0.29635095596313477 -0.0012678694911301136 -0.9550782442092896
vn 0.2684178054332733 -0.0022693381179124117 -0.9632999300956726
vn 0.2962328791618347 0 -0.9551157355308533
vn 0.2962328791618347 0 -0.9551157355308533
vn 0.2826967239379883 0 -0.9592093229293823
vn 0.29635095596313477 -0.0012678694911301136 -0.9550782442092896
vn 0.2826967239379883 0 -0.9592093229293823
vn 0.2962328791618347 0 -0.9551157355308533
vn 0.28269660472869873 -1.9541224105523725e-7 -0.9592093825340271
vn 0.29519104957580566 0 0.9554382562637329
vn 0.2826991081237793 0 0.9592086672782898
vn 0.2954058051109314 -0.0011253381380811334 0.9553712010383606
vn 0.2826991081237793 0 0.9592086672782898
vn 0.29519104957580566 0 0.9554382562637329
vn 0.2826991081237793 0 0.9592086672782898
vn 0.2954058051109314 -0.0011253381380811334 0.9553712010383606
vn 0.2768826186656952 0.022251244634389877 0.9606460928916931
vn 0.29519104957580566 0 0.9554382562637329
vn 0.2768826186656952 0.022251244634389877 0.9606460928916931
vn 0.2954058051109314 -0.0011253381380811334 0.9553712010383606
vn 0.27038705348968506 -0.00407090550288558 0.9627431035041809
vn 0.2768826186656952 0.022251244634389877 0.9606460928916931
vn 0.27038705348968506 -0.00407090550288558 0.9627431035041809
vn 0.24447974562644958 0.04790613427758217 0.9684702754020691
vn 0.2768826186656952 0.022251244634389877 0.9606460928916931
vn 0.24447974562644958 0.04790613427758217 0.9684702754020691
vn 0.2930406332015991 0.10075030475854874 0.9507768154144287
vn 0 -1 0
vn 0 -1 0
vn 0 -1 0
vn 0 -1 0
vn 0 -1 0
vn 0 -1 0
vn 0 -1 0
vn 0 -1 0
vn 0 -1 0
vn 0 -1 0
vn 0 -1 0
vn 0 -1 0
vn 0 -1 0
vn 0 -1 0
vn 0 -1 0
vn 0 -1 0
vn 0 -1 0
vn 0 -1 0
vn 0 -1 0
vn 0 -1 0
vn 0 -1 0
vn 0 -1 0
vn 0 -1 0
vn 0 -1 0
vn -0.3085065484046936 0 -0.9512222409248352
vn -0.3085065484046936 0 -0.9512222409248352
vn -0.3085065484046936 0 -0.9512222409248352
vn -0.3085065484046936 0 -0.9512222409248352
vn -0.3085065484046936 0 -0.9512222409248352
vn -0.3085065484046936 0 -0.9512222409248352
vn -0.9753763675689697 0 0.22054670751094818
vn -0.9856989979743958 0 0.16851548850536346
vn -0.9856989979743958 0 0.16851548850536346
vn -0.9856989979743958 0 0.16851548850536346
vn -0.9753763675689697 0 0.22054670751094818
vn -0.9753763675689697 0 0.22054670751094818
vn -1 0 -2.865258750262001e-7
vn -0.9856989979743958 0 0.16851548850536346
vn -0.9856989979743958 0 0.16851548850536346
vn -0.9856989979743958 0 0.16851548850536346
vn -1 0 -2.865258750262001e-7
vn -1 0 -2.913012338012777e-7
vn -0.9856992363929749 0 -0.1685141623020172
vn -1 0 -2.913012338012777e-7
vn -1 0 -2.865258750262001e-7
vn -1 0 -2.913012338012777e-7
vn -0.9856992363929749 0 -0.1685141623020172
vn -0.9856992363929749 0 -0.1685141772031784
vn -0.9753771424293518 0 -0.2205435335636139
vn -0.9856992363929749 0 -0.1685141772031784
vn -0.9856992363929749 0 -0.1685141623020172
vn -0.9856992363929749 0 -0.1685141772031784
vn -0.9753771424293518 0 -0.2205435335636139
vn -0.9753771424293518 0 -0.2205435186624527
vn -0.30850568413734436 0 0.9512224793434143
vn -0.30850568413734436 0 0.9512224793434143
vn -0.30850568413734436 0 0.9512224793434143
vn -0.30850568413734436 0 0.9512224793434143
vn -0.30850568413734436 0 0.9512224793434143
vn -0.30850568413734436 0 0.9512224793434143
vn 0.9488493204116821 0 0.3157292604446411
vn 0.9713860750198364 0 0.23750601708889008
vn 0.9713860750198364 0 0.23750604689121246
vn 0.9713860750198364 0 0.23750601708889008
vn 0.9488493204116821 0 0.3157292604446411
vn 0.9488493204116821 0 0.3157292604446411
vn 1 0 0
vn 0.9713860750198364 0 0.23750604689121246
vn 0.9713860750198364 0 0.23750601708889008
vn 0.9713860750198364 0 0.23750604689121246
vn 1 0 0
vn 1 0 0
vn 0.9713857173919678 0 -0.2375074177980423
vn 1 0 0
vn 1 0 0
vn 1 0 0
vn 0.9713857173919678 0 -0.2375074177980423
vn 0.9713857173919678 0 -0.2375074326992035
vn 0.9488484263420105 0 -0.3157319724559784
vn 0.9713857173919678 0 -0.2375074326992035
vn 0.9713857173919678 0 -0.2375074177980423
vn 0.9713857173919678 0 -0.2375074326992035
vn 0.9488484263420105 0 -0.3157319724559784
vn 0.9488484263420105 0 -0.3157319724559784
vn 0 0.18053066730499268 -0.9835693836212158
vn -3.4307572605030145e-7 0.4586985111236572 -0.888592004776001
vn 0 0.3882908821105957 -0.9215368628501892
vn 0 0.18053066730499268 -0.9835693836212158
vn 0 0.3882908821105957 -0.9215368628501892
vn 0 0.45869818329811096 -0.8885921239852905
vn -3.4307572605030145e-7 0.4586985111236572 -0.888592004776001
vn -3.7916726114417543e-7 0.8076658248901367 -0.5896406173706055
vn 0 0.3882908821105957 -0.9215368628501892
vn -3.7916726114417543e-7 0.8076658248901367 -0.5896406173706055
vn 0 0.45869818329811096 -0.8885921239852905
vn 0 0.3882908821105957 -0.9215368628501892
vn -3.7916726114417543e-7 0.8076658248901367 -0.5896406173706055
vn -3.4307572605030145e-7 0.4586985111236572 -0.888592004776001
vn -5.792393835690746e-7 0.8637832403182983 -0.5038636326789856
vn -5.792393835690746e-7 0.8637832403182983 -0.5038636326789856
vn -2.123336884096716e-7 0.9843159914016724 -0.17641454935073853
vn -3.7916726114417543e-7 0.8076658248901367 -0.5896406173706055
vn -2.123336884096716e-7 0.9843159914016724 -0.17641454935073853
vn -5.792393835690746e-7 0.8637832403182983 -0.5038636326789856
vn -1.8368692167314293e-7 0.9899807572364807 -0.14120221138000488
vn -2.123336884096716e-7 0.9843159914016724 -0.17641454935073853
vn -3.193609643403761e-7 0.8637831807136536 -0.5038636326789856
vn -3.7916726114417543e-7 0.8076658248901367 -0.5896406173706055
vn 0 0.45869818329811096 -0.8885921239852905
vn -3.7916726114417543e-7 0.8076658248901367 -0.5896406173706055
vn -3.193609643403761e-7 0.8637831807136536 -0.5038636326789856
vn -3.193609643403761e-7 0.8637831807136536 -0.5038636326789856
vn -2.123336884096716e-7 0.9843159914016724 -0.17641454935073853
vn 0 0.9899807572364807 -0.14120206236839294
vn -1.8368692167314293e-7 0.9899807572364807 -0.14120221138000488
vn 2.4923858177317015e-7 0.9591618180274963 0.2828578054904938
vn -2.123336884096716e-7 0.9843159914016724 -0.17641454935073853
vn 2.4923858177317015e-7 0.9591618180274963 0.2828578054904938
vn 0 0.9899807572364807 -0.14120206236839294
vn -2.123336884096716e-7 0.9843159914016724 -0.17641454935073853
vn 2.4923858177317015e-7 0.9591618180274963 0.2828578054904938
vn -1.8368692167314293e-7 0.9899807572364807 -0.14120221138000488
vn 0.02381395921111107 0.947192370891571 0.3197804093360901
vn 0.02381395921111107 0.947192370891571 0.3197804093360901
vn 4.2866690819209907e-7 0.8332307934761047 0.5529253482818604
vn 2.4923858177317015e-7 0.9591618180274963 0.2828578054904938
vn 4.2866690819209907e-7 0.8332307934761047 0.5529253482818604
vn 0.02381395921111107 0.947192370891571 0.3197804093360901
vn 0.0589170828461647 0.8508021831512451 0.522172749042511
vn 4.2866690819209907e-7 0.8332307934761047 0.5529253482818604
vn -0.023813482373952866 0.947192370891571 0.31978049874305725
vn 2.4923858177317015e-7 0.9591618180274963 0.2828578054904938
vn 0 0.9899807572364807 -0.14120206236839294
vn 2.4923858177317015e-7 0.9591618180274963 0.2828578054904938
vn -0.023813482373952866 0.947192370891571 0.31978049874305725
vn -0.023813482373952866 0.947192370891571 0.31978049874305725
vn 4.2866690819209907e-7 0.8332307934761047 0.5529253482818604
vn -0.0589163713157177 0.8508022427558899 0.5221726894378662
vn -3.9332533674496517e-7 0.30203506350517273 0.9532968401908875
vn 6.129108669483685e-7 0.5646726489067078 0.8253149390220642
vn 0.0000010091317790283938 0.37852415442466736 0.9255914092063904
vn 1.7837743371273973e-7 0.04732879251241684 0.9988793730735779
vn -3.9332533674496517e-7 0.30203506350517273 0.9532968401908875
vn 0.0000010091317790283938 0.37852415442466736 0.9255914092063904
vn -3.9332533674496517e-7 0.30203506350517273 0.9532968401908875
vn 1.7837743371273973e-7 0.04732879251241684 0.9988793730735779
vn 0 0.030585700646042824 0.999532163143158
vn 0.0000013911096630181419 0.3020349442958832 0.9532968401908875
vn 1.7837743371273973e-7 0.04732879251241684 0.9988793730735779
vn 0.0000010091317790283938 0.37852415442466736 0.9255914092063904
vn 6.129108669483685e-7 0.5646726489067078 0.8253149390220642
vn 0.0000013911096630181419 0.3020349442958832 0.9532968401908875
vn 0.0000010091317790283938 0.37852415442466736 0.9255914092063904
vn 0.0000013911096630181419 0.3020349442958832 0.9532968401908875
vn 6.129108669483685e-7 0.5646726489067078 0.8253149390220642
vn 0.000002666609361767769 -0.010103976354002953 0.9999489784240723
vn 1.7837743371273973e-7 0.04732879251241684 0.9988793730735779
vn 0.0000013911096630181419 0.3020349442958832 0.9532968401908875
vn 2.7729637963602727e-7 0.03058537282049656 0.999532163143158
vn 0.000002666609361767769 -0.010103976354002953 0.9999489784240723
vn 3.244192043894145e-7 -0.33699727058410645 0.9415056109428406
vn 0.0000013911096630181419 0.3020349442958832 0.9532968401908875
vn 3.244192043894145e-7 -0.33699727058410645 0.9415056109428406
vn 0.000002666609361767769 -0.010103976354002953 0.9999489784240723
vn 7.23311245565128e-7 -0.35614776611328125 0.9344296455383301
vn 7.23311245565128e-7 -0.35614776611328125 0.9344296455383301
vn 0.0000029197199182817712 -0.5910564661026001 0.8066301941871643
vn 3.244192043894145e-7 -0.33699727058410645 0.9415056109428406
vn 0.0000029197199182817712 -0.5910564661026001 0.8066301941871643
vn 7.23311245565128e-7 -0.35614776611328125 0.9344296455383301
vn 0.000002821650468831649 -0.6808385848999023 0.7324334979057312
vn 8.44553596834885e-7 -0.5228718519210815 0.8524112701416016
vn 0 0.030585700646042824 0.999532163143158
vn 1.7837743371273973e-7 0.04732879251241684 0.9988793730735779
vn 2.7729637963602727e-7 0.03058537282049656 0.999532163143158
vn 8.44553596834885e-7 -0.5228718519210815 0.8524112701416016
vn 1.7837743371273973e-7 0.04732879251241684 0.9988793730735779
vn 0 0.030585700646042824 0.999532163143158
vn 8.44553596834885e-7 -0.5228718519210815 0.8524112701416016
vn 7.083306741151318e-7 -0.5700049996376038 0.8216412663459778
vn 6.632207032453152e-7 -0.9042840003967285 0.4269314706325531
vn 7.083306741151318e-7 -0.5700049996376038 0.8216412663459778
vn 8.44553596834885e-7 -0.5228718519210815 0.8524112701416016
vn 7.083306741151318e-7 -0.5700049996376038 0.8216412663459778
vn 6.632207032453152e-7 -0.9042840003967285 0.4269314706325531
vn 8.451931989839068e-7 -0.9128400087356567 0.4083173871040344
vn 0.0000011003746749338461 -0.5700051784515381 0.8216410875320435
vn 6.632207032453152e-7 -0.9042840003967285 0.4269314706325531
vn 8.44553596834885e-7 -0.5228718519210815 0.8524112701416016
vn 8.44553596834885e-7 -0.5228718519210815 0.8524112701416016
vn 2.7729637963602727e-7 0.03058537282049656 0.999532163143158
vn 0.0000011003746749338461 -0.5700051784515381 0.8216410875320435
vn 6.632207032453152e-7 -0.9042840003967285 0.4269314706325531
vn 0.0000011003746749338461 -0.5700051784515381 0.8216410875320435
vn 3.49981434055735e-7 -0.9128401279449463 0.40831711888313293
vn 4.884195163867844e-7 -0.9779292941093445 0.20893624424934387
vn 8.451931989839068e-7 -0.9128400087356567 0.4083173871040344
vn 6.632207032453152e-7 -0.9042840003967285 0.4269314706325531
vn 3.49981434055735e-7 -0.9128401279449463 0.40831711888313293
vn 4.884195163867844e-7 -0.9779292941093445 0.20893624424934387
vn 6.632207032453152e-7 -0.9042840003967285 0.4269314706325531
vn 8.451931989839068e-7 -0.9128400087356567 0.4083173871040344
vn 4.884195163867844e-7 -0.9779292941093445 0.20893624424934387
vn 5.86040812322608e-7 -0.9832706451416016 0.18215060234069824
vn 0 -0.9989691972732544 0.04539317637681961
vn 5.86040812322608e-7 -0.9832706451416016 0.18215060234069824
vn 4.884195163867844e-7 -0.9779292941093445 0.20893624424934387
vn 5.86040812322608e-7 -0.9832706451416016 0.18215060234069824
vn 0 -0.9989691972732544 0.04539317637681961
vn 0 -0.9985547661781311 0.053743671625852585
vn 0 -0.9985547661781311 0.053743671625852585
vn 0 -0.9989691972732544 0.04539317637681961
vn 0 -1 3.86544854791282e-7
vn 4.884195163867844e-7 -0.9779292941093445 0.20893624424934387
vn 0 -0.9985548257827759 0.053743332624435425
vn 0 -0.9989691972732544 0.04539317637681961
vn 0 -0.9989691972732544 0.04539317637681961
vn 0 -0.9985548257827759 0.053743332624435425
vn 0 -1 3.86544854791282e-7
vn 0 -0.9985548257827759 0.053743332624435425
vn 4.884195163867844e-7 -0.9779292941093445 0.20893624424934387
vn 0 -0.9832707047462463 0.18215034902095795
vn 4.884195163867844e-7 -0.9779292941093445 0.20893624424934387
vn 3.49981434055735e-7 -0.9128401279449463 0.40831711888313293
vn 0 -0.9832707047462463 0.18215034902095795
vn 0.8223323822021484 0.5667062401771545 0.05112272500991821
vn 0.8517628908157349 0.5225013494491577 0.038630079478025436
vn 0.8483316898345947 0.5278470516204834 0.04136219993233681
vn 0.8517628908157349 0.5225013494491577 0.038630079478025436
vn 0.8515927195549011 0.5012414455413818 0.15344953536987305
vn 0.8483316898345947 0.5278470516204834 0.04136219993233681
vn 0.8515927195549011 0.5012414455413818 0.15344953536987305
vn 0.8517628908157349 0.5225013494491577 0.038630079478025436
vn 0.8986055254936218 0.43862226605415344 0.0108908386901021
vn 0.8515927195549011 0.5012414455413818 0.15344953536987305
vn 0.8986055254936218 0.43862226605415344 0.0108908386901021
vn 0.913399875164032 0.3818184435367584 0.1411217600107193
vn 0.913399875164032 0.3818184435367584 0.1411217600107193
vn 0.8962347507476807 0.37362512946128845 0.23909731209278107
vn 0.8515927195549011 0.5012414455413818 0.15344953536987305
vn 0.8962347507476807 0.37362512946128845 0.23909731209278107
vn 0.913399875164032 0.3818184435367584 0.1411217600107193
vn 0.9193844795227051 0.32625630497932434 0.21974757313728333
vn 0.9193844795227051 0.32625630497932434 0.21974757313728333
vn 0.8541209101676941 0.3261486291885376 0.40509822964668274
vn 0.8962347507476807 0.37362512946128845 0.23909731209278107
vn 0.8541209101676941 0.3261486291885376 0.40509822964668274
vn 0.9193844795227051 0.32625630497932434 0.21974757313728333
vn 0.871068000793457 0.38343432545661926 0.30695050954818726
vn 0.823884129524231 0.2113974392414093 0.5258575081825256
vn 0.8541209101676941 0.3261486291885376 0.40509822964668274
vn 0.871068000793457 0.38343432545661926 0.30695050954818726
vn 0.8541209101676941 0.3261486291885376 0.40509822964668274
vn 0.823884129524231 0.2113974392414093 0.5258575081825256
vn 0.7788423895835876 0.08095405995845795 0.62197345495224
vn 0.8541209101676941 0.3261486291885376 0.40509822964668274
vn 0.7788423895835876 0.08095405995845795 0.62197345495224
vn 0.7250980734825134 0.2687707245349884 0.6340307593345642
vn 0.7250980734825134 0.2687707245349884 0.6340307593345642
vn 0.6771650910377502 0.4091150462627411 0.6116145253181458
vn 0.8541209101676941 0.3261486291885376 0.40509822964668274
vn 0.6771650910377502 0.4091150462627411 0.6116145253181458
vn 0.7250980734825134 0.2687707245349884 0.6340307593345642
vn 0.6422611474990845 0.35709458589553833 0.6782212257385254
vn -0.8282938003540039 0.36712417006492615 0.4232601821422577
vn -0.8963679671287537 0.37819764018058777 0.23128114640712738
vn -0.8888154625892639 0.33917632699012756 0.30816638469696045
vn -0.8963679671287537 0.37819764018058777 0.23128114640712738
vn -0.8282938003540039 0.36712417006492615 0.4232601821422577
vn -0.8631265759468079 0.3606267273426056 0.35349810123443604
vn -0.8963679671287537 0.37819764018058777 0.23128114640712738
vn -0.8914832472801208 0.431410014629364 0.1383582055568695
vn -0.8888154625892639 0.33917632699012756 0.30816638469696045
vn -0.8914832472801208 0.431410014629364 0.1383582055568695
vn -0.8963679671287537 0.37819764018058777 0.23128114640712738
vn -0.9123457670211792 0.40678319334983826 0.046396899968385696
vn -0.8914832472801208 0.431410014629364 0.1383582055568695
vn -0.9123457670211792 0.40678319334983826 0.046396899968385696
vn -0.8986057043075562 0.43862184882164 0.01089195255190134
vn -0.8517628908157349 0.5225013494491577 0.03863148391246796
vn -0.8914832472801208 0.431410014629364 0.1383582055568695
vn -0.8986057043075562 0.43862184882164 0.01089195255190134
vn -0.8914832472801208 0.431410014629364 0.1383582055568695
vn -0.8517628908157349 0.5225013494491577 0.03863148391246796
vn -0.8483317494392395 0.5278468132019043 0.041363708674907684
vn -0.8483317494392395 0.5278468132019043 0.041363708674907684
vn -0.8517628908157349 0.5225013494491577 0.03863148391246796
vn -0.8223320841789246 0.5667064785957336 0.05112428963184357
vn -0.8436269760131836 0.14707137644290924 0.5163947343826294
vn -0.8631265759468079 0.3606267273426056 0.35349810123443604
vn -0.8282938003540039 0.36712417006492615 0.4232601821422577
vn -0.8282938003540039 0.36712417006492615 0.4232601821422577
vn -0.7250951528549194 0.26877209544181824 0.6340335607528687
vn -0.8436269760131836 0.14707137644290924 0.5163947343826294
vn -0.6771612763404846 0.4091174304485321 0.6116170287132263
vn -0.7250951528549194 0.26877209544181824 0.6340335607528687
vn -0.8282938003540039 0.36712417006492615 0.4232601821422577
vn -0.7250951528549194 0.26877209544181824 0.6340335607528687
vn -0.6771612763404846 0.4091174304485321 0.6116170287132263
vn -0.6422563791275024 0.35709673166275024 0.6782246828079224
vn -0.8631265759468079 0.3606267273426056 0.35349810123443604
vn -0.8436269760131836 0.14707137644290924 0.5163947343826294
vn -0.9130931496620178 0.05250363424420357 0.4043565094470978
vn 0.006404563318938017 -0.9992873072624207 0.0372009351849556
vn 0.0015217610634863377 -0.991437554359436 0.13057270646095276
vn 0 -0.9863386154174805 0.16473056375980377
vn 0.0015217610634863377 -0.991437554359436 0.13057270646095276
vn 0.006404563318938017 -0.9992873072624207 0.0372009351849556
vn 0.007250262424349785 -0.9992892146110535 0.036993950605392456
vn 0 -1 0
vn 0.007250262424349785 -0.9992892146110535 0.036993950605392456
vn 0.006404563318938017 -0.9992873072624207 0.0372009351849556
vn 0.007250262424349785 -0.9992892146110535 0.036993950605392456
vn 0 -1 0
vn 0 -1 0
vn -0.006404226180166006 -0.9992873072624207 0.03720080107450485
vn 0 -1 0
vn 0 -1 0
vn 0 -1 0
vn -0.006404226180166006 -0.9992873072624207 0.03720080107450485
vn -0.007249963004142046 -0.9992892146110535 0.03699415549635887
vn -0.006404226180166006 -0.9992873072624207 0.03720080107450485
vn -0.0015212965663522482 -0.991437554359436 0.1305726170539856
vn -0.007249963004142046 -0.9992892146110535 0.03699415549635887
vn -0.0015212965663522482 -0.991437554359436 0.1305726170539856
vn -0.006404226180166006 -0.9992873072624207 0.03720080107450485
vn 0 -0.9863386750221252 0.1647302508354187
vn -0.0000012106825124647003 -0.9324867129325867 0.3612041473388672
vn 0 -0.9863386154174805 0.16473056375980377
vn 0.0015217610634863377 -0.991437554359436 0.13057270646095276
vn 0 -0.9863386154174805 0.16473056375980377
vn -0.0000012106825124647003 -0.9324867129325867 0.3612041473388672
vn -0.0000014667913319499348 -0.9032829999923706 0.4290452003479004
vn 0 -0.9863386750221252 0.1647302508354187
vn 0 -0.9324869513511658 0.36120375990867615
vn -0.0015212965663522482 -0.991437554359436 0.1305726170539856
vn 0 -0.9324869513511658 0.36120375990867615
vn 0 -0.9863386750221252 0.1647302508354187
vn 3.35026300035679e-7 -0.9032829999923706 0.4290452301502228
vn -2.4951501131909026e-7 -0.6808387637138367 0.7324333190917969
vn -0.0000014667913319499348 -0.9032829999923706 0.4290452003479004
vn -0.0000012106825124647003 -0.9324867129325867 0.3612041473388672
vn -0.0000014667913319499348 -0.9032829999923706 0.4290452003479004
vn -2.4951501131909026e-7 -0.6808387637138367 0.7324333190917969
vn 0 -0.5910558700561523 0.8066306114196777
vn 3.35026300035679e-7 -0.9032829999923706 0.4290452301502228
vn 0.000002821650468831649 -0.6808385848999023 0.7324334979057312
vn 0 -0.9324869513511658 0.36120375990867615
vn 0.000002821650468831649 -0.6808385848999023 0.7324334979057312
vn 3.35026300035679e-7 -0.9032829999923706 0.4290452301502228
vn 0.0000029197199182817712 -0.5910564661026001 0.8066301941871643
vn -0.0000016636035979900043 -0.10010778903961182 -0.9949765801429749
vn 0.595359742641449 -0.08839529752731323 -0.7985819578170776
vn -0.0000014335117839436862 0.3539516031742096 -0.9352636933326721
vn 0.595359742641449 -0.08839529752731323 -0.7985819578170776
vn -0.0000016636035979900043 -0.10010778903961182 -0.9949765801429749
vn 0.5559777021408081 -0.2365858256816864 -0.7968161106109619
vn -0.5953621864318848 -0.08839482069015503 -0.7985801100730896
vn -0.0000016636035979900043 -0.10010778903961182 -0.9949765801429749
vn -0.0000014335117839436862 0.3539516031742096 -0.9352636933326721
vn -0.0000016636035979900043 -0.10010778903961182 -0.9949765801429749
vn -0.5953621864318848 -0.08839482069015503 -0.7985801100730896
vn -0.5559806227684021 -0.23658475279808044 -0.7968144416809082
vn -0.0000016636035979900043 -0.10010778903961182 -0.9949765801429749
vn 0.5247411131858826 -0.37470710277557373 -0.7643568515777588
vn 0.5559777021408081 -0.2365858256816864 -0.7968161106109619
vn 0.5247411131858826 -0.37470710277557373 -0.7643568515777588
vn -0.0000016636035979900043 -0.10010778903961182 -0.9949765801429749
vn -0.0000017503206208857591 -0.24022920429706573 -0.9707161784172058
vn -0.524743914604187 -0.3747061789035797 -0.7643553614616394
vn -0.0000016636035979900043 -0.10010778903961182 -0.9949765801429749
vn -0.5559806227684021 -0.23658475279808044 -0.7968144416809082
vn -0.0000016636035979900043 -0.10010778903961182 -0.9949765801429749
vn -0.524743914604187 -0.3747061789035797 -0.7643553614616394
vn -0.0000017503206208857591 -0.24022920429706573 -0.9707161784172058
vn 0.6301265954971313 -0.01117872167378664 -0.7764119505882263
vn -0.0000014335117839436862 0.3539516031742096 -0.9352636933326721
vn 0.595359742641449 -0.08839529752731323 -0.7985819578170776
vn -0.0000014335117839436862 0.3539516031742096 -0.9352636933326721
vn 0.6301265954971313 -0.01117872167378664 -0.7764119505882263
vn -0.0000011237918897677446 0.5830479264259338 -0.8124377727508545
vn -0.6301289796829224 -0.0111783966422081 -0.7764099836349487
vn -0.0000014335117839436862 0.3539516031742096 -0.9352636933326721
vn -0.0000011237918897677446 0.5830479264259338 -0.8124377727508545
vn -0.0000014335117839436862 0.3539516031742096 -0.9352636933326721
vn -0.6301289796829224 -0.0111783966422081 -0.7764099836349487
vn -0.5953621864318848 -0.08839482069015503 -0.7985801100730896
vn -0.000002596036893010023 -0.010105643421411514 0.9999489188194275
vn -3.86859909440318e-7 -0.33699750900268555 0.941505491733551
vn 0 -0.35614722967147827 0.9344298839569092
vn -3.86859909440318e-7 -0.33699750900268555 0.941505491733551
vn -0.000002596036893010023 -0.010105643421411514 0.9999489188194275
vn -3.9332533674496517e-7 0.30203506350517273 0.9532968401908875
vn 0 -0.5910558700561523 0.8066306114196777
vn 0 -0.35614722967147827 0.9344298839569092
vn -3.86859909440318e-7 -0.33699750900268555 0.941505491733551
vn 0 -0.35614722967147827 0.9344298839569092
vn 0 -0.5910558700561523 0.8066306114196777
vn -2.4951501131909026e-7 -0.6808387637138367 0.7324333190917969
vn 6.129108669483685e-7 0.5646726489067078 0.8253149390220642
vn -3.9332533674496517e-7 0.30203506350517273 0.9532968401908875
vn -0.000002596036893010023 -0.010105643421411514 0.9999489188194275
vn 0.9260480403900146 0.013095230795443058 0.3771784007549286
vn 0.9387024641036987 -0.06840940564870834 0.33787256479263306
vn 0.9363278150558472 -0.10185481607913971 0.3360295295715332
vn 0.9387024641036987 -0.06840940564870834 0.33787256479263306
vn 0.9260480403900146 0.013095230795443058 0.3771784007549286
vn 0.9334612488746643 0.016855746507644653 0.3582818806171417
vn 0.9172300696372986 0.18642506003379822 0.35204359889030457
vn 0.9334612488746643 0.016855746507644653 0.3582818806171417
vn 0.9260480403900146 0.013095230795443058 0.3771784007549286
vn 0.9334612488746643 0.016855746507644653 0.3582818806171417
vn 0.9172300696372986 0.18642506003379822 0.35204359889030457
vn 0.9253919720649719 0.18835598230361938 0.32889464497566223
vn 0.8898823857307434 0.30546069145202637 0.3388260304927826
vn 0.9253919720649719 0.18835598230361938 0.32889464497566223
vn 0.9172300696372986 0.18642506003379822 0.35204359889030457
vn 0.9387024641036987 -0.06840940564870834 0.33787256479263306
vn 0.9384408593177795 0.00032369079417549074 0.34543994069099426
vn 0.9363278150558472 -0.10185481607913971 0.3360295295715332
vn 0.9384408593177795 0.00032369079417549074 0.34543994069099426
vn 0.9387024641036987 -0.06840940564870834 0.33787256479263306
vn 0.9352065324783325 0.0232700165361166 0.3533373475074768
vn 0.9384408593177795 0.00032369079417549074 0.34543994069099426
vn 0.9352065324783325 0.0232700165361166 0.3533373475074768
vn 0.9384227991104126 0.021615220233798027 0.34481215476989746
vn 0.9384227991104126 0.021615220233798027 0.34481215476989746
vn 0.9352065324783325 0.0232700165361166 0.3533373475074768
vn 0.9384150505065918 0.02169552445411682 0.34482818841934204
vn 0.7397361397743225 -0.012054313905537128 -0.6727890372276306
vn 0.7091594934463501 0.13920153677463531 -0.691169798374176
vn 0.6998368501663208 0.17306587100028992 -0.6930199861526489
vn 0.7091594934463501 0.13920153677463531 -0.691169798374176
vn 0.7397361397743225 -0.012054313905537128 -0.6727890372276306
vn 0.7436749935150146 -0.041981179267168045 -0.6672218441963196
vn -0.7329298853874207 0.13748562335968018 -0.6662668585777283
vn -0.7156921029090881 -0.01254253275692463 -0.6983032822608948
vn -0.7098649740219116 -0.04422672837972641 -0.7029479146003723
vn -0.7156921029090881 -0.01254253275692463 -0.6983032822608948
vn -0.7329298853874207 0.13748562335968018 -0.6662668585777283
vn -0.7341923117637634 0.1644987016916275 -0.6587123274803162
vn -0.9384585618972778 0.021687820553779602 0.34471023082733154
vn -0.9384493231773376 0.021609462797641754 0.3447403311729431
vn -0.938421368598938 0.00037635970511473715 0.3454926908016205
vn -0.938421368598938 0.00037635970511473715 0.3454926908016205
vn -0.9384493231773376 0.021609462797641754 0.3447403311729431
vn -0.9351866245269775 0.023237142711877823 0.3533920645713806
vn -0.9387015104293823 -0.06841009110212326 0.3378748893737793
vn -0.938421368598938 0.00037635970511473715 0.3454926908016205
vn -0.9351866245269775 0.023237142711877823 0.3533920645713806
vn -0.938421368598938 0.00037635970511473715 0.3454926908016205
vn -0.9387015104293823 -0.06841009110212326 0.3378748893737793
vn -0.936326801776886 -0.10185550898313522 0.33603209257125854
vn -0.9387015104293823 -0.06841009110212326 0.3378748893737793
vn -0.9334537386894226 0.005204346030950546 0.3586599826812744
vn -0.936326801776886 -0.10185550898313522 0.33603209257125854
vn -0.9334537386894226 0.005204346030950546 0.3586599826812744
vn -0.9387015104293823 -0.06841009110212326 0.3378748893737793
vn -0.9317060708999634 0.0025966870598495007 0.3632037341594696
vn -0.9113916754722595 0.21016450226306915 0.35383060574531555
vn -0.9334537386894226 0.005204346030950546 0.3586599826812744
vn -0.9317060708999634 0.0025966870598495007 0.3632037341594696
vn -0.9334537386894226 0.005204346030950546 0.3586599826812744
vn -0.9113916754722595 0.21016450226306915 0.35383060574531555
vn -0.9153226017951965 0.22693903744220734 0.33269092440605164
vn -0.9153226017951965 0.22693903744220734 0.33269092440605164
vn -0.9113916754722595 0.21016450226306915 0.35383060574531555
vn -0.8898810744285583 0.3054599463939667 0.33883029222488403
vn -3.5077746929346176e-7 0.09969694167375565 0.9950178861618042
vn -0.35604333877563477 0.3589138984680176 0.8627942800521851
vn -0.4845069646835327 0.08916964381933212 0.8702309131622314
vn -3.5077746929346176e-7 0.09969694167375565 0.9950178861618042
vn -5.537599463423248e-7 0.4954330325126648 0.8686461448669434
vn -0.35604333877563477 0.3589138984680176 0.8627942800521851
vn -3.5077746929346176e-7 0.09969694167375565 0.9950178861618042
vn 0.3560425639152527 0.35891449451446533 0.8627943396568298
vn -5.537599463423248e-7 0.4954330325126648 0.8686461448669434
vn -3.5077746929346176e-7 0.09969694167375565 0.9950178861618042
vn 0.48450711369514465 0.08916966617107391 0.8702307939529419
vn 0.3560425639152527 0.35891449451446533 0.8627943396568298
vn -3.5077746929346176e-7 0.09969694167375565 0.9950178861618042
vn -0.4845069646835327 0.08916964381933212 0.8702309131622314
vn -0.35915157198905945 -0.17880302667617798 0.9159910678863525
vn -3.5077746929346176e-7 0.09969694167375565 0.9950178861618042
vn -0.35915157198905945 -0.17880302667617798 0.9159910678863525
vn 4.783736358149326e-7 -0.31327304244041443 0.9496631026268005
vn -0.5121639966964722 0.46874722838401794 0.7196972370147705
vn -0.4845069646835327 0.08916964381933212 0.8702309131622314
vn -0.35604333877563477 0.3589138984680176 0.8627942800521851
vn -0.4845069646835327 0.08916964381933212 0.8702309131622314
vn -0.5121639966964722 0.46874722838401794 0.7196972370147705
vn -0.7081054449081421 0.061747364699840546 0.7034016847610474
vn -0.5531883835792542 0.5196015238761902 0.6511503458023071
vn -0.7081054449081421 0.061747364699840546 0.7034016847610474
vn -0.5121639966964722 0.46874722838401794 0.7196972370147705
vn -0.7081054449081421 0.061747364699840546 0.7034016847610474
vn -0.5531883835792542 0.5196015238761902 0.6511503458023071
vn -0.7794079184532166 0.05812942609190941 0.6238142848014832
vn -0.5121639966964722 0.46874722838401794 0.7196972370147705
vn 0.014702379703521729 0.6524745225906372 0.7576680779457092
vn -0.5531883835792542 0.5196015238761902 0.6511503458023071
vn 0.014702379703521729 0.6524745225906372 0.7576680779457092
vn -0.5121639966964722 0.46874722838401794 0.7196972370147705
vn 0.01607600972056389 0.6298059821128845 0.7765860557556152
vn 0.01607600972056389 0.6298059821128845 0.7765860557556152
vn -0.35604333877563477 0.3589138984680176 0.8627942800521851
vn -5.537599463423248e-7 0.4954330325126648 0.8686461448669434
vn -0.35604333877563477 0.3589138984680176 0.8627942800521851
vn 0.01607600972056389 0.6298059821128845 0.7765860557556152
vn -0.5121639966964722 0.46874722838401794 0.7196972370147705
vn -0.6391288042068481 -0.4458051025867462 0.6267154812812805
vn -0.7081054449081421 0.061747364699840546 0.7034016847610474
vn -0.7794079184532166 0.05812942609190941 0.6238142848014832
vn -0.7081054449081421 0.061747364699840546 0.7034016847610474
vn -0.6391288042068481 -0.4458051025867462 0.6267154812812805
vn -0.5384556651115417 -0.41964730620384216 0.7307268381118774
vn -0.5384556651115417 -0.41964730620384216 0.7307268381118774
vn 4.783736358149326e-7 -0.31327304244041443 0.9496631026268005
vn -0.35915157198905945 -0.17880302667617798 0.9159910678863525
vn -0.5384556651115417 -0.41964730620384216 0.7307268381118774
vn -0.4845069646835327 0.08916964381933212 0.8702309131622314
vn -0.7081054449081421 0.061747364699840546 0.7034016847610474
vn -0.4845069646835327 0.08916964381933212 0.8702309131622314
vn -0.5384556651115417 -0.41964730620384216 0.7307268381118774
vn -0.35915157198905945 -0.17880302667617798 0.9159910678863525
vn -0.6391288042068481 -0.4458051025867462 0.6267154812812805
vn -0.014763174578547478 -0.5876200199127197 0.8090023398399353
vn -0.5384556651115417 -0.41964730620384216 0.7307268381118774
vn 4.783736358149326e-7 -0.31327304244041443 0.9496631026268005
vn -0.5384556651115417 -0.41964730620384216 0.7307268381118774
vn -0.014763174578547478 -0.5876200199127197 0.8090023398399353
vn -0.014763174578547478 -0.5876200199127197 0.8090023398399353
vn -0.6391288042068481 -0.4458051025867462 0.6267154812812805
vn -0.0165072213858366 -0.6919375658035278 0.7217686772346497
vn 0.5101839303970337 0.480334609746933 0.7134360671043396
vn -5.537599463423248e-7 0.4954330325126648 0.8686461448669434
vn 0.3560425639152527 0.35891449451446533 0.8627943396568298
vn -5.537599463423248e-7 0.4954330325126648 0.8686461448669434
vn 0.5101839303970337 0.480334609746933 0.7134360671043396
vn 0.01607600972056389 0.6298059821128845 0.7765860557556152
vn 0.5356336236000061 0.5175390839576721 0.6672705411911011
vn 0.01607600972056389 0.6298059821128845 0.7765860557556152
vn 0.5101839303970337 0.480334609746933 0.7134360671043396
vn -3.5077746929346176e-7 0.09969694167375565 0.9950178861618042
vn 0.3591514527797699 -0.17880453169345856 0.9159908294677734
vn 0.48450711369514465 0.08916966617107391 0.8702307939529419
vn -3.5077746929346176e-7 0.09969694167375565 0.9950178861618042
vn 4.783736358149326e-7 -0.31327304244041443 0.9496631026268005
vn 0.3591514527797699 -0.17880453169345856 0.9159908294677734
vn 0.5441331267356873 -0.40385425090789795 0.7354052066802979
vn 0.48450711369514465 0.08916966617107391 0.8702307939529419
vn 0.3591514527797699 -0.17880453169345856 0.9159908294677734
vn 0.48450711369514465 0.08916966617107391 0.8702307939529419
vn 0.5441331267356873 -0.40385425090789795 0.7354052066802979
vn 0.7093615531921387 0.06486661732196808 0.7018536925315857
vn 0.6512197256088257 -0.4433814287185669 0.6158943772315979
vn 0.7093615531921387 0.06486661732196808 0.7018536925315857
vn 0.5441331267356873 -0.40385425090789795 0.7354052066802979
vn 0.7093615531921387 0.06486661732196808 0.7018536925315857
vn 0.6512197256088257 -0.4433814287185669 0.6158943772315979
vn 0.7769675254821777 0.061611615121364594 0.6265185475349426
vn 0.7769675254821777 0.061611615121364594 0.6265185475349426
vn 0.5101839303970337 0.480334609746933 0.7134360671043396
vn 0.7093615531921387 0.06486661732196808 0.7018536925315857
vn 0.5101839303970337 0.480334609746933 0.7134360671043396
vn 0.7769675254821777 0.061611615121364594 0.6265185475349426
vn 0.5356336236000061 0.5175390839576721 0.6672705411911011
vn 0.5441331267356873 -0.40385425090789795 0.7354052066802979
vn -0.0165072213858366 -0.6919375658035278 0.7217686772346497
vn 0.6512197256088257 -0.4433814287185669 0.6158943772315979
vn -0.0165072213858366 -0.6919375658035278 0.7217686772346497
vn 0.5441331267356873 -0.40385425090789795 0.7354052066802979
vn -0.014763174578547478 -0.5876200199127197 0.8090023398399353
vn -0.014763174578547478 -0.5876200199127197 0.8090023398399353
vn 0.3591514527797699 -0.17880453169345856 0.9159908294677734
vn 4.783736358149326e-7 -0.31327304244041443 0.9496631026268005
vn 0.3591514527797699 -0.17880453169345856 0.9159908294677734
vn -0.014763174578547478 -0.5876200199127197 0.8090023398399353
vn 0.5441331267356873 -0.40385425090789795 0.7354052066802979
vn 0.7093615531921387 0.06486661732196808 0.7018536925315857
vn 0.3560425639152527 0.35891449451446533 0.8627943396568298
vn 0.48450711369514465 0.08916966617107391 0.8702307939529419
vn 0.3560425639152527 0.35891449451446533 0.8627943396568298
vn 0.7093615531921387 0.06486661732196808 0.7018536925315857
vn 0.5101839303970337 0.480334609746933 0.7134360671043396
vn 0.01607600972056389 0.6298059821128845 0.7765860557556152
vn 0.5356336236000061 0.5175390839576721 0.6672705411911011
vn 0.014702379703521729 0.6524745225906372 0.7576680779457092
vn -0.4420325458049774 0.085097536444664 0.8929532766342163
vn -0.4650404751300812 0.3789249062538147 0.800095796585083
vn -0.6518835425376892 0.06730157136917114 0.7553266286849976
vn -0.4650404751300812 0.3789249062538147 0.800095796585083
vn -0.4420325458049774 0.085097536444664 0.8929532766342163
vn -0.3173685371875763 0.28252482414245605 0.9052386283874512
vn -0.3173685371875763 0.28252482414245605 0.9052386283874512
vn 0 0.500709056854248 0.8656156063079834
vn -0.4650404751300812 0.3789249062538147 0.800095796585083
vn 0 0.500709056854248 0.8656156063079834
vn -0.3173685371875763 0.28252482414245605 0.9052386283874512
vn 0 0.41704830527305603 0.9088843464851379
vn -0.47566214203834534 -0.24772654473781586 0.8440243601799011
vn -0.4420325458049774 0.085097536444664 0.8929532766342163
vn -0.6518835425376892 0.06730157136917114 0.7553266286849976
vn -0.4420325458049774 0.085097536444664 0.8929532766342163
vn -0.47566214203834534 -0.24772654473781586 0.8440243601799011
vn -0.3115176260471344 -0.09202245622873306 0.9457740783691406
vn -3.608986673953041e-7 -0.36983823776245117 0.9290961623191833
vn -0.3115176260471344 -0.09202245622873306 0.9457740783691406
vn -0.47566214203834534 -0.24772654473781586 0.8440243601799011
vn -0.3115176260471344 -0.09202245622873306 0.9457740783691406
vn -3.608986673953041e-7 -0.36983823776245117 0.9290961623191833
vn 0 -0.21970044076442719 0.9755674004554749
vn -0.6828840970993042 0.5502883195877075 0.48047059774398804
vn -0.6518835425376892 0.06730157136917114 0.7553266286849976
vn -0.4650404751300812 0.3789249062538147 0.800095796585083
vn -0.6518835425376892 0.06730157136917114 0.7553266286849976
vn -0.6828840970993042 0.5502883195877075 0.48047059774398804
vn -0.9141294956207275 0.011406456120312214 0.4052617847919464
vn -0.4650404751300812 0.3789249062538147 0.800095796585083
vn 1.7094586723942484e-7 0.7774100303649902 0.6289941668510437
vn -0.6828840970993042 0.5502883195877075 0.48047059774398804
vn 1.7094586723942484e-7 0.7774100303649902 0.6289941668510437
vn -0.4650404751300812 0.3789249062538147 0.800095796585083
vn 0 0.500709056854248 0.8656156063079834
vn 0.4650408923625946 0.37892523407936096 0.8000953793525696
vn 1.7094586723942484e-7 0.7774100303649902 0.6289941668510437
vn 0 0.500709056854248 0.8656156063079834
vn 1.7094586723942484e-7 0.7774100303649902 0.6289941668510437
vn 0.4650408923625946 0.37892523407936096 0.8000953793525696
vn 0.6787757873535156 0.5527957081794739 0.4834049642086029
vn -0.47566214203834534 -0.24772654473781586 0.8440243601799011
vn 4.3608201849565376e-7 -0.7333835363388062 0.6798151135444641
vn -3.608986673953041e-7 -0.36983823776245117 0.9290961623191833
vn 4.3608201849565376e-7 -0.7333835363388062 0.6798151135444641
vn -0.47566214203834534 -0.24772654473781586 0.8440243601799011
vn -0.6850119233131409 -0.5103195905685425 0.5199352502822876
vn -0.6850119233131409 -0.5103195905685425 0.5199352502822876
vn -0.6518835425376892 0.06730157136917114 0.7553266286849976
vn -0.9141294956207275 0.011406456120312214 0.4052617847919464
vn -0.6518835425376892 0.06730157136917114 0.7553266286849976
vn -0.6850119233131409 -0.5103195905685425 0.5199352502822876
vn -0.47566214203834534 -0.24772654473781586 0.8440243601799011
vn -0.6828840970993042 0.5502883195877075 0.48047059774398804
vn -0.974998950958252 0.005157245323061943 0.2221495658159256
vn -0.9141294956207275 0.011406456120312214 0.4052617847919464
vn -0.974998950958252 0.005157245323061943 0.2221495658159256
vn -0.6850119233131409 -0.5103195905685425 0.5199352502822876
vn -0.9141294956207275 0.011406456120312214 0.4052617847919464
vn -0.974998950958252 0.005157245323061943 0.2221495658159256
vn -0.6828840970993042 0.5502883195877075 0.48047059774398804
vn -0.7427478432655334 0.6058104634284973 0.28516554832458496
vn -0.6828840970993042 0.5502883195877075 0.48047059774398804
vn 0 0.9021812081336975 0.4313572347164154
vn -0.7427478432655334 0.6058104634284973 0.28516554832458496
vn 0 0.9021812081336975 0.4313572347164154
vn -0.6828840970993042 0.5502883195877075 0.48047059774398804
vn 1.7094586723942484e-7 0.7774100303649902 0.6289941668510437
vn -0.6850119233131409 -0.5103195905685425 0.5199352502822876
vn 3.9967522980077774e-7 -0.8899095058441162 0.45613712072372437
vn 4.3608201849565376e-7 -0.7333835363388062 0.6798151135444641
vn 3.9967522980077774e-7 -0.8899095058441162 0.45613712072372437
vn -0.6850119233131409 -0.5103195905685425 0.5199352502822876
vn -0.7538949251174927 -0.5831076502799988 0.3027009963989258
vn -0.6850119233131409 -0.5103195905685425 0.5199352502822876
vn -0.974998950958252 0.005157245323061943 0.2221495658159256
vn -0.7538949251174927 -0.5831076502799988 0.3027009963989258
vn 0 0.500709056854248 0.8656156063079834
vn 0.3173709511756897 0.28252512216567993 0.9052376747131348
vn 0.4650408923625946 0.37892523407936096 0.8000953793525696
vn 0.3173709511756897 0.28252512216567993 0.9052376747131348
vn 0 0.500709056854248 0.8656156063079834
vn 0 0.41704830527305603 0.9088843464851379
vn 0.44203418493270874 0.08509854972362518 0.8929524421691895
vn 0.4650408923625946 0.37892523407936096 0.8000953793525696
vn 0.3173709511756897 0.28252512216567993 0.9052376747131348
vn 0.4650408923625946 0.37892523407936096 0.8000953793525696
vn 0.44203418493270874 0.08509854972362518 0.8929524421691895
vn 0.6518847942352295 0.06730207800865173 0.7553254961967468
vn 0.44203418493270874 0.08509854972362518 0.8929524421691895
vn 0.4756626486778259 -0.24772591888904572 0.8440242409706116
vn 0.6518847942352295 0.06730207800865173 0.7553254961967468
vn 0.4756626486778259 -0.24772591888904572 0.8440242409706116
vn 0.44203418493270874 0.08509854972362518 0.8929524421691895
vn 0.3115144670009613 -0.09201943874359131 0.9457754492759705
vn 0.3115144670009613 -0.09201943874359131 0.9457754492759705
vn -3.608986673953041e-7 -0.36983823776245117 0.9290961623191833
vn 0.4756626486778259 -0.24772591888904572 0.8440242409706116
vn -3.608986673953041e-7 -0.36983823776245117 0.9290961623191833
vn 0.3115144670009613 -0.09201943874359131 0.9457754492759705
vn 0 -0.21970044076442719 0.9755674004554749
vn 0.6518847942352295 0.06730207800865173 0.7553254961967468
vn 0.6787757873535156 0.5527957081794739 0.4834049642086029
vn 0.4650408923625946 0.37892523407936096 0.8000953793525696
vn 0.6787757873535156 0.5527957081794739 0.4834049642086029
vn 0.6518847942352295 0.06730207800865173 0.7553254961967468
vn 0.9123658537864685 0.01010744646191597 0.40925103425979614
vn 0.6518847942352295 0.06730207800865173 0.7553254961967468
vn 0.6829841136932373 -0.5113334059715271 0.5216041207313538
vn 0.9123658537864685 0.01010744646191597 0.40925103425979614
vn 0.6829841136932373 -0.5113334059715271 0.5216041207313538
vn 0.6518847942352295 0.06730207800865173 0.7553254961967468
vn 0.4756626486778259 -0.24772591888904572 0.8440242409706116
vn 0.4756626486778259 -0.24772591888904572 0.8440242409706116
vn 4.3608201849565376e-7 -0.7333835363388062 0.6798151135444641
vn 0.6829841136932373 -0.5113334059715271 0.5216041207313538
vn 4.3608201849565376e-7 -0.7333835363388062 0.6798151135444641
vn 0.4756626486778259 -0.24772591888904572 0.8440242409706116
vn -3.608986673953041e-7 -0.36983823776245117 0.9290961623191833
vn 0.9123658537864685 0.01010744646191597 0.40925103425979614
vn 0.7399187684059143 0.6115133166313171 0.28030645847320557
vn 0.6787757873535156 0.5527957081794739 0.4834049642086029
vn 0 0.9021812081336975 0.4313572347164154
vn 0.6787757873535156 0.5527957081794739 0.4834049642086029
vn 0.7399187684059143 0.6115133166313171 0.28030645847320557
vn 0.6787757873535156 0.5527957081794739 0.4834049642086029
vn 0 0.9021812081336975 0.4313572347164154
vn 1.7094586723942484e-7 0.7774100303649902 0.6289941668510437
vn 0.7399187684059143 0.6115133166313171 0.28030645847320557
vn 0.9123658537864685 0.01010744646191597 0.40925103425979614
vn 0.9769755005836487 0.0018124720081686974 0.21334384381771088
vn 0.9123658537864685 0.01010744646191597 0.40925103425979614
vn 0.7518497705459595 -0.5871438980102539 0.29997336864471436
vn 0.9769755005836487 0.0018124720081686974 0.21334384381771088
vn 0.7518497705459595 -0.5871438980102539 0.29997336864471436
vn 0.9123658537864685 0.01010744646191597 0.40925103425979614
vn 0.6829841136932373 -0.5113334059715271 0.5216041207313538
vn 0.6829841136932373 -0.5113334059715271 0.5216041207313538
vn 3.9967522980077774e-7 -0.8899095058441162 0.45613712072372437
vn 0.7518497705459595 -0.5871438980102539 0.29997336864471436
vn 3.9967522980077774e-7 -0.8899095058441162 0.45613712072372437
vn 0.6829841136932373 -0.5113334059715271 0.5216041207313538
vn 4.3608201849565376e-7 -0.7333835363388062 0.6798151135444641
vn 7.499028242818895e-7 -0.3390015959739685 0.940785825252533
vn 4.6551227228519565e-7 -0.6604138612747192 0.7509018778800964
vn 0.000001085853909899015 -0.6954192519187927 0.7186042666435242
vn 4.6551227228519565e-7 -0.6604138612747192 0.7509018778800964
vn 7.499028242818895e-7 -0.3390015959739685 0.940785825252533
vn 0 -0.3390010595321655 0.9407860040664673
vn 0 -0.33900099992752075 0.9407860040664673
vn 4.6551227228519565e-7 -0.6604138612747192 0.7509018778800964
vn 0 -0.3390010595321655 0.9407860040664673
vn 4.6551227228519565e-7 -0.6604138612747192 0.7509018778800964
vn 0 -0.33900099992752075 0.9407860040664673
vn 0 -0.6954190731048584 0.7186044454574585
vn 2.716264759783371e-7 -0.9360643625259399 0.35182884335517883
vn 0.000001085853909899015 -0.6954192519187927 0.7186042666435242
vn 4.6551227228519565e-7 -0.6604138612747192 0.7509018778800964
vn 0 -0.6954190731048584 0.7186044454574585
vn 2.716264759783371e-7 -0.9360643625259399 0.35182884335517883
vn 4.6551227228519565e-7 -0.6604138612747192 0.7509018778800964
vn 0.000001085853909899015 -0.6954192519187927 0.7186042666435242
vn 2.716264759783371e-7 -0.9360643625259399 0.35182884335517883
vn 2.3408657057188975e-7 -0.9419072866439819 0.3358728885650635
vn 2.716264759783371e-7 -0.9360643625259399 0.35182884335517883
vn 0 -0.989986002445221 0.14116568863391876
vn 2.3408657057188975e-7 -0.9419072866439819 0.3358728885650635
vn 0 -0.989986002445221 0.14116568863391876
vn 2.716264759783371e-7 -0.9360643625259399 0.35182884335517883
vn 2.7050177209275716e-7 -0.9875032305717468 0.15759873390197754
vn 3.3868170135065157e-7 -0.9419072866439819 0.33587297797203064
vn 2.7050177209275716e-7 -0.9875032305717468 0.15759873390197754
vn 2.716264759783371e-7 -0.9360643625259399 0.35182884335517883
vn 2.716264759783371e-7 -0.9360643625259399 0.35182884335517883
vn 0 -0.6954190731048584 0.7186044454574585
vn 3.3868170135065157e-7 -0.9419072866439819 0.33587297797203064
vn 2.7050177209275716e-7 -0.9875032305717468 0.15759873390197754
vn 3.3868170135065157e-7 -0.9419072866439819 0.33587297797203064
vn 3.7816846543137217e-7 -0.989986002445221 0.14116571843624115
vn 2.7050177209275716e-7 -0.9875032305717468 0.15759873390197754
vn 0 -0.997453510761261 0.07131999731063843
vn 0 -0.989986002445221 0.14116568863391876
vn 0 -0.997453510761261 0.07131999731063843
vn 2.7050177209275716e-7 -0.9875032305717468 0.15759873390197754
vn 1.7821093933889642e-7 -0.997453510761261 0.07131993770599365
vn 3.7816846543137217e-7 -0.989986002445221 0.14116571843624115
vn 1.7821093933889642e-7 -0.997453510761261 0.07131993770599365
vn 2.7050177209275716e-7 -0.9875032305717468 0.15759873390197754
vn 1.7821093933889642e-7 -0.997453510761261 0.07131993770599365
vn 3.7816846543137217e-7 -0.989986002445221 0.14116571843624115
vn 1.9381469940071838e-7 -0.997453510761261 0.07131978124380112
vn 0.9610307216644287 0.020863227546215057 0.27565324306488037
vn 0.9507775902748108 0.10074933618307114 0.29303836822509766
vn 0.9684708714485168 0.04790528863668442 0.24447749555110931
vn 0.9610307216644287 0.020863227546215057 0.27565324306488037
vn 0.9684708714485168 0.04790528863668442 0.24447749555110931
vn 0.9632998704910278 -0.0022692615166306496 0.26841792464256287
vn 0.9632998704910278 -0.0022692615166306496 0.26841792464256287
vn 0.9550782442092896 -0.0012678267667070031 0.2963510751724243
vn 0.9610307216644287 0.020863227546215057 0.27565324306488037
vn 0.9550782442092896 -0.0012678267667070031 0.2963510751724243
vn 0.9632998704910278 -0.0022692615166306496 0.26841792464256287
vn 0.9551157355308533 0 0.2962329387664795
vn 0.9551157355308533 0 0.2962329387664795
vn 0.9592093229293823 0 0.2826966643333435
vn 0.9550782442092896 -0.0012678267667070031 0.2963510751724243
vn 0.9592093229293823 0 0.2826966643333435
vn 0.9551157355308533 0 0.2962329387664795
vn 0.9592093825340271 -1.9541224105523725e-7 0.28269651532173157
vn -0.9554383158683777 0 0.2951909303665161
vn -0.959208607673645 0 0.28269922733306885
vn -0.9553712606430054 -0.0011253516422584653 0.29540568590164185
vn -0.959208607673645 0 0.28269922733306885
vn -0.9554383158683777 0 0.2951909303665161
vn -0.959208607673645 0 0.2826991677284241
vn -0.9553712606430054 -0.0011253516422584653 0.29540568590164185
vn -0.9606461524963379 0.022251171991229057 0.2768824100494385
vn -0.9554383158683777 0 0.2951909303665161
vn -0.9606461524963379 0.022251171991229057 0.2768824100494385
vn -0.9553712606430054 -0.0011253516422584653 0.29540568590164185
vn -0.9627431631088257 -0.004070965573191643 0.27038687467575073
vn -0.9606461524963379 0.022251171991229057 0.2768824100494385
vn -0.9627431631088257 -0.004070965573191643 0.27038687467575073
vn -0.9684702754020691 0.04790600761771202 0.24447980523109436
vn -0.9606461524963379 0.022251171991229057 0.2768824100494385
vn -0.9684702754020691 0.04790600761771202 0.24447980523109436
vn -0.9507768154144287 0.10075010359287262 0.29304057359695435
vn 0 -1 0
vn 0 -1 0
vn 0 -1 0
vn 0 -1 0
vn 0 -1 0
vn 0 -1 0
vn 0 -1 0
vn 0 -1 0
vn 0 -1 0
vn 0 -1 0
vn 0 -1 0
vn 0 -1 0
vn 0 -1 0
vn 0 -1 0
vn 0 -1 0
vn 0 -1 0
vn 0 -1 0
vn 0 -1 0
vn 0 -1 0
vn 0 -1 0
vn 0 -1 0
vn 0 -1 0
vn 0 -1 0
vn 0 -1 0
vn 0.9512222409248352 0 -0.308506578207016
vn 0.9512222409248352 0 -0.308506578207016
vn 0.9512222409248352 0 -0.3085066080093384
vn 0.9512222409248352 0 -0.308506578207016
vn 0.9512222409248352 0 -0.308506578207016
vn 0.9512222409248352 0 -0.3085066080093384
vn -0.22054678201675415 0 -0.9753763675689697
vn -0.16851551830768585 0 -0.9856989979743958
vn -0.16851550340652466 0 -0.9856989979743958
vn -0.16851551830768585 0 -0.9856989979743958
vn -0.22054678201675415 0 -0.9753763675689697
vn -0.22054678201675415 0 -0.9753763675689697
vn 3.247292852393002e-7 0 -1
vn -0.16851550340652466 0 -0.9856989979743958
vn -0.16851551830768585 0 -0.9856989979743958
vn -0.16851550340652466 0 -0.9856989979743958
vn 3.247292852393002e-7 0 -1
vn 3.295047008577967e-7 0 -1
vn 0.16851435601711273 0 -0.9856992363929749
vn 3.295047008577967e-7 0 -1
vn 3.247292852393002e-7 0 -1
vn 3.295047008577967e-7 0 -1
vn 0.16851435601711273 0 -0.9856992363929749
vn 0.16851437091827393 0 -0.9856992363929749
vn 0.22054386138916016 0 -0.975377082824707
vn 0.16851437091827393 0 -0.9856992363929749
vn 0.16851435601711273 0 -0.9856992363929749
vn 0.16851437091827393 0 -0.9856992363929749
vn 0.22054386138916016 0 -0.975377082824707
vn 0.22054387629032135 0 -0.975377082824707
vn -0.9512224793434143 0 -0.30850574374198914
vn -0.9512224793434143 0 -0.30850574374198914
vn -0.9512224793434143 0 -0.30850571393966675
vn -0.9512224793434143 0 -0.30850574374198914
vn -0.9512224793434143 0 -0.30850574374198914
vn -0.9512224793434143 0 -0.30850571393966675
vn -0.31572994589805603 0 0.948849081993103
vn -0.23750635981559753 0 0.9713859558105469
vn -0.23750634491443634 0 0.9713859558105469
vn -0.23750635981559753 0 0.9713859558105469
vn -0.31572994589805603 0 0.948849081993103
vn -0.31572994589805603 0 0.948849081993103
vn -2.5937799819075735e-7 0 1
vn -0.23750634491443634 0 0.9713859558105469
vn -0.23750635981559753 0 0.9713859558105469
vn -0.23750634491443634 0 0.9713859558105469
vn -2.5937799819075735e-7 0 1
vn -2.545747292970191e-7 0 1
vn 0.23750749230384827 0 0.9713857173919678
vn -2.545747292970191e-7 0 1
vn -2.5937799819075735e-7 0 1
vn -2.545747292970191e-7 0 1
vn 0.23750749230384827 0 0.9713857173919678
vn 0.23750749230384827 0 0.9713857173919678
vn 0.31573256850242615 0 0.9488481879234314
vn 0.23750749230384827 0 0.9713857173919678
vn 0.23750749230384827 0 0.9713857173919678
vn 0.23750749230384827 0 0.9713857173919678
vn 0.31573256850242615 0 0.9488481879234314
vn 0.31573256850242615 0 0.9488481879234314
vn 0.9895796179771423 0.0000011549192322490853 -0.14398670196533203
vn 0.9848077893257141 0 0.17364783585071564
vn 0.9895796179771423 0.0000011362707255102578 -0.14398664236068726
vn 0.9848077893257141 0 0.17364783585071564
vn 0.9895796179771423 0.0000011549192322490853 -0.14398670196533203
vn 0.9848077893257141 0 0.17364777624607086
vn 0.9848077893257141 0 0.17364777624607086
vn 0.8660255670547485 0 0.49999967217445374
vn 0.9848077893257141 0 0.17364783585071564
vn 0.8660255670547485 0 0.49999967217445374
vn 0.9848077893257141 0 0.17364777624607086
vn 0.8660256266593933 0 0.49999961256980896
vn 0.8660256266593933 0 0.49999961256980896
vn 0.6427879929542542 0 0.7660441994667053
vn 0.8660255670547485 0 0.49999967217445374
vn 0.6427879929542542 0 0.7660441994667053
vn 0.8660256266593933 0 0.49999961256980896
vn 0.6427879929542542 0 0.7660441994667053
vn 0.6427879929542542 0 0.7660441994667053
vn 0.37733960151672363 -0.0000011917803703909158 0.9260749816894531
vn 0.6427879929542542 0 0.7660441994667053
vn 0.37733960151672363 -0.0000011917803703909158 0.9260749816894531
vn 0.6427879929542542 0 0.7660441994667053
vn 0.37733960151672363 -0.0000014809329513809644 0.9260749220848083
vn 0.24764075875282288 -3.2572307873124373e-7 0.9688519239425659
vn 0.37733960151672363 -0.0000011917803703909158 0.9260749816894531
vn 0.37733960151672363 -0.0000014809329513809644 0.9260749220848083
vn 0.37733960151672363 -0.0000011917803703909158 0.9260749816894531
vn 0.24764075875282288 -3.2572307873124373e-7 0.9688519239425659
vn 0.24764086306095123 0 0.9688519239425659
vn 0.9895796179771423 0.0000011362707255102578 -0.14398664236068726
vn 0.9585356116294861 2.583979039627593e-7 -0.2849726974964142
vn 0.9895796179771423 0.0000011549192322490853 -0.14398670196533203
vn 0.9585356116294861 2.583979039627593e-7 -0.2849726974964142
vn 0.9895796179771423 0.0000011362707255102578 -0.14398664236068726
vn 0.9585356116294861 0 -0.28497281670570374
vn 0.9585356116294861 2.583979039627593e-7 -0.2849726974964142
vn 0.9585357308387756 -3.9770728221810714e-7 -0.2849723994731903
vn 0.9585357308387756 -3.977072253746883e-7 -0.2849723994731903
vn 0.9585357308387756 -3.9770728221810714e-7 -0.2849723994731903
vn 0.9585356116294861 2.583979039627593e-7 -0.2849726974964142
vn 0.9585357308387756 -3.681477096506569e-7 -0.2849724590778351
vn 0.24764034152030945 0 0.9688520431518555
vn 0.24764034152030945 0 0.9688520431518555
vn 0.24764075875282288 -3.2572307873124373e-7 0.9688519239425659
vn 0.24764034152030945 0 0.9688520431518555
vn 0.24764034152030945 0 0.9688520431518555
vn 0.2476404309272766 0 0.9688520431518555
vn 0 -1 0
vn 0 -1 0
vn 0 -1 0
vn 0 -1 0
vn 0 -1 0
vn 0 -1 0
vn 0 -1 0
vn 0 -1 0
vn 0 -1 0
vn 0 -1 0
vn 0 -1 0
vn 0 -1 0
vn 0 -1 0
vn 0 -1 0
vn 0 -1 0
vn 0 -1 0
vn 0 -1 0
vn 0 -1 0
vn 0 -1 0
vn 0 -1 0
vn 0 -1 0
vn 0 -1 0
vn 0 -1 0
vn 0 -1 0
vn 0 -1 0
vn 0 -1 0
vn 0 -1 0
vn 0 -1 0
vn 0 -1 0
vn 0 -1 0
vn 0 -1 0
vn 0 -1 0
vn 0 -1 0
vn 0 -1 0
vn 0 -1 0
vn 0 -1 0
vn -0.9910245537757874 0.0000016928203194765956 0.13368001580238342
vn -0.9848077893257141 -3.703395350385108e-7 -0.17364776134490967
vn -0.9910245537757874 0.0000015447944861080032 0.1336800456047058
vn -0.9848077893257141 -3.703395350385108e-7 -0.17364776134490967
vn -0.9910245537757874 0.0000016928203194765956 0.13368001580238342
vn -0.9848078489303589 -5.874811108697031e-7 -0.1736476570367813
vn -0.9848078489303589 -5.874811108697031e-7 -0.1736476570367813
vn -0.8660258650779724 0 -0.49999913573265076
vn -0.9848077893257141 -3.703395350385108e-7 -0.17364776134490967
vn -0.8660258650779724 0 -0.49999913573265076
vn -0.9848078489303589 -5.874811108697031e-7 -0.1736476570367813
vn -0.8660258650779724 0 -0.49999913573265076
vn -0.8660258650779724 0 -0.49999913573265076
vn -0.6427876949310303 9.264692266697239e-7 -0.7660443782806396
vn -0.8660258650779724 0 -0.49999913573265076
vn -0.6427876949310303 9.264692266697239e-7 -0.7660443782806396
vn -0.8660258650779724 0 -0.49999913573265076
vn -0.6427878141403198 8.947896503741504e-7 -0.7660442590713501
vn -0.6427878141403198 8.947896503741504e-7 -0.7660442590713501
vn -0.3835100829601288 0 -0.9235366582870483
vn -0.6427876949310303 9.264692266697239e-7 -0.7660443782806396
vn -0.3835100829601288 0 -0.9235366582870483
vn -0.6427878141403198 8.947896503741504e-7 -0.7660442590713501
vn -0.38351014256477356 0 -0.9235366582870483
vn -0.2605476379394531 0 -0.965461015701294
vn -0.3835100829601288 0 -0.9235366582870483
vn -0.38351014256477356 0 -0.9235366582870483
vn -0.3835100829601288 0 -0.9235366582870483
vn -0.2605476379394531 0 -0.965461015701294
vn -0.2605476379394531 0 -0.965461015701294
vn -0.9910245537757874 0.0000015447944861080032 0.1336800456047058
vn -0.9642588496208191 -3.40609091153965e-7 0.26496201753616333
vn -0.9910245537757874 0.0000016928203194765956 0.13368001580238342
vn -0.9642588496208191 -3.40609091153965e-7 0.26496201753616333
vn -0.9910245537757874 0.0000015447944861080032 0.1336800456047058
vn -0.9642587304115295 -0.0000011930126220249804 0.2649623453617096
vn -0.42261844873428345 -6.384387347679876e-7 -0.9063076972961426
vn -0.4226186275482178 -2.2401418675599416e-7 -0.9063076376914978
vn -0.42261865735054016 0 -0.906307578086853
vn -0.4226186275482178 -2.2401418675599416e-7 -0.9063076376914978
vn -0.42261844873428345 -6.384387347679876e-7 -0.9063076972961426
vn -0.4226183593273163 -8.624526799394516e-7 -0.9063077569007874
vn -0.9848076701164246 0 0.17364850640296936
vn -0.9848076701164246 0 0.17364850640296936
vn -0.9848076701164246 0 0.17364852130413055
vn -0.9848076701164246 0 0.17364850640296936
vn -0.9848076701164246 0 0.17364850640296936
vn -0.9848076701164246 0 0.17364852130413055
vn 1 4.1491128399684385e-7 -3.5609349424703396e-7
vn 1 4.149113408402627e-7 -3.560935510904528e-7
vn 1 4.149113124185533e-7 -3.560935226687434e-7
vn 1 4.149113408402627e-7 -3.560935510904528e-7
vn 1 4.1491128399684385e-7 -3.5609349424703396e-7
vn 1 -4.149112555751344e-7 3.5609346582532453e-7
vn 0.9396927356719971 1.9494454761570523e-7 0.3420197665691376
vn 0.9396927356719971 1.9494456182655995e-7 0.3420197665691376
vn 0.9396927356719971 1.9494456182655995e-7 0.3420197665691376
vn 0.9396927356719971 1.9494456182655995e-7 0.3420197665691376
vn 0.9396927356719971 1.9494454761570523e-7 0.3420197665691376
vn 0.9396927952766418 3.5441215118225955e-7 0.3420196771621704
vn 0.7660447359085083 0 0.6427872776985168
vn 0.7660447359085083 0 0.6427872776985168
vn 0.7660447359085083 0 0.6427873373031616
vn 0.7660447359085083 0 0.6427872776985168
vn 0.7660447359085083 0 0.6427872776985168
vn 0.7660448551177979 1.5892031512976246e-7 0.6427871584892273
vn 0.5000007152557373 1.5559196242520557e-7 0.8660249710083008
vn 0.5000007748603821 1.5559197663606028e-7 0.8660249710083008
vn 0.5000007748603821 1.5559197663606028e-7 0.8660249710083008
vn 0.5000007748603821 1.5559197663606028e-7 0.8660249710083008
vn 0.5000007152557373 1.5559196242520557e-7 0.8660249710083008
vn 0.5000007152557373 0 0.8660250306129456
vn -0.25997617840766907 -0.06622187048196793 -0.9633415937423706
vn -0.25997617840766907 -0.06622187048196793 -0.9633415937423706
vn -0.2599761486053467 -0.06622186303138733 -0.9633415937423706
vn -0.25997617840766907 -0.06622187048196793 -0.9633415937423706
vn -0.25997617840766907 -0.06622187048196793 -0.9633415937423706
vn -0.25997570157051086 -0.06622179597616196 -0.9633417725563049
vn -0.25997617840766907 -0.06622187048196793 -0.9633415937423706
vn -0.25997644662857056 -0.06622178852558136 -0.9633415341377258
vn -0.2599761486053467 -0.06622186303138733 -0.9633415937423706
vn -0.25997644662857056 -0.06622178852558136 -0.9633415341377258
vn -0.25997617840766907 -0.06622187048196793 -0.9633415937423706
vn -0.25997644662857056 -0.06622178107500076 -0.9633415341377258
vn -0.49892696738243103 -0.0654580220580101 -0.8641684651374817
vn -0.4989269971847534 -0.0654580220580101 -0.8641684651374817
vn -0.4989270269870758 -0.0654580220580101 -0.8641684055328369
vn -0.4989269971847534 -0.0654580220580101 -0.8641684651374817
vn -0.49892696738243103 -0.0654580220580101 -0.8641684651374817
vn -0.4989272952079773 -0.06545808166265488 -0.8641682267189026
vn -0.4989269971847534 -0.0654580220580101 -0.8641684651374817
vn -0.4989268481731415 -0.06545808911323547 -0.8641685247421265
vn -0.4989270269870758 -0.0654580220580101 -0.8641684055328369
vn -0.4989268481731415 -0.06545808911323547 -0.8641685247421265
vn -0.4989269971847534 -0.0654580220580101 -0.8641684651374817
vn -0.4989268481731415 -0.06545808166265488 -0.8641685247421265
vn -0.7644021511077881 -0.06545796990394592 -0.6414083242416382
vn -0.7644021511077881 -0.06545796990394592 -0.6414083242416382
vn -0.7644021511077881 -0.06545796990394592 -0.6414083242416382
vn -0.7644021511077881 -0.06545796990394592 -0.6414083242416382
vn -0.7644021511077881 -0.06545796990394592 -0.6414083242416382
vn -0.7644022107124329 -0.0654580146074295 -0.6414082646369934
vn -0.7644021511077881 -0.06545796990394592 -0.6414083242416382
vn -0.764401912689209 -0.0654580220580101 -0.6414085626602173
vn -0.7644021511077881 -0.06545796990394592 -0.6414083242416382
vn -0.764401912689209 -0.0654580220580101 -0.6414085626602173
vn -0.7644021511077881 -0.06545796990394592 -0.6414083242416382
vn -0.764401912689209 -0.0654580220580101 -0.6414085626602173
vn -0.9376775622367859 -0.06545789539813995 -0.3412857949733734
vn -0.9376775622367859 -0.06545788794755936 -0.3412857949733734
vn -0.9376775622367859 -0.06545788794755936 -0.3412858545780182
vn -0.9376775622367859 -0.06545788794755936 -0.3412857949733734
vn -0.9376775622367859 -0.06545789539813995 -0.3412857949733734
vn -0.9376776814460754 -0.06545794010162354 -0.3412856161594391
vn -0.9376775622367859 -0.06545788794755936 -0.3412857949733734
vn -0.937677800655365 -0.06545794010162354 -0.34128519892692566
vn -0.9376775622367859 -0.06545788794755936 -0.3412858545780182
vn -0.937677800655365 -0.06545794010162354 -0.34128519892692566
vn -0.9376775622367859 -0.06545788794755936 -0.3412857949733734
vn -0.937677800655365 -0.06545794010162354 -0.34128522872924805
vn -0.9978553056716919 -0.0654580295085907 -2.570444905813929e-7
vn -0.9978553056716919 -0.0654580295085907 -2.570444905813929e-7
vn -0.9978553056716919 -0.0654580295085907 -2.570444905813929e-7
vn -0.9978553056716919 -0.0654580295085907 -2.570444905813929e-7
vn -0.9978553056716919 -0.0654580295085907 -2.570444905813929e-7
vn -0.9978553056716919 -0.06545791029930115 -9.095647897083836e-7
vn -0.9978553056716919 -0.0654580295085907 -2.570444905813929e-7
vn -0.9978553056716919 -0.06545805931091309 -8.867746714713576e-7
vn -0.9978553056716919 -0.0654580295085907 -2.570444905813929e-7
vn -0.9978553056716919 -0.06545805931091309 -8.867746714713576e-7
vn -0.9978553056716919 -0.0654580295085907 -2.570444905813929e-7
vn -0.9978553056716919 -0.06545805931091309 -8.867746146279387e-7
vn -0.9621452689170837 -0.06617352366447449 0.26438137888908386
vn -0.9621452689170837 -0.06617353111505508 0.26438140869140625
vn -0.9621452689170837 -0.06617352366447449 0.26438137888908386
vn -0.9621452689170837 -0.06617353111505508 0.26438140869140625
vn -0.9621452689170837 -0.06617352366447449 0.26438137888908386
vn -0.9621452689170837 -0.06617356091737747 0.26438161730766296
vn -0.9621452689170837 -0.06617353111505508 0.26438140869140625
vn -0.9621450304985046 -0.06617344915866852 0.26438242197036743
vn -0.9621452689170837 -0.06617352366447449 0.26438137888908386
vn -0.9621450304985046 -0.06617344915866852 0.26438242197036743
vn -0.9621452689170837 -0.06617353111505508 0.26438140869140625
vn -0.9621450304985046 -0.06617344915866852 0.26438239216804504
vn -0.6194859147071838 5.904246904719912e-7 -0.7850077152252197
vn -0.3420206904411316 2.683470086140005e-7 -0.9396924376487732
vn -0.6194857358932495 5.836243417434162e-7 -0.7850079536437988
vn -0.3420206904411316 2.683470086140005e-7 -0.9396924376487732
vn -0.6194859147071838 5.904246904719912e-7 -0.7850077152252197
vn -0.3420206308364868 2.1258072990804067e-7 -0.9396924376487732
vn -0.3420206308364868 2.1258072990804067e-7 -0.9396924376487732
vn -3.949413667214685e-7 0 -1
vn -0.3420206904411316 2.683470086140005e-7 -0.9396924376487732
vn -3.949413667214685e-7 0 -1
vn -0.3420206308364868 2.1258072990804067e-7 -0.9396924376487732
vn -4.7079902287805453e-7 0 -1
vn -4.7079902287805453e-7 0 -1
vn 0.34201955795288086 0 -0.9396928548812866
vn -3.949413667214685e-7 0 -1
vn 0.34201955795288086 0 -0.9396928548812866
vn -4.7079902287805453e-7 0 -1
vn 0.34201961755752563 0 -0.9396928548812866
vn 0.34201961755752563 0 -0.9396928548812866
vn 0.6133349537849426 8.333425967066432e-7 -0.7898229956626892
vn 0.34201955795288086 0 -0.9396928548812866
vn 0.6133349537849426 8.333425967066432e-7 -0.7898229956626892
vn 0.34201961755752563 0 -0.9396928548812866
vn 0.6133350729942322 0.0000010492757382962736 -0.7898228168487549
vn 0.7152307033538818 2.0833682867760217e-7 -0.6988884210586548
vn 0.6133349537849426 8.333425967066432e-7 -0.7898229956626892
vn 0.6133350729942322 0.0000010492757382962736 -0.7898228168487549
vn 0.6133349537849426 8.333425967066432e-7 -0.7898229956626892
vn 0.7152307033538818 2.0833682867760217e-7 -0.6988884210586548
vn 0.7152307629585266 0 -0.6988884210586548
vn -0.6194857358932495 5.836243417434162e-7 -0.7850079536437988
vn -0.7260608673095703 0 -0.6876305341720581
vn -0.6194859147071838 5.904246904719912e-7 -0.7850077152252197
vn -0.7260608673095703 0 -0.6876305341720581
vn -0.6194857358932495 5.836243417434162e-7 -0.7850079536437988
vn -0.7260608673095703 0 -0.6876304745674133
vn -0.7260608673095703 0 -0.6876305341720581
vn -0.726060688495636 0 -0.6876306533813477
vn -0.7260607481002808 0 -0.6876305937767029
vn -0.726060688495636 0 -0.6876306533813477
vn -0.7260608673095703 0 -0.6876305341720581
vn -0.7260604500770569 -5.945288990005793e-7 -0.6876309514045715
vn 0.7152304649353027 0 -0.6988885998725891
vn 0.7152304649353027 0 -0.6988885998725891
vn 0.7152307033538818 2.0833682867760217e-7 -0.6988884210586548
vn 0.7152304649353027 0 -0.6988885998725891
vn 0.7152304649353027 0 -0.6988885998725891
vn 0.7152308821678162 -4.383553005027352e-7 -0.6988882422447205
vn 0 -1 0
vn 0 -1 0
vn 0 -1 0
vn 0 -1 0
vn 0 -1 0
vn 0 -1 0
vn 0 -1 0
vn 0 -1 0
vn 0 -1 0
vn 0 -1 0
vn 0 -1 0
vn 0 -1 0
vn 0 -1 0
vn 0 -1 0
vn 0 -1 0
vn 0 -1 0
vn 0 -1 0
vn 0 -1 0
vn 0 -1 0
vn 0 -1 0
vn 0 -1 0
vn 0 -1 0
vn 0 -1 0
vn 0 -1 0
vn 0 -1 0
vn 0 -1 0
vn 0 -1 0
vn 0 -1 0
vn 0 -1 0
vn 0 -1 0
vn 0 -1 0
vn 0 -1 0
vn 0 -1 0
vn 0 -1 0
vn 0 -1 0
vn 0 -1 0
vn 0.6112828850746155 -4.060431422203692e-7 0.7914121747016907
vn 0.3420204520225525 -2.2718623426953855e-7 0.939692497253418
vn 0.6112828850746155 -4.052176052482537e-7 0.7914121747016907
vn 0.3420204520225525 -2.2718623426953855e-7 0.939692497253418
vn 0.6112828850746155 -4.060431422203692e-7 0.7914121747016907
vn 0.34202060103416443 -2.7863117679771676e-7 0.9396924376487732
vn 0.34202060103416443 -2.7863117679771676e-7 0.9396924376487732
vn 7.320863915083464e-7 -6.128024097051821e-7 1
vn 0.3420204520225525 -2.2718623426953855e-7 0.939692497253418
vn 7.320863915083464e-7 -6.128024097051821e-7 1
vn 0.34202060103416443 -2.7863117679771676e-7 0.9396924376487732
vn 6.393716489583312e-7 -5.882608320462168e-7 1
vn 6.393716489583312e-7 -5.882608320462168e-7 1
vn -0.34202003479003906 0 0.9396926164627075
vn 7.320863915083464e-7 -6.128024097051821e-7 1
vn -0.34202003479003906 0 0.9396926164627075
vn 6.393716489583312e-7 -5.882608320462168e-7 1
vn -0.34202006459236145 0 0.9396926164627075
vn -0.34202006459236145 0 0.9396926164627075
vn -0.608051061630249 0 0.7938979268074036
vn -0.34202003479003906 0 0.9396926164627075
vn -0.608051061630249 0 0.7938979268074036
vn -0.34202006459236145 0 0.9396926164627075
vn -0.608051061630249 0 0.7938979268074036
vn -0.7058397531509399 -3.47009859069658e-7 0.7083715796470642
vn -0.608051061630249 0 0.7938979268074036
vn -0.608051061630249 0 0.7938979268074036
vn -0.608051061630249 0 0.7938979268074036
vn -0.7058397531509399 -3.47009859069658e-7 0.7083715796470642
vn -0.7058398127555847 -4.68852277890619e-7 0.7083715200424194
vn 0.6112828850746155 -4.052176052482537e-7 0.7914121747016907
vn 0.7115924954414368 -4.68331393221888e-7 0.7025924324989319
vn 0.6112828850746155 -4.060431422203692e-7 0.7914121747016907
vn 0.7115924954414368 -4.68331393221888e-7 0.7025924324989319
vn 0.6112828850746155 -4.052176052482537e-7 0.7914121747016907
vn 0.7115924954414368 -4.666952122533985e-7 0.7025924324989319
vn -0.5735761523246765 -4.027896807201614e-7 0.8191522359848022
vn -0.573576033115387 0 0.8191523551940918
vn -0.573576033115387 0 0.8191523551940918
vn -0.573576033115387 0 0.8191523551940918
vn -0.5735761523246765 -4.027896807201614e-7 0.8191522359848022
vn -0.5735761523246765 -5.441198709377204e-7 0.8191522359848022
vn 0.6427876949310303 3.160685082548298e-7 0.7660443782806396
vn 0.6427876353263855 0 0.7660443782806396
vn 0.6427876353263855 0 0.7660444378852844
vn 0.6427876353263855 0 0.7660443782806396
vn 0.6427876949310303 3.160685082548298e-7 0.7660443782806396
vn 0.6427878141403198 4.269701889825228e-7 0.7660442590713501
vn -0.5000007152557373 -4.111875284706912e-7 -0.8660250306129456
vn -0.5000007152557373 -4.111875284706912e-7 -0.8660250306129456
vn -0.5000007152557373 -4.111875284706912e-7 -0.8660249710083008
vn -0.5000007152557373 -4.111875284706912e-7 -0.8660250306129456
vn -0.5000007152557373 -4.111875284706912e-7 -0.8660250306129456
vn -0.5000008344650269 -2.5559549499121204e-7 -0.866024911403656
vn -0.17364852130413055 -1.6857370610523503e-7 -0.9848076701164246
vn -0.17364855110645294 -1.6857373452694446e-7 -0.9848076701164246
vn -0.17364852130413055 -1.6857372031608975e-7 -0.9848076701164246
vn -0.17364855110645294 -1.6857373452694446e-7 -0.9848076701164246
vn -0.17364852130413055 -1.6857370610523503e-7 -0.9848076701164246
vn -0.17364829778671265 -4.2661994825721195e-7 -0.9848077297210693
vn 0.1736476570367813 0 -0.9848078489303589
vn 0.1736476719379425 0 -0.9848078489303589
vn 0.1736476570367813 0 -0.9848078489303589
vn 0.1736476719379425 0 -0.9848078489303589
vn 0.1736476570367813 0 -0.9848078489303589
vn 0.1736478954553604 -2.4003398380045837e-7 -0.9848077893257141
vn 0.49999967217445374 -4.630514638392924e-7 -0.8660255670547485
vn 0.49999967217445374 -4.6305152068271127e-7 -0.8660255670547485
vn 0.49999967217445374 -4.630514638392924e-7 -0.8660255670547485
vn 0.49999967217445374 -4.6305152068271127e-7 -0.8660255670547485
vn 0.49999967217445374 -4.630514638392924e-7 -0.8660255670547485
vn 0.4999992251396179 0 -0.8660258650779724
vn -0.7042909860610962 -0.06622172147035599 0.7068159580230713
vn -0.7042909860610962 -0.06622171401977539 0.7068159580230713
vn -0.7042909860610962 -0.0662217065691948 0.7068159580230713
vn -0.7042909860610962 -0.06622171401977539 0.7068159580230713
vn -0.7042909860610962 -0.06622172147035599 0.7068159580230713
vn -0.7042903900146484 -0.06622184067964554 0.706816554069519
vn -0.7042909860610962 -0.06622171401977539 0.7068159580230713
vn -0.7042904496192932 -0.0662216991186142 0.706816554069519
vn -0.7042909860610962 -0.0662217065691948 0.7068159580230713
vn -0.7042904496192932 -0.0662216991186142 0.706816554069519
vn -0.7042909860610962 -0.06622171401977539 0.7068159580230713
vn -0.704290509223938 -0.0662216916680336 0.7068164944648743
vn -0.4989277124404907 -0.06545794010162354 0.8641680479049683
vn -0.49892765283584595 -0.06545793265104294 0.8641680479049683
vn -0.49892765283584595 -0.06545794010162354 0.8641680479049683
vn -0.49892765283584595 -0.06545793265104294 0.8641680479049683
vn -0.4989277124404907 -0.06545794010162354 0.8641680479049683
vn -0.4989277124404907 -0.06545794010162354 0.8641680479049683
vn -0.49892765283584595 -0.06545793265104294 0.8641680479049683
vn -0.4989281892776489 -0.0654580295085907 0.8641677498817444
vn -0.49892765283584595 -0.06545794010162354 0.8641680479049683
vn -0.4989281892776489 -0.0654580295085907 0.8641677498817444
vn -0.49892765283584595 -0.06545793265104294 0.8641680479049683
vn -0.4989281892776489 -0.0654580220580101 0.8641677498817444
vn -0.17327488958835602 -0.06545799225568771 0.9826958179473877
vn -0.17327488958835602 -0.06545799225568771 0.9826958179473877
vn -0.17327488958835602 -0.06545799225568771 0.9826958179473877
vn -0.17327488958835602 -0.06545799225568771 0.9826958179473877
vn -0.17327488958835602 -0.06545799225568771 0.9826958179473877
vn -0.17327524721622467 -0.06545792520046234 0.9826957583427429
vn -0.17327488958835602 -0.06545799225568771 0.9826958179473877
vn -0.1732744425535202 -0.06545791774988174 0.9826958775520325
vn -0.17327488958835602 -0.06545799225568771 0.9826958179473877
vn -0.1732744425535202 -0.06545791774988174 0.9826958775520325
vn -0.17327488958835602 -0.06545799225568771 0.9826958179473877
vn -0.1732744425535202 -0.06545791029930115 0.9826958775520325
vn 0.17327655851840973 -0.06545798480510712 0.9826955199241638
vn 0.17327654361724854 -0.06545798480510712 0.9826955199241638
vn 0.17327655851840973 -0.06545799225568771 0.9826955199241638
vn 0.17327654361724854 -0.06545798480510712 0.9826955199241638
vn 0.17327655851840973 -0.06545798480510712 0.9826955199241638
vn 0.17327643930912018 -0.06545796245336533 0.9826955199241638
vn 0.17327654361724854 -0.06545798480510712 0.9826955199241638
vn 0.17327702045440674 -0.06545797735452652 0.982695460319519
vn 0.17327655851840973 -0.06545799225568771 0.9826955199241638
vn 0.17327702045440674 -0.06545797735452652 0.982695460319519
vn 0.17327654361724854 -0.06545798480510712 0.9826955199241638
vn 0.17327703535556793 -0.06545796990394592 0.982695460319519
vn 0.4989275634288788 -0.06545794755220413 0.8641681671142578
vn 0.4989275634288788 -0.06545793265104294 0.864168107509613
vn 0.4989275634288788 -0.06545793265104294 0.864168107509613
vn 0.4989275634288788 -0.06545793265104294 0.864168107509613
vn 0.4989275634288788 -0.06545794755220413 0.8641681671142578
vn 0.4989277422428131 -0.06545797735452652 0.8641680479049683
vn 0.4989275634288788 -0.06545793265104294 0.864168107509613
vn 0.4989270865917206 -0.0654580369591713 0.8641684055328369
vn 0.4989275634288788 -0.06545793265104294 0.864168107509613
vn 0.4989270865917206 -0.0654580369591713 0.8641684055328369
vn 0.4989275634288788 -0.06545793265104294 0.864168107509613
vn 0.4989270865917206 -0.0654580369591713 0.8641684055328369
vn 0.7100324034690857 -0.06617339700460434 0.7010529041290283
vn 0.7100324034690857 -0.06617339700460434 0.7010529041290283
vn 0.7100324034690857 -0.06617338955402374 0.7010529041290283
vn 0.7100324034690857 -0.06617339700460434 0.7010529041290283
vn 0.7100324034690857 -0.06617339700460434 0.7010529041290283
vn 0.7100327610969543 -0.06617346405982971 0.7010524272918701
vn 0.7100324034690857 -0.06617339700460434 0.7010529041290283
vn 0.7100322246551514 -0.06617347151041031 0.7010529637336731
vn 0.7100324034690857 -0.06617338955402374 0.7010529041290283
vn 0.7100322246551514 -0.06617347151041031 0.7010529637336731
vn 0.7100324034690857 -0.06617339700460434 0.7010529041290283
vn 0.7100322246551514 -0.06617347151041031 0.7010529637336731
vn -0.3700934052467346 0.000001109268850996159 0.9289945363998413
vn -0.6427868604660034 -3.014687024460727e-7 0.766045093536377
vn -0.37009337544441223 0.0000012341646424829378 0.9289945363998413
vn -0.6427868604660034 -3.014687024460727e-7 0.766045093536377
vn -0.3700934052467346 0.000001109268850996159 0.9289945363998413
vn -0.6427869200706482 -4.269695352832059e-7 0.7660449743270874
vn -0.37009337544441223 0.0000012341646424829378 0.9289945363998413
vn -0.23247452080249786 0.0000012920976359964698 0.9726024866104126
vn -0.3700934052467346 0.000001109268850996159 0.9289945363998413
vn -0.23247452080249786 0.0000012920976359964698 0.9726024866104126
vn -0.37009337544441223 0.0000012341646424829378 0.9289945363998413
vn -0.23247452080249786 0.0000012920974086227943 0.9726024866104126
vn -0.23247452080249786 0.0000012920976359964698 0.9726024866104126
vn -0.23247450590133667 0 0.9726025462150574
vn -0.23247450590133667 0 0.9726025462150574
vn -0.23247450590133667 0 0.9726025462150574
vn -0.23247452080249786 0.0000012920976359964698 0.9726024866104126
vn -0.23247450590133667 0 0.9726025462150574
vn 0 -1 0
vn 0 -1 0
vn 0 -1 0
vn 0 -1 0
vn 0 -1 0
vn 0 -1 0
vn 0 -1 0
vn 0 -1 0
vn 0 -1 0
vn 0 -1 0
vn 0 -1 0
vn 0 -1 0
vn 0 -1 0
vn 0 -1 0
vn 0 -1 0
vn 0 -1 0
vn 0 -1 0
vn 0 -1 0
vn 0 -1 0
vn 0 -1 0
vn 0 -1 0
vn 0 -1 0
vn 0 -1 0
vn 0 -1 0
vn 0 -1 0
vn 0 -1 0
vn 0 -1 0
vn 0 -1 0
vn 0 -1 0
vn 0 -1 0
vn 0 -1 0
vn 0 -1 0
vn 0 -1 0
vn 0 -1 0
vn 0 -1 0
vn 0 -1 0
vn 0.37974169850349426 0 -0.9250925779342651
vn 0.6427871584892273 0 -0.7660447359085083
vn 0.37974169850349426 0 -0.9250925779342651
vn 0.6427871584892273 0 -0.7660447359085083
vn 0.37974169850349426 0 -0.9250925779342651
vn 0.6427871584892273 0 -0.7660447359085083
vn 0.37974169850349426 0 -0.9250925779342651
vn 0.2526666522026062 0 -0.967553436756134
vn 0.37974169850349426 0 -0.9250925779342651
vn 0.2526666522026062 0 -0.967553436756134
vn 0.37974169850349426 0 -0.9250925779342651
vn 0.2526666522026062 0 -0.967553436756134
vn -0.6427869200706482 -4.269695352832059e-7 0.7660449743270874
vn -0.8660250902175903 -5.752550009674451e-7 0.5000005960464478
vn -0.6427868604660034 -3.014687024460727e-7 0.766045093536377
vn -0.8660250902175903 -5.752550009674451e-7 0.5000005960464478
vn -0.6427869200706482 -4.269695352832059e-7 0.7660449743270874
vn -0.8660250902175903 -5.224192136665806e-7 0.5000004768371582
vn -0.8660250902175903 -5.224192136665806e-7 0.5000004768371582
vn -0.9848077297210693 0 0.17364820837974548
vn -0.8660250902175903 -5.752550009674451e-7 0.5000005960464478
vn -0.9848077297210693 0 0.17364820837974548
vn -0.8660250902175903 -5.224192136665806e-7 0.5000004768371582
vn -0.9848077297210693 0 0.1736481934785843
vn -0.9848077297210693 0 0.1736481934785843
vn -0.9906741976737976 0 -0.13625209033489227
vn -0.9848077297210693 0 0.17364820837974548
vn -0.9906741976737976 0 -0.13625209033489227
vn -0.9848077297210693 0 0.1736481934785843
vn -0.9906741976737976 0 -0.1362520307302475
vn -0.9628708362579346 -4.860103217652068e-7 -0.2699625790119171
vn -0.9906741976737976 0 -0.13625209033489227
vn -0.9906741976737976 0 -0.1362520307302475
vn -0.9906741976737976 0 -0.13625209033489227
vn -0.9628708362579346 -4.860103217652068e-7 -0.2699625790119171
vn -0.9628707766532898 -6.395845275619649e-7 -0.2699626684188843
vn -0.9628708362579346 2.2775556374199368e-7 -0.26996245980262756
vn -0.9628708362579346 2.277555779528484e-7 -0.2699624300003052
vn -0.9628708362579346 -4.860103217652068e-7 -0.2699625790119171
vn -0.9628708362579346 2.277555779528484e-7 -0.2699624300003052
vn -0.9628708362579346 2.2775556374199368e-7 -0.26996245980262756
vn -0.9628707766532898 0 -0.26996272802352905
vn 0.6427871584892273 0 -0.7660447359085083
vn 0.866024911403656 0 -0.5000007748603821
vn 0.6427871584892273 0 -0.7660447359085083
vn 0.866024911403656 0 -0.5000007748603821
vn 0.6427871584892273 0 -0.7660447359085083
vn 0.866024911403656 0 -0.5000007748603821
vn 0.866024911403656 0 -0.5000007748603821
vn 0.9848076105117798 -0.000001129422912526934 -0.17364870011806488
vn 0.866024911403656 0 -0.5000007748603821
vn 0.9848076105117798 -0.000001129422912526934 -0.17364870011806488
vn 0.866024911403656 0 -0.5000007748603821
vn 0.9848076701164246 -0.0000011087306575063849 -0.17364855110645294
vn 0.9848076701164246 -0.0000011087306575063849 -0.17364855110645294
vn 0.991561233997345 0 0.12963904440402985
vn 0.9848076105117798 -0.000001129422912526934 -0.17364870011806488
vn 0.991561233997345 0 0.12963904440402985
vn 0.9848076701164246 -0.0000011087306575063849 -0.17364855110645294
vn 0.991561233997345 0 0.12963908910751343
vn 0.9663875699043274 0 0.2570894956588745
vn 0.991561233997345 0 0.12963904440402985
vn 0.991561233997345 0 0.12963908910751343
vn 0.991561233997345 0 0.12963904440402985
vn 0.9663875699043274 0 0.2570894956588745
vn 0.9663875699043274 0 0.2570894956588745
vn 0.9961947202682495 0 0.08715544641017914
vn 0.9961947202682495 0 0.08715542405843735
vn 0.9961947202682495 0 0.08715541660785675
vn 0.9961947202682495 0 0.08715542405843735
vn 0.9961947202682495 0 0.08715544641017914
vn 0.9961947202682495 0 0.08715546131134033
vn 0.3420199453830719 0 -0.9396926760673523
vn 0.3420198857784271 1.681763848182527e-7 -0.9396926760673523
vn 0.3420198857784271 2.271858221547518e-7 -0.9396926760673523
vn 0.3420198857784271 1.681763848182527e-7 -0.9396926760673523
vn 0.3420199453830719 0 -0.9396926760673523
vn 0.3420199155807495 0 -0.9396926760673523
vn -0.4999989867210388 0 0.866025984287262
vn -0.4999989867210388 0 0.866025984287262
vn -0.49999892711639404 0 0.866025984287262
vn -0.4999989867210388 0 0.866025984287262
vn -0.4999989867210388 0 0.866025984287262
vn -0.4999990463256836 0 0.866025984287262
vn -0.7660439610481262 0 0.6427881121635437
vn -0.7660439610481262 0 0.6427881121635437
vn -0.7660439610481262 0 0.6427881717681885
vn -0.7660439610481262 0 0.6427881121635437
vn -0.7660439610481262 0 0.6427881121635437
vn -0.7660439610481262 0 0.6427881717681885
vn -0.939692497253418 0 0.34202054142951965
vn -0.939692497253418 0 0.34202057123184204
vn -0.939692497253418 0 0.34202054142951965
vn -0.939692497253418 0 0.34202057123184204
vn -0.939692497253418 0 0.34202054142951965
vn -0.939692497253418 0 0.34202054142951965
vn -1 0 -3.560935226687434e-7
vn -1 0 -3.560935510904528e-7
vn -1 0 -3.560935226687434e-7
vn -1 0 -3.560935510904528e-7
vn -1 0 -3.560935226687434e-7
vn -1 0 -3.560935226687434e-7
vn 0.9642662405967712 -0.0662216991186142 0.256525456905365
vn 0.9642662405967712 -0.0662217065691948 0.256525456905365
vn 0.9642662405967712 -0.0662216991186142 0.256525456905365
vn 0.9642662405967712 -0.0662217065691948 0.256525456905365
vn 0.9642662405967712 -0.0662216991186142 0.256525456905365
vn 0.964266300201416 -0.06622173637151718 0.2565252482891083
vn 0.9642662405967712 -0.0662217065691948 0.256525456905365
vn 0.9642662405967712 -0.06622181832790375 0.25652557611465454
vn 0.9642662405967712 -0.0662216991186142 0.256525456905365
vn 0.9642662405967712 -0.06622181832790375 0.25652557611465454
vn 0.9642662405967712 -0.0662217065691948 0.256525456905365
vn 0.9642662405967712 -0.06622181832790375 0.25652557611465454
vn 0.9978553056716919 -0.06545798480510712 0
vn 0.9978553056716919 -0.06545799225568771 0
vn 0.9978553056716919 -0.06545798480510712 0
vn 0.9978553056716919 -0.06545799225568771 0
vn 0.9978553056716919 -0.06545798480510712 0
vn 0.9978553056716919 -0.06545794010162354 2.2739124005966005e-7
vn 0.9978553056716919 -0.06545799225568771 0
vn 0.9978553056716919 -0.06545805186033249 8.867752399055462e-7
vn 0.9978553056716919 -0.06545798480510712 0
vn 0.9978553056716919 -0.06545805186033249 8.867752399055462e-7
vn 0.9978553056716919 -0.06545799225568771 0
vn 0.9978553056716919 -0.06545804440975189 8.86775296748965e-7
vn 0.9376770257949829 -0.06545798480510712 -0.3412872850894928
vn 0.9376770257949829 -0.06545798480510712 -0.3412873148918152
vn 0.9376770257949829 -0.06545799225568771 -0.3412873148918152
vn 0.9376770257949829 -0.06545798480510712 -0.3412873148918152
vn 0.9376770257949829 -0.06545798480510712 -0.3412872850894928
vn 0.9376769661903381 -0.0654580146074295 -0.34128737449645996
vn 0.9376770257949829 -0.06545798480510712 -0.3412873148918152
vn 0.9376769661903381 -0.06545791774988174 -0.34128764271736145
vn 0.9376770257949829 -0.06545799225568771 -0.3412873148918152
vn 0.9376769661903381 -0.06545791774988174 -0.34128764271736145
vn 0.9376770257949829 -0.06545798480510712 -0.3412873148918152
vn 0.9376769661903381 -0.06545792520046234 -0.34128767251968384
vn 0.7644009590148926 -0.0654580146074295 -0.6414097547531128
vn 0.7644009590148926 -0.0654580220580101 -0.6414097547531128
vn 0.7644009590148926 -0.0654580220580101 -0.641409695148468
vn 0.7644009590148926 -0.0654580220580101 -0.6414097547531128
vn 0.7644009590148926 -0.0654580146074295 -0.6414097547531128
vn 0.7644009590148926 -0.0654580146074295 -0.641409695148468
vn 0.7644009590148926 -0.0654580220580101 -0.6414097547531128
vn 0.7644010186195374 -0.06545799225568771 -0.6414096355438232
vn 0.7644009590148926 -0.0654580220580101 -0.641409695148468
vn 0.7644010186195374 -0.06545799225568771 -0.6414096355438232
vn 0.7644009590148926 -0.0654580220580101 -0.6414097547531128
vn 0.7644010186195374 -0.06545799970626831 -0.6414095759391785
vn 0.49892762303352356 -0.0654580146074295 -0.864168107509613
vn 0.49892765283584595 -0.0654580146074295 -0.8641680479049683
vn 0.49892765283584595 -0.0654580220580101 -0.8641680479049683
vn 0.49892765283584595 -0.0654580146074295 -0.8641680479049683
vn 0.49892762303352356 -0.0654580146074295 -0.864168107509613
vn 0.4989275634288788 -0.0654580146074295 -0.864168107509613
vn 0.49892765283584595 -0.0654580146074295 -0.8641680479049683
vn 0.4989275634288788 -0.06545798480510712 -0.864168107509613
vn 0.49892765283584595 -0.0654580220580101 -0.8641680479049683
vn 0.4989275634288788 -0.06545798480510712 -0.864168107509613
vn 0.49892765283584595 -0.0654580146074295 -0.8641680479049683
vn 0.49892762303352356 -0.06545798480510712 -0.864168107509613
vn 0.2521127462387085 -0.06617355346679688 -0.9654326438903809
vn 0.2521127462387085 -0.06617356091737747 -0.9654326438903809
vn 0.2521127462387085 -0.06617356091737747 -0.9654326438903809
vn 0.2521127462387085 -0.06617356091737747 -0.9654326438903809
vn 0.2521127462387085 -0.06617355346679688 -0.9654326438903809
vn 0.25211283564567566 -0.06617355346679688 -0.9654326438903809
vn 0.2521127462387085 -0.06617356091737747 -0.9654326438903809
vn 0.25211256742477417 -0.06617353111505508 -0.9654327034950256
vn 0.2521127462387085 -0.06617356091737747 -0.9654326438903809
vn 0.25211256742477417 -0.06617353111505508 -0.9654327034950256
vn 0.2521127462387085 -0.06617356091737747 -0.9654326438903809
vn 0.2521125376224518 -0.06617352366447449 -0.9654327034950256
vn -0.8818001747131348 -0.06699243187904358 0.466840922832489
vn -0.8818007111549377 -0.06699252873659134 0.46683984994888306
vn -0.8818001747131348 -0.06699242442846298 0.466840922832489
vn -0.8818007111549377 -0.06699252873659134 0.46683984994888306
vn -0.8818001747131348 -0.06699243187904358 0.466840922832489
vn -0.8818007111549377 -0.06699253618717194 0.4668397903442383
vn -0.8818001747131348 -0.06699242442846298 0.466840922832489
vn -0.881800651550293 -0.06699249893426895 0.46684008836746216
vn -0.8818001747131348 -0.06699243187904358 0.466840922832489
vn -0.881800651550293 -0.06699249893426895 0.46684008836746216
vn -0.8818001747131348 -0.06699242442846298 0.466840922832489
vn -0.881800651550293 -0.06699249893426895 0.4668399691581726
vn 0 -1 0
vn 0 -1 0
vn 0 -1 0
vn 0 -1 0
vn 0 -1 0
vn 0 -1 0
vn 0.8722020387649536 -2.0045136750468373e-7 -0.48914584517478943
vn 0.8722019195556641 0 -0.4891459345817566
vn 0.8722021579742432 -3.11148454557042e-7 -0.4891456365585327
vn 0.8722019195556641 0 -0.4891459345817566
vn 0.8722020387649536 -2.0045136750468373e-7 -0.48914584517478943
vn 0.8722018599510193 0 -0.4891461133956909
vn 0.03660431131720543 -0.06699249148368835 -0.9970818161964417
vn 0.036604370921850204 -0.06699248403310776 -0.9970818161964417
vn 0.03660430759191513 -0.06699249148368835 -0.9970818161964417
vn 0.036604370921850204 -0.06699248403310776 -0.9970818161964417
vn 0.03660431131720543 -0.06699249148368835 -0.9970818161964417
vn 0.0366043746471405 -0.06699249148368835 -0.9970818161964417
vn 0.03660430759191513 -0.06699249148368835 -0.9970818161964417
vn 0.036604274064302444 -0.06699248403310776 -0.9970818161964417
vn 0.03660431131720543 -0.06699249148368835 -0.9970818161964417
vn 0.036604274064302444 -0.06699248403310776 -0.9970818161964417
vn 0.03660430759191513 -0.06699249148368835 -0.9970818161964417
vn 0.036604270339012146 -0.06699248403310776 -0.9970818161964417
vn 0 -1 0
vn 0 -1 0
vn 0 -1 0
vn 0 -1 0
vn 0 -1 0
vn 0 -1 0
vn -0.012490065768361092 0 0.999921977519989
vn -0.012490065768361092 0 0.999921977519989
vn -0.012490065768361092 0 0.999921977519989
vn -0.012490065768361092 0 0.999921977519989
vn -0.012490065768361092 0 0.999921977519989
vn -0.01249006763100624 0 0.999921977519989
vn 0.8451967835426331 -0.06699240952730179 0.530239999294281
vn 0.8451961278915405 -0.06699242442846298 0.5302408933639526
vn 0.8451967835426331 -0.06699240952730179 0.5302399396896362
vn 0.8451961278915405 -0.06699242442846298 0.5302408933639526
vn 0.8451967835426331 -0.06699240952730179 0.530239999294281
vn 0.8451961278915405 -0.06699243187904358 0.5302410125732422
vn 0.8451967835426331 -0.06699240952730179 0.5302399396896362
vn 0.8451973795890808 -0.0669923797249794 0.530238926410675
vn 0.8451967835426331 -0.06699240952730179 0.530239999294281
vn 0.8451973795890808 -0.0669923797249794 0.530238926410675
vn 0.8451967835426331 -0.06699240952730179 0.5302399396896362
vn 0.8451974391937256 -0.0669923722743988 0.5302388668060303
vn 0 -1 0
vn 0 -1 0
vn 0 -1 0
vn 0 -1 0
vn 0 -1 0
vn 0 -1 0
vn -0.8597134947776794 -3.306634539512743e-7 -0.5107764601707458
vn -0.8597137331962585 0 -0.5107761025428772
vn -0.8597133159637451 -6.410207333829021e-7 -0.510776937007904
vn -0.8597137331962585 0 -0.5107761025428772
vn -0.8597134947776794 -3.306634539512743e-7 -0.5107764601707458
vn -0.8597139716148376 2.3133418380894e-7 -0.5107757449150085
vn 0.08992615342140198 0.4165181815624237 -0.9046689867973328
vn 0.7125177979469299 -0.09212031215429306 -0.6955804824829102
vn 0.12211690098047256 0.30153968930244446 -0.9456009864807129
vn 0.7125177979469299 -0.09212031215429306 -0.6955804824829102
vn 0.08992615342140198 0.4165181815624237 -0.9046689867973328
vn 0.9369539022445679 0.2607294023036957 -0.23267479240894318
vn 0.9369539022445679 0.2607294023036957 -0.23267479240894318
vn 0.08992615342140198 0.4165181815624237 -0.9046689867973328
vn 0.9652813076972961 0.224278062582016 -0.13390791416168213
vn 0.9652813076972961 0.224278062582016 -0.13390791416168213
vn 0.08992615342140198 0.4165181815624237 -0.9046689867973328
vn 0.12655986845493317 0.4275244176387787 -0.8951008319854736
vn 0.9652813076972961 0.224278062582016 -0.13390791416168213
vn 0.12655986845493317 0.4275244176387787 -0.8951008319854736
vn 0.7697445154190063 0.5485216379165649 -0.3265232741832733
vn 0.7697445154190063 0.5485216379165649 -0.3265232741832733
vn 0.12655986845493317 0.4275244176387787 -0.8951008319854736
vn -0.25877630710601807 0.9617040157318115 0.09033410251140594
vn 0.9652813076972961 0.224278062582016 -0.13390791416168213
vn 0.601145327091217 0.5326552987098694 0.595737099647522
vn 0.6065526604652405 0.21908938884735107 0.7642602324485779
vn 0.601145327091217 0.5326552987098694 0.595737099647522
vn 0.9652813076972961 0.224278062582016 -0.13390791416168213
vn 0.7697445154190063 0.5485216379165649 -0.3265232741832733
vn 0.601145327091217 0.5326552987098694 0.595737099647522
vn 0.7697445154190063 0.5485216379165649 -0.3265232741832733
vn -0.25877630710601807 0.9617040157318115 0.09033410251140594
vn 0.6065526604652405 0.21908938884735107 0.7642602324485779
vn 0.9369539022445679 0.2607294023036957 -0.23267479240894318
vn 0.9652813076972961 0.224278062582016 -0.13390791416168213
vn 0.9369539022445679 0.2607294023036957 -0.23267479240894318
vn 0.6065526604652405 0.21908938884735107 0.7642602324485779
vn 0.657552182674408 0.28968802094459534 0.695489764213562
vn 0.657552182674408 0.28968802094459534 0.695489764213562
vn 0.9960355162620544 0.02916876971721649 0.0840388759970665
vn 0.9369539022445679 0.2607294023036957 -0.23267479240894318
vn 0.9960355162620544 0.02916876971721649 0.0840388759970665
vn 0.657552182674408 0.28968802094459534 0.695489764213562
vn 0.7288321256637573 -0.030673811212182045 0.6840050220489502
vn 0.7125177979469299 -0.09212031215429306 -0.6955804824829102
vn 0.9369539022445679 0.2607294023036957 -0.23267479240894318
vn 0.9960355162620544 0.02916876971721649 0.0840388759970665
vn 0.6890828013420105 -0.40322619676589966 0.6021407842636108
vn 0.9960355162620544 0.02916876971721649 0.0840388759970665
vn 0.7288321256637573 -0.030673811212182045 0.6840050220489502
vn 0.6890828013420105 -0.40322619676589966 0.6021407842636108
vn 0.6537498235702515 -0.43069005012512207 -0.6221874952316284
vn 0.9960355162620544 0.02916876971721649 0.0840388759970665
vn 0.9960355162620544 0.02916876971721649 0.0840388759970665
vn 0.6537498235702515 -0.43069005012512207 -0.6221874952316284
vn 0.7125177979469299 -0.09212031215429306 -0.6955804824829102
vn 0.5926222205162048 -0.540246307849884 0.5974385142326355
vn 0.6537498235702515 -0.43069005012512207 -0.6221874952316284
vn 0.6890828013420105 -0.40322619676589966 0.6021407842636108
vn 0.6537498235702515 -0.43069005012512207 -0.6221874952316284
vn 0.5926222205162048 -0.540246307849884 0.5974385142326355
vn 0.5127084255218506 -0.4625841975212097 -0.7232882380485535
vn 0.5127084255218506 -0.4625841975212097 -0.7232882380485535
vn 0.5926222205162048 -0.540246307849884 0.5974385142326355
vn -0.15924152731895447 -0.9590455293655396 -0.23425160348415375
vn 0.6065526604652405 0.21908938884735107 0.7642602324485779
vn -0.5376513600349426 0.3080277740955353 0.7848884463310242
vn 0.657552182674408 0.28968802094459534 0.695489764213562
vn -0.5376513600349426 0.3080277740955353 0.7848884463310242
vn 0.6065526604652405 0.21908938884735107 0.7642602324485779
vn -0.5214520692825317 0.2868095338344574 0.8036342859268188
vn 0.1808653175830841 -0.009462024085223675 0.983462393283844
vn 0.657552182674408 0.28968802094459534 0.695489764213562
vn -0.5376513600349426 0.3080277740955353 0.7848884463310242
vn 0.1808653175830841 -0.009462024085223675 0.983462393283844
vn -0.5376513600349426 0.3080277740955353 0.7848884463310242
vn -0.5930983424186707 0.04182453453540802 0.8040429353713989
vn -0.5332078337669373 -0.38958507776260376 0.7509413361549377
vn 0.1808653175830841 -0.009462024085223675 0.983462393283844
vn -0.5930983424186707 0.04182453453540802 0.8040429353713989
vn 0.1808653175830841 -0.009462024085223675 0.983462393283844
vn -0.5332078337669373 -0.38958507776260376 0.7509413361549377
vn 0.6890828013420105 -0.40322619676589966 0.6021407842636108
vn 0.1808653175830841 -0.009462024085223675 0.983462393283844
vn 0.6890828013420105 -0.40322619676589966 0.6021407842636108
vn 0.7288321256637573 -0.030673811212182045 0.6840050220489502
vn 0.657552182674408 0.28968802094459534 0.695489764213562
vn 0.1808653175830841 -0.009462024085223675 0.983462393283844
vn 0.7288321256637573 -0.030673811212182045 0.6840050220489502
vn -0.6381741762161255 -0.5172824263572693 0.5702215433120728
vn 0.6890828013420105 -0.40322619676589966 0.6021407842636108
vn -0.5332078337669373 -0.38958507776260376 0.7509413361549377
vn 0.6890828013420105 -0.40322619676589966 0.6021407842636108
vn -0.6381741762161255 -0.5172824263572693 0.5702215433120728
vn 0.5926222205162048 -0.540246307849884 0.5974385142326355
vn 0.5926222205162048 -0.540246307849884 0.5974385142326355
vn -0.6381741762161255 -0.5172824263572693 0.5702215433120728
vn -0.15924152731895447 -0.9590455293655396 -0.23425160348415375
vn -0.5214520692825317 0.2868095338344574 0.8036342859268188
vn 0.6065526604652405 0.21908938884735107 0.7642602324485779
vn 0.601145327091217 0.5326552987098694 0.595737099647522
vn -0.5214520692825317 0.2868095338344574 0.8036342859268188
vn 0.601145327091217 0.5326552987098694 0.595737099647522
vn -0.25877630710601807 0.9617040157318115 0.09033410251140594
vn -0.8341944813728333 0.2623463571071625 -0.4850711226463318
vn -0.5214520692825317 0.2868095338344574 0.8036342859268188
vn -0.25877630710601807 0.9617040157318115 0.09033410251140594
vn -0.8341944813728333 0.2623463571071625 -0.4850711226463318
vn -0.5376513600349426 0.3080277740955353 0.7848884463310242
vn -0.5214520692825317 0.2868095338344574 0.8036342859268188
vn -0.5376513600349426 0.3080277740955353 0.7848884463310242
vn -0.8341944813728333 0.2623463571071625 -0.4850711226463318
vn -0.8865259289741516 0.33984628319740295 -0.31396859884262085
vn -0.5376513600349426 0.3080277740955353 0.7848884463310242
vn -0.8865259289741516 0.33984628319740295 -0.31396859884262085
vn -0.9785094261169434 0.02528678998351097 -0.2046457827091217
vn -0.5376513600349426 0.3080277740955353 0.7848884463310242
vn -0.9785094261169434 0.02528678998351097 -0.2046457827091217
vn -0.5930983424186707 0.04182453453540802 0.8040429353713989
vn -0.9785094261169434 0.02528678998351097 -0.2046457827091217
vn -0.5332078337669373 -0.38958507776260376 0.7509413361549377
vn -0.5930983424186707 0.04182453453540802 0.8040429353713989
vn -0.7718524932861328 -0.4066051244735718 -0.4887903928756714
vn -0.5332078337669373 -0.38958507776260376 0.7509413361549377
vn -0.9785094261169434 0.02528678998351097 -0.2046457827091217
vn -0.6381741762161255 -0.5172824263572693 0.5702215433120728
vn -0.5332078337669373 -0.38958507776260376 0.7509413361549377
vn -0.7718524932861328 -0.4066051244735718 -0.4887903928756714
vn -0.6381741762161255 -0.5172824263572693 0.5702215433120728
vn -0.7718524932861328 -0.4066051244735718 -0.4887903928756714
vn -0.5767214894294739 -0.4384912848472595 -0.6892877817153931
vn -0.6381741762161255 -0.5172824263572693 0.5702215433120728
vn -0.5767214894294739 -0.4384912848472595 -0.6892877817153931
vn -0.15924152731895447 -0.9590455293655396 -0.23425160348415375
vn -0.15862083435058594 -0.46374642848968506 -0.8716528415679932
vn 0.6537498235702515 -0.43069005012512207 -0.6221874952316284
vn -0.7718524932861328 -0.4066051244735718 -0.4887903928756714
vn -0.9785094261169434 0.02528678998351097 -0.2046457827091217
vn -0.15862083435058594 -0.46374642848968506 -0.8716528415679932
vn -0.7718524932861328 -0.4066051244735718 -0.4887903928756714
vn -0.15862083435058594 -0.46374642848968506 -0.8716528415679932
vn -0.9785094261169434 0.02528678998351097 -0.2046457827091217
vn -0.40249213576316833 -0.017219293862581253 -0.9152615070343018
vn -0.40249213576316833 -0.017219293862581253 -0.9152615070343018
vn 0.6537498235702515 -0.43069005012512207 -0.6221874952316284
vn -0.15862083435058594 -0.46374642848968506 -0.8716528415679932
vn 0.5127084255218506 -0.4625841975212097 -0.7232882380485535
vn -0.7718524932861328 -0.4066051244735718 -0.4887903928756714
vn 0.6537498235702515 -0.43069005012512207 -0.6221874952316284
vn -0.7718524932861328 -0.4066051244735718 -0.4887903928756714
vn 0.5127084255218506 -0.4625841975212097 -0.7232882380485535
vn -0.5767214894294739 -0.4384912848472595 -0.6892877817153931
vn -0.40249213576316833 -0.017219293862581253 -0.9152615070343018
vn -0.9785094261169434 0.02528678998351097 -0.2046457827091217
vn -0.8865259289741516 0.33984628319740295 -0.31396859884262085
vn -0.8865259289741516 0.33984628319740295 -0.31396859884262085
vn 0.12211690098047256 0.30153968930244446 -0.9456009864807129
vn -0.40249213576316833 -0.017219293862581253 -0.9152615070343018
vn 0.12211690098047256 0.30153968930244446 -0.9456009864807129
vn -0.8865259289741516 0.33984628319740295 -0.31396859884262085
vn 0.08992615342140198 0.4165181815624237 -0.9046689867973328
vn -0.40249213576316833 -0.017219293862581253 -0.9152615070343018
vn 0.12211690098047256 0.30153968930244446 -0.9456009864807129
vn 0.7125177979469299 -0.09212031215429306 -0.6955804824829102
vn 0.6537498235702515 -0.43069005012512207 -0.6221874952316284
vn -0.40249213576316833 -0.017219293862581253 -0.9152615070343018
vn 0.7125177979469299 -0.09212031215429306 -0.6955804824829102
vn -0.8865259289741516 0.33984628319740295 -0.31396859884262085
vn 0.12655986845493317 0.4275244176387787 -0.8951008319854736
vn 0.08992615342140198 0.4165181815624237 -0.9046689867973328
vn 0.12655986845493317 0.4275244176387787 -0.8951008319854736
vn -0.8865259289741516 0.33984628319740295 -0.31396859884262085
vn -0.8341944813728333 0.2623463571071625 -0.4850711226463318
vn -0.5767214894294739 -0.4384912848472595 -0.6892877817153931
vn 0.5127084255218506 -0.4625841975212097 -0.7232882380485535
vn -0.15924152731895447 -0.9590455293655396 -0.23425160348415375
vn 0.12655986845493317 0.4275244176387787 -0.8951008319854736
vn -0.8341944813728333 0.2623463571071625 -0.4850711226463318
vn -0.25877630710601807 0.9617040157318115 0.09033410251140594
vn 0.05807900428771973 0.9967719912528992 0.05542892962694168
vn 0.5946943163871765 0.5650484561920166 0.5718905329704285
vn 0.3693303167819977 0.6107880473136902 -0.7003806829452515
vn 0.9775169491767883 0.1775253564119339 -0.11377774178981781
vn 0.3693303167819977 0.6107880473136902 -0.7003806829452515
vn 0.5946943163871765 0.5650484561920166 0.5718905329704285
vn 0.3693303167819977 0.6107880473136902 -0.7003806829452515
vn 0.9775169491767883 0.1775253564119339 -0.11377774178981781
vn 0.19932599365711212 0.04020916670560837 -0.9791079759597778
vn 0.5946943163871765 0.5650484561920166 0.5718905329704285
vn 0.58725905418396 -0.12831489741802216 0.799163281917572
vn 0.9775169491767883 0.1775253564119339 -0.11377774178981781
vn 0.58725905418396 -0.12831489741802216 0.799163281917572
vn 0.8026793003082275 -0.5817438364028931 -0.13145345449447632
vn 0.9775169491767883 0.1775253564119339 -0.11377774178981781
vn 0.8026793003082275 -0.5817438364028931 -0.13145345449447632
vn 0.19932599365711212 0.04020916670560837 -0.9791079759597778
vn 0.9775169491767883 0.1775253564119339 -0.11377774178981781
vn 0.19932599365711212 0.04020916670560837 -0.9791079759597778
vn 0.8026793003082275 -0.5817438364028931 -0.13145345449447632
vn 0.041035618633031845 -0.5074838399887085 -0.8606836199760437
vn 0.041035618633031845 -0.5074838399887085 -0.8606836199760437
vn 0.8026793003082275 -0.5817438364028931 -0.13145345449447632
vn -0.10808751732110977 -0.9939950704574585 -0.017057031393051147
vn 0.05807900428771973 0.9967719912528992 0.05542892962694168
vn 0.3693303167819977 0.6107880473136902 -0.7003806829452515
vn -0.7520857453346252 0.46607616543769836 -0.46598291397094727
vn 0.3693303167819977 0.6107880473136902 -0.7003806829452515
vn -0.9411797523498535 -0.07627720385789871 -0.32918447256088257
vn -0.7520857453346252 0.46607616543769836 -0.46598291397094727
vn -0.9411797523498535 -0.07627720385789871 -0.32918447256088257
vn 0.3693303167819977 0.6107880473136902 -0.7003806829452515
vn 0.19932599365711212 0.04020916670560837 -0.9791079759597778
vn 0.041035618633031845 -0.5074838399887085 -0.8606836199760437
vn -0.9411797523498535 -0.07627720385789871 -0.32918447256088257
vn 0.19932599365711212 0.04020916670560837 -0.9791079759597778
vn -0.9411797523498535 -0.07627720385789871 -0.32918447256088257
vn 0.041035618633031845 -0.5074838399887085 -0.8606836199760437
vn -0.10808751732110977 -0.9939950704574585 -0.017057031393051147
vn 0.05807900428771973 0.9967719912528992 0.05542892962694168
vn -0.7520857453346252 0.46607616543769836 -0.46598291397094727
vn -0.44608816504478455 0.520548403263092 0.7280347943305969
vn -0.7520857453346252 0.46607616543769836 -0.46598291397094727
vn -0.49274396896362305 -0.21310533583164215 0.8436761498451233
vn -0.44608816504478455 0.520548403263092 0.7280347943305969
vn -0.49274396896362305 -0.21310533583164215 0.8436761498451233
vn -0.7520857453346252 0.46607616543769836 -0.46598291397094727
vn -0.9411797523498535 -0.07627720385789871 -0.32918447256088257
vn -0.9411797523498535 -0.07627720385789871 -0.32918447256088257
vn -0.10808751732110977 -0.9939950704574585 -0.017057031393051147
vn -0.49274396896362305 -0.21310533583164215 0.8436761498451233
vn 0.05807900428771973 0.9967719912528992 0.05542892962694168
vn -0.44608816504478455 0.520548403263092 0.7280347943305969
vn 0.5946943163871765 0.5650484561920166 0.5718905329704285
vn -0.49274396896362305 -0.21310533583164215 0.8436761498451233
vn 0.5946943163871765 0.5650484561920166 0.5718905329704285
vn -0.44608816504478455 0.520548403263092 0.7280347943305969
vn 0.5946943163871765 0.5650484561920166 0.5718905329704285
vn -0.49274396896362305 -0.21310533583164215 0.8436761498451233
vn 0.58725905418396 -0.12831489741802216 0.799163281917572
vn -0.49274396896362305 -0.21310533583164215 0.8436761498451233
vn -0.10808751732110977 -0.9939950704574585 -0.017057031393051147
vn 0.58725905418396 -0.12831489741802216 0.799163281917572
vn 0.58725905418396 -0.12831489741802216 0.799163281917572
vn -0.10808751732110977 -0.9939950704574585 -0.017057031393051147
vn 0.8026793003082275 -0.5817438364028931 -0.13145345449447632
vn -0.06716446578502655 0.9976650476455688 -0.012388095259666443
vn -0.8783689737319946 0.4059855043888092 -0.252277135848999
vn -0.1477172076702118 0.48333796858787537 0.8628812432289124
vn -0.8556018471717834 0.08871061354875565 0.5099764466285706
vn -0.1477172076702118 0.48333796858787537 0.8628812432289124
vn -0.8783689737319946 0.4059855043888092 -0.252277135848999
vn -0.1477172076702118 0.48333796858787537 0.8628812432289124
vn -0.8556018471717834 0.08871061354875565 0.5099764466285706
vn 0.18451052904129028 -0.028450822457671165 0.9824186563491821
vn -0.8783689737319946 0.4059855043888092 -0.252277135848999
vn -0.8627880215644836 -0.08017124980688095 -0.49916872382164
vn -0.8556018471717834 0.08871061354875565 0.5099764466285706
vn -0.8627880215644836 -0.08017124980688095 -0.49916872382164
vn -0.7648865580558777 -0.4965413808822632 0.4103597402572632
vn -0.8556018471717834 0.08871061354875565 0.5099764466285706
vn -0.7648865580558777 -0.4965413808822632 0.4103597402572632
vn 0.18451052904129028 -0.028450822457671165 0.9824186563491821
vn -0.8556018471717834 0.08871061354875565 0.5099764466285706
vn 0.18451052904129028 -0.028450822457671165 0.9824186563491821
vn -0.7648865580558777 -0.4965413808822632 0.4103597402572632
vn 0.3257923722267151 -0.4311287999153137 0.8414197564125061
vn 0.3257923722267151 -0.4311287999153137 0.8414197564125061
vn -0.7648865580558777 -0.4965413808822632 0.4103597402572632
vn 0.08412481844425201 -0.9964427947998047 0.004978536628186703
vn -0.06716446578502655 0.9976650476455688 -0.012388095259666443
vn -0.1477172076702118 0.48333796858787537 0.8628812432289124
vn 0.9136937260627747 0.3666907250881195 0.1752188354730606
vn -0.1477172076702118 0.48333796858787537 0.8628812432289124
vn 0.998805820941925 -0.03520100563764572 -0.03387940302491188
vn 0.9136937260627747 0.3666907250881195 0.1752188354730606
vn 0.998805820941925 -0.03520100563764572 -0.03387940302491188
vn -0.1477172076702118 0.48333796858787537 0.8628812432289124
vn 0.18451052904129028 -0.028450822457671165 0.9824186563491821
vn 0.3257923722267151 -0.4311287999153137 0.8414197564125061
vn 0.998805820941925 -0.03520100563764572 -0.03387940302491188
vn 0.18451052904129028 -0.028450822457671165 0.9824186563491821
vn 0.998805820941925 -0.03520100563764572 -0.03387940302491188
vn 0.3257923722267151 -0.4311287999153137 0.8414197564125061
vn 0.08412481844425201 -0.9964427947998047 0.004978536628186703
vn -0.06716446578502655 0.9976650476455688 -0.012388095259666443
vn 0.9136937260627747 0.3666907250881195 0.1752188354730606
vn 0.13502353429794312 0.4136645495891571 -0.9003612399101257
vn 0.9136937260627747 0.3666907250881195 0.1752188354730606
vn 0.13314801454544067 -0.24716748297214508 -0.9597811102867126
vn 0.13502353429794312 0.4136645495891571 -0.9003612399101257
vn 0.13314801454544067 -0.24716748297214508 -0.9597811102867126
vn 0.9136937260627747 0.3666907250881195 0.1752188354730606
vn 0.998805820941925 -0.03520100563764572 -0.03387940302491188
vn 0.998805820941925 -0.03520100563764572 -0.03387940302491188
vn 0.08412481844425201 -0.9964427947998047 0.004978536628186703
vn 0.13314801454544067 -0.24716748297214508 -0.9597811102867126
vn -0.06716446578502655 0.9976650476455688 -0.012388095259666443
vn 0.13502353429794312 0.4136645495891571 -0.9003612399101257
vn -0.8783689737319946 0.4059855043888092 -0.252277135848999
vn 0.13314801454544067 -0.24716748297214508 -0.9597811102867126
vn -0.8783689737319946 0.4059855043888092 -0.252277135848999
vn 0.13502353429794312 0.4136645495891571 -0.9003612399101257
vn -0.8783689737319946 0.4059855043888092 -0.252277135848999
vn 0.13314801454544067 -0.24716748297214508 -0.9597811102867126
vn -0.8627880215644836 -0.08017124980688095 -0.49916872382164
vn 0.13314801454544067 -0.24716748297214508 -0.9597811102867126
vn 0.08412481844425201 -0.9964427947998047 0.004978536628186703
vn -0.8627880215644836 -0.08017124980688095 -0.49916872382164
vn -0.8627880215644836 -0.08017124980688095 -0.49916872382164
vn 0.08412481844425201 -0.9964427947998047 0.004978536628186703
vn -0.7648865580558777 -0.4965413808822632 0.4103597402572632
vn -0.021889623254537582 0.996772289276123 0.07723867148160934
vn -0.22800423204898834 0.5650490522384644 0.7929272651672363
vn 0.7917951941490173 0.6107864379882812 -0.0004656970268115401
vn -0.021889623254537582 0.996772289276123 0.07723867148160934
vn -0.8520898222923279 0.5205506086349487 -0.05449758470058441
vn -0.22800423204898834 0.5650490522384644 0.7929272651672363
vn 0.5570782423019409 0.1775243729352951 0.8112637996673584
vn 0.7917951941490173 0.6107864379882812 -0.0004656970268115401
vn -0.22800423204898834 0.5650490522384644 0.7929272651672363
vn 0.7917951941490173 0.6107864379882812 -0.0004656970268115401
vn 0.5570782423019409 0.1775243729352951 0.8112637996673584
vn 0.9588791728019714 0.04021018370985985 -0.28095173835754395
vn -0.22800423204898834 0.5650490522384644 0.7929272651672363
vn -0.4324510395526886 -0.128315269947052 0.8924803733825684
vn 0.5570782423019409 0.1775243729352951 0.8112637996673584
vn -0.4324510395526886 -0.128315269947052 0.8924803733825684
vn 0.4910637140274048 -0.5817447304725647 0.6484053134918213
vn 0.5570782423019409 0.1775243729352951 0.8112637996673584
vn 0.4910637140274048 -0.5817447304725647 0.6484053134918213
vn 0.9588791728019714 0.04021018370985985 -0.28095173835754395
vn 0.5570782423019409 0.1775243729352951 0.8112637996673584
vn 0.9588791728019714 0.04021018370985985 -0.28095173835754395
vn 0.4910637140274048 -0.5817447304725647 0.6484053134918213
vn 0.7802435159683228 -0.5074837803840637 -0.36562320590019226
vn 0.7802435159683228 -0.5074837803840637 -0.36562320590019226
vn 0.4910637140274048 -0.5817447304725647 0.6484053134918213
vn -0.03539077937602997 -0.9939950108528137 -0.10354451090097427
vn -0.021889623254537582 0.996772289276123 0.07723867148160934
vn 0.7917951941490173 0.6107864379882812 -0.0004656970268115401
vn 0.06086020916700363 0.4660744071006775 -0.882649838924408
vn 0.7917951941490173 0.6107864379882812 -0.0004656970268115401
vn -0.14840950071811676 -0.07627688348293304 -0.9859799742698669
vn 0.06086020916700363 0.4660744071006775 -0.882649838924408
vn -0.14840950071811676 -0.07627688348293304 -0.9859799742698669
vn 0.7917951941490173 0.6107864379882812 -0.0004656970268115401
vn 0.9588791728019714 0.04021018370985985 -0.28095173835754395
vn 0.7802435159683228 -0.5074837803840637 -0.36562320590019226
vn -0.14840950071811676 -0.07627688348293304 -0.9859799742698669
vn 0.9588791728019714 0.04021018370985985 -0.28095173835754395
vn -0.14840950071811676 -0.07627688348293304 -0.9859799742698669
vn 0.7802435159683228 -0.5074837803840637 -0.36562320590019226
vn -0.03539077937602997 -0.9939950108528137 -0.10354451090097427
vn -0.021889623254537582 0.996772289276123 0.07723867148160934
vn 0.06086020916700363 0.4660744071006775 -0.882649838924408
vn -0.8520898222923279 0.5205506086349487 -0.05449758470058441
vn 0.06086020916700363 0.4660744071006775 -0.882649838924408
vn -0.9761366844177246 -0.2131052166223526 -0.04175368323922157
vn -0.8520898222923279 0.5205506086349487 -0.05449758470058441
vn -0.9761366844177246 -0.2131052166223526 -0.04175368323922157
vn 0.06086020916700363 0.4660744071006775 -0.882649838924408
vn -0.14840950071811676 -0.07627688348293304 -0.9859799742698669
vn -0.14840950071811676 -0.07627688348293304 -0.9859799742698669
vn -0.03539077937602997 -0.9939950108528137 -0.10354451090097427
vn -0.9761366844177246 -0.2131052166223526 -0.04175368323922157
vn -0.9761366844177246 -0.2131052166223526 -0.04175368323922157
vn -0.03539077937602997 -0.9939950108528137 -0.10354451090097427
vn -0.4324510395526886 -0.128315269947052 0.8924803733825684
vn -0.22800423204898834 0.5650490522384644 0.7929272651672363
vn -0.9761366844177246 -0.2131052166223526 -0.04175368323922157
vn -0.4324510395526886 -0.128315269947052 0.8924803733825684
vn -0.9761366844177246 -0.2131052166223526 -0.04175368323922157
vn -0.22800423204898834 0.5650490522384644 0.7929272651672363
vn -0.8520898222923279 0.5205506086349487 -0.05449758470058441
vn -0.4324510395526886 -0.128315269947052 0.8924803733825684
vn -0.03539077937602997 -0.9939950108528137 -0.10354451090097427
vn 0.4910637140274048 -0.5817447304725647 0.6484053134918213
vn 1.7626490489419666e-7 -1 0
vn 1.907878299789445e-7 -1 0
vn 1.907878299789445e-7 -1 0
vn 1.907878299789445e-7 -1 0
vn 1.7626490489419666e-7 -1 0
vn 1.7626489068334195e-7 -1 0
vn 0 -1 0
vn 1.7626489068334195e-7 -1 0
vn 1.7626490489419666e-7 -1 0
vn 1.7626489068334195e-7 -1 0
vn 0 -1 0
vn 0 -1 0
vn 0 -1 -1.7626496173761552e-7
vn 0 -1 0
vn 0 -1 0
vn 0 -1 0
vn 0 -1 -1.7626496173761552e-7
vn 0 -1 -1.7626499015932495e-7
vn 0 -1 -1.907878299789445e-7
vn 0 -1 -1.7626499015932495e-7
vn 0 -1 -1.7626496173761552e-7
vn 0 -1 -1.7626499015932495e-7
vn 0 -1 -1.907878299789445e-7
vn 0 -1 -1.9078781576808979e-7
vn 0 -1 -1.7626487647248723e-7
vn 0 -1 -1.9078781576808979e-7
vn 0 -1 -1.907878299789445e-7
vn 0 -1 -1.9078781576808979e-7
vn 0 -1 -1.7626487647248723e-7
vn 0 -1 -1.7626489068334195e-7
vn 0 -1 0
vn 0 -1 -1.7626489068334195e-7
vn 0 -1 -1.7626487647248723e-7
vn 0 -1 -1.7626489068334195e-7
vn 0 -1 0
vn 0 -1 0
vn -1.7626499015932495e-7 -1 0
vn 0 -1 0
vn 0 -1 0
vn 0 -1 0
vn -1.7626499015932495e-7 -1 0
vn -1.7626497594847024e-7 -1 0
vn -1.9078780155723507e-7 -1 0
vn -1.7626497594847024e-7 -1 0
vn -1.7626499015932495e-7 -1 0
vn -1.7626497594847024e-7 -1 0
vn -1.9078780155723507e-7 -1 0
vn -1.907878299789445e-7 -1 0
vn -1.7626491910505138e-7 -1 0
vn -1.907878299789445e-7 -1 0
vn -1.9078780155723507e-7 -1 0
vn -1.907878299789445e-7 -1 0
vn -1.7626491910505138e-7 -1 0
vn -1.7626490489419666e-7 -1 0
vn 0 -1 0
vn -1.7626490489419666e-7 -1 0
vn -1.7626491910505138e-7 -1 0
vn -1.7626490489419666e-7 -1 0
vn 0 -1 0
vn 0 -1 0
vn 0 -1 1.7626491910505138e-7
vn 0 -1 0
vn 0 -1 0
vn 0 -1 0
vn 0 -1 1.7626491910505138e-7
vn 0 -1 1.762649333159061e-7
vn 0 -1 1.9078778734638036e-7
vn 0 -1 1.762649333159061e-7
vn 0 -1 1.7626491910505138e-7
vn 0 -1 1.762649333159061e-7
vn 0 -1 1.9078778734638036e-7
vn 0 -1 1.9078781576808979e-7
vn 0 -1 1.7626490489419666e-7
vn 0 -1 1.9078781576808979e-7
vn 0 -1 1.9078778734638036e-7
vn 0 -1 1.9078781576808979e-7
vn 0 -1 1.7626490489419666e-7
vn 0 -1 1.7626489068334195e-7
vn 0 -1 0
vn 0 -1 1.7626489068334195e-7
vn 0 -1 1.7626490489419666e-7
vn 0 -1 1.7626489068334195e-7
vn 0 -1 0
vn 0 -1 0
vn 1.762650327918891e-7 -1 0
vn 0 -1 0
vn 0 -1 0
vn 0 -1 0
vn 1.762650327918891e-7 -1 0
vn 1.762650327918891e-7 -1 0
vn 1.907878299789445e-7 -1 0
vn 1.762650327918891e-7 -1 0
vn 1.762650327918891e-7 -1 0
vn 1.762650327918891e-7 -1 0
vn 1.907878299789445e-7 -1 0
vn 1.907878299789445e-7 -1 0
f 1/1/1 2/2/2 3/3/3
f 4/4/4 5/5/5 6/6/6
f 7/7/7 8/8/8 9/9/9
f 10/10/10 11/11/11 12/12/12
f 13/13/13 14/14/14 15/15/15
f 16/16/16 17/17/17 18/18/18
f 19/19/19 20/20/20 21/21/21
f 22/22/22 23/23/23 24/24/24
f 25/25/25 26/26/26 27/27/27
f 28/28/28 29/29/29 30/30/30
f 31/31/31 32/32/32 33/33/33
f 34/34/34 35/35/35 36/36/36
f 37/37/37 38/38/38 39/39/39
f 40/40/40 41/41/41 42/42/42
f 43/43/43 44/44/44 45/45/45
f 46/46/46 47/47/47 48/48/48
f 49/49/49 50/50/50 51/51/51
f 52/52/52 53/53/53 54/54/54
f 55/55/55 56/56/56 57/57/57
f 58/58/58 59/59/59 60/60/60
f 61/61/61 62/62/62 63/63/63
f 64/64/64 65/65/65 66/66/66
f 67/67/67 68/68/68 69/69/69
f 70/70/70 71/71/71 72/72/72
f 73/73/73 74/74/74 75/75/75
f 76/76/76 77/77/77 78/78/78
f 79/79/79 80/80/80 81/81/81
f 82/82/82 83/83/83 84/84/84
f 85/85/85 86/86/86 87/87/87
f 88/88/88 89/89/89 90/90/90
f 91/91/91 92/92/92 93/93/93
f 94/94/94 95/95/95 96/96/96
f 97/97/97 98/98/98 99/99/99
f 100/100/100 101/101/101 102/102/102
f 103/103/103 104/104/104 105/105/105
f 106/106/106 107/107/107 108/108/108
f 109/109/109 110/110/110 111/111/111
f 112/112/112 113/113/113 114/114/114
f 115/115/115 116/116/116 117/117/117
f 118/118/118 119/119/119 120/120/120
f 121/121/121 122/122/122 123/123/123
f 124/124/124 125/125/125 126/126/126
f 127/127/127 128/128/128 129/129/129
f 130/130/130 131/131/131 132/132/132
f 133/133/133 134/134/134 135/135/135
f 136/136/136 137/137/137 138/138/138
f 139/139/139 140/140/140 141/141/141
f 142/142/142 143/143/143 144/144/144
f 145/145/145 146/146/146 147/147/147
f 148/148/148 149/149/149 150/150/150
f 151/151/151 152/152/152 153/153/153
f 154/154/154 155/155/155 156/156/156
f 157/157/157 158/158/158 159/159/159
f 160/160/160 161/161/161 162/162/162
f 163/163/163 164/164/164 165/165/165
f 166/166/166 167/167/167 168/168/168
f 169/169/169 170/170/170 171/171/171
f 172/172/172 173/173/173 174/174/174
f 175/175/175 176/176/176 177/177/177
f 178/178/178 179/179/179 180/180/180
f 181/181/181 182/182/182 183/183/183
f 184/184/184 185/185/185 186/186/186
f 187/187/187 188/188/188 189/189/189
f 190/190/190 191/191/191 192/192/192
f 193/193/193 194/194/194 195/195/195
f 196/196/196 197/197/197 198/198/198
f 199/199/199 200/200/200 201/201/201
f 202/202/202 203/203/203 204/204/204
f 205/205/205 206/206/206 207/207/207
f 208/208/208 209/209/209 210/210/210
f 211/211/211 212/212/212 213/213/213
f 214/214/214 215/215/215 216/216/216
f 217/217/217 218/218/218 219/219/219
f 220/220/220 221/221/221 222/222/222
f 223/223/223 224/224/224 225/225/225
f 226/226/226 227/227/227 228/228/228
f 229/229/229 230/230/230 231/231/231
f 232/232/232 233/233/233 234/234/234
f 235/235/235 236/236/236 237/237/237
f 238/238/238 239/239/239 240/240/240
f 241/241/241 242/242/242 243/243/243
f 244/244/244 245/245/245 246/246/246
f 247/247/247 248/248/248 249/249/249
f 250/250/250 251/251/251 252/252/252
f 253/253/253 254/254/254 255/255/255
f 256/256/256 257/257/257 258/258/258
f 259/259/259 260/260/260 261/261/261
f 262/262/262 263/263/263 264/264/264
f 265/265/265 266/266/266 267/267/267
f 268/268/268 269/269/269 270/270/270
f 271/271/271 272/272/272 273/273/273
f 274/274/274 275/275/275 276/276/276
f 277/277/277 278/278/278 279/279/279
f 280/280/280 281/281/281 282/282/282
f 283/283/283 284/284/284 285/285/285
f 286/286/286 287/287/287 288/288/288
f 289/289/289 290/290/290 291/291/291
f 292/292/292 293/293/293 294/294/294
f 295/295/295 296/296/296 297/297/297
f 298/298/298 299/299/299 300/300/300
f 301/301/301 302/302/302 303/303/303
f 304/304/304 305/305/305 306/306/306
f 307/307/307 308/308/308 309/309/309
f 310/310/310 311/311/311 312/312/312
f 313/313/313 314/314/314 315/315/315
f 316/316/316 317/317/317 318/318/318
f 319/319/319 320/320/320 321/321/321
f 322/322/322 323/323/323 324/324/324
f 325/325/325 326/326/326 327/327/327
f 328/328/328 329/329/329 330/330/330
f 331/331/331 332/332/332 333/333/333
f 334/334/334 335/335/335 336/336/336
f 337/337/337 338/338/338 339/339/339
f 340/340/340 341/341/341 342/342/342
f 343/343/343 344/344/344 345/345/345
f 346/346/346 347/347/347 348/348/348
f 349/349/349 350/350/350 351/351/351
f 352/352/352 353/353/353 354/354/354
f 355/355/355 356/356/356 357/357/357
f 358/358/358 359/359/359 360/360/360
f 361/361/361 362/362/362 363/363/363
f 364/364/364 365/365/365 366/366/366
f 367/367/367 368/368/368 369/369/369
f 370/370/370 371/371/371 372/372/372
f 373/373/373 374/374/374 375/375/375
f 376/376/376 377/377/377 378/378/378
f 379/379/379 380/380/380 381/381/381
f 382/382/382 383/383/383 384/384/384
f 385/385/385 386/386/386 387/387/387
f 388/388/388 389/389/389 390/390/390
f 391/391/391 392/392/392 393/393/393
f 394/394/394 395/395/395 396/396/396
f 397/397/397 398/398/398 399/399/399
f 400/400/400 401/401/401 402/402/402
f 403/403/403 404/404/404 405/405/405
f 406/406/406 407/407/407 408/408/408
f 409/409/409 410/410/410 411/411/411
f 412/412/412 413/413/413 414/414/414
f 415/415/415 416/416/416 417/417/417
f 418/418/418 419/419/419 420/420/420
f 421/421/421 422/422/422 423/423/423
f 424/424/424 425/425/425 426/426/426
f 427/427/427 428/428/428 429/429/429
f 430/430/430 431/431/431 432/432/432
f 433/433/433 434/434/434 435/435/435
f 436/436/436 437/437/437 438/438/438
f 439/439/439 440/440/440 441/441/441
f 442/442/442 443/443/443 444/444/444
f 445/445/445 446/446/446 447/447/447
f 448/448/448 449/449/449 450/450/450
f 451/451/451 452/452/452 453/453/453
f 454/454/454 455/455/455 456/456/456
f 457/457/457 458/458/458 459/459/459
f 460/460/460 461/461/461 462/462/462
f 463/463/463 464/464/464 465/465/465
f 466/466/466 467/467/467 468/468/468
f 469/469/469 470/470/470 471/471/471
f 472/472/472 473/473/473 474/474/474
f 475/475/475 476/476/476 477/477/477
f 478/478/478 479/479/479 480/480/480
f 481/481/481 482/482/482 483/483/483
f 484/484/484 485/485/485 486/486/486
f 487/487/487 488/488/488 489/489/489
f 490/490/490 491/491/491 492/492/492
f 493/493/493 494/494/494 495/495/495
f 496/496/496 497/497/497 498/498/498
f 499/499/499 500/500/500 501/501/501
f 502/502/502 503/503/503 504/504/504
f 505/505/505 506/506/506 507/507/507
f 508/508/508 509/509/509 510/510/510
f 511/511/511 512/512/512 513/513/513
f 514/514/514 515/515/515 516/516/516
f 517/517/517 518/518/518 519/519/519
f 520/520/520 521/521/521 522/522/522
f 523/523/523 524/524/524 525/525/525
f 526/526/526 527/527/527 528/528/528
f 529/529/529 530/530/530 531/531/531
f 532/532/532 533/533/533 534/534/534
f 535/535/535 536/536/536 537/537/537
f 538/538/538 539/539/539 540/540/540
f 541/541/541 542/542/542 543/543/543
f 544/544/544 545/545/545 546/546/546
f 547/547/547 548/548/548 549/549/549
f 550/550/550 551/551/551 552/552/552
f 553/553/553 554/554/554 555/555/555
f 556/556/556 557/557/557 558/558/558
f 559/559/559 560/560/560 561/561/561
f 562/562/562 563/563/563 564/564/564
f 565/565/565 566/566/566 567/567/567
f 568/568/568 569/569/569 570/570/570
f 571/571/571 572/572/572 573/573/573
f 574/574/574 575/575/575 576/576/576
f 577/577/577 578/578/578 579/579/579
f 580/580/580 581/581/581 582/582/582
f 583/583/583 584/584/584 585/585/585
f 586/586/586 587/587/587 588/588/588
f 589/589/589 590/590/590 591/591/591
f 592/592/592 593/593/593 594/594/594
f 595/595/595 596/596/596 597/597/597
f 598/598/598 599/599/599 600/600/600
f 601/601/601 602/602/602 603/603/603
f 604/604/604 605/605/605 606/606/606
f 607/607/607 608/608/608 609/609/609
f 610/610/610 611/611/611 612/612/612
f 613/613/613 614/614/614 615/615/615
f 616/616/616 617/617/617 618/618/618
f 619/619/619 620/620/620 621/621/621
f 622/622/622 623/623/623 624/624/624
f 625/625/625 626/626/626 627/627/627
f 628/628/628 629/629/629 630/630/630
f 631/631/631 632/632/632 633/633/633
f 634/634/634 635/635/635 636/636/636
f 637/637/637 638/638/638 639/639/639
f 640/640/640 641/641/641 642/642/642
f 643/643/643 644/644/644 645/645/645
f 646/646/646 647/647/647 648/648/648
f 649/649/649 650/650/650 651/651/651
f 652/652/652 653/653/653 654/654/654
f 655/655/655 656/656/656 657/657/657
f 658/658/658 659/659/659 660/660/660
f 661/661/661 662/662/662 663/663/663
f 664/664/664 665/665/665 666/666/666
f 667/667/667 668/668/668 669/669/669
f 670/670/670 671/671/671 672/672/672
f 673/673/673 674/674/674 675/675/675
f 676/676/676 677/677/677 678/678/678
f 679/679/679 680/680/680 681/681/681
f 682/682/682 683/683/683 684/684/684
f 685/685/685 686/686/686 687/687/687
f 688/688/688 689/689/689 690/690/690
f 691/691/691 692/692/692 693/693/693
f 694/694/694 695/695/695 696/696/696
f 697/697/697 698/698/698 699/699/699
f 700/700/700 701/701/701 702/702/702
f 703/703/703 704/704/704 705/705/705
f 706/706/706 707/707/707 708/708/708
f 709/709/709 710/710/710 711/711/711
f 712/712/712 713/713/713 714/714/714
f 715/715/715 716/716/716 717/717/717
f 718/718/718 719/719/719 720/720/720
f 721/721/721 722/722/722 723/723/723
f 724/724/724 725/725/725 726/726/726
f 727/727/727 728/728/728 729/729/729
f 730/730/730 731/731/731 732/732/732
f 733/733/733 734/734/734 735/735/735
f 736/736/736 737/737/737 738/738/738
f 739/739/739 740/740/740 741/741/741
f 742/742/742 743/743/743 744/744/744
f 745/745/745 746/746/746 747/747/747
f 748/748/748 749/749/749 750/750/750
f 751/751/751 752/752/752 753/753/753
f 754/754/754 755/755/755 756/756/756
f 757/757/757 758/758/758 759/759/759
f 760/760/760 761/761/761 762/762/762
f 763/763/763 764/764/764 765/765/765
f 766/766/766 767/767/767 768/768/768
f 769/769/769 770/770/770 771/771/771
f 772/772/772 773/773/773 774/774/774
f 775/775/775 776/776/776 777/777/777
f 778/778/778 779/779/779 780/780/780
f 781/781/781 782/782/782 783/783/783
f 784/784/784 785/785/785 786/786/786
f 787/787/787 788/788/788 789/789/789
f 790/790/790 791/791/791 792/792/792
f 793/793/793 794/794/794 795/795/795
f 796/796/796 797/797/797 798/798/798
f 799/799/799 800/800/800 801/801/801
f 802/802/802 803/803/803 804/804/804
f 805/805/805 806/806/806 807/807/807
f 808/808/808 809/809/809 810/810/810
f 811/811/811 812/812/812 813/813/813
f 814/814/814 815/815/815 816/816/816
f 817/817/817 818/818/818 819/819/819
f 820/820/820 821/821/821 822/822/822
f 823/823/823 824/824/824 825/825/825
f 826/826/826 827/827/827 828/828/828
f 829/829/829 830/830/830 831/831/831
f 832/832/832 833/833/833 834/834/834
f 835/835/835 836/836/836 837/837/837
f 838/838/838 839/839/839 840/840/840
f 841/841/841 842/842/842 843/843/843
f 844/844/844 845/845/845 846/846/846
f 847/847/847 848/848/848 849/849/849
f 850/850/850 851/851/851 852/852/852
f 853/853/853 854/854/854 855/855/855
f 856/856/856 857/857/857 858/858/858
f 859/859/859 860/860/860 861/861/861
f 862/862/862 863/863/863 864/864/864
f 865/865/865 866/866/866 867/867/867
f 868/868/868 869/869/869 870/870/870
f 871/871/871 872/872/872 873/873/873
f 874/874/874 875/875/875 876/876/876
f 877/877/877 878/878/878 879/879/879
f 880/880/880 881/881/881 882/882/882
f 883/883/883 884/884/884 885/885/885
f 886/886/886 887/887/887 888/888/888
f 889/889/889 890/890/890 891/891/891
f 892/892/892 893/893/893 894/894/894
f 895/895/895 896/896/896 897/897/897
f 898/898/898 899/899/899 900/900/900
f 901/901/901 902/902/902 903/903/903
f 904/904/904 905/905/905 906/906/906
f 907/907/907 908/908/908 909/909/909
f 910/910/910 911/911/911 912/912/912
f 913/913/913 914/914/914 915/915/915
f 916/916/916 917/917/917 918/918/918
f 919/919/919 920/920/920 921/921/921
f 922/922/922 923/923/923 924/924/924
f 925/925/925 926/926/926 927/927/927
f 928/928/928 929/929/929 930/930/930
f 931/931/931 932/932/932 933/933/933
f 934/934/934 935/935/935 936/936/936
f 937/937/937 938/938/938 939/939/939
f 940/940/940 941/941/941 942/942/942
f 943/943/943 944/944/944 945/945/945
f 946/946/946 947/947/947 948/948/948
f 949/949/949 950/950/950 951/951/951
f 952/952/952 953/953/953 954/954/954
f 955/955/955 956/956/956 957/957/957
f 958/958/958 959/959/959 960/960/960
f 961/961/961 962/962/962 963/963/963
f 964/964/964 965/965/965 966/966/966
f 967/967/967 968/968/968 969/969/969
f 970/970/970 971/971/971 972/972/972
f 973/973/973 974/974/974 975/975/975
f 976/976/976 977/977/977 978/978/978
f 979/979/979 980/980/980 981/981/981
f 982/982/982 983/983/983 984/984/984
f 985/985/985 986/986/986 987/987/987
f 988/988/988 989/989/989 990/990/990
f 991/991/991 992/992/992 993/993/993
f 994/994/994 995/995/995 996/996/996
f 997/997/997 998/998/998 999/999/999
f 1000/1000/1000 1001/1001/1001 1002/1002/1002
f 1003/1003/1003 1004/1004/1004 1005/1005/1005
f 1006/1006/1006 1007/1007/1007 1008/1008/1008
f 1009/1009/1009 1010/1010/1010 1011/1011/1011
f 1012/1012/1012 1013/1013/1013 1014/1014/1014
f 1015/1015/1015 1016/1016/1016 1017/1017/1017
f 1018/1018/1018 1019/1019/1019 1020/1020/1020
f 1021/1021/1021 1022/1022/1022 1023/1023/1023
f 1024/1024/1024 1025/1025/1025 1026/1026/1026
f 1027/1027/1027 1028/1028/1028 1029/1029/1029
f 1030/1030/1030 1031/1031/1031 1032/1032/1032
f 1033/1033/1033 1034/1034/1034 1035/1035/1035
f 1036/1036/1036 1037/1037/1037 1038/1038/1038
f 1039/1039/1039 1040/1040/1040 1041/1041/1041
f 1042/1042/1042 1043/1043/1043 1044/1044/1044
f 1045/1045/1045 1046/1046/1046 1047/1047/1047
f 1048/1048/1048 1049/1049/1049 1050/1050/1050
f 1051/1051/1051 1052/1052/1052 1053/1053/1053
f 1054/1054/1054 1055/1055/1055 1056/1056/1056
f 1057/1057/1057 1058/1058/1058 1059/1059/1059
f 1060/1060/1060 1061/1061/1061 1062/1062/1062
f 1063/1063/1063 1064/1064/1064 1065/1065/1065
f 1066/1066/1066 1067/1067/1067 1068/1068/1068
f 1069/1069/1069 1070/1070/1070 1071/1071/1071
f 1072/1072/1072 1073/1073/1073 1074/1074/1074
f 1075/1075/1075 1076/1076/1076 1077/1077/1077
f 1078/1078/1078 1079/1079/1079 1080/1080/1080
f 1081/1081/1081 1082/1082/1082 1083/1083/1083
f 1084/1084/1084 1085/1085/1085 1086/1086/1086
f 1087/1087/1087 1088/1088/1088 1089/1089/1089
f 1090/1090/1090 1091/1091/1091 1092/1092/1092
f 1093/1093/1093 1094/1094/1094 1095/1095/1095
f 1096/1096/1096 1097/1097/1097 1098/1098/1098
f 1099/1099/1099 1100/1100/1100 1101/1101/1101
f 1102/1102/1102 1103/1103/1103 1104/1104/1104
f 1105/1105/1105 1106/1106/1106 1107/1107/1107
f 1108/1108/1108 1109/1109/1109 1110/1110/1110
f 1111/1111/1111 1112/1112/1112 1113/1113/1113
f 1114/1114/1114 1115/1115/1115 1116/1116/1116
f 1117/1117/1117 1118/1118/1118 1119/1119/1119
f 1120/1120/1120 1121/1121/1121 1122/1122/1122
f 1123/1123/1123 1124/1124/1124 1125/1125/1125
f 1126/1126/1126 1127/1127/1127 1128/1128/1128
f 1129/1129/1129 1130/1130/1130 1131/1131/1131
f 1132/1132/1132 1133/1133/1133 1134/1134/1134
f 1135/1135/1135 1136/1136/1136 1137/1137/1137
f 1138/1138/1138 1139/1139/1139 1140/1140/1140
f 1141/1141/1141 1142/1142/1142 1143/1143/1143
f 1144/1144/1144 1145/1145/1145 1146/1146/1146
f 1147/1147/1147 1148/1148/1148 1149/1149/1149
f 1150/1150/1150 1151/1151/1151 1152/1152/1152
f 1153/1153/1153 1154/1154/1154 1155/1155/1155
f 1156/1156/1156 1157/1157/1157 1158/1158/1158
f 1159/1159/1159 1160/1160/1160 1161/1161/1161
f 1162/1162/1162 1163/1163/1163 1164/1164/1164
f 1165/1165/1165 1166/1166/1166 1167/1167/1167
f 1168/1168/1168 1169/1169/1169 1170/1170/1170
f 1171/1171/1171 1172/1172/1172 1173/1173/1173
f 1174/1174/1174 1175/1175/1175 1176/1176/1176
f 1177/1177/1177 1178/1178/1178 1179/1179/1179
f 1180/1180/1180 1181/1181/1181 1182/1182/1182
f 1183/1183/1183 1184/1184/1184 1185/1185/1185
f 1186/1186/1186 1187/1187/1187 1188/1188/1188
f 1189/1189/1189 1190/1190/1190 1191/1191/1191
f 1192/1192/1192 1193/1193/1193 1194/1194/1194
f 1195/1195/1195 1196/1196/1196 1197/1197/1197
f 1198/1198/1198 1199/1199/1199 1200/1200/1200
f 1201/1201/1201 1202/1202/1202 1203/1203/1203
f 1204/1204/1204 1205/1205/1205 1206/1206/1206
f 1207/1207/1207 1208/1208/1208 1209/1209/1209
f 1210/1210/1210 1211/1211/1211 1212/1212/1212
f 1213/1213/1213 1214/1214/1214 1215/1215/1215
f 1216/1216/1216 1217/1217/1217 1218/1218/1218
f 1219/1219/1219 1220/1220/1220 1221/1221/1221
f 1222/1222/1222 1223/1223/1223 1224/1224/1224
f 1225/1225/1225 1226/1226/1226 1227/1227/1227
f 1228/1228/1228 1229/1229/1229 1230/1230/1230
f 1231/1231/1231 1232/1232/1232 1233/1233/1233
f 1234/1234/1234 1235/1235/1235 1236/1236/1236
f 1237/1237/1237 1238/1238/1238 1239/1239/1239
f 1240/1240/1240 1241/1241/1241 1242/1242/1242
f 1243/1243/1243 1244/1244/1244 1245/1245/1245
f 1246/1246/1246 1247/1247/1247 1248/1248/1248
f 1249/1249/1249 1250/1250/1250 1251/1251/1251
f 1252/1252/1252 1253/1253/1253 1254/1254/1254
f 1255/1255/1255 1256/1256/1256 1257/1257/1257
f 1258/1258/1258 1259/1259/1259 1260/1260/1260
f 1261/1261/1261 1262/1262/1262 1263/1263/1263
f 1264/1264/1264 1265/1265/1265 1266/1266/1266
f 1267/1267/1267 1268/1268/1268 1269/1269/1269
f 1270/1270/1270 1271/1271/1271 1272/1272/1272
f 1273/1273/1273 1274/1274/1274 1275/1275/1275
f 1276/1276/1276 1277/1277/1277 1278/1278/1278
f 1279/1279/1279 1280/1280/1280 1281/1281/1281
f 1282/1282/1282 1283/1283/1283 1284/1284/1284
f 1285/1285/1285 1286/1286/1286 1287/1287/1287
f 1288/1288/1288 1289/1289/1289 1290/1290/1290
f 1291/1291/1291 1292/1292/1292 1293/1293/1293
f 1294/1294/1294 1295/1295/1295 1296/1296/1296
f 1297/1297/1297 1298/1298/1298 1299/1299/1299
f 1300/1300/1300 1301/1301/1301 1302/1302/1302
f 1303/1303/1303 1304/1304/1304 1305/1305/1305
f 1306/1306/1306 1307/1307/1307 1308/1308/1308
f 1309/1309/1309 1310/1310/1310 1311/1311/1311
f 1312/1312/1312 1313/1313/1313 1314/1314/1314
f 1315/1315/1315 1316/1316/1316 1317/1317/1317
f 1318/1318/1318 1319/1319/1319 1320/1320/1320
f 1321/1321/1321 1322/1322/1322 1323/1323/1323
f 1324/1324/1324 1325/1325/1325 1326/1326/1326
f 1327/1327/1327 1328/1328/1328 1329/1329/1329
f 1330/1330/1330 1331/1331/1331 1332/1332/1332
f 1333/1333/1333 1334/1334/1334 1335/1335/1335
f 1336/1336/1336 1337/1337/1337 1338/1338/1338
f 1339/1339/1339 1340/1340/1340 1341/1341/1341
f 1342/1342/1342 1343/1343/1343 1344/1344/1344
f 1345/1345/1345 1346/1346/1346 1347/1347/1347
f 1348/1348/1348 1349/1349/1349 1350/1350/1350
f 1351/1351/1351 1352/1352/1352 1353/1353/1353
f 1354/1354/1354 1355/1355/1355 1356/1356/1356
f 1357/1357/1357 1358/1358/1358 1359/1359/1359
f 1360/1360/1360 1361/1361/1361 1362/1362/1362
f 1363/1363/1363 1364/1364/1364 1365/1365/1365
f 1366/1366/1366 1367/1367/1367 1368/1368/1368
f 1369/1369/1369 1370/1370/1370 1371/1371/1371
f 1372/1372/1372 1373/1373/1373 1374/1374/1374
f 1375/1375/1375 1376/1376/1376 1377/1377/1377
f 1378/1378/1378 1379/1379/1379 1380/1380/1380
f 1381/1381/1381 1382/1382/1382 1383/1383/1383
f 1384/1384/1384 1385/1385/1385 1386/1386/1386
f 1387/1387/1387 1388/1388/1388 1389/1389/1389
f 1390/1390/1390 1391/1391/1391 1392/1392/1392
f 1393/1393/1393 1394/1394/1394 1395/1395/1395
f 1396/1396/1396 1397/1397/1397 1398/1398/1398
f 1399/1399/1399 1400/1400/1400 1401/1401/1401
f 1402/1402/1402 1403/1403/1403 1404/1404/1404
f 1405/1405/1405 1406/1406/1406 1407/1407/1407
f 1408/1408/1408 1409/1409/1409 1410/1410/1410
f 1411/1411/1411 1412/1412/1412 1413/1413/1413
f 1414/1414/1414 1415/1415/1415 1416/1416/1416
f 1417/1417/1417 1418/1418/1418 1419/1419/1419
f 1420/1420/1420 1421/1421/1421 1422/1422/1422
f 1423/1423/1423 1424/1424/1424 1425/1425/1425
f 1426/1426/1426 1427/1427/1427 1428/1428/1428
f 1429/1429/1429 1430/1430/1430 1431/1431/1431
f 1432/1432/1432 1433/1433/1433 1434/1434/1434
f 1435/1435/1435 1436/1436/1436 1437/1437/1437
f 1438/1438/1438 1439/1439/1439 1440/1440/1440
f 1441/1441/1441 1442/1442/1442 1443/1443/1443
f 1444/1444/1444 1445/1445/1445 1446/1446/1446
f 1447/1447/1447 1448/1448/1448 1449/1449/1449
f 1450/1450/1450 1451/1451/1451 1452/1452/1452
f 1453/1453/1453 1454/1454/1454 1455/1455/1455
f 1456/1456/1456 1457/1457/1457 1458/1458/1458
f 1459/1459/1459 1460/1460/1460 1461/1461/1461
f 1462/1462/1462 1463/1463/1463 1464/1464/1464
f 1465/1465/1465 1466/1466/1466 1467/1467/1467
f 1468/1468/1468 1469/1469/1469 1470/1470/1470
f 1471/1471/1471 1472/1472/1472 1473/1473/1473
f 1474/1474/1474 1475/1475/1475 1476/1476/1476
f 1477/1477/1477 1478/1478/1478 1479/1479/1479
f 1480/1480/1480 1481/1481/1481 1482/1482/1482
f 1483/1483/1483 1484/1484/1484 1485/1485/1485
f 1486/1486/1486 1487/1487/1487 1488/1488/1488
f 1489/1489/1489 1490/1490/1490 1491/1491/1491
f 1492/1492/1492 1493/1493/1493 1494/1494/1494
f 1495/1495/1495 1496/1496/1496 1497/1497/1497
f 1498/1498/1498 1499/1499/1499 1500/1500/1500
f 1501/1501/1501 1502/1502/1502 1503/1503/1503
f 1504/1504/1504 1505/1505/1505 1506/1506/1506
f 1507/1507/1507 1508/1508/1508 1509/1509/1509
f 1510/1510/1510 1511/1511/1511 1512/1512/1512
f 1513/1513/1513 1514/1514/1514 1515/1515/1515
f 1516/1516/1516 1517/1517/1517 1518/1518/1518
f 1519/1519/1519 1520/1520/1520 1521/1521/1521
f 1522/1522/1522 1523/1523/1523 1524/1524/1524
f 1525/1525/1525 1526/1526/1526 1527/1527/1527
f 1528/1528/1528 1529/1529/1529 1530/1530/1530
f 1531/1531/1531 1532/1532/1532 1533/1533/1533
f 1534/1534/1534 1535/1535/1535 1536/1536/1536
f 1537/1537/1537 1538/1538/1538 1539/1539/1539
f 1540/1540/1540 1541/1541/1541 1542/1542/1542
f 1543/1543/1543 1544/1544/1544 1545/1545/1545
f 1546/1546/1546 1547/1547/1547 1548/1548/1548
f 1549/1549/1549 1550/1550/1550 1551/1551/1551
f 1552/1552/1552 1553/1553/1553 1554/1554/1554
f 1555/1555/1555 1556/1556/1556 1557/1557/1557
f 1558/1558/1558 1559/1559/1559 1560/1560/1560
f 1561/1561/1561 1562/1562/1562 1563/1563/1563
f 1564/1564/1564 1565/1565/1565 1566/1566/1566
f 1567/1567/1567 1568/1568/1568 1569/1569/1569
f 1570/1570/1570 1571/1571/1571 1572/1572/1572
f 1573/1573/1573 1574/1574/1574 1575/1575/1575
f 1576/1576/1576 1577/1577/1577 1578/1578/1578
f 1579/1579/1579 1580/1580/1580 1581/1581/1581
f 1582/1582/1582 1583/1583/1583 1584/1584/1584
f 1585/1585/1585 1586/1586/1586 1587/1587/1587
f 1588/1588/1588 1589/1589/1589 1590/1590/1590
f 1591/1591/1591 1592/1592/1592 1593/1593/1593
f 1594/1594/1594 1595/1595/1595 1596/1596/1596
f 1597/1597/1597 1598/1598/1598 1599/1599/1599
f 1600/1600/1600 1601/1601/1601 1602/1602/1602
f 1603/1603/1603 1604/1604/1604 1605/1605/1605
f 1606/1606/1606 1607/1607/1607 1608/1608/1608
f 1609/1609/1609 1610/1610/1610 1611/1611/1611
f 1612/1612/1612 1613/1613/1613 1614/1614/1614
f 1615/1615/1615 1616/1616/1616 1617/1617/1617
f 1618/1618/1618 1619/1619/1619 1620/1620/1620
f 1621/1621/1621 1622/1622/1622 1623/1623/1623
f 1624/1624/1624 1625/1625/1625 1626/1626/1626
f 1627/1627/1627 1628/1628/1628 1629/1629/1629
f 1630/1630/1630 1631/1631/1631 1632/1632/1632
f 1633/1633/1633 1634/1634/1634 1635/1635/1635
f 1636/1636/1636 1637/1637/1637 1638/1638/1638
f 1639/1639/1639 1640/1640/1640 1641/1641/1641
f 1642/1642/1642 1643/1643/1643 1644/1644/1644
f 1645/1645/1645 1646/1646/1646 1647/1647/1647
f 1648/1648/1648 1649/1649/1649 1650/1650/1650
f 1651/1651/1651 1652/1652/1652 1653/1653/1653
f 1654/1654/1654 1655/1655/1655 1656/1656/1656
f 1657/1657/1657 1658/1658/1658 1659/1659/1659
f 1660/1660/1660 1661/1661/1661 1662/1662/1662
f 1663/1663/1663 1664/1664/1664 1665/1665/1665
f 1666/1666/1666 1667/1667/1667 1668/1668/1668
f 1669/1669/1669 1670/1670/1670 1671/1671/1671
f 1672/1672/1672 1673/1673/1673 1674/1674/1674
f 1675/1675/1675 1676/1676/1676 1677/1677/1677
f 1678/1678/1678 1679/1679/1679 1680/1680/1680
f 1681/1681/1681 1682/1682/1682 1683/1683/1683
f 1684/1684/1684 1685/1685/1685 1686/1686/1686
f 1687/1687/1687 1688/1688/1688 1689/1689/1689
f 1690/1690/1690 1691/1691/1691 1692/1692/1692
f 1693/1693/1693 1694/1694/1694 1695/1695/1695
f 1696/1696/1696 1697/1697/1697 1698/1698/1698
f 1699/1699/1699 1700/1700/1700 1701/1701/1701
f 1702/1702/1702 1703/1703/1703 1704/1704/1704
f 1705/1705/1705 1706/1706/1706 1707/1707/1707
f 1708/1708/1708 1709/1709/1709 1710/1710/1710
f 1711/1711/1711 1712/1712/1712 1713/1713/1713
f 1714/1714/1714 1715/1715/1715 1716/1716/1716
f 1717/1717/1717 1718/1718/1718 1719/1719/1719
f 1720/1720/1720 1721/1721/1721 1722/1722/1722
f 1723/1723/1723 1724/1724/1724 1725/1725/1725
f 1726/1726/1726 1727/1727/1727 1728/1728/1728
f 1729/1729/1729 1730/1730/1730 1731/1731/1731
f 1732/1732/1732 1733/1733/1733 1734/1734/1734
f 1735/1735/1735 1736/1736/1736 1737/1737/1737
f 1738/1738/1738 1739/1739/1739 1740/1740/1740
f 1741/1741/1741 1742/1742/1742 1743/1743/1743
f 1744/1744/1744 1745/1745/1745 1746/1746/1746
f 1747/1747/1747 1748/1748/1748 1749/1749/1749
f 1750/1750/1750 1751/1751/1751 1752/1752/1752
f 1753/1753/1753 1754/1754/1754 1755/1755/1755
f 1756/1756/1756 1757/1757/1757 1758/1758/1758
f 1759/1759/1759 1760/1760/1760 1761/1761/1761
f 1762/1762/1762 1763/1763/1763 1764/1764/1764
f 1765/1765/1765 1766/1766/1766 1767/1767/1767
f 1768/1768/1768 1769/1769/1769 1770/1770/1770
f 1771/1771/1771 1772/1772/1772 1773/1773/1773
f 1774/1774/1774 1775/1775/1775 1776/1776/1776
f 1777/1777/1777 1778/1778/1778 1779/1779/1779
f 1780/1780/1780 1781/1781/1781 1782/1782/1782
f 1783/1783/1783 1784/1784/1784 1785/1785/1785
f 1786/1786/1786 1787/1787/1787 1788/1788/1788
f 1789/1789/1789 1790/1790/1790 1791/1791/1791
f 1792/1792/1792 1793/1793/1793 1794/1794/1794
f 1795/1795/1795 1796/1796/1796 1797/1797/1797
f 1798/1798/1798 1799/1799/1799 1800/1800/1800
f 1801/1801/1801 1802/1802/1802 1803/1803/1803
f 1804/1804/1804 1805/1805/1805 1806/1806/1806
f 1807/1807/1807 1808/1808/1808 1809/1809/1809
f 1810/1810/1810 1811/1811/1811 1812/1812/1812
f 1813/1813/1813 1814/1814/1814 1815/1815/1815
f 1816/1816/1816 1817/1817/1817 1818/1818/1818
f 1819/1819/1819 1820/1820/1820 1821/1821/1821
f 1822/1822/1822 1823/1823/1823 1824/1824/1824
f 1825/1825/1825 1826/1826/1826 1827/1827/1827
f 1828/1828/1828 1829/1829/1829 1830/1830/1830
f 1831/1831/1831 1832/1832/1832 1833/1833/1833
f 1834/1834/1834 1835/1835/1835 1836/1836/1836
f 1837/1837/1837 1838/1838/1838 1839/1839/1839
f 1840/1840/1840 1841/1841/1841 1842/1842/1842
f 1843/1843/1843 1844/1844/1844 1845/1845/1845
f 1846/1846/1846 1847/1847/1847 1848/1848/1848
f 1849/1849/1849 1850/1850/1850 1851/1851/1851
f 1852/1852/1852 1853/1853/1853 1854/1854/1854
f 1855/1855/1855 1856/1856/1856 1857/1857/1857
f 1858/1858/1858 1859/1859/1859 1860/1860/1860
f 1861/1861/1861 1862/1862/1862 1863/1863/1863
f 1864/1864/1864 1865/1865/1865 1866/1866/1866
f 1867/1867/1867 1868/1868/1868 1869/1869/1869
f 1870/1870/1870 1871/1871/1871 1872/1872/1872
f 1873/1873/1873 1874/1874/1874 1875/1875/1875
f 1876/1876/1876 1877/1877/1877 1878/1878/1878
f 1879/1879/1879 1880/1880/1880 1881/1881/1881
f 1882/1882/1882 1883/1883/1883 1884/1884/1884
f 1885/1885/1885 1886/1886/1886 1887/1887/1887
f 1888/1888/1888 1889/1889/1889 1890/1890/1890
f 1891/1891/1891 1892/1892/1892 1893/1893/1893
f 1894/1894/1894 1895/1895/1895 1896/1896/1896
f 1897/1897/1897 1898/1898/1898 1899/1899/1899
f 1900/1900/1900 1901/1901/1901 1902/1902/1902
f 1903/1903/1903 1904/1904/1904 1905/1905/1905
f 1906/1906/1906 1907/1907/1907 1908/1908/1908
f 1909/1909/1909 1910/1910/1910 1911/1911/1911
f 1912/1912/1912 1913/1913/1913 1914/1914/1914
f 1915/1915/1915 1916/1916/1916 1917/1917/1917
f 1918/1918/1918 1919/1919/1919 1920/1920/1920
f 1921/1921/1921 1922/1922/1922 1923/1923/1923
f 1924/1924/1924 1925/1925/1925 1926/1926/1926
f 1927/1927/1927 1928/1928/1928 1929/1929/1929
f 1930/1930/1930 1931/1931/1931 1932/1932/1932
f 1933/1933/1933 1934/1934/1934 1935/1935/1935
f 1936/1936/1936 1937/1937/1937 1938/1938/1938
f 1939/1939/1939 1940/1940/1940 1941/1941/1941
f 1942/1942/1942 1943/1943/1943 1944/1944/1944
f 1945/1945/1945 1946/1946/1946 1947/1947/1947
f 1948/1948/1948 1949/1949/1949 1950/1950/1950
f 1951/1951/1951 1952/1952/1952 1953/1953/1953
f 1954/1954/1954 1955/1955/1955 1956/1956/1956
f 1957/1957/1957 1958/1958/1958 1959/1959/1959
f 1960/1960/1960 1961/1961/1961 1962/1962/1962
f 1963/1963/1963 1964/1964/1964 1965/1965/1965
f 1966/1966/1966 1967/1967/1967 1968/1968/1968
f 1969/1969/1969 1970/1970/1970 1971/1971/1971
f 1972/1972/1972 1973/1973/1973 1974/1974/1974
f 1975/1975/1975 1976/1976/1976 1977/1977/1977
f 1978/1978/1978 1979/1979/1979 1980/1980/1980
f 1981/1981/1981 1982/1982/1982 1983/1983/1983
f 1984/1984/1984 1985/1985/1985 1986/1986/1986
f 1987/1987/1987 1988/1988/1988 1989/1989/1989
f 1990/1990/1990 1991/1991/1991 1992/1992/1992
f 1993/1993/1993 1994/1994/1994 1995/1995/1995
f 1996/1996/1996 1997/1997/1997 1998/1998/1998
f 1999/1999/1999 2000/2000/2000 2001/2001/2001
f 2002/2002/2002 2003/2003/2003 2004/2004/2004
f 2005/2005/2005 2006/2006/2006 2007/2007/2007
f 2008/2008/2008 2009/2009/2009 2010/2010/2010
f 2011/2011/2011 2012/2012/2012 2013/2013/2013
f 2014/2014/2014 2015/2015/2015 2016/2016/2016
f 2017/2017/2017 2018/2018/2018 2019/2019/2019
f 2020/2020/2020 2021/2021/2021 2022/2022/2022
f 2023/2023/2023 2024/2024/2024 2025/2025/2025
f 2026/2026/2026 2027/2027/2027 2028/2028/2028
f 2029/2029/2029 2030/2030/2030 2031/2031/2031
f 2032/2032/2032 2033/2033/2033 2034/2034/2034
f 2035/2035/2035 2036/2036/2036 2037/2037/2037
f 2038/2038/2038 2039/2039/2039 2040/2040/2040
f 2041/2041/2041 2042/2042/2042 2043/2043/2043
f 2044/2044/2044 2045/2045/2045 2046/2046/2046
f 2047/2047/2047 2048/2048/2048 2049/2049/2049
f 2050/2050/2050 2051/2051/2051 2052/2052/2052
f 2053/2053/2053 2054/2054/2054 2055/2055/2055
f 2056/2056/2056 2057/2057/2057 2058/2058/2058
f 2059/2059/2059 2060/2060/2060 2061/2061/2061
f 2062/2062/2062 2063/2063/2063 2064/2064/2064
f 2065/2065/2065 2066/2066/2066 2067/2067/2067
f 2068/2068/2068 2069/2069/2069 2070/2070/2070
f 2071/2071/2071 2072/2072/2072 2073/2073/2073
f 2074/2074/2074 2075/2075/2075 2076/2076/2076
f 2077/2077/2077 2078/2078/2078 2079/2079/2079
f 2080/2080/2080 2081/2081/2081 2082/2082/2082
f 2083/2083/2083 2084/2084/2084 2085/2085/2085
f 2086/2086/2086 2087/2087/2087 2088/2088/2088
f 2089/2089/2089 2090/2090/2090 2091/2091/2091
f 2092/2092/2092 2093/2093/2093 2094/2094/2094
f 2095/2095/2095 2096/2096/2096 2097/2097/2097
f 2098/2098/2098 2099/2099/2099 2100/2100/2100
f 2101/2101/2101 2102/2102/2102 2103/2103/2103
f 2104/2104/2104 2105/2105/2105 2106/2106/2106
f 2107/2107/2107 2108/2108/2108 2109/2109/2109
f 2110/2110/2110 2111/2111/2111 2112/2112/2112
f 2113/2113/2113 2114/2114/2114 2115/2115/2115
f 2116/2116/2116 2117/2117/2117 2118/2118/2118
f 2119/2119/2119 2120/2120/2120 2121/2121/2121
f 2122/2122/2122 2123/2123/2123 2124/2124/2124
f 2125/2125/2125 2126/2126/2126 2127/2127/2127
f 2128/2128/2128 2129/2129/2129 2130/2130/2130
f 2131/2131/2131 2132/2132/2132 2133/2133/2133
f 2134/2134/2134 2135/2135/2135 2136/2136/2136
f 2137/2137/2137 2138/2138/2138 2139/2139/2139
f 2140/2140/2140 2141/2141/2141 2142/2142/2142
f 2143/2143/2143 2144/2144/2144 2145/2145/2145
f 2146/2146/2146 2147/2147/2147 2148/2148/2148
f 2149/2149/2149 2150/2150/2150 2151/2151/2151
f 2152/2152/2152 2153/2153/2153 2154/2154/2154
f 2155/2155/2155 2156/2156/2156 2157/2157/2157
f 2158/2158/2158 2159/2159/2159 2160/2160/2160
f 2161/2161/2161 2162/2162/2162 2163/2163/2163
f 2164/2164/2164 2165/2165/2165 2166/2166/2166
f 2167/2167/2167 2168/2168/2168 2169/2169/2169
f 2170/2170/2170 2171/2171/2171 2172/2172/2172
f 2173/2173/2173 2174/2174/2174 2175/2175/2175
f 2176/2176/2176 2177/2177/2177 2178/2178/2178
f 2179/2179/2179 2180/2180/2180 2181/2181/2181
f 2182/2182/2182 2183/2183/2183 2184/2184/2184
f 2185/2185/2185 2186/2186/2186 2187/2187/2187
f 2188/2188/2188 2189/2189/2189 2190/2190/2190
f 2191/2191/2191 2192/2192/2192 2193/2193/2193
f 2194/2194/2194 2195/2195/2195 2196/2196/2196
f 2197/2197/2197 2198/2198/2198 2199/2199/2199
f 2200/2200/2200 2201/2201/2201 2202/2202/2202
f 2203/2203/2203 2204/2204/2204 2205/2205/2205
f 2206/2206/2206 2207/2207/2207 2208/2208/2208
f 2209/2209/2209 2210/2210/2210 2211/2211/2211
f 2212/2212/2212 2213/2213/2213 2214/2214/2214
f 2215/2215/2215 2216/2216/2216 2217/2217/2217
f 2218/2218/2218 2219/2219/2219 2220/2220/2220
f 2221/2221/2221 2222/2222/2222 2223/2223/2223
f 2224/2224/2224 2225/2225/2225 2226/2226/2226
f 2227/2227/2227 2228/2228/2228 2229/2229/2229
f 2230/2230/2230 2231/2231/2231 2232/2232/2232
f 2233/2233/2233 2234/2234/2234 2235/2235/2235
f 2236/2236/2236 2237/2237/2237 2238/2238/2238
f 2239/2239/2239 2240/2240/2240 2241/2241/2241
f 2242/2242/2242 2243/2243/2243 2244/2244/2244
f 2245/2245/2245 2246/2246/2246 2247/2247/2247
f 2248/2248/2248 2249/2249/2249 2250/2250/2250
f 2251/2251/2251 2252/2252/2252 2253/2253/2253
f 2254/2254/2254 2255/2255/2255 2256/2256/2256
f 2257/2257/2257 2258/2258/2258 2259/2259/2259
f 2260/2260/2260 2261/2261/2261 2262/2262/2262
f 2263/2263/2263 2264/2264/2264 2265/2265/2265
f 2266/2266/2266 2267/2267/2267 2268/2268/2268
f 2269/2269/2269 2270/2270/2270 2271/2271/2271
f 2272/2272/2272 2273/2273/2273 2274/2274/2274
f 2275/2275/2275 2276/2276/2276 2277/2277/2277
f 2278/2278/2278 2279/2279/2279 2280/2280/2280
f 2281/2281/2281 2282/2282/2282 2283/2283/2283
f 2284/2284/2284 2285/2285/2285 2286/2286/2286
f 2287/2287/2287 2288/2288/2288 2289/2289/2289
f 2290/2290/2290 2291/2291/2291 2292/2292/2292
f 2293/2293/2293 2294/2294/2294 2295/2295/2295
f 2296/2296/2296 2297/2297/2297 2298/2298/2298
f 2299/2299/2299 2300/2300/2300 2301/2301/2301
f 2302/2302/2302 2303/2303/2303 2304/2304/2304
f 2305/2305/2305 2306/2306/2306 2307/2307/2307
f 2308/2308/2308 2309/2309/2309 2310/2310/2310
f 2311/2311/2311 2312/2312/2312 2313/2313/2313
f 2314/2314/2314 2315/2315/2315 2316/2316/2316
f 2317/2317/2317 2318/2318/2318 2319/2319/2319
f 2320/2320/2320 2321/2321/2321 2322/2322/2322
f 2323/2323/2323 2324/2324/2324 2325/2325/2325
f 2326/2326/2326 2327/2327/2327 2328/2328/2328
f 2329/2329/2329 2330/2330/2330 2331/2331/2331
f 2332/2332/2332 2333/2333/2333 2334/2334/2334
f 2335/2335/2335 2336/2336/2336 2337/2337/2337
f 2338/2338/2338 2339/2339/2339 2340/2340/2340
f 2341/2341/2341 2342/2342/2342 2343/2343/2343
f 2344/2344/2344 2345/2345/2345 2346/2346/2346
f 2347/2347/2347 2348/2348/2348 2349/2349/2349
f 2350/2350/2350 2351/2351/2351 2352/2352/2352
f 2353/2353/2353 2354/2354/2354 2355/2355/2355
f 2356/2356/2356 2357/2357/2357 2358/2358/2358
f 2359/2359/2359 2360/2360/2360 2361/2361/2361
f 2362/2362/2362 2363/2363/2363 2364/2364/2364
f 2365/2365/2365 2366/2366/2366 2367/2367/2367
f 2368/2368/2368 2369/2369/2369 2370/2370/2370
f 2371/2371/2371 2372/2372/2372 2373/2373/2373
f 2374/2374/2374 2375/2375/2375 2376/2376/2376
f 2377/2377/2377 2378/2378/2378 2379/2379/2379
f 2380/2380/2380 2381/2381/2381 2382/2382/2382
f 2383/2383/2383 2384/2384/2384 2385/2385/2385
f 2386/2386/2386 2387/2387/2387 2388/2388/2388
f 2389/2389/2389 2390/2390/2390 2391/2391/2391
f 2392/2392/2392 2393/2393/2393 2394/2394/2394
f 2395/2395/2395 2396/2396/2396 2397/2397/2397
f 2398/2398/2398 2399/2399/2399 2400/2400/2400
f 2401/2401/2401 2402/2402/2402 2403/2403/2403
f 2404/2404/2404 2405/2405/2405 2406/2406/2406
f 2407/2407/2407 2408/2408/2408 2409/2409/2409
f 2410/2410/2410 2411/2411/2411 2412/2412/2412
f 2413/2413/2413 2414/2414/2414 2415/2415/2415
f 2416/2416/2416 2417/2417/2417 2418/2418/2418
f 2419/2419/2419 2420/2420/2420 2421/2421/2421
f 2422/2422/2422 2423/2423/2423 2424/2424/2424
f 2425/2425/2425 2426/2426/2426 2427/2427/2427
f 2428/2428/2428 2429/2429/2429 2430/2430/2430
f 2431/2431/2431 2432/2432/2432 2433/2433/2433
f 2434/2434/2434 2435/2435/2435 2436/2436/2436
f 2437/2437/2437 2438/2438/2438 2439/2439/2439
f 2440/2440/2440 2441/2441/2441 2442/2442/2442
f 2443/2443/2443 2444/2444/2444 2445/2445/2445
f 2446/2446/2446 2447/2447/2447 2448/2448/2448
f 2449/2449/2449 2450/2450/2450 2451/2451/2451
f 2452/2452/2452 2453/2453/2453 2454/2454/2454
f 2455/2455/2455 2456/2456/2456 2457/2457/2457
f 2458/2458/2458 2459/2459/2459 2460/2460/2460
f 2461/2461/2461 2462/2462/2462 2463/2463/2463
f 2464/2464/2464 2465/2465/2465 2466/2466/2466
f 2467/2467/2467 2468/2468/2468 2469/2469/2469
f 2470/2470/2470 2471/2471/2471 2472/2472/2472
f 2473/2473/2473 2474/2474/2474 2475/2475/2475
f 2476/2476/2476 2477/2477/2477 2478/2478/2478
f 2479/2479/2479 2480/2480/2480 2481/2481/2481
f 2482/2482/2482 2483/2483/2483 2484/2484/2484
f 2485/2485/2485 2486/2486/2486 2487/2487/2487
f 2488/2488/2488 2489/2489/2489 2490/2490/2490
f 2491/2491/2491 2492/2492/2492 2493/2493/2493
f 2494/2494/2494 2495/2495/2495 2496/2496/2496
f 2497/2497/2497 2498/2498/2498 2499/2499/2499
f 2500/2500/2500 2501/2501/2501 2502/2502/2502
f 2503/2503/2503 2504/2504/2504 2505/2505/2505
f 2506/2506/2506 2507/2507/2507 2508/2508/2508
f 2509/2509/2509 2510/2510/2510 2511/2511/2511
f 2512/2512/2512 2513/2513/2513 2514/2514/2514
f 2515/2515/2515 2516/2516/2516 2517/2517/2517
f 2518/2518/2518 2519/2519/2519 2520/2520/2520
f 2521/2521/2521 2522/2522/2522 2523/2523/2523
f 2524/2524/2524 2525/2525/2525 2526/2526/2526
f 2527/2527/2527 2528/2528/2528 2529/2529/2529
f 2530/2530/2530 2531/2531/2531 2532/2532/2532
f 2533/2533/2533 2534/2534/2534 2535/2535/2535
f 2536/2536/2536 2537/2537/2537 2538/2538/2538
f 2539/2539/2539 2540/2540/2540 2541/2541/2541
f 2542/2542/2542 2543/2543/2543 2544/2544/2544
f 2545/2545/2545 2546/2546/2546 2547/2547/2547
f 2548/2548/2548 2549/2549/2549 2550/2550/2550
f 2551/2551/2551 2552/2552/2552 2553/2553/2553
f 2554/2554/2554 2555/2555/2555 2556/2556/2556
f 2557/2557/2557 2558/2558/2558 2559/2559/2559
f 2560/2560/2560 2561/2561/2561 2562/2562/2562
f 2563/2563/2563 2564/2564/2564 2565/2565/2565
f 2566/2566/2566 2567/2567/2567 2568/2568/2568
f 2569/2569/2569 2570/2570/2570 2571/2571/2571
f 2572/2572/2572 2573/2573/2573 2574/2574/2574
f 2575/2575/2575 2576/2576/2576 2577/2577/2577
f 2578/2578/2578 2579/2579/2579 2580/2580/2580
f 2581/2581/2581 2582/2582/2582 2583/2583/2583
f 2584/2584/2584 2585/2585/2585 2586/2586/2586
f 2587/2587/2587 2588/2588/2588 2589/2589/2589
f 2590/2590/2590 2591/2591/2591 2592/2592/2592
f 2593/2593/2593 2594/2594/2594 2595/2595/2595
f 2596/2596/2596 2597/2597/2597 2598/2598/2598
f 2599/2599/2599 2600/2600/2600 2601/2601/2601
f 2602/2602/2602 2603/2603/2603 2604/2604/2604
f 2605/2605/2605 2606/2606/2606 2607/2607/2607
f 2608/2608/2608 2609/2609/2609 2610/2610/2610
f 2611/2611/2611 2612/2612/2612 2613/2613/2613
f 2614/2614/2614 2615/2615/2615 2616/2616/2616
f 2617/2617/2617 2618/2618/2618 2619/2619/2619
f 2620/2620/2620 2621/2621/2621 2622/2622/2622
f 2623/2623/2623 2624/2624/2624 2625/2625/2625
f 2626/2626/2626 2627/2627/2627 2628/2628/2628
f 2629/2629/2629 2630/2630/2630 2631/2631/2631
f 2632/2632/2632 2633/2633/2633 2634/2634/2634
f 2635/2635/2635 2636/2636/2636 2637/2637/2637
f 2638/2638/2638 2639/2639/2639 2640/2640/2640
f 2641/2641/2641 2642/2642/2642 2643/2643/2643
f 2644/2644/2644 2645/2645/2645 2646/2646/2646
f 2647/2647/2647 2648/2648/2648 2649/2649/2649
f 2650/2650/2650 2651/2651/2651 2652/2652/2652
f 2653/2653/2653 2654/2654/2654 2655/2655/2655
f 2656/2656/2656 2657/2657/2657 2658/2658/2658
f 2659/2659/2659 2660/2660/2660 2661/2661/2661
f 2662/2662/2662 2663/2663/2663 2664/2664/2664
f 2665/2665/2665 2666/2666/2666 2667/2667/2667
f 2668/2668/2668 2669/2669/2669 2670/2670/2670
f 2671/2671/2671 2672/2672/2672 2673/2673/2673
f 2674/2674/2674 2675/2675/2675 2676/2676/2676
f 2677/2677/2677 2678/2678/2678 2679/2679/2679
f 2680/2680/2680 2681/2681/2681 2682/2682/2682
f 2683/2683/2683 2684/2684/2684 2685/2685/2685
f 2686/2686/2686 2687/2687/2687 2688/2688/2688
f 2689/2689/2689 2690/2690/2690 2691/2691/2691
f 2692/2692/2692 2693/2693/2693 2694/2694/2694
f 2695/2695/2695 2696/2696/2696 2697/2697/2697
f 2698/2698/2698 2699/2699/2699 2700/2700/2700
f 2701/2701/2701 2702/2702/2702 2703/2703/2703
f 2704/2704/2704 2705/2705/2705 2706/2706/2706
f 2707/2707/2707 2708/2708/2708 2709/2709/2709
f 2710/2710/2710 2711/2711/2711 2712/2712/2712
f 2713/2713/2713 2714/2714/2714 2715/2715/2715
f 2716/2716/2716 2717/2717/2717 2718/2718/2718
f 2719/2719/2719 2720/2720/2720 2721/2721/2721
f 2722/2722/2722 2723/2723/2723 2724/2724/2724
f 2725/2725/2725 2726/2726/2726 2727/2727/2727
f 2728/2728/2728 2729/2729/2729 2730/2730/2730
f 2731/2731/2731 2732/2732/2732 2733/2733/2733
f 2734/2734/2734 2735/2735/2735 2736/2736/2736
f 2737/2737/2737 2738/2738/2738 2739/2739/2739
f 2740/2740/2740 2741/2741/2741 2742/2742/2742
f 2743/2743/2743 2744/2744/2744 2745/2745/2745
f 2746/2746/2746 2747/2747/2747 2748/2748/2748
f 2749/2749/2749 2750/2750/2750 2751/2751/2751
f 2752/2752/2752 2753/2753/2753 2754/2754/2754
f 2755/2755/2755 2756/2756/2756 2757/2757/2757
f 2758/2758/2758 2759/2759/2759 2760/2760/2760
f 2761/2761/2761 2762/2762/2762 2763/2763/2763
f 2764/2764/2764 2765/2765/2765 2766/2766/2766
f 2767/2767/2767 2768/2768/2768 2769/2769/2769
f 2770/2770/2770 2771/2771/2771 2772/2772/2772
f 2773/2773/2773 2774/2774/2774 2775/2775/2775
f 2776/2776/2776 2777/2777/2777 2778/2778/2778
f 2779/2779/2779 2780/2780/2780 2781/2781/2781
f 2782/2782/2782 2783/2783/2783 2784/2784/2784
f 2785/2785/2785 2786/2786/2786 2787/2787/2787
f 2788/2788/2788 2789/2789/2789 2790/2790/2790
f 2791/2791/2791 2792/2792/2792 2793/2793/2793
f 2794/2794/2794 2795/2795/2795 2796/2796/2796
f 2797/2797/2797 2798/2798/2798 2799/2799/2799
f 2800/2800/2800 2801/2801/2801 2802/2802/2802
f 2803/2803/2803 2804/2804/2804 2805/2805/2805
f 2806/2806/2806 2807/2807/2807 2808/2808/2808
f 2809/2809/2809 2810/2810/2810 2811/2811/2811
f 2812/2812/2812 2813/2813/2813 2814/2814/2814
f 2815/2815/2815 2816/2816/2816 2817/2817/2817
f 2818/2818/2818 2819/2819/2819 2820/2820/2820
f 2821/2821/2821 2822/2822/2822 2823/2823/2823
f 2824/2824/2824 2825/2825/2825 2826/2826/2826
f 2827/2827/2827 2828/2828/2828 2829/2829/2829
f 2830/2830/2830 2831/2831/2831 2832/2832/2832
f 2833/2833/2833 2834/2834/2834 2835/2835/2835
f 2836/2836/2836 2837/2837/2837 2838/2838/2838
f 2839/2839/2839 2840/2840/2840 2841/2841/2841
f 2842/2842/2842 2843/2843/2843 2844/2844/2844
f 2845/2845/2845 2846/2846/2846 2847/2847/2847
f 2848/2848/2848 2849/2849/2849 2850/2850/2850
f 2851/2851/2851 2852/2852/2852 2853/2853/2853
f 2854/2854/2854 2855/2855/2855 2856/2856/2856
f 2857/2857/2857 2858/2858/2858 2859/2859/2859
f 2860/2860/2860 2861/2861/2861 2862/2862/2862
f 2863/2863/2863 2864/2864/2864 2865/2865/2865
f 2866/2866/2866 2867/2867/2867 2868/2868/2868
f 2869/2869/2869 2870/2870/2870 2871/2871/2871
f 2872/2872/2872 2873/2873/2873 2874/2874/2874
f 2875/2875/2875 2876/2876/2876 2877/2877/2877
f 2878/2878/2878 2879/2879/2879 2880/2880/2880
f 2881/2881/2881 2882/2882/2882 2883/2883/2883
f 2884/2884/2884 2885/2885/2885 2886/2886/2886
f 2887/2887/2887 2888/2888/2888 2889/2889/2889
f 2890/2890/2890 2891/2891/2891 2892/2892/2892
f 2893/2893/2893 2894/2894/2894 2895/2895/2895
f 2896/2896/2896 2897/2897/2897 2898/2898/2898
f 2899/2899/2899 2900/2900/2900 2901/2901/2901
f 2902/2902/2902 2903/2903/2903 2904/2904/2904
f 2905/2905/2905 2906/2906/2906 2907/2907/2907
f 2908/2908/2908 2909/2909/2909 2910/2910/2910
f 2911/2911/2911 2912/2912/2912 2913/2913/2913
f 2914/2914/2914 2915/2915/2915 2916/2916/2916
f 2917/2917/2917 2918/2918/2918 2919/2919/2919
f 2920/2920/2920 2921/2921/2921 2922/2922/2922
f 2923/2923/2923 2924/2924/2924 2925/2925/2925
f 2926/2926/2926 2927/2927/2927 2928/2928/2928
f 2929/2929/2929 2930/2930/2930 2931/2931/2931
f 2932/2932/2932 2933/2933/2933 2934/2934/2934
f 2935/2935/2935 2936/2936/2936 2937/2937/2937
f 2938/2938/2938 2939/2939/2939 2940/2940/2940
f 2941/2941/2941 2942/2942/2942 2943/2943/2943
f 2944/2944/2944 2945/2945/2945 2946/2946/2946
f 2947/2947/2947 2948/2948/2948 2949/2949/2949
f 2950/2950/2950 2951/2951/2951 2952/2952/2952
f 2953/2953/2953 2954/2954/2954 2955/2955/2955
f 2956/2956/2956 2957/2957/2957 2958/2958/2958
f 2959/2959/2959 2960/2960/2960 2961/2961/2961
f 2962/2962/2962 2963/2963/2963 2964/2964/2964
f 2965/2965/2965 2966/2966/2966 2967/2967/2967
f 2968/2968/2968 2969/2969/2969 2970/2970/2970
f 2971/2971/2971 2972/2972/2972 2973/2973/2973
f 2974/2974/2974 2975/2975/2975 2976/2976/2976
f 2977/2977/2977 2978/2978/2978 2979/2979/2979
f 2980/2980/2980 2981/2981/2981 2982/2982/2982
f 2983/2983/2983 2984/2984/2984 2985/2985/2985
f 2986/2986/2986 2987/2987/2987 2988/2988/2988
f 2989/2989/2989 2990/2990/2990 2991/2991/2991
f 2992/2992/2992 2993/2993/2993 2994/2994/2994
f 2995/2995/2995 2996/2996/2996 2997/2997/2997
f 2998/2998/2998 2999/2999/2999 3000/3000/3000
f 3001/3001/3001 3002/3002/3002 3003/3003/3003
f 3004/3004/3004 3005/3005/3005 3006/3006/3006
f 3007/3007/3007 3008/3008/3008 3009/3009/3009
f 3010/3010/3010 3011/3011/3011 3012/3012/3012
f 3013/3013/3013 3014/3014/3014 3015/3015/3015
f 3016/3016/3016 3017/3017/3017 3018/3018/3018
f 3019/3019/3019 3020/3020/3020 3021/3021/3021
f 3022/3022/3022 3023/3023/3023 3024/3024/3024
f 3025/3025/3025 3026/3026/3026 3027/3027/3027
f 3028/3028/3028 3029/3029/3029 3030/3030/3030
f 3031/3031/3031 3032/3032/3032 3033/3033/3033
f 3034/3034/3034 3035/3035/3035 3036/3036/3036
f 3037/3037/3037 3038/3038/3038 3039/3039/3039
f 3040/3040/3040 3041/3041/3041 3042/3042/3042
f 3043/3043/3043 3044/3044/3044 3045/3045/3045
f 3046/3046/3046 3047/3047/3047 3048/3048/3048
f 3049/3049/3049 3050/3050/3050 3051/3051/3051
f 3052/3052/3052 3053/3053/3053 3054/3054/3054
f 3055/3055/3055 3056/3056/3056 3057/3057/3057
f 3058/3058/3058 3059/3059/3059 3060/3060/3060
f 3061/3061/3061 3062/3062/3062 3063/3063/3063
f 3064/3064/3064 3065/3065/3065 3066/3066/3066
f 3067/3067/3067 3068/3068/3068 3069/3069/3069
f 3070/3070/3070 3071/3071/3071 3072/3072/3072
f 3073/3073/3073 3074/3074/3074 3075/3075/3075
f 3076/3076/3076 3077/3077/3077 3078/3078/3078
f 3079/3079/3079 3080/3080/3080 3081/3081/3081
f 3082/3082/3082 3083/3083/3083 3084/3084/3084
f 3085/3085/3085 3086/3086/3086 3087/3087/3087
f 3088/3088/3088 3089/3089/3089 3090/3090/3090
f 3091/3091/3091 3092/3092/3092 3093/3093/3093
f 3094/3094/3094 3095/3095/3095 3096/3096/3096
f 3097/3097/3097 3098/3098/3098 3099/3099/3099
f 3100/3100/3100 3101/3101/3101 3102/3102/3102
f 3103/3103/3103 3104/3104/3104 3105/3105/3105
f 3106/3106/3106 3107/3107/3107 3108/3108/3108
f 3109/3109/3109 3110/3110/3110 3111/3111/3111
f 3112/3112/3112 3113/3113/3113 3114/3114/3114
f 3115/3115/3115 3116/3116/3116 3117/3117/3117
f 3118/3118/3118 3119/3119/3119 3120/3120/3120
f 3121/3121/3121 3122/3122/3122 3123/3123/3123
f 3124/3124/3124 3125/3125/3125 3126/3126/3126
f 3127/3127/3127 3128/3128/3128 3129/3129/3129
f 3130/3130/3130 3131/3131/3131 3132/3132/3132
f 3133/3133/3133 3134/3134/3134 3135/3135/3135
f 3136/3136/3136 3137/3137/3137 3138/3138/3138
f 3139/3139/3139 3140/3140/3140 3141/3141/3141
f 3142/3142/3142 3143/3143/3143 3144/3144/3144
f 3145/3145/3145 3146/3146/3146 3147/3147/3147
f 3148/3148/3148 3149/3149/3149 3150/3150/3150
f 3151/3151/3151 3152/3152/3152 3153/3153/3153
f 3154/3154/3154 3155/3155/3155 3156/3156/3156
f 3157/3157/3157 3158/3158/3158 3159/3159/3159
f 3160/3160/3160 3161/3161/3161 3162/3162/3162
f 3163/3163/3163 3164/3164/3164 3165/3165/3165
f 3166/3166/3166 3167/3167/3167 3168/3168/3168
f 3169/3169/3169 3170/3170/3170 3171/3171/3171
f 3172/3172/3172 3173/3173/3173 3174/3174/3174
f 3175/3175/3175 3176/3176/3176 3177/3177/3177
f 3178/3178/3178 3179/3179/3179 3180/3180/3180
f 3181/3181/3181 3182/3182/3182 3183/3183/3183
f 3184/3184/3184 3185/3185/3185 3186/3186/3186
f 3187/3187/3187 3188/3188/3188 3189/3189/3189
f 3190/3190/3190 3191/3191/3191 3192/3192/3192
f 3193/3193/3193 3194/3194/3194 3195/3195/3195
f 3196/3196/3196 3197/3197/3197 3198/3198/3198
f 3199/3199/3199 3200/3200/3200 3201/3201/3201
f 3202/3202/3202 3203/3203/3203 3204/3204/3204
f 3205/3205/3205 3206/3206/3206 3207/3207/3207
f 3208/3208/3208 3209/3209/3209 3210/3210/3210
f 3211/3211/3211 3212/3212/3212 3213/3213/3213
f 3214/3214/3214 3215/3215/3215 3216/3216/3216
f 3217/3217/3217 3218/3218/3218 3219/3219/3219
f 3220/3220/3220 3221/3221/3221 3222/3222/3222
f 3223/3223/3223 3224/3224/3224 3225/3225/3225
f 3226/3226/3226 3227/3227/3227 3228/3228/3228
f 3229/3229/3229 3230/3230/3230 3231/3231/3231
f 3232/3232/3232 3233/3233/3233 3234/3234/3234
f 3235/3235/3235 3236/3236/3236 3237/3237/3237
f 3238/3238/3238 3239/3239/3239 3240/3240/3240
f 3241/3241/3241 3242/3242/3242 3243/3243/3243
f 3244/3244/3244 3245/3245/3245 3246/3246/3246
f 3247/3247/3247 3248/3248/3248 3249/3249/3249
f 3250/3250/3250 3251/3251/3251 3252/3252/3252
f 3253/3253/3253 3254/3254/3254 3255/3255/3255
f 3256/3256/3256 3257/3257/3257 3258/3258/3258
f 3259/3259/3259 3260/3260/3260 3261/3261/3261
f 3262/3262/3262 3263/3263/3263 3264/3264/3264
f 3265/3265/3265 3266/3266/3266 3267/3267/3267
f 3268/3268/3268 3269/3269/3269 3270/3270/3270
f 3271/3271/3271 3272/3272/3272 3273/3273/3273
f 3274/3274/3274 3275/3275/3275 3276/3276/3276
f 3277/3277/3277 3278/3278/3278 3279/3279/3279
f 3280/3280/3280 3281/3281/3281 3282/3282/3282
f 3283/3283/3283 3284/3284/3284 3285/3285/3285
f 3286/3286/3286 3287/3287/3287 3288/3288/3288
f 3289/3289/3289 3290/3290/3290 3291/3291/3291
f 3292/3292/3292 3293/3293/3293 3294/3294/3294
f 3295/3295/3295 3296/3296/3296 3297/3297/3297
f 3298/3298/3298 3299/3299/3299 3300/3300/3300
f 3301/3301/3301 3302/3302/3302 3303/3303/3303
f 3304/3304/3304 3305/3305/3305 3306/3306/3306
f 3307/3307/3307 3308/3308/3308 3309/3309/3309
f 3310/3310/3310 3311/3311/3311 3312/3312/3312
f 3313/3313/3313 3314/3314/3314 3315/3315/3315
f 3316/3316/3316 3317/3317/3317 3318/3318/3318
f 3319/3319/3319 3320/3320/3320 3321/3321/3321
f 3322/3322/3322 3323/3323/3323 3324/3324/3324
f 3325/3325/3325 3326/3326/3326 3327/3327/3327
f 3328/3328/3328 3329/3329/3329 3330/3330/3330
f 3331/3331/3331 3332/3332/3332 3333/3333/3333
f 3334/3334/3334 3335/3335/3335 3336/3336/3336
f 3337/3337/3337 3338/3338/3338 3339/3339/3339
f 3340/3340/3340 3341/3341/3341 3342/3342/3342
f 3343/3343/3343 3344/3344/3344 3345/3345/3345
f 3346/3346/3346 3347/3347/3347 3348/3348/3348
f 3349/3349/3349 3350/3350/3350 3351/3351/3351
f 3352/3352/3352 3353/3353/3353 3354/3354/3354
f 3355/3355/3355 3356/3356/3356 3357/3357/3357
f 3358/3358/3358 3359/3359/3359 3360/3360/3360
f 3361/3361/3361 3362/3362/3362 3363/3363/3363
f 3364/3364/3364 3365/3365/3365 3366/3366/3366
f 3367/3367/3367 3368/3368/3368 3369/3369/3369
f 3370/3370/3370 3371/3371/3371 3372/3372/3372
f 3373/3373/3373 3374/3374/3374 3375/3375/3375
f 3376/3376/3376 3377/3377/3377 3378/3378/3378
f 3379/3379/3379 3380/3380/3380 3381/3381/3381
f 3382/3382/3382 3383/3383/3383 3384/3384/3384
f 3385/3385/3385 3386/3386/3386 3387/3387/3387
f 3388/3388/3388 3389/3389/3389 3390/3390/3390
f 3391/3391/3391 3392/3392/3392 3393/3393/3393
f 3394/3394/3394 3395/3395/3395 3396/3396/3396
f 3397/3397/3397 3398/3398/3398 3399/3399/3399
f 3400/3400/3400 3401/3401/3401 3402/3402/3402
f 3403/3403/3403 3404/3404/3404 3405/3405/3405
f 3406/3406/3406 3407/3407/3407 3408/3408/3408
f 3409/3409/3409 3410/3410/3410 3411/3411/3411
f 3412/3412/3412 3413/3413/3413 3414/3414/3414
f 3415/3415/3415 3416/3416/3416 3417/3417/3417
f 3418/3418/3418 3419/3419/3419 3420/3420/3420
f 3421/3421/3421 3422/3422/3422 3423/3423/3423
f 3424/3424/3424 3425/3425/3425 3426/3426/3426
f 3427/3427/3427 3428/3428/3428 3429/3429/3429
f 3430/3430/3430 3431/3431/3431 3432/3432/3432
f 3433/3433/3433 3434/3434/3434 3435/3435/3435
f 3436/3436/3436 3437/3437/3437 3438/3438/3438
f 3439/3439/3439 3440/3440/3440 3441/3441/3441
f 3442/3442/3442 3443/3443/3443 3444/3444/3444
f 3445/3445/3445 3446/3446/3446 3447/3447/3447
f 3448/3448/3448 3449/3449/3449 3450/3450/3450
f 3451/3451/3451 3452/3452/3452 3453/3453/3453
f 3454/3454/3454 3455/3455/3455 3456/3456/3456
f 3457/3457/3457 3458/3458/3458 3459/3459/3459
f 3460/3460/3460 3461/3461/3461 3462/3462/3462
f 3463/3463/3463 3464/3464/3464 3465/3465/3465
f 3466/3466/3466 3467/3467/3467 3468/3468/3468
f 3469/3469/3469 3470/3470/3470 3471/3471/3471
f 3472/3472/3472 3473/3473/3473 3474/3474/3474
f 3475/3475/3475 3476/3476/3476 3477/3477/3477
f 3478/3478/3478 3479/3479/3479 3480/3480/3480
f 3481/3481/3481 3482/3482/3482 3483/3483/3483
f 3484/3484/3484 3485/3485/3485 3486/3486/3486
f 3487/3487/3487 3488/3488/3488 3489/3489/3489
f 3490/3490/3490 3491/3491/3491 3492/3492/3492
f 3493/3493/3493 3494/3494/3494 3495/3495/3495
f 3496/3496/3496 3497/3497/3497 3498/3498/3498
f 3499/3499/3499 3500/3500/3500 3501/3501/3501
f 3502/3502/3502 3503/3503/3503 3504/3504/3504
f 3505/3505/3505 3506/3506/3506 3507/3507/3507
f 3508/3508/3508 3509/3509/3509 3510/3510/3510
f 3511/3511/3511 3512/3512/3512 3513/3513/3513
f 3514/3514/3514 3515/3515/3515 3516/3516/3516
f 3517/3517/3517 3518/3518/3518 3519/3519/3519
f 3520/3520/3520 3521/3521/3521 3522/3522/3522
f 3523/3523/3523 3524/3524/3524 3525/3525/3525
f 3526/3526/3526 3527/3527/3527 3528/3528/3528
f 3529/3529/3529 3530/3530/3530 3531/3531/3531
f 3532/3532/3532 3533/3533/3533 3534/3534/3534
f 3535/3535/3535 3536/3536/3536 3537/3537/3537
f 3538/3538/3538 3539/3539/3539 3540/3540/3540
f 3541/3541/3541 3542/3542/3542 3543/3543/3543
f 3544/3544/3544 3545/3545/3545 3546/3546/3546
f 3547/3547/3547 3548/3548/3548 3549/3549/3549
f 3550/3550/3550 3551/3551/3551 3552/3552/3552
f 3553/3553/3553 3554/3554/3554 3555/3555/3555
f 3556/3556/3556 3557/3557/3557 3558/3558/3558
f 3559/3559/3559 3560/3560/3560 3561/3561/3561
f 3562/3562/3562 3563/3563/3563 3564/3564/3564
f 3565/3565/3565 3566/3566/3566 3567/3567/3567
f 3568/3568/3568 3569/3569/3569 3570/3570/3570
f 3571/3571/3571 3572/3572/3572 3573/3573/3573
f 3574/3574/3574 3575/3575/3575 3576/3576/3576
f 3577/3577/3577 3578/3578/3578 3579/3579/3579
f 3580/3580/3580 3581/3581/3581 3582/3582/3582
f 3583/3583/3583 3584/3584/3584 3585/3585/3585
f 3586/3586/3586 3587/3587/3587 3588/3588/3588
f 3589/3589/3589 3590/3590/3590 3591/3591/3591
f 3592/3592/3592 3593/3593/3593 3594/3594/3594
f 3595/3595/3595 3596/3596/3596 3597/3597/3597
f 3598/3598/3598 3599/3599/3599 3600/3600/3600
f 3601/3601/3601 3602/3602/3602 3603/3603/3603
f 3604/3604/3604 3605/3605/3605 3606/3606/3606
f 3607/3607/3607 3608/3608/3608 3609/3609/3609
f 3610/3610/3610 3611/3611/3611 3612/3612/3612
f 3613/3613/3613 3614/3614/3614 3615/3615/3615
f 3616/3616/3616 3617/3617/3617 3618/3618/3618
f 3619/3619/3619 3620/3620/3620 3621/3621/3621
f 3622/3622/3622 3623/3623/3623 3624/3624/3624
f 3625/3625/3625 3626/3626/3626 3627/3627/3627
f 3628/3628/3628 3629/3629/3629 3630/3630/3630
f 3631/3631/3631 3632/3632/3632 3633/3633/3633
f 3634/3634/3634 3635/3635/3635 3636/3636/3636
f 3637/3637/3637 3638/3638/3638 3639/3639/3639
f 3640/3640/3640 3641/3641/3641 3642/3642/3642
f 3643/3643/3643 3644/3644/3644 3645/3645/3645
f 3646/3646/3646 3647/3647/3647 3648/3648/3648
f 3649/3649/3649 3650/3650/3650 3651/3651/3651
f 3652/3652/3652 3653/3653/3653 3654/3654/3654
f 3655/3655/3655 3656/3656/3656 3657/3657/3657
f 3658/3658/3658 3659/3659/3659 3660/3660/3660
f 3661/3661/3661 3662/3662/3662 3663/3663/3663
f 3664/3664/3664 3665/3665/3665 3666/3666/3666
f 3667/3667/3667 3668/3668/3668 3669/3669/3669
f 3670/3670/3670 3671/3671/3671 3672/3672/3672
f 3673/3673/3673 3674/3674/3674 3675/3675/3675
f 3676/3676/3676 3677/3677/3677 3678/3678/3678
f 3679/3679/3679 3680/3680/3680 3681/3681/3681
f 3682/3682/3682 3683/3683/3683 3684/3684/3684
f 3685/3685/3685 3686/3686/3686 3687/3687/3687
f 3688/3688/3688 3689/3689/3689 3690/3690/3690
f 3691/3691/3691 3692/3692/3692 3693/3693/3693
f 3694/3694/3694 3695/3695/3695 3696/3696/3696
f 3697/3697/3697 3698/3698/3698 3699/3699/3699
f 3700/3700/3700 3701/3701/3701 3702/3702/3702
f 3703/3703/3703 3704/3704/3704 3705/3705/3705
f 3706/3706/3706 3707/3707/3707 3708/3708/3708
f 3709/3709/3709 3710/3710/3710 3711/3711/3711
f 3712/3712/3712 3713/3713/3713 3714/3714/3714
f 3715/3715/3715 3716/3716/3716 3717/3717/3717
f 3718/3718/3718 3719/3719/3719 3720/3720/3720
f 3721/3721/3721 3722/3722/3722 3723/3723/3723
f 3724/3724/3724 3725/3725/3725 3726/3726/3726
f 3727/3727/3727 3728/3728/3728 3729/3729/3729
f 3730/3730/3730 3731/3731/3731 3732/3732/3732
f 3733/3733/3733 3734/3734/3734 3735/3735/3735
f 3736/3736/3736 3737/3737/3737 3738/3738/3738
f 3739/3739/3739 3740/3740/3740 3741/3741/3741
f 3742/3742/3742 3743/3743/3743 3744/3744/3744
f 3745/3745/3745 3746/3746/3746 3747/3747/3747
f 3748/3748/3748 3749/3749/3749 3750/3750/3750
f 3751/3751/3751 3752/3752/3752 3753/3753/3753
f 3754/3754/3754 3755/3755/3755 3756/3756/3756
f 3757/3757/3757 3758/3758/3758 3759/3759/3759
f 3760/3760/3760 3761/3761/3761 3762/3762/3762
f 3763/3763/3763 3764/3764/3764 3765/3765/3765
f 3766/3766/3766 3767/3767/3767 3768/3768/3768
f 3769/3769/3769 3770/3770/3770 3771/3771/3771
f 3772/3772/3772 3773/3773/3773 3774/3774/3774
f 3775/3775/3775 3776/3776/3776 3777/3777/3777
f 3778/3778/3778 3779/3779/3779 3780/3780/3780
f 3781/3781/3781 3782/3782/3782 3783/3783/3783
f 3784/3784/3784 3785/3785/3785 3786/3786/3786
f 3787/3787/3787 3788/3788/3788 3789/3789/3789
f 3790/3790/3790 3791/3791/3791 3792/3792/3792
f 3793/3793/3793 3794/3794/3794 3795/3795/3795
f 3796/3796/3796 3797/3797/3797 3798/3798/3798
f 3799/3799/3799 3800/3800/3800 3801/3801/3801
f 3802/3802/3802 3803/3803/3803 3804/3804/3804
f 3805/3805/3805 3806/3806/3806 3807/3807/3807
f 3808/3808/3808 3809/3809/3809 3810/3810/3810
f 3811/3811/3811 3812/3812/3812 3813/3813/3813
f 3814/3814/3814 3815/3815/3815 3816/3816/3816
f 3817/3817/3817 3818/3818/3818 3819/3819/3819
f 3820/3820/3820 3821/3821/3821 3822/3822/3822
f 3823/3823/3823 3824/3824/3824 3825/3825/3825
f 3826/3826/3826 3827/3827/3827 3828/3828/3828
f 3829/3829/3829 3830/3830/3830 3831/3831/3831
f 3832/3832/3832 3833/3833/3833 3834/3834/3834
f 3835/3835/3835 3836/3836/3836 3837/3837/3837
f 3838/3838/3838 3839/3839/3839 3840/3840/3840
f 3841/3841/3841 3842/3842/3842 3843/3843/3843
f 3844/3844/3844 3845/3845/3845 3846/3846/3846
f 3847/3847/3847 3848/3848/3848 3849/3849/3849
f 3850/3850/3850 3851/3851/3851 3852/3852/3852
f 3853/3853/3853 3854/3854/3854 3855/3855/3855
f 3856/3856/3856 3857/3857/3857 3858/3858/3858
f 3859/3859/3859 3860/3860/3860 3861/3861/3861
f 3862/3862/3862 3863/3863/3863 3864/3864/3864
f 3865/3865/3865 3866/3866/3866 3867/3867/3867
f 3868/3868/3868 3869/3869/3869 3870/3870/3870
f 3871/3871/3871 3872/3872/3872 3873/3873/3873
f 3874/3874/3874 3875/3875/3875 3876/3876/3876
f 3877/3877/3877 3878/3878/3878 3879/3879/3879
f 3880/3880/3880 3881/3881/3881 3882/3882/3882
f 3883/3883/3883 3884/3884/3884 3885/3885/3885
f 3886/3886/3886 3887/3887/3887 3888/3888/3888
f 3889/3889/3889 3890/3890/3890 3891/3891/3891
f 3892/3892/3892 3893/3893/3893 3894/3894/3894
f 3895/3895/3895 3896/3896/3896 3897/3897/3897
f 3898/3898/3898 3899/3899/3899 3900/3900/3900
f 3901/3901/3901 3902/3902/3902 3903/3903/3903
f 3904/3904/3904 3905/3905/3905 3906/3906/3906
f 3907/3907/3907 3908/3908/3908 3909/3909/3909
f 3910/3910/3910 3911/3911/3911 3912/3912/3912
f 3913/3913/3913 3914/3914/3914 3915/3915/3915
f 3916/3916/3916 3917/3917/3917 3918/3918/3918
f 3919/3919/3919 3920/3920/3920 3921/3921/3921
f 3922/3922/3922 3923/3923/3923 3924/3924/3924
f 3925/3925/3925 3926/3926/3926 3927/3927/3927
f 3928/3928/3928 3929/3929/3929 3930/3930/3930
f 3931/3931/3931 3932/3932/3932 3933/3933/3933
f 3934/3934/3934 3935/3935/3935 3936/3936/3936
f 3937/3937/3937 3938/3938/3938 3939/3939/3939
f 3940/3940/3940 3941/3941/3941 3942/3942/3942
f 3943/3943/3943 3944/3944/3944 3945/3945/3945
f 3946/3946/3946 3947/3947/3947 3948/3948/3948
f 3949/3949/3949 3950/3950/3950 3951/3951/3951
f 3952/3952/3952 3953/3953/3953 3954/3954/3954
f 3955/3955/3955 3956/3956/3956 3957/3957/3957
f 3958/3958/3958 3959/3959/3959 3960/3960/3960
f 3961/3961/3961 3962/3962/3962 3963/3963/3963
f 3964/3964/3964 3965/3965/3965 3966/3966/3966
f 3967/3967/3967 3968/3968/3968 3969/3969/3969
f 3970/3970/3970 3971/3971/3971 3972/3972/3972
f 3973/3973/3973 3974/3974/3974 3975/3975/3975
f 3976/3976/3976 3977/3977/3977 3978/3978/3978
f 3979/3979/3979 3980/3980/3980 3981/3981/3981
f 3982/3982/3982 3983/3983/3983 3984/3984/3984
f 3985/3985/3985 3986/3986/3986 3987/3987/3987
f 3988/3988/3988 3989/3989/3989 3990/3990/3990
f 3991/3991/3991 3992/3992/3992 3993/3993/3993
f 3994/3994/3994 3995/3995/3995 3996/3996/3996
f 3997/3997/3997 3998/3998/3998 3999/3999/3999
f 4000/4000/4000 4001/4001/4001 4002/4002/4002
f 4003/4003/4003 4004/4004/4004 4005/4005/4005
f 4006/4006/4006 4007/4007/4007 4008/4008/4008
f 4009/4009/4009 4010/4010/4010 4011/4011/4011
f 4012/4012/4012 4013/4013/4013 4014/4014/4014
f 4015/4015/4015 4016/4016/4016 4017/4017/4017
f 4018/4018/4018 4019/4019/4019 4020/4020/4020
f 4021/4021/4021 4022/4022/4022 4023/4023/4023
f 4024/4024/4024 4025/4025/4025 4026/4026/4026
f 4027/4027/4027 4028/4028/4028 4029/4029/4029
f 4030/4030/4030 4031/4031/4031 4032/4032/4032
f 4033/4033/4033 4034/4034/4034 4035/4035/4035
f 4036/4036/4036 4037/4037/4037 4038/4038/4038
f 4039/4039/4039 4040/4040/4040 4041/4041/4041
f 4042/4042/4042 4043/4043/4043 4044/4044/4044
f 4045/4045/4045 4046/4046/4046 4047/4047/4047
f 4048/4048/4048 4049/4049/4049 4050/4050/4050
f 4051/4051/4051 4052/4052/4052 4053/4053/4053
f 4054/4054/4054 4055/4055/4055 4056/4056/4056
f 4057/4057/4057 4058/4058/4058 4059/4059/4059
f 4060/4060/4060 4061/4061/4061 4062/4062/4062
f 4063/4063/4063 4064/4064/4064 4065/4065/4065
f 4066/4066/4066 4067/4067/4067 4068/4068/4068
f 4069/4069/4069 4070/4070/4070 4071/4071/4071
f 4072/4072/4072 4073/4073/4073 4074/4074/4074
f 4075/4075/4075 4076/4076/4076 4077/4077/4077
f 4078/4078/4078 4079/4079/4079 4080/4080/4080
f 4081/4081/4081 4082/4082/4082 4083/4083/4083
f 4084/4084/4084 4085/4085/4085 4086/4086/4086
f 4087/4087/4087 4088/4088/4088 4089/4089/4089
f 4090/4090/4090 4091/4091/4091 4092/4092/4092
f 4093/4093/4093 4094/4094/4094 4095/4095/4095
f 4096/4096/4096 4097/4097/4097 4098/4098/4098
f 4099/4099/4099 4100/4100/4100 4101/4101/4101
f 4102/4102/4102 4103/4103/4103 4104/4104/4104
f 4105/4105/4105 4106/4106/4106 4107/4107/4107
f 4108/4108/4108 4109/4109/4109 4110/4110/4110
f 4111/4111/4111 4112/4112/4112 4113/4113/4113
f 4114/4114/4114 4115/4115/4115 4116/4116/4116
f 4117/4117/4117 4118/4118/4118 4119/4119/4119
f 4120/4120/4120 4121/4121/4121 4122/4122/4122
f 4123/4123/4123 4124/4124/4124 4125/4125/4125
f 4126/4126/4126 4127/4127/4127 4128/4128/4128
f 4129/4129/4129 4130/4130/4130 4131/4131/4131
f 4132/4132/4132 4133/4133/4133 4134/4134/4134
f 4135/4135/4135 4136/4136/4136 4137/4137/4137
f 4138/4138/4138 4139/4139/4139 4140/4140/4140
f 4141/4141/4141 4142/4142/4142 4143/4143/4143
f 4144/4144/4144 4145/4145/4145 4146/4146/4146
f 4147/4147/4147 4148/4148/4148 4149/4149/4149
f 4150/4150/4150 4151/4151/4151 4152/4152/4152
f 4153/4153/4153 4154/4154/4154 4155/4155/4155
f 4156/4156/4156 4157/4157/4157 4158/4158/4158
f 4159/4159/4159 4160/4160/4160 4161/4161/4161
f 4162/4162/4162 4163/4163/4163 4164/4164/4164
f 4165/4165/4165 4166/4166/4166 4167/4167/4167
f 4168/4168/4168 4169/4169/4169 4170/4170/4170
f 4171/4171/4171 4172/4172/4172 4173/4173/4173
f 4174/4174/4174 4175/4175/4175 4176/4176/4176
f 4177/4177/4177 4178/4178/4178 4179/4179/4179
f 4180/4180/4180 4181/4181/4181 4182/4182/4182
f 4183/4183/4183 4184/4184/4184 4185/4185/4185
f 4186/4186/4186 4187/4187/4187 4188/4188/4188
f 4189/4189/4189 4190/4190/4190 4191/4191/4191
f 4192/4192/4192 4193/4193/4193 4194/4194/4194
f 4195/4195/4195 4196/4196/4196 4197/4197/4197
f 4198/4198/4198 4199/4199/4199 4200/4200/4200
f 4201/4201/4201 4202/4202/4202 4203/4203/4203
f 4204/4204/4204 4205/4205/4205 4206/4206/4206
f 4207/4207/4207 4208/4208/4208 4209/4209/4209
f 4210/4210/4210 4211/4211/4211 4212/4212/4212
f 4213/4213/4213 4214/4214/4214 4215/4215/4215
f 4216/4216/4216 4217/4217/4217 4218/4218/4218
f 4219/4219/4219 4220/4220/4220 4221/4221/4221
f 4222/4222/4222 4223/4223/4223 4224/4224/4224
f 4225/4225/4225 4226/4226/4226 4227/4227/4227
f 4228/4228/4228 4229/4229/4229 4230/4230/4230
f 4231/4231/4231 4232/4232/4232 4233/4233/4233
f 4234/4234/4234 4235/4235/4235 4236/4236/4236
f 4237/4237/4237 4238/4238/4238 4239/4239/4239
f 4240/4240/4240 4241/4241/4241 4242/4242/4242
f 4243/4243/4243 4244/4244/4244 4245/4245/4245
f 4246/4246/4246 4247/4247/4247 4248/4248/4248
f 4249/4249/4249 4250/4250/4250 4251/4251/4251
f 4252/4252/4252 4253/4253/4253 4254/4254/4254
f 4255/4255/4255 4256/4256/4256 4257/4257/4257
f 4258/4258/4258 4259/4259/4259 4260/4260/4260
f 4261/4261/4261 4262/4262/4262 4263/4263/4263
f 4264/4264/4264 4265/4265/4265 4266/4266/4266
f 4267/4267/4267 4268/4268/4268 4269/4269/4269
f 4270/4270/4270 4271/4271/4271 4272/4272/4272
f 4273/4273/4273 4274/4274/4274 4275/4275/4275
f 4276/4276/4276 4277/4277/4277 4278/4278/4278
f 4279/4279/4279 4280/4280/4280 4281/4281/4281
f 4282/4282/4282 4283/4283/4283 4284/4284/4284
f 4285/4285/4285 4286/4286/4286 4287/4287/4287
f 4288/4288/4288 4289/4289/4289 4290/4290/4290
f 4291/4291/4291 4292/4292/4292 4293/4293/4293
f 4294/4294/4294 4295/4295/4295 4296/4296/4296
f 4297/4297/4297 4298/4298/4298 4299/4299/4299
f 4300/4300/4300 4301/4301/4301 4302/4302/4302
f 4303/4303/4303 4304/4304/4304 4305/4305/4305
f 4306/4306/4306 4307/4307/4307 4308/4308/4308
f 4309/4309/4309 4310/4310/4310 4311/4311/4311
f 4312/4312/4312 4313/4313/4313 4314/4314/4314
f 4315/4315/4315 4316/4316/4316 4317/4317/4317
f 4318/4318/4318 4319/4319/4319 4320/4320/4320
f 4321/4321/4321 4322/4322/4322 4323/4323/4323
f 4324/4324/4324 4325/4325/4325 4326/4326/4326
f 4327/4327/4327 4328/4328/4328 4329/4329/4329
f 4330/4330/4330 4331/4331/4331 4332/4332/4332
f 4333/4333/4333 4334/4334/4334 4335/4335/4335
f 4336/4336/4336 4337/4337/4337 4338/4338/4338
f 4339/4339/4339 4340/4340/4340 4341/4341/4341
f 4342/4342/4342 4343/4343/4343 4344/4344/4344
f 4345/4345/4345 4346/4346/4346 4347/4347/4347
f 4348/4348/4348 4349/4349/4349 4350/4350/4350
f 4351/4351/4351 4352/4352/4352 4353/4353/4353
f 4354/4354/4354 4355/4355/4355 4356/4356/4356
f 4357/4357/4357 4358/4358/4358 4359/4359/4359
f 4360/4360/4360 4361/4361/4361 4362/4362/4362
f 4363/4363/4363 4364/4364/4364 4365/4365/4365
f 4366/4366/4366 4367/4367/4367 4368/4368/4368
f 4369/4369/4369 4370/4370/4370 4371/4371/4371
f 4372/4372/4372 4373/4373/4373 4374/4374/4374
f 4375/4375/4375 4376/4376/4376 4377/4377/4377
f 4378/4378/4378 4379/4379/4379 4380/4380/4380
f 4381/4381/4381 4382/4382/4382 4383/4383/4383
f 4384/4384/4384 4385/4385/4385 4386/4386/4386
f 4387/4387/4387 4388/4388/4388 4389/4389/4389
f 4390/4390/4390 4391/4391/4391 4392/4392/4392
f 4393/4393/4393 4394/4394/4394 4395/4395/4395
f 4396/4396/4396 4397/4397/4397 4398/4398/4398
f 4399/4399/4399 4400/4400/4400 4401/4401/4401
f 4402/4402/4402 4403/4403/4403 4404/4404/4404
f 4405/4405/4405 4406/4406/4406 4407/4407/4407
f 4408/4408/4408 4409/4409/4409 4410/4410/4410
f 4411/4411/4411 4412/4412/4412 4413/4413/4413
f 4414/4414/4414 4415/4415/4415 4416/4416/4416
f 4417/4417/4417 4418/4418/4418 4419/4419/4419
f 4420/4420/4420 4421/4421/4421 4422/4422/4422
f 4423/4423/4423 4424/4424/4424 4425/4425/4425
f 4426/4426/4426 4427/4427/4427 4428/4428/4428
f 4429/4429/4429 4430/4430/4430 4431/4431/4431
f 4432/4432/4432 4433/4433/4433 4434/4434/4434
f 4435/4435/4435 4436/4436/4436 4437/4437/4437
f 4438/4438/4438 4439/4439/4439 4440/4440/4440
f 4441/4441/4441 4442/4442/4442 4443/4443/4443
f 4444/4444/4444 4445/4445/4445 4446/4446/4446
f 4447/4447/4447 4448/4448/4448 4449/4449/4449
f 4450/4450/4450 4451/4451/4451 4452/4452/4452
f 4453/4453/4453 4454/4454/4454 4455/4455/4455
f 4456/4456/4456 4457/4457/4457 4458/4458/4458
f 4459/4459/4459 4460/4460/4460 4461/4461/4461
f 4462/4462/4462 4463/4463/4463 4464/4464/4464
f 4465/4465/4465 4466/4466/4466 4467/4467/4467
f 4468/4468/4468 4469/4469/4469 4470/4470/4470
f 4471/4471/4471 4472/4472/4472 4473/4473/4473
f 4474/4474/4474 4475/4475/4475 4476/4476/4476
f 4477/4477/4477 4478/4478/4478 4479/4479/4479
f 4480/4480/4480 4481/4481/4481 4482/4482/4482
f 4483/4483/4483 4484/4484/4484 4485/4485/4485
f 4486/4486/4486 4487/4487/4487 4488/4488/4488
f 4489/4489/4489 4490/4490/4490 4491/4491/4491
f 4492/4492/4492 4493/4493/4493 4494/4494/4494
f 4495/4495/4495 4496/4496/4496 4497/4497/4497
f 4498/4498/4498 4499/4499/4499 4500/4500/4500
f 4501/4501/4501 4502/4502/4502 4503/4503/4503
f 4504/4504/4504 4505/4505/4505 4506/4506/4506
f 4507/4507/4507 4508/4508/4508 4509/4509/4509
f 4510/4510/4510 4511/4511/4511 4512/4512/4512
f 4513/4513/4513 4514/4514/4514 4515/4515/4515
f 4516/4516/4516 4517/4517/4517 4518/4518/4518
f 4519/4519/4519 4520/4520/4520 4521/4521/4521
f 4522/4522/4522 4523/4523/4523 4524/4524/4524
f 4525/4525/4525 4526/4526/4526 4527/4527/4527
f 4528/4528/4528 4529/4529/4529 4530/4530/4530
f 4531/4531/4531 4532/4532/4532 4533/4533/4533
f 4534/4534/4534 4535/4535/4535 4536/4536/4536
f 4537/4537/4537 4538/4538/4538 4539/4539/4539
f 4540/4540/4540 4541/4541/4541 4542/4542/4542
f 4543/4543/4543 4544/4544/4544 4545/4545/4545
f 4546/4546/4546 4547/4547/4547 4548/4548/4548
f 4549/4549/4549 4550/4550/4550 4551/4551/4551
f 4552/4552/4552 4553/4553/4553 4554/4554/4554
f 4555/4555/4555 4556/4556/4556 4557/4557/4557
f 4558/4558/4558 4559/4559/4559 4560/4560/4560
f 4561/4561/4561 4562/4562/4562 4563/4563/4563
f 4564/4564/4564 4565/4565/4565 4566/4566/4566
f 4567/4567/4567 4568/4568/4568 4569/4569/4569
f 4570/4570/4570 4571/4571/4571 4572/4572/4572
f 4573/4573/4573 4574/4574/4574 4575/4575/4575
f 4576/4576/4576 4577/4577/4577 4578/4578/4578
f 4579/4579/4579 4580/4580/4580 4581/4581/4581
f 4582/4582/4582 4583/4583/4583 4584/4584/4584
f 4585/4585/4585 4586/4586/4586 4587/4587/4587
f 4588/4588/4588 4589/4589/4589 4590/4590/4590
f 4591/4591/4591 4592/4592/4592 4593/4593/4593
f 4594/4594/4594 4595/4595/4595 4596/4596/4596
f 4597/4597/4597 4598/4598/4598 4599/4599/4599
f 4600/4600/4600 4601/4601/4601 4602/4602/4602
f 4603/4603/4603 4604/4604/4604 4605/4605/4605
f 4606/4606/4606 4607/4607/4607 4608/4608/4608
f 4609/4609/4609 4610/4610/4610 4611/4611/4611
f 4612/4612/4612 4613/4613/4613 4614/4614/4614
f 4615/4615/4615 4616/4616/4616 4617/4617/4617
f 4618/4618/4618 4619/4619/4619 4620/4620/4620
f 4621/4621/4621 4622/4622/4622 4623/4623/4623
f 4624/4624/4624 4625/4625/4625 4626/4626/4626
f 4627/4627/4627 4628/4628/4628 4629/4629/4629
f 4630/4630/4630 4631/4631/4631 4632/4632/4632
f 4633/4633/4633 4634/4634/4634 4635/4635/4635
f 4636/4636/4636 4637/4637/4637 4638/4638/4638
f 4639/4639/4639 4640/4640/4640 4641/4641/4641
f 4642/4642/4642 4643/4643/4643 4644/4644/4644
f 4645/4645/4645 4646/4646/4646 4647/4647/4647
f 4648/4648/4648 4649/4649/4649 4650/4650/4650
f 4651/4651/4651 4652/4652/4652 4653/4653/4653
f 4654/4654/4654 4655/4655/4655 4656/4656/4656
f 4657/4657/4657 4658/4658/4658 4659/4659/4659
f 4660/4660/4660 4661/4661/4661 4662/4662/4662
f 4663/4663/4663 4664/4664/4664 4665/4665/4665
f 4666/4666/4666 4667/4667/4667 4668/4668/4668
f 4669/4669/4669 4670/4670/4670 4671/4671/4671
f 4672/4672/4672 4673/4673/4673 4674/4674/4674
f 4675/4675/4675 4676/4676/4676 4677/4677/4677
f 4678/4678/4678 4679/4679/4679 4680/4680/4680
f 4681/4681/4681 4682/4682/4682 4683/4683/4683
f 4684/4684/4684 4685/4685/4685 4686/4686/4686
f 4687/4687/4687 4688/4688/4688 4689/4689/4689
f 4690/4690/4690 4691/4691/4691 4692/4692/4692
f 4693/4693/4693 4694/4694/4694 4695/4695/4695
f 4696/4696/4696 4697/4697/4697 4698/4698/4698
f 4699/4699/4699 4700/4700/4700 4701/4701/4701
f 4702/4702/4702 4703/4703/4703 4704/4704/4704
f 4705/4705/4705 4706/4706/4706 4707/4707/4707
f 4708/4708/4708 4709/4709/4709 4710/4710/4710
f 4711/4711/4711 4712/4712/4712 4713/4713/4713
f 4714/4714/4714 4715/4715/4715 4716/4716/4716
f 4717/4717/4717 4718/4718/4718 4719/4719/4719
f 4720/4720/4720 4721/4721/4721 4722/4722/4722
f 4723/4723/4723 4724/4724/4724 4725/4725/4725
f 4726/4726/4726 4727/4727/4727 4728/4728/4728
f 4729/4729/4729 4730/4730/4730 4731/4731/4731
f 4732/4732/4732 4733/4733/4733 4734/4734/4734
f 4735/4735/4735 4736/4736/4736 4737/4737/4737
f 4738/4738/4738 4739/4739/4739 4740/4740/4740
f 4741/4741/4741 4742/4742/4742 4743/4743/4743
f 4744/4744/4744 4745/4745/4745 4746/4746/4746
f 4747/4747/4747 4748/4748/4748 4749/4749/4749
f 4750/4750/4750 4751/4751/4751 4752/4752/4752
f 4753/4753/4753 4754/4754/4754 4755/4755/4755
f 4756/4756/4756 4757/4757/4757 4758/4758/4758
f 4759/4759/4759 4760/4760/4760 4761/4761/4761
f 4762/4762/4762 4763/4763/4763 4764/4764/4764
f 4765/4765/4765 4766/4766/4766 4767/4767/4767
f 4768/4768/4768 4769/4769/4769 4770/4770/4770
f 4771/4771/4771 4772/4772/4772 4773/4773/4773
f 4774/4774/4774 4775/4775/4775 4776/4776/4776
f 4777/4777/4777 4778/4778/4778 4779/4779/4779
f 4780/4780/4780 4781/4781/4781 4782/4782/4782
f 4783/4783/4783 4784/4784/4784 4785/4785/4785
f 4786/4786/4786 4787/4787/4787 4788/4788/4788
f 4789/4789/4789 4790/4790/4790 4791/4791/4791
f 4792/4792/4792 4793/4793/4793 4794/4794/4794
f 4795/4795/4795 4796/4796/4796 4797/4797/4797
f 4798/4798/4798 4799/4799/4799 4800/4800/4800
f 4801/4801/4801 4802/4802/4802 4803/4803/4803
f 4804/4804/4804 4805/4805/4805 4806/4806/4806
f 4807/4807/4807 4808/4808/4808 4809/4809/4809
f 4810/4810/4810 4811/4811/4811 4812/4812/4812
f 4813/4813/4813 4814/4814/4814 4815/4815/4815
f 4816/4816/4816 4817/4817/4817 4818/4818/4818
f 4819/4819/4819 4820/4820/4820 4821/4821/4821
f 4822/4822/4822 4823/4823/4823 4824/4824/4824
f 4825/4825/4825 4826/4826/4826 4827/4827/4827
f 4828/4828/4828 4829/4829/4829 4830/4830/4830
f 4831/4831/4831 4832/4832/4832 4833/4833/4833
f 4834/4834/4834 4835/4835/4835 4836/4836/4836
f 4837/4837/4837 4838/4838/4838 4839/4839/4839
f 4840/4840/4840 4841/4841/4841 4842/4842/4842
f 4843/4843/4843 4844/4844/4844 4845/4845/4845
f 4846/4846/4846 4847/4847/4847 4848/4848/4848
f 4849/4849/4849 4850/4850/4850 4851/4851/4851
f 4852/4852/4852 4853/4853/4853 4854/4854/4854
f 4855/4855/4855 4856/4856/4856 4857/4857/4857
f 4858/4858/4858 4859/4859/4859 4860/4860/4860
f 4861/4861/4861 4862/4862/4862 4863/4863/4863
f 4864/4864/4864 4865/4865/4865 4866/4866/4866
f 4867/4867/4867 4868/4868/4868 4869/4869/4869
f 4870/4870/4870 4871/4871/4871 4872/4872/4872
f 4873/4873/4873 4874/4874/4874 4875/4875/4875
f 4876/4876/4876 4877/4877/4877 4878/4878/4878
f 4879/4879/4879 4880/4880/4880 4881/4881/4881
f 4882/4882/4882 4883/4883/4883 4884/4884/4884
f 4885/4885/4885 4886/4886/4886 4887/4887/4887
f 4888/4888/4888 4889/4889/4889 4890/4890/4890
f 4891/4891/4891 4892/4892/4892 4893/4893/4893
f 4894/4894/4894 4895/4895/4895 4896/4896/4896
f 4897/4897/4897 4898/4898/4898 4899/4899/4899
f 4900/4900/4900 4901/4901/4901 4902/4902/4902
f 4903/4903/4903 4904/4904/4904 4905/4905/4905
f 4906/4906/4906 4907/4907/4907 4908/4908/4908
f 4909/4909/4909 4910/4910/4910 4911/4911/4911
f 4912/4912/4912 4913/4913/4913 4914/4914/4914
f 4915/4915/4915 4916/4916/4916 4917/4917/4917
f 4918/4918/4918 4919/4919/4919 4920/4920/4920
f 4921/4921/4921 4922/4922/4922 4923/4923/4923
f 4924/4924/4924 4925/4925/4925 4926/4926/4926
f 4927/4927/4927 4928/4928/4928 4929/4929/4929
f 4930/4930/4930 4931/4931/4931 4932/4932/4932
f 4933/4933/4933 4934/4934/4934 4935/4935/4935
f 4936/4936/4936 4937/4937/4937 4938/4938/4938
f 4939/4939/4939 4940/4940/4940 4941/4941/4941
f 4942/4942/4942 4943/4943/4943 4944/4944/4944
f 4945/4945/4945 4946/4946/4946 4947/4947/4947
f 4948/4948/4948 4949/4949/4949 4950/4950/4950
f 4951/4951/4951 4952/4952/4952 4953/4953/4953
f 4954/4954/4954 4955/4955/4955 4956/4956/4956
f 4957/4957/4957 4958/4958/4958 4959/4959/4959
f 4960/4960/4960 4961/4961/4961 4962/4962/4962
f 4963/4963/4963 4964/4964/4964 4965/4965/4965
f 4966/4966/4966 4967/4967/4967 4968/4968/4968
f 4969/4969/4969 4970/4970/4970 4971/4971/4971
f 4972/4972/4972 4973/4973/4973 4974/4974/4974
f 4975/4975/4975 4976/4976/4976 4977/4977/4977
f 4978/4978/4978 4979/4979/4979 4980/4980/4980
f 4981/4981/4981 4982/4982/4982 4983/4983/4983
f 4984/4984/4984 4985/4985/4985 4986/4986/4986
f 4987/4987/4987 4988/4988/4988 4989/4989/4989
f 4990/4990/4990 4991/4991/4991 4992/4992/4992
f 4993/4993/4993 4994/4994/4994 4995/4995/4995
f 4996/4996/4996 4997/4997/4997 4998/4998/4998
f 4999/4999/4999 5000/5000/5000 5001/5001/5001
f 5002/5002/5002 5003/5003/5003 5004/5004/5004
f 5005/5005/5005 5006/5006/5006 5007/5007/5007
f 5008/5008/5008 5009/5009/5009 5010/5010/5010
f 5011/5011/5011 5012/5012/5012 5013/5013/5013
f 5014/5014/5014 5015/5015/5015 5016/5016/5016
f 5017/5017/5017 5018/5018/5018 5019/5019/5019
f 5020/5020/5020 5021/5021/5021 5022/5022/5022
f 5023/5023/5023 5024/5024/5024 5025/5025/5025
f 5026/5026/5026 5027/5027/5027 5028/5028/5028
f 5029/5029/5029 5030/5030/5030 5031/5031/5031
f 5032/5032/5032 5033/5033/5033 5034/5034/5034
f 5035/5035/5035 5036/5036/5036 5037/5037/5037
f 5038/5038/5038 5039/5039/5039 5040/5040/5040
f 5041/5041/5041 5042/5042/5042 5043/5043/5043
f 5044/5044/5044 5045/5045/5045 5046/5046/5046
f 5047/5047/5047 5048/5048/5048 5049/5049/5049
f 5050/5050/5050 5051/5051/5051 5052/5052/5052
f 5053/5053/5053 5054/5054/5054 5055/5055/5055
f 5056/5056/5056 5057/5057/5057 5058/5058/5058
f 5059/5059/5059 5060/5060/5060 5061/5061/5061
f 5062/5062/5062 5063/5063/5063 5064/5064/5064
f 5065/5065/5065 5066/5066/5066 5067/5067/5067
f 5068/5068/5068 5069/5069/5069 5070/5070/5070
f 5071/5071/5071 5072/5072/5072 5073/5073/5073
f 5074/5074/5074 5075/5075/5075 5076/5076/5076
f 5077/5077/5077 5078/5078/5078 5079/5079/5079
f 5080/5080/5080 5081/5081/5081 5082/5082/5082
f 5083/5083/5083 5084/5084/5084 5085/5085/5085
f 5086/5086/5086 5087/5087/5087 5088/5088/5088
f 5089/5089/5089 5090/5090/5090 5091/5091/5091
f 5092/5092/5092 5093/5093/5093 5094/5094/5094
f 5095/5095/5095 5096/5096/5096 5097/5097/5097
f 5098/5098/5098 5099/5099/5099 5100/5100/5100
f 5101/5101/5101 5102/5102/5102 5103/5103/5103
f 5104/5104/5104 5105/5105/5105 5106/5106/5106
f 5107/5107/5107 5108/5108/5108 5109/5109/5109
f 5110/5110/5110 5111/5111/5111 5112/5112/5112
f 5113/5113/5113 5114/5114/5114 5115/5115/5115
f 5116/5116/5116 5117/5117/5117 5118/5118/5118
f 5119/5119/5119 5120/5120/5120 5121/5121/5121
f 5122/5122/5122 5123/5123/5123 5124/5124/5124
f 5125/5125/5125 5126/5126/5126 5127/5127/5127
f 5128/5128/5128 5129/5129/5129 5130/5130/5130
f 5131/5131/5131 5132/5132/5132 5133/5133/5133
f 5134/5134/5134 5135/5135/5135 5136/5136/5136
f 5137/5137/5137 5138/5138/5138 5139/5139/5139
f 5140/5140/5140 5141/5141/5141 5142/5142/5142
f 5143/5143/5143 5144/5144/5144 5145/5145/5145
f 5146/5146/5146 5147/5147/5147 5148/5148/5148
f 5149/5149/5149 5150/5150/5150 5151/5151/5151
f 5152/5152/5152 5153/5153/5153 5154/5154/5154
f 5155/5155/5155 5156/5156/5156 5157/5157/5157
f 5158/5158/5158 5159/5159/5159 5160/5160/5160
f 5161/5161/5161 5162/5162/5162 5163/5163/5163
f 5164/5164/5164 5165/5165/5165 5166/5166/5166
f 5167/5167/5167 5168/5168/5168 5169/5169/5169
f 5170/5170/5170 5171/5171/5171 5172/5172/5172
f 5173/5173/5173 5174/5174/5174 5175/5175/5175
f 5176/5176/5176 5177/5177/5177 5178/5178/5178
f 5179/5179/5179 5180/5180/5180 5181/5181/5181
f 5182/5182/5182 5183/5183/5183 5184/5184/5184
f 5185/5185/5185 5186/5186/5186 5187/5187/5187
f 5188/5188/5188 5189/5189/5189 5190/5190/5190
f 5191/5191/5191 5192/5192/5192 5193/5193/5193
f 5194/5194/5194 5195/5195/5195 5196/5196/5196
f 5197/5197/5197 5198/5198/5198 5199/5199/5199
f 5200/5200/5200 5201/5201/5201 5202/5202/5202
f 5203/5203/5203 5204/5204/5204 5205/5205/5205
f 5206/5206/5206 5207/5207/5207 5208/5208/5208
f 5209/5209/5209 5210/5210/5210 5211/5211/5211
f 5212/5212/5212 5213/5213/5213 5214/5214/5214
f 5215/5215/5215 5216/5216/5216 5217/5217/5217
f 5218/5218/5218 5219/5219/5219 5220/5220/5220
f 5221/5221/5221 5222/5222/5222 5223/5223/5223
f 5224/5224/5224 5225/5225/5225 5226/5226/5226
f 5227/5227/5227 5228/5228/5228 5229/5229/5229
f 5230/5230/5230 5231/5231/5231 5232/5232/5232
f 5233/5233/5233 5234/5234/5234 5235/5235/5235
f 5236/5236/5236 5237/5237/5237 5238/5238/5238
f 5239/5239/5239 5240/5240/5240 5241/5241/5241
f 5242/5242/5242 5243/5243/5243 5244/5244/5244
f 5245/5245/5245 5246/5246/5246 5247/5247/5247
f 5248/5248/5248 5249/5249/5249 5250/5250/5250
f 5251/5251/5251 5252/5252/5252 5253/5253/5253
f 5254/5254/5254 5255/5255/5255 5256/5256/5256
f 5257/5257/5257 5258/5258/5258 5259/5259/5259
f 5260/5260/5260 5261/5261/5261 5262/5262/5262
f 5263/5263/5263 5264/5264/5264 5265/5265/5265
f 5266/5266/5266 5267/5267/5267 5268/5268/5268
f 5269/5269/5269 5270/5270/5270 5271/5271/5271
f 5272/5272/5272 5273/5273/5273 5274/5274/5274
f 5275/5275/5275 5276/5276/5276 5277/5277/5277
f 5278/5278/5278 5279/5279/5279 5280/5280/5280
f 5281/5281/5281 5282/5282/5282 5283/5283/5283
f 5284/5284/5284 5285/5285/5285 5286/5286/5286
f 5287/5287/5287 5288/5288/5288 5289/5289/5289
f 5290/5290/5290 5291/5291/5291 5292/5292/5292
f 5293/5293/5293 5294/5294/5294 5295/5295/5295
f 5296/5296/5296 5297/5297/5297 5298/5298/5298
f 5299/5299/5299 5300/5300/5300 5301/5301/5301
f 5302/5302/5302 5303/5303/5303 5304/5304/5304
f 5305/5305/5305 5306/5306/5306 5307/5307/5307
f 5308/5308/5308 5309/5309/5309 5310/5310/5310
f 5311/5311/5311 5312/5312/5312 5313/5313/5313
f 5314/5314/5314 5315/5315/5315 5316/5316/5316
f 5317/5317/5317 5318/5318/5318 5319/5319/5319
f 5320/5320/5320 5321/5321/5321 5322/5322/5322
f 5323/5323/5323 5324/5324/5324 5325/5325/5325
f 5326/5326/5326 5327/5327/5327 5328/5328/5328
f 5329/5329/5329 5330/5330/5330 5331/5331/5331
f 5332/5332/5332 5333/5333/5333 5334/5334/5334
f 5335/5335/5335 5336/5336/5336 5337/5337/5337
f 5338/5338/5338 5339/5339/5339 5340/5340/5340
f 5341/5341/5341 5342/5342/5342 5343/5343/5343
f 5344/5344/5344 5345/5345/5345 5346/5346/5346
f 5347/5347/5347 5348/5348/5348 5349/5349/5349
f 5350/5350/5350 5351/5351/5351 5352/5352/5352
f 5353/5353/5353 5354/5354/5354 5355/5355/5355
f 5356/5356/5356 5357/5357/5357 5358/5358/5358
f 5359/5359/5359 5360/5360/5360 5361/5361/5361
f 5362/5362/5362 5363/5363/5363 5364/5364/5364
f 5365/5365/5365 5366/5366/5366 5367/5367/5367
f 5368/5368/5368 5369/5369/5369 5370/5370/5370
f 5371/5371/5371 5372/5372/5372 5373/5373/5373
f 5374/5374/5374 5375/5375/5375 5376/5376/5376
f 5377/5377/5377 5378/5378/5378 5379/5379/5379
f 5380/5380/5380 5381/5381/5381 5382/5382/5382
f 5383/5383/5383 5384/5384/5384 5385/5385/5385
f 5386/5386/5386 5387/5387/5387 5388/5388/5388
f 5389/5389/5389 5390/5390/5390 5391/5391/5391
f 5392/5392/5392 5393/5393/5393 5394/5394/5394
f 5395/5395/5395 5396/5396/5396 5397/5397/5397
f 5398/5398/5398 5399/5399/5399 5400/5400/5400
f 5401/5401/5401 5402/5402/5402 5403/5403/5403
f 5404/5404/5404 5405/5405/5405 5406/5406/5406
f 5407/5407/5407 5408/5408/5408 5409/5409/5409
f 5410/5410/5410 5411/5411/5411 5412/5412/5412
f 5413/5413/5413 5414/5414/5414 5415/5415/5415
f 5416/5416/5416 5417/5417/5417 5418/5418/5418
f 5419/5419/5419 5420/5420/5420 5421/5421/5421
f 5422/5422/5422 5423/5423/5423 5424/5424/5424
f 5425/5425/5425 5426/5426/5426 5427/5427/5427
f 5428/5428/5428 5429/5429/5429 5430/5430/5430
f 5431/5431/5431 5432/5432/5432 5433/5433/5433
f 5434/5434/5434 5435/5435/5435 5436/5436/5436
f 5437/5437/5437 5438/5438/5438 5439/5439/5439
f 5440/5440/5440 5441/5441/5441 5442/5442/5442
f 5443/5443/5443 5444/5444/5444 5445/5445/5445
f 5446/5446/5446 5447/5447/5447 5448/5448/5448
f 5449/5449/5449 5450/5450/5450 5451/5451/5451
f 5452/5452/5452 5453/5453/5453 5454/5454/5454
f 5455/5455/5455 5456/5456/5456 5457/5457/5457
f 5458/5458/5458 5459/5459/5459 5460/5460/5460
f 5461/5461/5461 5462/5462/5462 5463/5463/5463
f 5464/5464/5464 5465/5465/5465 5466/5466/5466
f 5467/5467/5467 5468/5468/5468 5469/5469/5469
f 5470/5470/5470 5471/5471/5471 5472/5472/5472
f 5473/5473/5473 5474/5474/5474 5475/5475/5475
f 5476/5476/5476 5477/5477/5477 5478/5478/5478
f 5479/5479/5479 5480/5480/5480 5481/5481/5481
f 5482/5482/5482 5483/5483/5483 5484/5484/5484
f 5485/5485/5485 5486/5486/5486 5487/5487/5487
f 5488/5488/5488 5489/5489/5489 5490/5490/5490
f 5491/5491/5491 5492/5492/5492 5493/5493/5493
f 5494/5494/5494 5495/5495/5495 5496/5496/5496
f 5497/5497/5497 5498/5498/5498 5499/5499/5499
f 5500/5500/5500 5501/5501/5501 5502/5502/5502
f 5503/5503/5503 5504/5504/5504 5505/5505/5505
f 5506/5506/5506 5507/5507/5507 5508/5508/5508
f 5509/5509/5509 5510/5510/5510 5511/5511/5511
f 5512/5512/5512 5513/5513/5513 5514/5514/5514
f 5515/5515/5515 5516/5516/5516 5517/5517/5517
f 5518/5518/5518 5519/5519/5519 5520/5520/5520
f 5521/5521/5521 5522/5522/5522 5523/5523/5523
f 5524/5524/5524 5525/5525/5525 5526/5526/5526
f 5527/5527/5527 5528/5528/5528 5529/5529/5529
f 5530/5530/5530 5531/5531/5531 5532/5532/5532
f 5533/5533/5533 5534/5534/5534 5535/5535/5535
f 5536/5536/5536 5537/5537/5537 5538/5538/5538
f 5539/5539/5539 5540/5540/5540 5541/5541/5541
f 5542/5542/5542 5543/5543/5543 5544/5544/5544
