o tower_blue
v 1.1562126874923706 -4.157942295074463 -0.9450491070747375
v 0.8756832480430603 -4.1826171875 -1.1836636066436768
v 1.0885677337646484 -4.093760967254639 -0.8278141021728516
v 0.8756832480430603 -4.1826171875 -1.1836636066436768
v 1.1562126874923706 -4.157942295074463 -0.9450491070747375
v 0.9882996082305908 -4.288435459136963 -1.2766982316970825
v 0.9882996082305908 -4.288435459136963 -1.2766982316970825
v 0.646918773651123 -4.175867080688477 -1.4144943952560425
v 0.8756832480430603 -4.1826171875 -1.1836636066436768
v 0.646918773651123 -4.175867080688477 -1.4144943952560425
v 0.9882996082305908 -4.288435459136963 -1.2766982316970825
v 0.7132166624069214 -4.351833820343018 -1.5516959428787231
v 0.7132166624069214 -4.351833820343018 -1.5516959428787231
v 0.4511786103248596 -4.143851280212402 -1.537473440170288
v 0.646918773651123 -4.175867080688477 -1.4144943952560425
v 0.4511786103248596 -4.143851280212402 -1.537473440170288
v 0.7132166624069214 -4.351833820343018 -1.5516959428787231
v 0.36797934770584106 -4.370439529418945 -1.7283704280853271
v 0.4511786103248596 -4.143851280212402 -1.537473440170288
v 0.36797934770584106 -4.370439529418945 -1.7283704280853271
v 0.19200828671455383 -4.029242992401123 -1.6428371667861938
v 0.9882996082305908 -4.288435459136963 -1.2766982316970825
v 1.1700329780578613 -4.316585063934326 -0.9266071319580078
v 0.9751276969909668 -4.450434684753418 -1.255098581314087
v 1.1700329780578613 -4.316585063934326 -0.9266071319580078
v 0.9882996082305908 -4.288435459136963 -1.2766982316970825
v 1.1562126874923706 -4.157942295074463 -0.9450491070747375
v 1.144066333770752 -4.549152851104736 -0.9420363306999207
v 0.9751276969909668 -4.450434684753418 -1.255098581314087
v 1.1700329780578613 -4.316585063934326 -0.9266071319580078
v 0.9751276969909668 -4.450434684753418 -1.255098581314087
v 1.144066333770752 -4.549152851104736 -0.9420363306999207
v 0.9712656736373901 -4.689786911010742 -1.2367647886276245
v 0.9751276969909668 -4.450434684753418 -1.255098581314087
v 0.7132166624069214 -4.351833820343018 -1.5516959428787231
v 0.9882996082305908 -4.288435459136963 -1.2766982316970825
v 0.7132166624069214 -4.351833820343018 -1.5516959428787231
v 0.9751276969909668 -4.450434684753418 -1.255098581314087
v 0.7170427441596985 -4.576644420623779 -1.5256621837615967
v 0.9712656736373901 -4.689786911010742 -1.2367647886276245
v 0.7170427441596985 -4.576644420623779 -1.5256621837615967
v 0.9751276969909668 -4.450434684753418 -1.255098581314087
v 0.7170427441596985 -4.576644420623779 -1.5256621837615967
v 0.36797934770584106 -4.370439529418945 -1.7283704280853271
v 0.7132166624069214 -4.351833820343018 -1.5516959428787231
v 0.36797934770584106 -4.370439529418945 -1.7283704280853271
v 0.7170427441596985 -4.576644420623779 -1.5256621837615967
v 0.28140974044799805 -4.682634353637695 -1.7552703619003296
v 0.7170427441596985 -4.576644420623779 -1.5256621837615967
v 0.9712656736373901 -4.689786911010742 -1.2367647886276245
v 0.7233407497406006 -4.850424289703369 -1.482729196548462
v 1.1065970659255981 -4.600123882293701 -0.9084956049919128
v 0.9712656736373901 -4.689786911010742 -1.2367647886276245
v 1.144066333770752 -4.549152851104736 -0.9420363306999207
v 0.9712656736373901 -4.689786911010742 -1.2367647886276245
v 1.1065970659255981 -4.600123882293701 -0.9084956049919128
v 0.949949324131012 -4.742616653442383 -1.1821209192276
v 0.949949324131012 -4.742616653442383 -1.1821209192276
v 0.7233407497406006 -4.850424289703369 -1.482729196548462
v 0.9712656736373901 -4.689786911010742 -1.2367647886276245
v 0.7233407497406006 -4.850424289703369 -1.482729196548462
v 0.949949324131012 -4.742616653442383 -1.1821209192276
v 0.7175184488296509 -4.91268253326416 -1.4074796438217163
v 0.7175184488296509 -4.91268253326416 -1.4074796438217163
v 0.5081428289413452 -5.105983734130859 -1.575756311416626
v 0.7233407497406006 -4.850424289703369 -1.482729196548462
v 0.5081428289413452 -5.105983734130859 -1.575756311416626
v 0.28140974044799805 -4.682634353637695 -1.7552703619003296
v 0.7170427441596985 -4.576644420623779 -1.5256621837615967
v 0.5081428289413452 -5.105983734130859 -1.575756311416626
v 0.7170427441596985 -4.576644420623779 -1.5256621837615967
v 0.7233407497406006 -4.850424289703369 -1.482729196548462
v 0.24761202931404114 -4.990616321563721 -1.6903326511383057
v 0.28140974044799805 -4.682634353637695 -1.7552703619003296
v 0.5081428289413452 -5.105983734130859 -1.575756311416626
v 0.24761202931404114 -4.990616321563721 -1.6903326511383057
v 0.5081428289413452 -5.105983734130859 -1.575756311416626
v 0.298599511384964 -5.409272193908691 -1.5908074378967285
v 0.5081428289413452 -5.105983734130859 -1.575756311416626
v 0.7175184488296509 -4.91268253326416 -1.4074796438217163
v 0.5229476690292358 -5.124855995178223 -1.4729273319244385
v 0.5229476690292358 -5.124855995178223 -1.4729273319244385
v 0.298599511384964 -5.409272193908691 -1.5908074378967285
v 0.5081428289413452 -5.105983734130859 -1.575756311416626
v 0.298599511384964 -5.409272193908691 -1.5908074378967285
v 0.5229476690292358 -5.124855995178223 -1.4729273319244385
v 0.32468798756599426 -5.496536731719971 -1.4798513650894165
v 0.36797934770584106 -4.370439529418945 -1.7283704280853271
v -0.012251395732164383 -4.554633140563965 -1.6408840417861938
v 0.19200828671455383 -4.029242992401123 -1.6428371667861938
v -0.012251395732164383 -4.554633140563965 -1.6408840417861938
v 0.36797934770584106 -4.370439529418945 -1.7283704280853271
v 0.28140974044799805 -4.682634353637695 -1.7552703619003296
v 0.28140974044799805 -4.682634353637695 -1.7552703619003296
v 0.04556075111031532 -5.024479866027832 -1.6270098686218262
v -0.012251395732164383 -4.554633140563965 -1.6408840417861938
v 0.04556075111031532 -5.024479866027832 -1.6270098686218262
v 0.28140974044799805 -4.682634353637695 -1.7552703619003296
v 0.24761202931404114 -4.990616321563721 -1.6903326511383057
v 0.24761202931404114 -4.990616321563721 -1.6903326511383057
v 0.298599511384964 -5.409272193908691 -1.5908074378967285
v 0.04556075111031532 -5.024479866027832 -1.6270098686218262
v 0.19200828671455383 -4.029242992401123 -1.6428371667861938
v 0.3395055830478668 -4.596738338470459 -1.515635371208191
v 0.4511786103248596 -4.143851280212402 -1.537473440170288
v 0.3395055830478668 -4.596738338470459 -1.515635371208191
v 0.19200828671455383 -4.029242992401123 -1.6428371667861938
v -0.012251395732164383 -4.554633140563965 -1.6408840417861938
v 0.6130115985870361 -4.498234272003174 -1.3967844247817993
v 0.4511786103248596 -4.143851280212402 -1.537473440170288
v 0.3395055830478668 -4.596738338470459 -1.515635371208191
v 0.4511786103248596 -4.143851280212402 -1.537473440170288
v 0.6130115985870361 -4.498234272003174 -1.3967844247817993
v 0.646918773651123 -4.175867080688477 -1.4144943952560425
v 0.8876783847808838 -4.388442516326904 -1.1882737874984741
v 0.646918773651123 -4.175867080688477 -1.4144943952560425
v 0.6130115985870361 -4.498234272003174 -1.3967844247817993
v 0.646918773651123 -4.175867080688477 -1.4144943952560425
v 0.8876783847808838 -4.388442516326904 -1.1882737874984741
v 0.8756832480430603 -4.1826171875 -1.1836636066436768
v 0.6130115985870361 -4.498234272003174 -1.3967844247817993
v 0.949949324131012 -4.742616653442383 -1.1821209192276
v 0.8876783847808838 -4.388442516326904 -1.1882737874984741
v 0.949949324131012 -4.742616653442383 -1.1821209192276
v 0.6130115985870361 -4.498234272003174 -1.3967844247817993
v 0.7175184488296509 -4.91268253326416 -1.4074796438217163
v 0.3395055830478668 -4.596738338470459 -1.515635371208191
v 0.7175184488296509 -4.91268253326416 -1.4074796438217163
v 0.6130115985870361 -4.498234272003174 -1.3967844247817993
v 0.7175184488296509 -4.91268253326416 -1.4074796438217163
v 0.3395055830478668 -4.596738338470459 -1.515635371208191
v 0.5229476690292358 -5.124855995178223 -1.4729273319244385
v 0.3395055830478668 -4.596738338470459 -1.515635371208191
v 0.32468798756599426 -5.496536731719971 -1.4798513650894165
v 0.5229476690292358 -5.124855995178223 -1.4729273319244385
v 0.32468798756599426 -5.496536731719971 -1.4798513650894165
v 0.3395055830478668 -4.596738338470459 -1.515635371208191
v 0.04556075111031532 -5.024479866027832 -1.6270098686218262
v 0.3395055830478668 -4.596738338470459 -1.515635371208191
v -0.012251395732164383 -4.554633140563965 -1.6408840417861938
v 0.04556075111031532 -5.024479866027832 -1.6270098686218262
v 1.11660635471344 -4.304737091064453 -0.8581666350364685
v 0.8756832480430603 -4.1826171875 -1.1836636066436768
v 0.8876783847808838 -4.388442516326904 -1.1882737874984741
v 0.8756832480430603 -4.1826171875 -1.1836636066436768
v 1.11660635471344 -4.304737091064453 -0.8581666350364685
v 1.0885677337646484 -4.093760967254639 -0.8278141021728516
v 0.8876783847808838 -4.388442516326904 -1.1882737874984741
v 1.1065970659255981 -4.600123882293701 -0.9084956049919128
v 1.11660635471344 -4.304737091064453 -0.8581666350364685
v 1.1065970659255981 -4.600123882293701 -0.9084956049919128
v 0.8876783847808838 -4.388442516326904 -1.1882737874984741
v 0.949949324131012 -4.742616653442383 -1.1821209192276
v 1.0885677337646484 -4.093760967254639 -0.8278141021728516
v 1.1700329780578613 -4.316585063934326 -0.9266071319580078
v 1.1562126874923706 -4.157942295074463 -0.9450491070747375
v 1.1700329780578613 -4.316585063934326 -0.9266071319580078
v 1.0885677337646484 -4.093760967254639 -0.8278141021728516
v 1.11660635471344 -4.304737091064453 -0.8581666350364685
v 1.11660635471344 -4.304737091064453 -0.8581666350364685
v 1.144066333770752 -4.549152851104736 -0.9420363306999207
v 1.1700329780578613 -4.316585063934326 -0.9266071319580078
v 1.144066333770752 -4.549152851104736 -0.9420363306999207
v 1.11660635471344 -4.304737091064453 -0.8581666350364685
v 1.1065970659255981 -4.600123882293701 -0.9084956049919128
v 0.04556075111031532 -5.024479866027832 -1.6270098686218262
v 0.298599511384964 -5.409272193908691 -1.5908074378967285
v 0.32468798756599426 -5.496536731719971 -1.4798513650894165
v 1.156211495399475 -4.157942295074463 0.9450498819351196
v 0.8756817579269409 -4.1826171875 1.1836639642715454
v 0.9882979393005371 -4.288435459136963 1.2766987085342407
v 0.8756817579269409 -4.1826171875 1.1836639642715454
v 1.156211495399475 -4.157942295074463 0.9450498819351196
v 1.0885666608810425 -4.093760967254639 0.8278146982192993
v 0.646916925907135 -4.175867080688477 1.4144947528839111
v 0.9882979393005371 -4.288435459136963 1.2766987085342407
v 0.8756817579269409 -4.1826171875 1.1836639642715454
v 0.9882979393005371 -4.288435459136963 1.2766987085342407
v 0.646916925907135 -4.175867080688477 1.4144947528839111
v 0.7132146954536438 -4.351833820343018 1.5516963005065918
v 0.4511767029762268 -4.143851280212402 1.537473440170288
v 0.7132146954536438 -4.351833820343018 1.5516963005065918
v 0.646916925907135 -4.175867080688477 1.4144947528839111
v 0.7132146954536438 -4.351833820343018 1.5516963005065918
v 0.4511767029762268 -4.143851280212402 1.537473440170288
v 0.36797720193862915 -4.370439529418945 1.728370189666748
v 0.4511767029762268 -4.143851280212402 1.537473440170288
v 0.1920062154531479 -4.029242992401123 1.6428369283676147
v 0.36797720193862915 -4.370439529418945 1.728370189666748
v 0.9882979393005371 -4.288435459136963 1.2766987085342407
v 1.1700316667556763 -4.316585063934326 0.9266078472137451
v 1.156211495399475 -4.157942295074463 0.9450498819351196
v 1.1700316667556763 -4.316585063934326 0.9266078472137451
v 0.9882979393005371 -4.288435459136963 1.2766987085342407
v 0.9751261472702026 -4.450434684753418 1.2550990581512451
v 0.9751261472702026 -4.450434684753418 1.2550990581512451
v 1.144065022468567 -4.549152851104736 0.9420369267463684
v 1.1700316667556763 -4.316585063934326 0.9266078472137451
v 1.144065022468567 -4.549152851104736 0.9420369267463684
v 0.9751261472702026 -4.450434684753418 1.2550990581512451
v 0.9712641835212708 -4.689786911010742 1.2367652654647827
v 0.7132146954536438 -4.351833820343018 1.5516963005065918
v 0.9751261472702026 -4.450434684753418 1.2550990581512451
v 0.9882979393005371 -4.288435459136963 1.2766987085342407
v 0.9751261472702026 -4.450434684753418 1.2550990581512451
v 0.7132146954536438 -4.351833820343018 1.5516963005065918
v 0.7170407772064209 -4.576644420623779 1.5256621837615967
v 0.7170407772064209 -4.576644420623779 1.5256621837615967
v 0.9712641835212708 -4.689786911010742 1.2367652654647827
v 0.9751261472702026 -4.450434684753418 1.2550990581512451
v 0.36797720193862915 -4.370439529418945 1.728370189666748
v 0.7170407772064209 -4.576644420623779 1.5256621837615967
v 0.7132146954536438 -4.351833820343018 1.5516963005065918
v 0.7170407772064209 -4.576644420623779 1.5256621837615967
v 0.36797720193862915 -4.370439529418945 1.728370189666748
v 0.28140753507614136 -4.682635307312012 1.7552697658538818
v 0.9712641835212708 -4.689786911010742 1.2367652654647827
v 0.7170407772064209 -4.576644420623779 1.5256621837615967
v 0.7233389019966125 -4.850424289703369 1.482729196548462
v 0.9712641835212708 -4.689786911010742 1.2367652654647827
v 1.1065959930419922 -4.600123882293701 0.9084962010383606
v 1.144065022468567 -4.549152851104736 0.9420369267463684
v 1.1065959930419922 -4.600123882293701 0.9084962010383606
v 0.9712641835212708 -4.689786911010742 1.2367652654647827
v 0.9499477744102478 -4.742616653442383 1.1821213960647583
v 0.7233389019966125 -4.850424289703369 1.482729196548462
v 0.9499477744102478 -4.742616653442383 1.1821213960647583
v 0.9712641835212708 -4.689786911010742 1.2367652654647827
v 0.9499477744102478 -4.742616653442383 1.1821213960647583
v 0.7233389019966125 -4.850424289703369 1.482729196548462
v 0.7175166010856628 -4.91268253326416 1.4074796438217163
v 0.5081408619880676 -5.105983734130859 1.5757560729980469
v 0.7175166010856628 -4.91268253326416 1.4074796438217163
v 0.7233389019966125 -4.850424289703369 1.482729196548462
v 0.5081408619880676 -5.105983734130859 1.5757560729980469
v 0.7170407772064209 -4.576644420623779 1.5256621837615967
v 0.28140753507614136 -4.682635307312012 1.7552697658538818
v 0.5081408619880676 -5.105983734130859 1.5757560729980469
v 0.7233389019966125 -4.850424289703369 1.482729196548462
v 0.7170407772064209 -4.576644420623779 1.5256621837615967
v 0.24760989844799042 -4.990616321563721 1.6903319358825684
v 0.5081408619880676 -5.105983734130859 1.5757560729980469
v 0.28140753507614136 -4.682635307312012 1.7552697658538818
v 0.24760989844799042 -4.990616321563721 1.6903319358825684
v 0.298597514629364 -5.409272193908691 1.5908068418502808
v 0.5081408619880676 -5.105983734130859 1.5757560729980469
v 0.7175166010856628 -4.91268253326416 1.4074796438217163
v 0.5081408619880676 -5.105983734130859 1.5757560729980469
v 0.5229458212852478 -5.124855995178223 1.4729270935058594
v 0.298597514629364 -5.409272193908691 1.5908068418502808
v 0.5229458212852478 -5.124855995178223 1.4729270935058594
v 0.5081408619880676 -5.105983734130859 1.5757560729980469
v 0.5229458212852478 -5.124855995178223 1.4729270935058594
v 0.298597514629364 -5.409272193908691 1.5908068418502808
v 0.3246861696243286 -5.496536731719971 1.4798507690429688
v 0.36797720193862915 -4.370439529418945 1.728370189666748
v -0.012253455817699432 -4.554633140563965 1.6408830881118774
v 0.28140753507614136 -4.682635307312012 1.7552697658538818
v -0.012253455817699432 -4.554633140563965 1.6408830881118774
v 0.36797720193862915 -4.370439529418945 1.728370189666748
v 0.1920062154531479 -4.029242992401123 1.6428369283676147
v 0.045558709651231766 -5.024479866027832 1.6270089149475098
v 0.28140753507614136 -4.682635307312012 1.7552697658538818
v -0.012253455817699432 -4.554633140563965 1.6408830881118774
v 0.28140753507614136 -4.682635307312012 1.7552697658538818
v 0.045558709651231766 -5.024479866027832 1.6270089149475098
v 0.24760989844799042 -4.990616321563721 1.6903319358825684
v 0.24760989844799042 -4.990616321563721 1.6903319358825684
v 0.045558709651231766 -5.024479866027832 1.6270089149475098
v 0.298597514629364 -5.409272193908691 1.5908068418502808
v 0.1920062154531479 -4.029242992401123 1.6428369283676147
v 0.339503675699234 -4.596738338470459 1.5156347751617432
v -0.012253455817699432 -4.554633140563965 1.6408830881118774
v 0.339503675699234 -4.596738338470459 1.5156347751617432
v 0.1920062154531479 -4.029242992401123 1.6428369283676147
v 0.4511767029762268 -4.143851280212402 1.537473440170288
v 0.4511767029762268 -4.143851280212402 1.537473440170288
v 0.6130098700523376 -4.498234272003174 1.3967844247817993
v 0.339503675699234 -4.596738338470459 1.5156347751617432
v 0.6130098700523376 -4.498234272003174 1.3967844247817993
v 0.4511767029762268 -4.143851280212402 1.537473440170288
v 0.646916925907135 -4.175867080688477 1.4144947528839111
v 0.646916925907135 -4.175867080688477 1.4144947528839111
v 0.8876768350601196 -4.388442516326904 1.1882740259170532
v 0.6130098700523376 -4.498234272003174 1.3967844247817993
v 0.8876768350601196 -4.388442516326904 1.1882740259170532
v 0.646916925907135 -4.175867080688477 1.4144947528839111
v 0.8756817579269409 -4.1826171875 1.1836639642715454
v 0.9499477744102478 -4.742616653442383 1.1821213960647583
v 0.6130098700523376 -4.498234272003174 1.3967844247817993
v 0.8876768350601196 -4.388442516326904 1.1882740259170532
v 0.6130098700523376 -4.498234272003174 1.3967844247817993
v 0.9499477744102478 -4.742616653442383 1.1821213960647583
v 0.7175166010856628 -4.91268253326416 1.4074796438217163
v 0.7175166010856628 -4.91268253326416 1.4074796438217163
v 0.339503675699234 -4.596738338470459 1.5156347751617432
v 0.6130098700523376 -4.498234272003174 1.3967844247817993
v 0.339503675699234 -4.596738338470459 1.5156347751617432
v 0.7175166010856628 -4.91268253326416 1.4074796438217163
v 0.5229458212852478 -5.124855995178223 1.4729270935058594
v 0.3246861696243286 -5.496536731719971 1.4798507690429688
v 0.339503675699234 -4.596738338470459 1.5156347751617432
v 0.5229458212852478 -5.124855995178223 1.4729270935058594
v 0.339503675699234 -4.596738338470459 1.5156347751617432
v 0.3246861696243286 -5.496536731719971 1.4798507690429688
v 0.045558709651231766 -5.024479866027832 1.6270089149475098
v 0.339503675699234 -4.596738338470459 1.5156347751617432
v 0.045558709651231766 -5.024479866027832 1.6270089149475098
v -0.012253455817699432 -4.554633140563965 1.6408830881118774
v 0.8756817579269409 -4.1826171875 1.1836639642715454
v 1.116605281829834 -4.304737091064453 0.8581672310829163
v 0.8876768350601196 -4.388442516326904 1.1882740259170532
v 1.116605281829834 -4.304737091064453 0.8581672310829163
v 0.8756817579269409 -4.1826171875 1.1836639642715454
v 1.0885666608810425 -4.093760967254639 0.8278146982192993
v 0.8876768350601196 -4.388442516326904 1.1882740259170532
v 1.1065959930419922 -4.600123882293701 0.9084962010383606
v 0.9499477744102478 -4.742616653442383 1.1821213960647583
v 1.1065959930419922 -4.600123882293701 0.9084962010383606
v 0.8876768350601196 -4.388442516326904 1.1882740259170532
v 1.116605281829834 -4.304737091064453 0.8581672310829163
v 1.0885666608810425 -4.093760967254639 0.8278146982192993
v 1.1700316667556763 -4.316585063934326 0.9266078472137451
v 1.116605281829834 -4.304737091064453 0.8581672310829163
v 1.1700316667556763 -4.316585063934326 0.9266078472137451
v 1.0885666608810425 -4.093760967254639 0.8278146982192993
v 1.156211495399475 -4.157942295074463 0.9450498819351196
v 1.144065022468567 -4.549152851104736 0.9420369267463684
v 1.116605281829834 -4.304737091064453 0.8581672310829163
v 1.1700316667556763 -4.316585063934326 0.9266078472137451
v 1.116605281829834 -4.304737091064453 0.8581672310829163
v 1.144065022468567 -4.549152851104736 0.9420369267463684
v 1.1065959930419922 -4.600123882293701 0.9084962010383606
v 0.045558709651231766 -5.024479866027832 1.6270089149475098
v 0.3246861696243286 -5.496536731719971 1.4798507690429688
v 0.298597514629364 -5.409272193908691 1.5908068418502808
v 0.9300320744514465 -2.015366554260254 1.2692468166351318
v 0.8753275871276855 -2.2421092987060547 0.5580872893333435
v 1.2578641176223755 -2.015366315841675 0.9457463026046753
v 0.8753275871276855 -2.2421092987060547 0.5580872893333435
v 0.9300320744514465 -2.015366554260254 1.2692468166351318
v 0.547495424747467 -2.242109537124634 0.8815880417823792
v 2.0383920669555664 0.0006496951682493091 1.7378252744674683
v 1.6178889274597168 -0.5800850987434387 1.9674140214920044
v 1.9457207918167114 -0.580085039138794 1.6439135074615479
v 1.6178889274597168 -0.5800850987434387 1.9674140214920044
v 2.0383920669555664 0.0006496951682493091 1.7378252744674683
v 1.7105599641799927 0.0006496668211184442 2.061326026916504
v 1.6178889274597168 -0.5800850987434387 1.9674140214920044
v 1.4957135915756226 -0.8745927810668945 1.187880277633667
v 1.9457207918167114 -0.580085039138794 1.6439135074615479
v 1.4957135915756226 -0.8745927810668945 1.187880277633667
v 1.6178889274597168 -0.5800850987434387 1.9674140214920044
v 1.1678814888000488 -0.8745927810668945 1.5113805532455444
v 1.1678814888000488 -0.8745927810668945 1.5113805532455444
v 1.3088124990463257 -1.598359227180481 0.9984765648841858
v 1.4957135915756226 -0.8745927810668945 1.187880277633667
v 1.3088124990463257 -1.598359227180481 0.9984765648841858
v 1.1678814888000488 -0.8745927810668945 1.5113805532455444
v 0.9809802174568176 -1.5983589887619019 1.321976900100708
v 0.9809802174568176 -1.5983589887619019 1.321976900100708
v 1.2578641176223755 -2.015366315841675 0.9457463026046753
v 1.3088124990463257 -1.598359227180481 0.9984765648841858
v 1.2578641176223755 -2.015366315841675 0.9457463026046753
v 0.9809802174568176 -1.5983589887619019 1.321976900100708
v 0.9300320744514465 -2.015366554260254 1.2692468166351318
v 2.0383920669555664 0.0006496951682493091 1.7378252744674683
v 1.9457207918167114 -0.580085039138794 1.6439135074615479
v 1.2853248119354248 0.000649761816021055 0.97467440366745
v 1.2853248119354248 0.000649761816021055 0.97467440366745
v 1.9457207918167114 -0.580085039138794 1.6439135074615479
v 1.4957135915756226 -0.8745927810668945 1.187880277633667
v 1.2853248119354248 0.000649761816021055 0.97467440366745
v 1.4957135915756226 -0.8745927810668945 1.187880277633667
v 1.0632562637329102 -0.8745927810668945 0.7496322393417358
v 1.4957135915756226 -0.8745927810668945 1.187880277633667
v 1.0049952268600464 -1.5828893184661865 0.6639025211334229
v 1.0632562637329102 -0.8745927810668945 0.7496322393417358
v 1.0049952268600464 -1.5828893184661865 0.6639025211334229
v 1.4957135915756226 -0.8745927810668945 1.187880277633667
v 1.3088124990463257 -1.598359227180481 0.9984765648841858
v 1.3088124990463257 -1.598359227180481 0.9984765648841858
v 0.8753275871276855 -2.2421092987060547 0.5580872893333435
v 1.0049952268600464 -1.5828893184661865 0.6639025211334229
v 0.8753275871276855 -2.2421092987060547 0.5580872893333435
v 1.3088124990463257 -1.598359227180481 0.9984765648841858
v 1.2578641176223755 -2.015366315841675 0.9457463026046753
v 0.9574926495552063 0.000649733585305512 1.2981748580932617
v 0.7354241013526917 -0.8745929002761841 1.073132872581482
v 1.1678814888000488 -0.8745927810668945 1.5113805532455444
v 0.7354241013526917 -0.8745929002761841 1.073132872581482
v 0.9809802174568176 -1.5983589887619019 1.321976900100708
v 1.1678814888000488 -0.8745927810668945 1.5113805532455444
v 0.9809802174568176 -1.5983589887619019 1.321976900100708
v 0.7354241013526917 -0.8745929002761841 1.073132872581482
v 0.6771629452705383 -1.5828896760940552 0.9874029159545898
v 0.6771629452705383 -1.5828896760940552 0.9874029159545898
v 0.9300320744514465 -2.015366554260254 1.2692468166351318
v 0.9809802174568176 -1.5983589887619019 1.321976900100708
v 0.9300320744514465 -2.015366554260254 1.2692468166351318
v 0.6771629452705383 -1.5828896760940552 0.9874029159545898
v 0.547495424747467 -2.242109537124634 0.8815880417823792
v 0.9574926495552063 0.000649733585305512 1.2981748580932617
v 1.1678814888000488 -0.8745927810668945 1.5113805532455444
v 1.6178889274597168 -0.5800850987434387 1.9674140214920044
v 0.9574926495552063 0.000649733585305512 1.2981748580932617
v 1.6178889274597168 -0.5800850987434387 1.9674140214920044
v 1.7105599641799927 0.0006496668211184442 2.061326026916504
v 1.2692465782165527 -2.015366554260254 -0.9300317168235779
v 0.5580872297286987 -2.242109537124634 -0.8753274083137512
v 0.945746123790741 -2.015366315841675 -1.2578638792037964
v 0.5580872297286987 -2.242109537124634 -0.8753274083137512
v 1.2692465782165527 -2.015366554260254 -0.9300317168235779
v 0.8815878629684448 -2.242109537124634 -0.5474952459335327
v 1.7378252744674683 0.0006500253221020103 -2.0383920669555664
v 1.9674142599105835 -0.5800851583480835 -1.6178888082504272
v 1.6439133882522583 -0.5800851583480835 -1.9457206726074219
v 1.9674142599105835 -0.5800851583480835 -1.6178888082504272
v 1.7378252744674683 0.0006500253221020103 -2.0383920669555664
v 2.061326026916504 0.0006499966257251799 -1.7105599641799927
v 1.9674142599105835 -0.5800851583480835 -1.6178888082504272
v 1.1878801584243774 -0.8745929002761841 -1.4957135915756226
v 1.6439133882522583 -0.5800851583480835 -1.9457206726074219
v 1.1878801584243774 -0.8745929002761841 -1.4957135915756226
v 1.9674142599105835 -0.5800851583480835 -1.6178888082504272
v 1.5113805532455444 -0.8745927810668945 -1.1678812503814697
v 1.5113805532455444 -0.8745927810668945 -1.1678812503814697
v 0.9984765648841858 -1.598359227180481 -1.3088122606277466
v 1.1878801584243774 -0.8745929002761841 -1.4957135915756226
v 0.9984765648841858 -1.598359227180481 -1.3088122606277466
v 1.5113805532455444 -0.8745927810668945 -1.1678812503814697
v 1.321976900100708 -1.5983589887619019 -0.9809800386428833
v 1.321976900100708 -1.5983589887619019 -0.9809800386428833
v 0.945746123790741 -2.015366315841675 -1.2578638792037964
v 0.9984765648841858 -1.598359227180481 -1.3088122606277466
v 0.945746123790741 -2.015366315841675 -1.2578638792037964
v 1.321976900100708 -1.5983589887619019 -0.9809800386428833
v 1.2692465782165527 -2.015366554260254 -0.9300317168235779
v 1.7378252744674683 0.0006500253221020103 -2.0383920669555664
v 1.6439133882522583 -0.5800851583480835 -1.9457206726074219
v 0.97467440366745 0.0006499594310298562 -1.2853246927261353
v 0.97467440366745 0.0006499594310298562 -1.2853246927261353
v 1.6439133882522583 -0.5800851583480835 -1.9457206726074219
v 1.1878801584243774 -0.8745929002761841 -1.4957135915756226
v 0.97467440366745 0.0006499594310298562 -1.2853246927261353
v 1.1878801584243774 -0.8745929002761841 -1.4957135915756226
v 0.7496322393417358 -0.8745927214622498 -1.063256025314331
v 1.1878801584243774 -0.8745929002761841 -1.4957135915756226
v 0.6639024019241333 -1.5828895568847656 -1.0049949884414673
v 0.7496322393417358 -0.8745927214622498 -1.063256025314331
v 0.6639024019241333 -1.5828895568847656 -1.0049949884414673
v 1.1878801584243774 -0.8745929002761841 -1.4957135915756226
v 0.9984765648841858 -1.598359227180481 -1.3088122606277466
v 0.9984765648841858 -1.598359227180481 -1.3088122606277466
v 0.5580872297286987 -2.242109537124634 -0.8753274083137512
v 0.6639024019241333 -1.5828895568847656 -1.0049949884414673
v 0.5580872297286987 -2.242109537124634 -0.8753274083137512
v 0.9984765648841858 -1.598359227180481 -1.3088122606277466
v 0.945746123790741 -2.015366315841675 -1.2578638792037964
v 1.2981748580932617 0.0006499307346530259 -0.9574925303459167
v 1.073132872581482 -0.8745929002761841 -0.7354239225387573
v 1.5113805532455444 -0.8745927810668945 -1.1678812503814697
v 1.073132872581482 -0.8745929002761841 -0.7354239225387573
v 1.321976900100708 -1.5983589887619019 -0.9809800386428833
v 1.5113805532455444 -0.8745927810668945 -1.1678812503814697
v 1.321976900100708 -1.5983589887619019 -0.9809800386428833
v 1.073132872581482 -0.8745929002761841 -0.7354239225387573
v 0.9874028563499451 -1.5828897953033447 -0.677162766456604
v 0.9874028563499451 -1.5828897953033447 -0.677162766456604
v 1.2692465782165527 -2.015366554260254 -0.9300317168235779
v 1.321976900100708 -1.5983589887619019 -0.9809800386428833
v 1.2692465782165527 -2.015366554260254 -0.9300317168235779
v 0.9874028563499451 -1.5828897953033447 -0.677162766456604
v 0.8815878629684448 -2.242109537124634 -0.5474952459335327
v 1.2981748580932617 0.0006499307346530259 -0.9574925303459167
v 1.5113805532455444 -0.8745927810668945 -1.1678812503814697
v 1.9674142599105835 -0.5800851583480835 -1.6178888082504272
v 1.2981748580932617 0.0006499307346530259 -0.9574925303459167
v 1.9674142599105835 -0.5800851583480835 -1.6178888082504272
v 2.061326026916504 0.0006499966257251799 -1.7105599641799927
v 0.6299685835838318 -5.10917329788208 -0.1653243452310562
v 0.4757990539073944 -5.175832271575928 -0.4550548493862152
v 0.533951997756958 -5.15107536315918 -0.16596302390098572
v 0.4896722733974457 -6.001260757446289 -0.7826923727989197
v 0.11171264201402664 -6.346049785614014 -0.8440163135528564
v 0.15995070338249207 -6.328546047210693 -1.0177860260009766
v 0.11171264201402664 -6.346049785614014 -0.8440163135528564
v 0.4896722733974457 -6.001260757446289 -0.7826923727989197
v 0.3950805068016052 -6.03357458114624 -0.6149418950080872
v 0.4757990539073944 -5.175832271575928 -0.4550548493862152
v 0.7447088360786438 -5.382098197937012 -0.16456089913845062
v 0.6197701692581177 -5.45379638671875 -0.49837175011634827
v 0.7447088360786438 -5.382098197937012 -0.16456089913845062
v 0.4757990539073944 -5.175832271575928 -0.4550548493862152
v 0.6299685835838318 -5.10917329788208 -0.1653243452310562
v 0.6197701692581177 -5.45379638671875 -0.49837175011634827
v 0.23443041741847992 -5.319900989532471 -0.7349908947944641
v 0.4757990539073944 -5.175832271575928 -0.4550548493862152
v 0.23443041741847992 -5.319900989532471 -0.7349908947944641
v 0.1052510142326355 -6.012279033660889 -1.0406790971755981
v -0.062328893691301346 -5.58043909072876 -0.9658832550048828
v 0.1052510142326355 -6.012279033660889 -1.0406790971755981
v 0.23443041741847992 -5.319900989532471 -0.7349908947944641
v 0.4244079887866974 -5.641380310058594 -0.7698836922645569
v 0.4244079887866974 -5.641380310058594 -0.7698836922645569
v 0.15995070338249207 -6.328546047210693 -1.0177860260009766
v 0.1052510142326355 -6.012279033660889 -1.0406790971755981
v 0.15995070338249207 -6.328546047210693 -1.0177860260009766
v 0.4244079887866974 -5.641380310058594 -0.7698836922645569
v 0.4896722733974457 -6.001260757446289 -0.7826923727989197
v 0.15995070338249207 -6.328546047210693 -1.0177860260009766
v -0.2597639858722687 -6.309008598327637 -1.3123482465744019
v 0.1052510142326355 -6.012279033660889 -1.0406790971755981
v -0.2597639858722687 -6.309008598327637 -1.3123482465744019
v 0.15995070338249207 -6.328546047210693 -1.0177860260009766
v -0.17950183153152466 -6.587398529052734 -1.2725028991699219
v 0.15995070338249207 -6.328546047210693 -1.0177860260009766
v 0.20088981091976166 -6.79939079284668 -0.9708094000816345
v -0.17950183153152466 -6.587398529052734 -1.2725028991699219
v -0.17950183153152466 -6.587398529052734 -1.2725028991699219
v -0.6328319311141968 -6.600972652435303 -1.415651798248291
v -0.2597639858722687 -6.309008598327637 -1.3123482465744019
v -0.7253208160400391 -6.23744535446167 -1.4107650518417358
v -0.2597639858722687 -6.309008598327637 -1.3123482465744019
v -0.6328319311141968 -6.600972652435303 -1.415651798248291
v -0.7253208160400391 -6.23744535446167 -1.4107650518417358
v -0.6328319311141968 -6.600972652435303 -1.415651798248291
v -1.1029307842254639 -6.914368629455566 -1.4305768013000488
v -0.2597639858722687 -6.309008598327637 -1.3123482465744019
v -0.7253208160400391 -6.23744535446167 -1.4107650518417358
v -0.34715914726257324 -6.177560806274414 -1.2622178792953491
v 0.1052510142326355 -6.012279033660889 -1.0406790971755981
v -0.2597639858722687 -6.309008598327637 -1.3123482465744019
v -0.34715914726257324 -6.177560806274414 -1.2622178792953491
v -0.09247313439846039 -5.898581504821777 -1.0226292610168457
v 0.1052510142326355 -6.012279033660889 -1.0406790971755981
v -0.34715914726257324 -6.177560806274414 -1.2622178792953491
v -0.6328319311141968 -6.600972652435303 -1.415651798248291
v -0.17950183153152466 -6.587398529052734 -1.2725028991699219
v -0.5699793696403503 -6.921539306640625 -1.3932418823242188
v -1.1029307842254639 -6.914368629455566 -1.4305768013000488
v -0.6328319311141968 -6.600972652435303 -1.415651798248291
v -0.5699793696403503 -6.921539306640625 -1.3932418823242188
v -1.1029307842254639 -6.914368629455566 -1.4305768013000488
v -0.5699793696403503 -6.921539306640625 -1.3932418823242188
v -1.1196823120117188 -7.531185150146484 -1.3906049728393555
v -0.516278862953186 -7.298289775848389 -1.2584192752838135
v -1.1196823120117188 -7.531185150146484 -1.3906049728393555
v -0.5699793696403503 -6.921539306640625 -1.3932418823242188
v -1.1196823120117188 -7.531185150146484 -1.3906049728393555
v -0.516278862953186 -7.298289775848389 -1.2584192752838135
v -0.8285463452339172 -7.59217643737793 -1.3293441534042358
v -0.5699793696403503 -6.921539306640625 -1.3932418823242188
v -0.14215947687625885 -7.024844646453857 -1.1371053457260132
v -0.516278862953186 -7.298289775848389 -1.2584192752838135
v -0.14215947687625885 -7.024844646453857 -1.1371053457260132
v -0.5699793696403503 -6.921539306640625 -1.3932418823242188
v -0.17950183153152466 -6.587398529052734 -1.2725028991699219
v -0.17950183153152466 -6.587398529052734 -1.2725028991699219
v 0.140060693025589 -6.897823333740234 -0.9925007224082947
v -0.14215947687625885 -7.024844646453857 -1.1371053457260132
v -0.17950183153152466 -6.587398529052734 -1.2725028991699219
v 0.20088981091976166 -6.79939079284668 -0.9708094000816345
v 0.140060693025589 -6.897823333740234 -0.9925007224082947
v -1.1196823120117188 -7.531185150146484 -1.3906049728393555
v -0.8285463452339172 -7.59217643737793 -1.3293441534042358
v -1.0924147367477417 -8.06911563873291 -1.2729099988937378
v -1.1029307842254639 -6.914368629455566 -1.4305768013000488
v -1.3293999433517456 -7.508336067199707 -1.211905837059021
v -1.2437756061553955 -6.886087417602539 -1.2922700643539429
v -1.3293999433517456 -7.508336067199707 -1.211905837059021
v -1.1029307842254639 -6.914368629455566 -1.4305768013000488
v -1.1196823120117188 -7.531185150146484 -1.3906049728393555
v -1.1196823120117188 -7.531185150146484 -1.3906049728393555
v -1.3328993320465088 -8.226544380187988 -1.0771828889846802
v -1.3293999433517456 -7.508336067199707 -1.211905837059021
v -1.3328993320465088 -8.226544380187988 -1.0771828889846802
v -1.1196823120117188 -7.531185150146484 -1.3906049728393555
v -1.0924147367477417 -8.06911563873291 -1.2729099988937378
v -0.8177177906036377 -6.214528560638428 -1.350972294807434
v -1.1029307842254639 -6.914368629455566 -1.4305768013000488
v -1.2437756061553955 -6.886087417602539 -1.2922700643539429
v -1.1029307842254639 -6.914368629455566 -1.4305768013000488
v -0.8177177906036377 -6.214528560638428 -1.350972294807434
v -0.7253208160400391 -6.23744535446167 -1.4107650518417358
v -0.062328893691301346 -5.58043909072876 -0.9658832550048828
v 0.36292171478271484 -5.653345108032227 -0.6196537017822266
v 0.23443041741847992 -5.319900989532471 -0.7349908947944641
v 0.36292171478271484 -5.653345108032227 -0.6196537017822266
v -0.062328893691301346 -5.58043909072876 -0.9658832550048828
v 0.04678978770971298 -6.025330543518066 -0.8963447213172913
v 0.04678978770971298 -6.025330543518066 -0.8963447213172913
v 0.3950805068016052 -6.03357458114624 -0.6149418950080872
v 0.36292171478271484 -5.653345108032227 -0.6196537017822266
v 0.3950805068016052 -6.03357458114624 -0.6149418950080872
v 0.04678978770971298 -6.025330543518066 -0.8963447213172913
v 0.11171264201402664 -6.346049785614014 -0.8440163135528564
v 0.48829326033592224 -5.506515979766846 -0.44471868872642517
v 0.23443041741847992 -5.319900989532471 -0.7349908947944641
v 0.36292171478271484 -5.653345108032227 -0.6196537017822266
v 0.23443041741847992 -5.319900989532471 -0.7349908947944641
v 0.48829326033592224 -5.506515979766846 -0.44471868872642517
v 0.4757990539073944 -5.175832271575928 -0.4550548493862152
v -0.09247313439846039 -5.898581504821777 -1.0226292610168457
v 0.04678978770971298 -6.025330543518066 -0.8963447213172913
v -0.062328893691301346 -5.58043909072876 -0.9658832550048828
v -0.34715914726257324 -6.177560806274414 -1.2622178792953491
v 0.04678978770971298 -6.025330543518066 -0.8963447213172913
v -0.09247313439846039 -5.898581504821777 -1.0226292610168457
v -0.34715914726257324 -6.177560806274414 -1.2622178792953491
v -0.3377145826816559 -6.313356876373291 -1.1995930671691895
v 0.04678978770971298 -6.025330543518066 -0.8963447213172913
v -0.3377145826816559 -6.313356876373291 -1.1995930671691895
v 0.11171264201402664 -6.346049785614014 -0.8440163135528564
v 0.04678978770971298 -6.025330543518066 -0.8963447213172913
v -0.8177177906036377 -6.214528560638428 -1.350972294807434
v -0.3377145826816559 -6.313356876373291 -1.1995930671691895
v -0.34715914726257324 -6.177560806274414 -1.2622178792953491
v -0.3377145826816559 -6.313356876373291 -1.1995930671691895
v -0.8177177906036377 -6.214528560638428 -1.350972294807434
v -0.7460224032402039 -6.585018157958984 -1.3276617527008057
v -0.7460224032402039 -6.585018157958984 -1.3276617527008057
v -0.2784433960914612 -6.585320949554443 -1.1283397674560547
v -0.3377145826816559 -6.313356876373291 -1.1995930671691895
v 0.11171264201402664 -6.346049785614014 -0.8440163135528564
v -0.3377145826816559 -6.313356876373291 -1.1995930671691895
v -0.2784433960914612 -6.585320949554443 -1.1283397674560547
v -0.2784433960914612 -6.585320949554443 -1.1283397674560547
v -0.7460224032402039 -6.585018157958984 -1.3276617527008057
v -0.6902296543121338 -6.908803462982178 -1.2462174892425537
v -0.6902296543121338 -6.908803462982178 -1.2462174892425537
v -0.22812199592590332 -7.019627571105957 -0.9853366613388062
v -0.2784433960914612 -6.585320949554443 -1.1283397674560547
v -0.2784433960914612 -6.585320949554443 -1.1283397674560547
v -0.22812199592590332 -7.019627571105957 -0.9853366613388062
v 0.06211227923631668 -6.893731594085693 -0.7994186282157898
v -0.22812199592590332 -7.019627571105957 -0.9853366613388062
v -0.6902296543121338 -6.908803462982178 -1.2462174892425537
v -0.6075082421302795 -7.27529764175415 -1.1047911643981934
v -1.2437756061553955 -6.886087417602539 -1.2922700643539429
v -0.6902296543121338 -6.908803462982178 -1.2462174892425537
v -0.7460224032402039 -6.585018157958984 -1.3276617527008057
v -1.2437756061553955 -6.886087417602539 -1.2922700643539429
v -0.7460224032402039 -6.585018157958984 -1.3276617527008057
v -0.8177177906036377 -6.214528560638428 -1.350972294807434
v -1.2437756061553955 -6.886087417602539 -1.2922700643539429
v -1.3293999433517456 -7.508336067199707 -1.211905837059021
v -0.6902296543121338 -6.908803462982178 -1.2462174892425537
v -1.3293999433517456 -7.508336067199707 -1.211905837059021
v -0.6075082421302795 -7.27529764175415 -1.1047911643981934
v -0.6902296543121338 -6.908803462982178 -1.2462174892425537
v -0.2784433960914612 -6.585320949554443 -1.1283397674560547
v 0.06211227923631668 -6.893731594085693 -0.7994186282157898
v 0.10326670110225677 -6.806528091430664 -0.7817486524581909
v -0.2784433960914612 -6.585320949554443 -1.1283397674560547
v 0.10326670110225677 -6.806528091430664 -0.7817486524581909
v 0.11171264201402664 -6.346049785614014 -0.8440163135528564
v -0.6075082421302795 -7.27529764175415 -1.1047911643981934
v -1.3293999433517456 -7.508336067199707 -1.211905837059021
v -0.9178126454353333 -7.606803894042969 -1.1457390785217285
v -1.3293999433517456 -7.508336067199707 -1.211905837059021
v -1.3328993320465088 -8.226544380187988 -1.0771828889846802
v -0.9178126454353333 -7.606803894042969 -1.1457390785217285
v 0.533951997756958 -5.15107536315918 -0.16596302390098572
v 0.7447088360786438 -5.382098197937012 -0.16456089913845062
v 0.6299685835838318 -5.10917329788208 -0.1653243452310562
v 0.7447088360786438 -5.382098197937012 -0.16456089913845062
v 0.533951997756958 -5.15107536315918 -0.16596302390098572
v 0.5856765508651733 -5.430328369140625 -0.1591753214597702
v 0.23443041741847992 -5.319900989532471 -0.7349908947944641
v 0.6197701692581177 -5.45379638671875 -0.49837175011634827
v 0.4244079887866974 -5.641380310058594 -0.7698836922645569
v 0.4757990539073944 -5.175832271575928 -0.4550548493862152
v 0.5856765508651733 -5.430328369140625 -0.1591753214597702
v 0.533951997756958 -5.15107536315918 -0.16596302390098572
v 0.5856765508651733 -5.430328369140625 -0.1591753214597702
v 0.4757990539073944 -5.175832271575928 -0.4550548493862152
v 0.48829326033592224 -5.506515979766846 -0.44471868872642517
v 0.11171264201402664 -6.346049785614014 -0.8440163135528564
v 0.20088981091976166 -6.79939079284668 -0.9708094000816345
v 0.15995070338249207 -6.328546047210693 -1.0177860260009766
v 0.20088981091976166 -6.79939079284668 -0.9708094000816345
v 0.11171264201402664 -6.346049785614014 -0.8440163135528564
v 0.10326670110225677 -6.806528091430664 -0.7817486524581909
v 0.5856765508651733 -5.430328369140625 -0.1591753214597702
v 0.6197701692581177 -5.45379638671875 -0.49837175011634827
v 0.7447088360786438 -5.382098197937012 -0.16456089913845062
v 0.6197701692581177 -5.45379638671875 -0.49837175011634827
v 0.5856765508651733 -5.430328369140625 -0.1591753214597702
v 0.48829326033592224 -5.506515979766846 -0.44471868872642517
v 0.36292171478271484 -5.653345108032227 -0.6196537017822266
v 0.6197701692581177 -5.45379638671875 -0.49837175011634827
v 0.48829326033592224 -5.506515979766846 -0.44471868872642517
v 0.6197701692581177 -5.45379638671875 -0.49837175011634827
v 0.36292171478271484 -5.653345108032227 -0.6196537017822266
v 0.4244079887866974 -5.641380310058594 -0.7698836922645569
v 0.3950805068016052 -6.03357458114624 -0.6149418950080872
v 0.4244079887866974 -5.641380310058594 -0.7698836922645569
v 0.36292171478271484 -5.653345108032227 -0.6196537017822266
v 0.4244079887866974 -5.641380310058594 -0.7698836922645569
v 0.3950805068016052 -6.03357458114624 -0.6149418950080872
v 0.4896722733974457 -6.001260757446289 -0.7826923727989197
v -0.14215947687625885 -7.024844646453857 -1.1371053457260132
v 0.06211227923631668 -6.893731594085693 -0.7994186282157898
v -0.22812199592590332 -7.019627571105957 -0.9853366613388062
v 0.06211227923631668 -6.893731594085693 -0.7994186282157898
v -0.14215947687625885 -7.024844646453857 -1.1371053457260132
v 0.140060693025589 -6.897823333740234 -0.9925007224082947
v -0.22812199592590332 -7.019627571105957 -0.9853366613388062
v -0.516278862953186 -7.298289775848389 -1.2584192752838135
v -0.14215947687625885 -7.024844646453857 -1.1371053457260132
v -0.516278862953186 -7.298289775848389 -1.2584192752838135
v -0.22812199592590332 -7.019627571105957 -0.9853366613388062
v -0.6075082421302795 -7.27529764175415 -1.1047911643981934
v -0.6075082421302795 -7.27529764175415 -1.1047911643981934
v -0.8285463452339172 -7.59217643737793 -1.3293441534042358
v -0.516278862953186 -7.298289775848389 -1.2584192752838135
v -0.8285463452339172 -7.59217643737793 -1.3293441534042358
v -0.6075082421302795 -7.27529764175415 -1.1047911643981934
v -0.9178126454353333 -7.606803894042969 -1.1457390785217285
v -0.9178126454353333 -7.606803894042969 -1.1457390785217285
v -1.0924147367477417 -8.06911563873291 -1.2729099988937378
v -0.8285463452339172 -7.59217643737793 -1.3293441534042358
v -1.0924147367477417 -8.06911563873291 -1.2729099988937378
v -0.9178126454353333 -7.606803894042969 -1.1457390785217285
v -1.3328993320465088 -8.226544380187988 -1.0771828889846802
v -0.062328893691301346 -5.58043909072876 -0.9658832550048828
v 0.1052510142326355 -6.012279033660889 -1.0406790971755981
v -0.09247313439846039 -5.898581504821777 -1.0226292610168457
v -0.34715914726257324 -6.177560806274414 -1.2622178792953491
v -0.7253208160400391 -6.23744535446167 -1.4107650518417358
v -0.8177177906036377 -6.214528560638428 -1.350972294807434
v 0.140060693025589 -6.897823333740234 -0.9925007224082947
v 0.10326670110225677 -6.806528091430664 -0.7817486524581909
v 0.06211227923631668 -6.893731594085693 -0.7994186282157898
v 0.10326670110225677 -6.806528091430664 -0.7817486524581909
v 0.140060693025589 -6.897823333740234 -0.9925007224082947
v 0.20088981091976166 -6.79939079284668 -0.9708094000816345
v 0.6277133226394653 -5.109172344207764 0.17375218868255615
v 0.5316965579986572 -5.151073932647705 0.1731133610010147
v 0.4697035849094391 -5.175832271575928 0.46140608191490173
v 0.47921693325042725 -6.001262664794922 0.7891993522644043
v 0.10047580301761627 -6.346048831939697 0.8454912900924683
v 0.3868650496006012 -6.03357458114624 0.6202052235603333
v 0.10047580301761627 -6.346048831939697 0.8454912900924683
v 0.47921693325042725 -6.001262664794922 0.7891993522644043
v 0.14639826118946075 -6.328546524047852 1.0198864936828613
v 0.4697035849094391 -5.175832271575928 0.46140608191490173
v 0.7424542903900146 -5.382097244262695 0.17451545596122742
v 0.6277133226394653 -5.109172344207764 0.17375218868255615
v 0.7424542903900146 -5.382097244262695 0.17451545596122742
v 0.4697035849094391 -5.175832271575928 0.46140608191490173
v 0.6130858659744263 -5.45379638671875 0.5066344738006592
v 0.22463279962539673 -5.319900989532471 0.7381082773208618
v 0.6130858659744263 -5.45379638671875 0.5066344738006592
v 0.4697035849094391 -5.175832271575928 0.46140608191490173
v 0.22463279962539673 -5.319900989532471 0.7381082773208618
v 0.09139883518218994 -6.012278079986572 1.0420498847961426
v 0.414127916097641 -5.641380310058594 0.7755236625671387
v 0.09139883518218994 -6.012278079986572 1.0420498847961426
v 0.22463279962539673 -5.319900989532471 0.7381082773208618
v -0.07517111301422119 -5.580440044403076 0.965031623840332
v 0.14639826118946075 -6.328546524047852 1.0198864936828613
v 0.414127916097641 -5.641380310058594 0.7755236625671387
v 0.09139883518218994 -6.012278079986572 1.0420498847961426
v 0.414127916097641 -5.641380310058594 0.7755236625671387
v 0.14639826118946075 -6.328546524047852 1.0198864936828613
v 0.47921693325042725 -6.001262664794922 0.7891993522644043
v -0.2771974503993988 -6.309011936187744 1.308840036392212
v 0.14639826118946075 -6.328546524047852 1.0198864936828613
v 0.09139883518218994 -6.012278079986572 1.0420498847961426
v 0.14639826118946075 -6.328546524047852 1.0198864936828613
v -0.2771974503993988 -6.309011936187744 1.308840036392212
v -0.19641253352165222 -6.587400436401367 1.270066499710083
v 0.14639826118946075 -6.328546524047852 1.0198864936828613
v -0.19641253352165222 -6.587400436401367 1.270066499710083
v 0.18795868754386902 -6.799391269683838 0.9734587073326111
v -0.6516056060791016 -6.6009674072265625 1.4071708917617798
v -0.19641253352165222 -6.587400436401367 1.270066499710083
v -0.2771974503993988 -6.309011936187744 1.308840036392212
v -0.2771974503993988 -6.309011936187744 1.308840036392212
v -0.7440216541290283 -6.2374396324157715 1.401053786277771
v -0.6516056060791016 -6.6009674072265625 1.4071708917617798
v -0.7440216541290283 -6.2374396324157715 1.401053786277771
v -1.1218618154525757 -6.914363861083984 1.4158450365066528
v -0.6516056060791016 -6.6009674072265625 1.4071708917617798
v -0.7440216541290283 -6.2374396324157715 1.401053786277771
v -0.2771974503993988 -6.309011936187744 1.308840036392212
v -0.3639181852340698 -6.177560329437256 1.2575511932373047
v 0.09139883518218994 -6.012278079986572 1.0420498847961426
v -0.3639181852340698 -6.177560329437256 1.2575511932373047
v -0.2771974503993988 -6.309011936187744 1.308840036392212
v -0.10606783628463745 -5.8985819816589355 1.0213720798492432
v -0.3639181852340698 -6.177560329437256 1.2575511932373047
v 0.09139883518218994 -6.012278079986572 1.0420498847961426
v -0.19641253352165222 -6.587400436401367 1.270066499710083
v -0.6516056060791016 -6.6009674072265625 1.4071708917617798
v -0.5884607434272766 -6.921541213989258 1.3856008052825928
v -1.1218618154525757 -6.914363861083984 1.4158450365066528
v -0.5884607434272766 -6.921541213989258 1.3856008052825928
v -0.6516056060791016 -6.6009674072265625 1.4071708917617798
v -1.1218618154525757 -6.914363861083984 1.4158450365066528
v -1.1380802392959595 -7.531185626983643 1.3756519556045532
v -0.5884607434272766 -6.921541213989258 1.3856008052825928
v -1.1380802392959595 -7.531185626983643 1.3756519556045532
v -0.5329727530479431 -7.298287868499756 1.2515043020248413
v -0.5884607434272766 -6.921541213989258 1.3856008052825928
v -0.5329727530479431 -7.298287868499756 1.2515043020248413
v -1.1380802392959595 -7.531185626983643 1.3756519556045532
v -0.8461555242538452 -7.5921783447265625 1.3182696104049683
v -0.5884607434272766 -6.921541213989258 1.3856008052825928
v -0.1572730839252472 -7.024844169616699 1.1351773738861084
v -0.19641253352165222 -6.587400436401367 1.270066499710083
v -0.1572730839252472 -7.024844169616699 1.1351773738861084
v -0.5884607434272766 -6.921541213989258 1.3856008052825928
v -0.5329727530479431 -7.298287868499756 1.2515043020248413
v -0.19641253352165222 -6.587400436401367 1.270066499710083
v -0.1572730839252472 -7.024844169616699 1.1351773738861084
v 0.12684647738933563 -6.897825241088867 0.9943381547927856
v -0.19641253352165222 -6.587400436401367 1.270066499710083
v 0.12684647738933563 -6.897825241088867 0.9943381547927856
v 0.18795868754386902 -6.799391269683838 0.9734587073326111
v -1.1380802392959595 -7.531185626983643 1.3756519556045532
v -1.1092495918273926 -8.069116592407227 1.2583307027816772
v -0.8461555242538452 -7.5921783447265625 1.3182696104049683
v -1.1218618154525757 -6.914363861083984 1.4158450365066528
v -1.3454029560089111 -7.508335590362549 1.1941787004470825
v -1.1380802392959595 -7.531185626983643 1.3756519556045532
v -1.3454029560089111 -7.508335590362549 1.1941787004470825
v -1.1218618154525757 -6.914363861083984 1.4158450365066528
v -1.2608544826507568 -6.886089324951172 1.2756763696670532
v -1.347109317779541 -8.226544380187988 1.0594217777252197
v -1.1380802392959595 -7.531185626983643 1.3756519556045532
v -1.3454029560089111 -7.508335590362549 1.1941787004470825
v -1.1380802392959595 -7.531185626983643 1.3756519556045532
v -1.347109317779541 -8.226544380187988 1.0594217777252197
v -1.1092495918273926 -8.069116592407227 1.2583307027816772
v -1.1218618154525757 -6.914363861083984 1.4158450365066528
v -0.8356150388717651 -6.214529514312744 1.340038776397705
v -1.2608544826507568 -6.886089324951172 1.2756763696670532
v -0.8356150388717651 -6.214529514312744 1.340038776397705
v -1.1218618154525757 -6.914363861083984 1.4158450365066528
v -0.7440216541290283 -6.2374396324157715 1.401053786277771
v -0.07517111301422119 -5.580440044403076 0.965031623840332
v 0.3546467125415802 -5.653344631195068 0.6244895458221436
v 0.034862641245126724 -6.025331497192383 0.8969509601593018
v 0.3546467125415802 -5.653344631195068 0.6244895458221436
v -0.07517111301422119 -5.580440044403076 0.965031623840332
v 0.22463279962539673 -5.319900989532471 0.7381082773208618
v 0.3868650496006012 -6.03357458114624 0.6202052235603333
v 0.034862641245126724 -6.025331497192383 0.8969509601593018
v 0.3546467125415802 -5.653344631195068 0.6244895458221436
v 0.034862641245126724 -6.025331497192383 0.8969509601593018
v 0.3868650496006012 -6.03357458114624 0.6202052235603333
v 0.10047580301761627 -6.346048831939697 0.8454912900924683
v 0.22463279962539673 -5.319900989532471 0.7381082773208618
v 0.48233407735824585 -5.506516456604004 0.4512368440628052
v 0.3546467125415802 -5.653344631195068 0.6244895458221436
v 0.48233407735824585 -5.506516456604004 0.4512368440628052
v 0.22463279962539673 -5.319900989532471 0.7381082773208618
v 0.4697035849094391 -5.175832271575928 0.46140608191490173
v -0.10606783628463745 -5.8985819816589355 1.0213720798492432
v -0.07517111301422119 -5.580440044403076 0.965031623840332
v 0.034862641245126724 -6.025331497192383 0.8969509601593018
v -0.3639181852340698 -6.177560329437256 1.2575511932373047
v -0.10606783628463745 -5.8985819816589355 1.0213720798492432
v 0.034862641245126724 -6.025331497192383 0.8969509601593018
v -0.3639181852340698 -6.177560329437256 1.2575511932373047
v 0.034862641245126724 -6.025331497192383 0.8969509601593018
v -0.3536413013935089 -6.313356399536133 1.1950583457946777
v 0.10047580301761627 -6.346048831939697 0.8454912900924683
v -0.3536413013935089 -6.313356399536133 1.1950583457946777
v 0.034862641245126724 -6.025331497192383 0.8969509601593018
v -0.3536413013935089 -6.313356399536133 1.1950583457946777
v -0.8356150388717651 -6.214529514312744 1.340038776397705
v -0.3639181852340698 -6.177560329437256 1.2575511932373047
v -0.8356150388717651 -6.214529514312744 1.340038776397705
v -0.3536413013935089 -6.313356399536133 1.1950583457946777
v -0.7636166214942932 -6.585018634796143 1.3176839351654053
v -0.29342785477638245 -6.585320472717285 1.124598741531372
v -0.7636166214942932 -6.585018634796143 1.3176839351654053
v -0.3536413013935089 -6.313356399536133 1.1950583457946777
v -0.3536413013935089 -6.313356399536133 1.1950583457946777
v 0.10047580301761627 -6.346048831939697 0.8454912900924683
v -0.29342785477638245 -6.585320472717285 1.124598741531372
v -0.7636166214942932 -6.585018634796143 1.3176839351654053
v -0.29342785477638245 -6.585320472717285 1.124598741531372
v -0.7067455053329468 -6.9088029861450195 1.2369887828826904
v -0.2412085086107254 -7.01962947845459 0.9822781682014465
v -0.7067455053329468 -6.9088029861450195 1.2369887828826904
v -0.29342785477638245 -6.585320472717285 1.124598741531372
v -0.29342785477638245 -6.585320472717285 1.124598741531372
v 0.05147286877036095 -6.893732070922852 0.8002368807792664
v -0.2412085086107254 -7.01962947845459 0.9822781682014465
v -0.7067455053329468 -6.9088029861450195 1.2369887828826904
v -0.2412085086107254 -7.01962947845459 0.9822781682014465
v -0.6221508979797363 -7.275297164916992 1.0966765880584717
v -1.2608544826507568 -6.886089324951172 1.2756763696670532
v -0.7636166214942932 -6.585018634796143 1.3176839351654053
v -0.7067455053329468 -6.9088029861450195 1.2369887828826904
v -1.2608544826507568 -6.886089324951172 1.2756763696670532
v -0.8356150388717651 -6.214529514312744 1.340038776397705
v -0.7636166214942932 -6.585018634796143 1.3176839351654053
v -1.2608544826507568 -6.886089324951172 1.2756763696670532
v -0.7067455053329468 -6.9088029861450195 1.2369887828826904
v -1.3454029560089111 -7.508335590362549 1.1941787004470825
v -0.6221508979797363 -7.275297164916992 1.0966765880584717
v -1.3454029560089111 -7.508335590362549 1.1941787004470825
v -0.7067455053329468 -6.9088029861450195 1.2369887828826904
v -0.29342785477638245 -6.585320472717285 1.124598741531372
v 0.0928587093949318 -6.806528568267822 0.7831162810325623
v 0.05147286877036095 -6.893732070922852 0.8002368807792664
v -0.29342785477638245 -6.585320472717285 1.124598741531372
v 0.10047580301761627 -6.346048831939697 0.8454912900924683
v 0.0928587093949318 -6.806528568267822 0.7831162810325623
v -1.3454029560089111 -7.508335590362549 1.1941787004470825
v -0.6221508979797363 -7.275297164916992 1.0966765880584717
v -0.9329735636711121 -7.606804847717285 1.1334924697875977
v -1.3454029560089111 -7.508335590362549 1.1941787004470825
v -0.9329735636711121 -7.606804847717285 1.1334924697875977
v -1.347109317779541 -8.226544380187988 1.0594217777252197
v 0.5316965579986572 -5.151073932647705 0.1731133610010147
v 0.7424542903900146 -5.382097244262695 0.17451545596122742
v 0.5835066437721252 -5.430325984954834 0.16701380908489227
v 0.7424542903900146 -5.382097244262695 0.17451545596122742
v 0.5316965579986572 -5.151073932647705 0.1731133610010147
v 0.6277133226394653 -5.109172344207764 0.17375218868255615
v 0.6130858659744263 -5.45379638671875 0.5066344738006592
v 0.22463279962539673 -5.319900989532471 0.7381082773208618
v 0.414127916097641 -5.641380310058594 0.7755236625671387
v 0.4697035849094391 -5.175832271575928 0.46140608191490173
v 0.5835066437721252 -5.430325984954834 0.16701380908489227
v 0.48233407735824585 -5.506516456604004 0.4512368440628052
v 0.5835066437721252 -5.430325984954834 0.16701380908489227
v 0.4697035849094391 -5.175832271575928 0.46140608191490173
v 0.5316965579986572 -5.151073932647705 0.1731133610010147
v 0.10047580301761627 -6.346048831939697 0.8454912900924683
v 0.18795868754386902 -6.799391269683838 0.9734587073326111
v 0.0928587093949318 -6.806528568267822 0.7831162810325623
v 0.18795868754386902 -6.799391269683838 0.9734587073326111
v 0.10047580301761627 -6.346048831939697 0.8454912900924683
v 0.14639826118946075 -6.328546524047852 1.0198864936828613
v 0.5835066437721252 -5.430325984954834 0.16701380908489227
v 0.6130858659744263 -5.45379638671875 0.5066344738006592
v 0.48233407735824585 -5.506516456604004 0.4512368440628052
v 0.6130858659744263 -5.45379638671875 0.5066344738006592
v 0.5835066437721252 -5.430325984954834 0.16701380908489227
v 0.7424542903900146 -5.382097244262695 0.17451545596122742
v 0.6130858659744263 -5.45379638671875 0.5066344738006592
v 0.3546467125415802 -5.653344631195068 0.6244895458221436
v 0.48233407735824585 -5.506516456604004 0.4512368440628052
v 0.3546467125415802 -5.653344631195068 0.6244895458221436
v 0.6130858659744263 -5.45379638671875 0.5066344738006592
v 0.414127916097641 -5.641380310058594 0.7755236625671387
v 0.3868650496006012 -6.03357458114624 0.6202052235603333
v 0.414127916097641 -5.641380310058594 0.7755236625671387
v 0.47921693325042725 -6.001262664794922 0.7891993522644043
v 0.414127916097641 -5.641380310058594 0.7755236625671387
v 0.3868650496006012 -6.03357458114624 0.6202052235603333
v 0.3546467125415802 -5.653344631195068 0.6244895458221436
v -0.1572730839252472 -7.024844169616699 1.1351773738861084
v 0.05147286877036095 -6.893732070922852 0.8002368807792664
v 0.12684647738933563 -6.897825241088867 0.9943381547927856
v 0.05147286877036095 -6.893732070922852 0.8002368807792664
v -0.1572730839252472 -7.024844169616699 1.1351773738861084
v -0.2412085086107254 -7.01962947845459 0.9822781682014465
v -0.5329727530479431 -7.298287868499756 1.2515043020248413
v -0.2412085086107254 -7.01962947845459 0.9822781682014465
v -0.1572730839252472 -7.024844169616699 1.1351773738861084
v -0.2412085086107254 -7.01962947845459 0.9822781682014465
v -0.5329727530479431 -7.298287868499756 1.2515043020248413
v -0.6221508979797363 -7.275297164916992 1.0966765880584717
v -0.8461555242538452 -7.5921783447265625 1.3182696104049683
v -0.6221508979797363 -7.275297164916992 1.0966765880584717
v -0.5329727530479431 -7.298287868499756 1.2515043020248413
v -0.6221508979797363 -7.275297164916992 1.0966765880584717
v -0.8461555242538452 -7.5921783447265625 1.3182696104049683
v -0.9329735636711121 -7.606804847717285 1.1334924697875977
v -1.1092495918273926 -8.069116592407227 1.2583307027816772
v -0.9329735636711121 -7.606804847717285 1.1334924697875977
v -0.8461555242538452 -7.5921783447265625 1.3182696104049683
v -0.9329735636711121 -7.606804847717285 1.1334924697875977
v -1.1092495918273926 -8.069116592407227 1.2583307027816772
v -1.347109317779541 -8.226544380187988 1.0594217777252197
v -0.07517111301422119 -5.580440044403076 0.965031623840332
v -0.10606783628463745 -5.8985819816589355 1.0213720798492432
v 0.09139883518218994 -6.012278079986572 1.0420498847961426
v -0.3639181852340698 -6.177560329437256 1.2575511932373047
v -0.8356150388717651 -6.214529514312744 1.340038776397705
v -0.7440216541290283 -6.2374396324157715 1.401053786277771
v 0.12684647738933563 -6.897825241088867 0.9943381547927856
v 0.0928587093949318 -6.806528568267822 0.7831162810325623
v 0.18795868754386902 -6.799391269683838 0.9734587073326111
v 0.0928587093949318 -6.806528568267822 0.7831162810325623
v 0.12684647738933563 -6.897825241088867 0.9943381547927856
v 0.05147286877036095 -6.893732070922852 0.8002368807792664
v -0.8271089792251587 -2.30131196975708 -1.2556968927383423
v -0.8707540035247803 -2.528055429458618 -0.44748786091804504
v -1.2532907724380493 -2.30131196975708 -0.8351466655731201
v -0.8707540035247803 -2.528055429458618 -0.44748786091804504
v -0.8271089792251587 -2.30131196975708 -1.2556968927383423
v -0.4445723295211792 -2.5280559062957764 -0.8680381774902344
v -2.03365421295166 0.0006499894079752266 -1.627387523651123
v -1.514801263809204 -0.5800849795341492 -1.9540261030197144
v -1.9409829378128052 -0.580085039138794 -1.5334752798080444
v -1.514801263809204 -0.5800849795341492 -1.9540261030197144
v -2.03365421295166 0.0006499894079752266 -1.627387523651123
v -1.607472538948059 0.000650026137009263 -2.047938346862793
v -1.514801263809204 -0.5800849795341492 -1.9540261030197144
v -1.4909754991531372 -0.8745925426483154 -1.0774428844451904
v -1.9409829378128052 -0.580085039138794 -1.5334752798080444
v -1.4909754991531372 -0.8745925426483154 -1.0774428844451904
v -1.514801263809204 -0.5800849795341492 -1.9540261030197144
v -1.064793586730957 -0.8745927214622498 -1.4979932308197021
v -1.064793586730957 -0.8745927214622498 -1.4979932308197021
v -1.3040739297866821 -1.706348180770874 -0.8880394697189331
v -1.4909754991531372 -0.8745925426483154 -1.0774428844451904
v -1.3040739297866821 -1.706348180770874 -0.8880394697189331
v -1.064793586730957 -0.8745927214622498 -1.4979932308197021
v -0.8778924345970154 -1.7063485383987427 -1.3085899353027344
v -0.8778924345970154 -1.7063485383987427 -1.3085899353027344
v -1.2532907724380493 -2.30131196975708 -0.8351466655731201
v -1.3040739297866821 -1.706348180770874 -0.8880394697189331
v -1.2532907724380493 -2.30131196975708 -0.8351466655731201
v -0.8778924345970154 -1.7063485383987427 -1.3085899353027344
v -0.8271089792251587 -2.30131196975708 -1.2556968927383423
v -2.03365421295166 0.0006499894079752266 -1.627387523651123
v -1.9409829378128052 -0.580085039138794 -1.5334752798080444
v -1.2805864810943604 0.0006499226437881589 -0.864237368106842
v -1.2805864810943604 0.0006499226437881589 -0.864237368106842
v -1.9409829378128052 -0.580085039138794 -1.5334752798080444
v -1.4909754991531372 -0.8745925426483154 -1.0774428844451904
v -1.2805864810943604 0.0006499226437881589 -0.864237368106842
v -1.4909754991531372 -0.8745925426483154 -1.0774428844451904
v -1.0585179328918457 -0.8745925426483154 -0.6391952633857727
v -1.4909754991531372 -0.8745925426483154 -1.0774428844451904
v -1.004259467124939 -1.690878987312317 -0.5495155453681946
v -1.0585179328918457 -0.8745925426483154 -0.6391952633857727
v -1.004259467124939 -1.690878987312317 -0.5495155453681946
v -1.4909754991531372 -0.8745925426483154 -1.0774428844451904
v -1.3040739297866821 -1.706348180770874 -0.8880394697189331
v -1.3040739297866821 -1.706348180770874 -0.8880394697189331
v -0.8707540035247803 -2.528055429458618 -0.44748786091804504
v -1.004259467124939 -1.690878987312317 -0.5495155453681946
v -0.8707540035247803 -2.528055429458618 -0.44748786091804504
v -1.3040739297866821 -1.706348180770874 -0.8880394697189331
v -1.2532907724380493 -2.30131196975708 -0.8351466655731201
v -0.854404866695404 0.0006499594310298562 -1.2847877740859985
v -0.6323361992835999 -0.8745925426483154 -1.0597457885742188
v -1.064793586730957 -0.8745927214622498 -1.4979932308197021
v -0.6323361992835999 -0.8745925426483154 -1.0597457885742188
v -0.8778924345970154 -1.7063485383987427 -1.3085899353027344
v -1.064793586730957 -0.8745927214622498 -1.4979932308197021
v -0.8778924345970154 -1.7063485383987427 -1.3085899353027344
v -0.6323361992835999 -0.8745925426483154 -1.0597457885742188
v -0.5780779719352722 -1.6908785104751587 -0.9700660705566406
v -0.5780779719352722 -1.6908785104751587 -0.9700660705566406
v -0.8271089792251587 -2.30131196975708 -1.2556968927383423
v -0.8778924345970154 -1.7063485383987427 -1.3085899353027344
v -0.8271089792251587 -2.30131196975708 -1.2556968927383423
v -0.5780779719352722 -1.6908785104751587 -0.9700660705566406
v -0.4445723295211792 -2.5280559062957764 -0.8680381774902344
v -0.854404866695404 0.0006499594310298562 -1.2847877740859985
v -1.064793586730957 -0.8745927214622498 -1.4979932308197021
v -1.514801263809204 -0.5800849795341492 -1.9540261030197144
v -0.854404866695404 0.0006499594310298562 -1.2847877740859985
v -1.514801263809204 -0.5800849795341492 -1.9540261030197144
v -1.607472538948059 0.000650026137009263 -2.047938346862793
v -1.2519158124923706 -2.312324285507202 0.7799100875854492
v -0.44370630383491516 -2.539067268371582 0.8235555291175842
v -0.8313653469085693 -2.3123250007629395 1.2060922384262085
v -0.44370630383491516 -2.539067268371582 0.8235555291175842
v -1.2519158124923706 -2.312324285507202 0.7799100875854492
v -0.8642570376396179 -2.5390679836273193 0.3973740339279175
v -1.6236072778701782 0.0006496733985841274 1.9864553213119507
v -1.9502456188201904 -0.5800852179527283 1.4676029682159424
v -1.5296951532363892 -0.5800852179527283 1.8937846422195435
v -1.9502456188201904 -0.5800852179527283 1.4676029682159424
v -1.6236072778701782 0.0006496733985841274 1.9864553213119507
v -2.0441579818725586 0.000649710651487112 1.5602738857269287
v -1.9502456188201904 -0.5800852179527283 1.4676029682159424
v -1.073662281036377 -0.8745927810668945 1.4437769651412964
v -1.5296951532363892 -0.5800852179527283 1.8937846422195435
v -1.073662281036377 -0.8745927810668945 1.4437769651412964
v -1.9502456188201904 -0.5800852179527283 1.4676029682159424
v -1.4942126274108887 -0.8745929598808289 1.0175949335098267
v -1.4942126274108887 -0.8745929598808289 1.0175949335098267
v -0.8842583894729614 -1.7076520919799805 1.256875991821289
v -1.073662281036377 -0.8745927810668945 1.4437769651412964
v -0.8842583894729614 -1.7076520919799805 1.256875991821289
v -1.4942126274108887 -0.8745929598808289 1.0175949335098267
v -1.3048086166381836 -1.707651972770691 0.8306937217712402
v -1.3048086166381836 -1.707651972770691 0.8306937217712402
v -0.8313653469085693 -2.3123250007629395 1.2060922384262085
v -0.8842583894729614 -1.7076520919799805 1.256875991821289
v -0.8313653469085693 -2.3123250007629395 1.2060922384262085
v -1.3048086166381836 -1.707651972770691 0.8306937217712402
v -1.2519158124923706 -2.312324285507202 0.7799100875854492
v -1.6236072778701782 0.0006496733985841274 1.9864553213119507
v -1.5296951532363892 -0.5800852179527283 1.8937846422195435
v -0.8604567050933838 0.0006497392896562815 1.233388066291809
v -0.8604567050933838 0.0006497392896562815 1.233388066291809
v -1.5296951532363892 -0.5800852179527283 1.8937846422195435
v -1.073662281036377 -0.8745927810668945 1.4437769651412964
v -0.8604567050933838 0.0006497392896562815 1.233388066291809
v -1.073662281036377 -0.8745927810668945 1.4437769651412964
v -0.6354145407676697 -0.8745929598808289 1.0113195180892944
v -1.073662281036377 -0.8745927810668945 1.4437769651412964
v -0.5457344651222229 -1.6921824216842651 0.9570612907409668
v -0.6354145407676697 -0.8745929598808289 1.0113195180892944
v -0.5457344651222229 -1.6921824216842651 0.9570612907409668
v -1.073662281036377 -0.8745927810668945 1.4437769651412964
v -0.8842583894729614 -1.7076520919799805 1.256875991821289
v -0.8842583894729614 -1.7076520919799805 1.256875991821289
v -0.44370630383491516 -2.539067268371582 0.8235555291175842
v -0.5457344651222229 -1.6921824216842651 0.9570612907409668
v -0.44370630383491516 -2.539067268371582 0.8235555291175842
v -0.8842583894729614 -1.7076520919799805 1.256875991821289
v -0.8313653469085693 -2.3123250007629395 1.2060922384262085
v -1.281006932258606 0.0006497765425592661 0.8072062730789185
v -1.0559649467468262 -0.8745929598808289 0.5851376056671143
v -1.4942126274108887 -0.8745929598808289 1.0175949335098267
v -1.0559649467468262 -0.8745929598808289 0.5851376056671143
v -1.3048086166381836 -1.707651972770691 0.8306937217712402
v -1.4942126274108887 -0.8745929598808289 1.0175949335098267
v -1.3048086166381836 -1.707651972770691 0.8306937217712402
v -1.0559649467468262 -0.8745929598808289 0.5851376056671143
v -0.9662848711013794 -1.6921823024749756 0.530879557132721
v -0.9662848711013794 -1.6921823024749756 0.530879557132721
v -1.2519158124923706 -2.312324285507202 0.7799100875854492
v -1.3048086166381836 -1.707651972770691 0.8306937217712402
v -1.2519158124923706 -2.312324285507202 0.7799100875854492
v -0.9662848711013794 -1.6921823024749756 0.530879557132721
v -0.8642570376396179 -2.5390679836273193 0.3973740339279175
v -1.281006932258606 0.0006497765425592661 0.8072062730789185
v -1.4942126274108887 -0.8745929598808289 1.0175949335098267
v -1.9502456188201904 -0.5800852179527283 1.4676029682159424
v -1.281006932258606 0.0006497765425592661 0.8072062730789185
v -1.9502456188201904 -0.5800852179527283 1.4676029682159424
v -2.0441579818725586 0.000649710651487112 1.5602738857269287
v -1.89997398853302 0.0006499445298686624 -1.1138343811035156
v -2.155353546142578 -0.32475966215133667 -0.0000013826950180373387
v -2.2011585235595703 0.0006498479633592069 -0.0000013835765457770322
v -2.155353546142578 -0.32475966215133667 -0.0000013826950180373387
v -1.89997398853302 0.0006499445298686624 -1.1138343811035156
v -1.859174132347107 -0.3250957131385803 -1.0897789001464844
v -1.0884618759155273 0.0006500144954770803 -1.9146232604980469
v -1.859174132347107 -0.3250957131385803 -1.0897789001464844
v -1.89997398853302 0.0006499445298686624 -1.1138343811035156
v -1.859174132347107 -0.3250957131385803 -1.0897789001464844
v -1.0884618759155273 0.0006500144954770803 -1.9146232604980469
v -1.0649471282958984 -0.3250943720340729 -1.8735073804855347
v -2.155353546142578 -0.32475966215133667 -0.0000013826950180373387
v -1.8999751806259155 0.0006497496506199241 1.1138321161270142
v -2.2011585235595703 0.0006498479633592069 -0.0000013835765457770322
v -1.8999751806259155 0.0006497496506199241 1.1138321161270142
v -2.155353546142578 -0.32475966215133667 -0.0000013826950180373387
v -1.8591753244400024 -0.3250958323478699 1.089776635169983
v -1.8591753244400024 -0.3250958323478699 1.089776635169983
v -1.0884640216827393 0.000649679743219167 1.9146219491958618
v -1.8999751806259155 0.0006497496506199241 1.1138321161270142
v -1.0884640216827393 0.000649679743219167 1.9146219491958618
v -1.8591753244400024 -0.3250958323478699 1.089776635169983
v -1.0649492740631104 -0.32509464025497437 1.8735063076019287
v -1.0649492740631104 -0.32509464025497437 1.8735063076019287
v 0.014646284282207489 0.0006496544810943305 2.202410936355591
v -1.0884640216827393 0.000649679743219167 1.9146219491958618
v 0.014646284282207489 0.0006496544810943305 2.202410936355591
v -1.0649492740631104 -0.32509464025497437 1.8735063076019287
v 0.014336224645376205 -0.3247568905353546 2.1553595066070557
v 0.014336224645376205 -0.3247568905353546 2.1553595066070557
v 1.1138319969177246 0.000649681081995368 1.8999756574630737
v 0.014646284282207489 0.0006496544810943305 2.202410936355591
v 1.1138319969177246 0.000649681081995368 1.8999756574630737
v 0.014336224645376205 -0.3247568905353546 2.1553595066070557
v 1.0897789001464844 -0.32509443163871765 1.8591762781143188
v 0.014649051241576672 0.0006500395247712731 -2.20241117477417
v -1.0649471282958984 -0.3250943720340729 -1.8735073804855347
v -1.0884618759155273 0.0006500144954770803 -1.9146232604980469
v -1.0649471282958984 -0.3250943720340729 -1.8735073804855347
v 0.014649051241576672 0.0006500395247712731 -2.20241117477417
v 0.014338930137455463 -0.3247565031051636 -2.1553597450256348
v 1.1138343811035156 0.0006500130984932184 -1.8999744653701782
v 0.014338930137455463 -0.3247565031051636 -2.1553597450256348
v 0.014649051241576672 0.0006500395247712731 -2.20241117477417
v 0.014338930137455463 -0.3247565031051636 -2.1553597450256348
v 1.1138343811035156 0.0006500130984932184 -1.8999744653701782
v 1.0897812843322754 -0.32509416341781616 -1.859175205230713
v 1.9146226644515991 0.0006499421433545649 -1.0884618759155273
v 1.0897812843322754 -0.32509416341781616 -1.859175205230713
v 1.1138343811035156 0.0006500130984932184 -1.8999744653701782
v 1.0897812843322754 -0.32509416341781616 -1.859175205230713
v 1.9146226644515991 0.0006499421433545649 -1.0884618759155273
v 1.8735101222991943 -0.32509496808052063 -1.0649511814117432
v 2.2024104595184326 0.0006498469738289714 0.0000013830359648636659
v 1.8735101222991943 -0.32509496808052063 -1.0649511814117432
v 1.9146226644515991 0.0006499421433545649 -1.0884618759155273
v 1.8735101222991943 -0.32509496808052063 -1.0649511814117432
v 2.2024104595184326 0.0006498469738289714 0.0000013830359648636659
v 2.1553616523742676 -0.3247585892677307 0.000001325212792835373
v 2.2024104595184326 0.0006498469738289714 0.0000013830359648636659
v 1.8735085725784302 -0.3250950574874878 1.064953088760376
v 2.1553616523742676 -0.3247585892677307 0.000001325212792835373
v 1.8735085725784302 -0.3250950574874878 1.064953088760376
v 2.2024104595184326 0.0006498469738289714 0.0000013830359648636659
v 1.914621353149414 0.0006497518625110388 1.0884640216827393
v 1.914621353149414 0.0006497518625110388 1.0884640216827393
v 1.0897789001464844 -0.32509443163871765 1.8591762781143188
v 1.8735085725784302 -0.3250950574874878 1.064953088760376
v 1.0897789001464844 -0.32509443163871765 1.8591762781143188
v 1.914621353149414 0.0006497518625110388 1.0884640216827393
v 1.1138319969177246 0.000649681081995368 1.8999756574630737
v -1.015293836593628 -2.129847764968872 -8.242605531449954e-7
v -0.9360969066619873 -2.1298842430114746 -0.5519548058509827
v -0.9053220748901367 -2.8347396850585938 -0.2715925872325897
v -1.1776604652404785 -1.5014029741287231 -8.706502399036253e-7
v -0.9360969066619873 -2.1298842430114746 -0.5519548058509827
v -1.015293836593628 -2.129847764968872 -8.242605531449954e-7
v -0.9360969066619873 -2.1298842430114746 -0.5519548058509827
v -1.1776604652404785 -1.5014029741287231 -8.706502399036253e-7
v -1.0756381750106812 -1.501525640487671 -0.6307665109634399
v -1.3295410871505737 -0.9768089056015015 -9.224958716913534e-7
v -1.0756381750106812 -1.501525640487671 -0.6307665109634399
v -1.1776604652404785 -1.5014029741287231 -8.706502399036253e-7
v -1.0756381750106812 -1.501525640487671 -0.6307665109634399
v -1.3295410871505737 -0.9768089056015015 -9.224958716913534e-7
v -1.1451268196105957 -0.9770045876502991 -0.6792009472846985
v -1.015293836593628 -2.129847764968872 -8.242605531449954e-7
v -0.9053220748901367 -2.8347396850585938 -0.2715925872325897
v -0.8975681066513062 -2.8347389698028564 -8.111922511488956e-7
v -0.9053220748901367 -2.8347396850585938 -0.2715925872325897
v -1.0106823444366455 -3.4092257022857666 -9.328256851404149e-7
v -0.8975681066513062 -2.8347389698028564 -8.111922511488956e-7
v -1.0106823444366455 -3.4092257022857666 -9.328256851404149e-7
v -0.9053220748901367 -2.8347396850585938 -0.2715925872325897
v -0.9867956042289734 -3.4372639656066895 -0.3063918352127075
v -0.9867956042289734 -3.4372639656066895 -0.3063918352127075
v -1.0820893049240112 -3.640950918197632 -9.984946700569708e-7
v -1.0106823444366455 -3.4092257022857666 -9.328256851404149e-7
v -1.0820893049240112 -3.640950918197632 -9.984946700569708e-7
v -0.9867956042289734 -3.4372639656066895 -0.3063918352127075
v -1.0224990844726562 -3.553126096725464 -0.3066294491291046
v -0.8295877575874329 -2.8347396850585938 -0.5109367966651917
v -0.9867956042289734 -3.4372639656066895 -0.3063918352127075
v -0.9053220748901367 -2.8347396850585938 -0.2715925872325897
v -0.9053220748901367 -2.8347396850585938 -0.2715925872325897
v -0.9360969066619873 -2.1298842430114746 -0.5519548058509827
v -0.8295877575874329 -2.8347396850585938 -0.5109367966651917
v -0.9867956042289734 -3.4372639656066895 -0.3063918352127075
v -0.8295877575874329 -2.8347396850585938 -0.5109367966651917
v -0.8794209361076355 -3.4653007984161377 -0.5797824859619141
v -1.0224990844726562 -3.553126096725464 -0.3066294491291046
v -0.9867956042289734 -3.4372639656066895 -0.3063918352127075
v -0.8794209361076355 -3.4653007984161377 -0.5797824859619141
v -0.8295877575874329 -2.8347396850585938 -0.5109367966651917
v -0.7326734662055969 -3.319324016571045 -0.7901620864868164
v -0.8794209361076355 -3.4653007984161377 -0.5797824859619141
v -0.7326734662055969 -3.319324016571045 -0.7901620864868164
v -0.8295877575874329 -2.8347396850585938 -0.5109367966651917
v -0.7063577175140381 -2.8347387313842773 -0.7532850503921509
v -0.9360969066619873 -2.1298842430114746 -0.5519548058509827
v -0.7063577175140381 -2.8347387313842773 -0.7532850503921509
v -0.8295877575874329 -2.8347396850585938 -0.5109367966651917
v -1.0106823444366455 -3.4092257022857666 -9.328256851404149e-7
v -0.905322253704071 -2.8347396850585938 0.2715908885002136
v -0.8975681066513062 -2.8347389698028564 -8.111922511488956e-7
v -0.905322253704071 -2.8347396850585938 0.2715908885002136
v -1.0106823444366455 -3.4092257022857666 -9.328256851404149e-7
v -0.9867960214614868 -3.4372637271881104 0.30639001727104187
v -1.0820893049240112 -3.640950918197632 -9.984946700569708e-7
v -0.9867960214614868 -3.4372637271881104 0.30639001727104187
v -1.0106823444366455 -3.4092257022857666 -9.328256851404149e-7
v -0.9867960214614868 -3.4372637271881104 0.30639001727104187
v -1.0820893049240112 -3.640950918197632 -9.984946700569708e-7
v -1.022499442100525 -3.5531258583068848 0.3066276013851166
v -1.0756388902664185 -1.5015255212783813 0.6307648420333862
v -1.3295410871505737 -0.9768089056015015 -9.224958716913534e-7
v -1.1776604652404785 -1.5014029741287231 -8.706502399036253e-7
v -1.1776604652404785 -1.5014029741287231 -8.706502399036253e-7
v -0.9360976219177246 -2.1298842430114746 0.5519533157348633
v -1.0756388902664185 -1.5015255212783813 0.6307648420333862
v -1.015293836593628 -2.129847764968872 -8.242605531449954e-7
v -0.905322253704071 -2.8347396850585938 0.2715908885002136
v -0.9360976219177246 -2.1298842430114746 0.5519533157348633
v -0.9360976219177246 -2.1298842430114746 0.5519533157348633
v -1.1776604652404785 -1.5014029741287231 -8.706502399036253e-7
v -1.015293836593628 -2.129847764968872 -8.242605531449954e-7
v -1.015293836593628 -2.129847764968872 -8.242605531449954e-7
v -0.8975681066513062 -2.8347389698028564 -8.111922511488956e-7
v -0.905322253704071 -2.8347396850585938 0.2715908885002136
v -0.5740055441856384 -2.1298844814300537 1.0096062421798706
v -1.0756388902664185 -1.5015255212783813 0.6307648420333862
v -0.9360976219177246 -2.1298842430114746 0.5519533157348633
v -0.9360976219177246 -2.1298842430114746 0.5519533157348633
v -0.7063586115837097 -2.8347389698028564 0.7532834410667419
v -0.5740055441856384 -2.1298844814300537 1.0096062421798706
v -1.0756388902664185 -1.5015255212783813 0.6307648420333862
v -0.5740055441856384 -2.1298844814300537 1.0096062421798706
v -0.6162611246109009 -1.501524567604065 1.084072470664978
v -0.6162611246109009 -1.501524567604065 1.084072470664978
v -1.1451276540756226 -0.9770045876502991 0.6791994571685791
v -1.0756388902664185 -1.5015255212783813 0.6307648420333862
v -1.3295410871505737 -0.9768089056015015 -9.224958716913534e-7
v -1.0756388902664185 -1.5015255212783813 0.6307648420333862
v -1.1451276540756226 -0.9770045876502991 0.6791994571685791
v -1.1451276540756226 -0.9770045876502991 0.6791994571685791
v -1.5784821510314941 -0.38478678464889526 -0.0000010240775054626283
v -1.3295410871505737 -0.9768089056015015 -9.224958716913534e-7
v -1.5784821510314941 -0.38478678464889526 -0.0000010240775054626283
v -1.1451276540756226 -0.9770045876502991 0.6791994571685791
v -1.3623195886611938 -0.41663774847984314 0.7986742258071899
v -0.6504312753677368 -0.9770036339759827 1.1673591136932373
v -1.3623195886611938 -0.41663774847984314 0.7986742258071899
v -1.1451276540756226 -0.9770045876502991 0.6791994571685791
v -1.1451276540756226 -0.9770045876502991 0.6791994571685791
v -0.6162611246109009 -1.501524567604065 1.084072470664978
v -0.6504312753677368 -0.9770036339759827 1.1673591136932373
v -1.3623195886611938 -0.41663774847984314 0.7986742258071899
v -0.6504312753677368 -0.9770036339759827 1.1673591136932373
v -0.7804802060127258 -0.41663700342178345 1.3728264570236206
v 0.02223113551735878 -0.9768075346946716 1.3428431749343872
v -0.7804802060127258 -0.41663700342178345 1.3728264570236206
v -0.6504312753677368 -0.9770036339759827 1.1673591136932373
v -0.7804802060127258 -0.41663700342178345 1.3728264570236206
v 0.02223113551735878 -0.9768075346946716 1.3428431749343872
v 0.010505447164177895 -0.41646429896354675 1.5792227983474731
v 0.6924992799758911 -0.9770035147666931 1.1584280729293823
v 0.010505447164177895 -0.41646429896354675 1.5792227983474731
v 0.02223113551735878 -0.9768075346946716 1.3428431749343872
v 0.010505447164177895 -0.41646429896354675 1.5792227983474731
v 0.6924992799758911 -0.9770035147666931 1.1584280729293823
v 0.7986770272254944 -0.41663679480552673 1.3623250722885132
v 1.1806588172912598 -0.9770039319992065 0.663732647895813
v 0.7986770272254944 -0.41663679480552673 1.3623250722885132
v 0.6924992799758911 -0.9770035147666931 1.1584280729293823
v 0.7986770272254944 -0.41663679480552673 1.3623250722885132
v 1.1806588172912598 -0.9770039319992065 0.663732647895813
v 1.3728299140930176 -0.41663727164268494 0.780484139919281
v 0.008432514034211636 -1.5014010667800903 1.2469947338104248
v -0.6504312753677368 -0.9770036339759827 1.1673591136932373
v -0.6162611246109009 -1.501524567604065 1.084072470664978
v -0.6504312753677368 -0.9770036339759827 1.1673591136932373
v 0.008432514034211636 -1.5014010667800903 1.2469947338104248
v 0.02223113551735878 -0.9768075346946716 1.3428431749343872
v 0.6309034824371338 -1.501524567604065 1.0757782459259033
v 0.02223113551735878 -0.9768075346946716 1.3428431749343872
v 0.008432514034211636 -1.5014010667800903 1.2469947338104248
v 0.02223113551735878 -0.9768075346946716 1.3428431749343872
v 0.6309034824371338 -1.501524567604065 1.0757782459259033
v 0.6924992799758911 -0.9770035147666931 1.1584280729293823
v 1.1806588172912598 -0.9770039319992065 0.663732647895813
v 1.4955501556396484 -0.41740307211875916 0.4665170907974243
v 1.3728299140930176 -0.41663727164268494 0.780484139919281
v 1.4955501556396484 -0.41740307211875916 0.4665170907974243
v 1.1806588172912598 -0.9770039319992065 0.663732647895813
v 1.2676682472229004 -0.9472953081130981 0.38833630084991455
v 1.0844571590423584 -1.4975899457931519 0.6172879934310913
v 1.2676682472229004 -0.9472953081130981 0.38833630084991455
v 1.1806588172912598 -0.9770039319992065 0.663732647895813
v 1.0844571590423584 -1.4975899457931519 0.6172879934310913
v 0.6924992799758911 -0.9770035147666931 1.1584280729293823
v 0.6309034824371338 -1.501524567604065 1.0757782459259033
v 0.6924992799758911 -0.9770035147666931 1.1584280729293823
v 1.0844571590423584 -1.4975899457931519 0.6172879934310913
v 1.1806588172912598 -0.9770039319992065 0.663732647895813
v 1.2676682472229004 -0.9472953081130981 0.38833630084991455
v 1.0844571590423584 -1.4975899457931519 0.6172879934310913
v 1.1634551286697388 -1.4924442768096924 0.33271509408950806
v 0.995040774345398 -2.1298842430114746 0.5636076927185059
v 1.1634551286697388 -1.4924442768096924 0.33271509408950806
v 1.0844571590423584 -1.4975899457931519 0.6172879934310913
v 1.0844571590423584 -1.4975899457931519 0.6172879934310913
v 0.9105141758918762 -2.1298840045928955 0.6744601130485535
v 0.995040774345398 -2.1298842430114746 0.5636076927185059
v 0.6309034824371338 -1.501524567604065 1.0757782459259033
v 0.9105141758918762 -2.1298840045928955 0.6744601130485535
v 1.0844571590423584 -1.4975899457931519 0.6172879934310913
v 1.1634551286697388 -1.4924442768096924 0.33271509408950806
v 0.995040774345398 -2.1298842430114746 0.5636076927185059
v 1.0708197355270386 -2.11409592628479 0.3168672025203705
v 0.8568417429924011 -2.247459888458252 0.643440842628479
v 0.995040774345398 -2.1298842430114746 0.5636076927185059
v 0.9105141758918762 -2.1298840045928955 0.6744601130485535
v 0.995040774345398 -2.1298842430114746 0.5636076927185059
v 0.8568417429924011 -2.247459888458252 0.643440842628479
v 0.9573685526847839 -2.2541348934173584 0.5317807793617249
v 0.9573685526847839 -2.2541348934173584 0.5317807793617249
v 1.0708197355270386 -2.11409592628479 0.3168672025203705
v 0.995040774345398 -2.1298842430114746 0.5636076927185059
v 0.9573685526847839 -2.2541348934173584 0.5317807793617249
v 0.9698678851127625 -2.5041723251342773 0.39273038506507874
v 1.0708197355270386 -2.11409592628479 0.3168672025203705
v 0.9698678851127625 -2.5041723251342773 0.39273038506507874
v 0.9573685526847839 -2.2541348934173584 0.5317807793617249
v 0.8641420006752014 -2.5706329345703125 0.5152549147605896
v 0.9698678851127625 -2.5041723251342773 0.39273038506507874
v 0.8641420006752014 -2.5706329345703125 0.5152549147605896
v 0.9079549908638 -2.6544079780578613 0.4951447546482086
v 0.8641420006752014 -2.5706329345703125 0.5152549147605896
v 0.7579706311225891 -2.8349740505218506 0.6758254170417786
v 0.9079549908638 -2.6544079780578613 0.4951447546482086
v 0.7579706311225891 -2.8349740505218506 0.6758254170417786
v 0.8641420006752014 -2.5706329345703125 0.5152549147605896
v 0.5474082231521606 -2.898045063018799 0.9337132573127747
v 0.8937640190124512 -3.014065742492676 0.4774475693702698
v 0.7579706311225891 -2.8349740505218506 0.6758254170417786
v 0.5474082231521606 -2.898045063018799 0.9337132573127747
v 0.8937640190124512 -3.014065742492676 0.4774475693702698
v 0.5474082231521606 -2.898045063018799 0.9337132573127747
v 0.5518884658813477 -3.3727715015411377 0.9413343071937561
v 0.27733176946640015 -3.0786349773406982 1.0515624284744263
v 0.5518884658813477 -3.3727715015411377 0.9413343071937561
v 0.5474082231521606 -2.898045063018799 0.9337132573127747
v 0.5518884658813477 -3.3727715015411377 0.9413343071937561
v 0.27733176946640015 -3.0786349773406982 1.0515624284744263
v 0.27957189083099365 -3.3159985542297363 1.0553730726242065
v 0.27957189083099365 -3.3159985542297363 1.0553730726242065
v 0.5629593729972839 -4.117984294891357 1.113671064376831
v 0.5518884658813477 -3.3727715015411377 0.9413343071937561
v 1.0028389692306519 -3.97990345954895 0.6392332911491394
v 0.5518884658813477 -3.3727715015411377 0.9413343071937561
v 0.5629593729972839 -4.117984294891357 1.113671064376831
v 0.5518884658813477 -3.3727715015411377 0.9413343071937561
v 1.0028389692306519 -3.97990345954895 0.6392332911491394
v 0.9486082196235657 -3.40006947517395 0.539303719997406
v 0.8937640190124512 -3.014065742492676 0.4774475693702698
v 0.5518884658813477 -3.3727715015411377 0.9413343071937561
v 0.9486082196235657 -3.40006947517395 0.539303719997406
v 0.5629593729972839 -4.117984294891357 1.113671064376831
v 1.0795029401779175 -4.308882713317871 0.7746721506118774
v 1.0028389692306519 -3.97990345954895 0.6392332911491394
v 1.0795029401779175 -4.308882713317871 0.7746721506118774
v 0.5629593729972839 -4.117984294891357 1.113671064376831
v 0.5870495438575745 -4.608912944793701 1.3460580110549927
v 0.5629593729972839 -4.117984294891357 1.113671064376831
v 0.2616415023803711 -4.2123308181762695 1.2418098449707031
v 0.5870495438575745 -4.608912944793701 1.3460580110549927
v 0.5629593729972839 -4.117984294891357 1.113671064376831
v 0.27957189083099365 -3.3159985542297363 1.0553730726242065
v 0.2616415023803711 -4.2123308181762695 1.2418098449707031
v 1.2566593885421753 -4.198960304260254 4.227000260925706e-7
v 1.0028389692306519 -3.97990345954895 0.6392332911491394
v 1.0795029401779175 -4.308882713317871 0.7746721506118774
v 1.0028389692306519 -3.97990345954895 0.6392332911491394
v 1.2566593885421753 -4.198960304260254 4.227000260925706e-7
v 1.1609370708465576 -3.929464340209961 3.8667869262098975e-7
v 0.9486082196235657 -3.40006947517395 0.539303719997406
v 0.9873511791229248 -3.2111775875091553 0.2960394620895386
v 0.8937640190124512 -3.014065742492676 0.4774475693702698
v 1.045709252357483 -3.3879661560058594 0.15787431597709656
v 0.9873511791229248 -3.2111775875091553 0.2960394620895386
v 0.9486082196235657 -3.40006947517395 0.539303719997406
v 1.0028389692306519 -3.97990345954895 0.6392332911491394
v 1.045709252357483 -3.3879661560058594 0.15787431597709656
v 0.9486082196235657 -3.40006947517395 0.539303719997406
v 1.1186922788619995 -3.651670455932617 3.8332044027811207e-7
v 1.045709252357483 -3.3879661560058594 0.15787431597709656
v 1.0028389692306519 -3.97990345954895 0.6392332911491394
v 1.1186922788619995 -3.651670455932617 3.8332044027811207e-7
v 1.0028389692306519 -3.97990345954895 0.6392332911491394
v 1.1609370708465576 -3.929464340209961 3.8667869262098975e-7
v 0.27733176946640015 -3.0786349773406982 1.0515624284744263
v 0.0072554126381874084 -3.2592244148254395 1.087871789932251
v 0.27957189083099365 -3.3159985542297363 1.0553730726242065
v 0.0072554126381874084 -3.2592244148254395 1.087871789932251
v 0.2616415023803711 -4.2123308181762695 1.2418098449707031
v 0.27957189083099365 -3.3159985542297363 1.0553730726242065
v 0.2616415023803711 -4.2123308181762695 1.2418098449707031
v 0.0072554126381874084 -3.2592244148254395 1.087871789932251
v -0.039676301181316376 -4.306676387786865 1.288408637046814
v -0.28419649600982666 -3.462170124053955 1.062889575958252
v -0.039676301181316376 -4.306676387786865 1.288408637046814
v 0.0072554126381874084 -3.2592244148254395 1.087871789932251
v -0.039676301181316376 -4.306676387786865 1.288408637046814
v -0.28419649600982666 -3.462170124053955 1.062889575958252
v -0.3273731470108032 -4.400790691375732 1.2336877584457397
v -0.039676301181316376 -4.306676387786865 1.288408637046814
v -0.3273731470108032 -4.400790691375732 1.2336877584457397
v -0.08472637832164764 -5.01574182510376 1.55191969871521
v 0.2616415023803711 -4.2123308181762695 1.2418098449707031
v -0.08472637832164764 -5.01574182510376 1.55191969871521
v 0.5870495438575745 -4.608912944793701 1.3460580110549927
v 0.2616415023803711 -4.2123308181762695 1.2418098449707031
v -0.039676301181316376 -4.306676387786865 1.288408637046814
v -0.08472637832164764 -5.01574182510376 1.55191969871521
v -0.5572695732116699 -3.665113687515259 0.9763916730880737
v -0.3273731470108032 -4.400790691375732 1.2336877584457397
v -0.28419649600982666 -3.462170124053955 1.062889575958252
v -0.3273731470108032 -4.400790691375732 1.2336877584457397
v -0.5572695732116699 -3.665113687515259 0.9763916730880737
v -0.5966912508010864 -4.494904518127441 1.1174516677856445
v -0.7875049710273743 -3.8308238983154297 0.812201976776123
v -0.5966912508010864 -4.494904518127441 1.1174516677856445
v -0.5572695732116699 -3.665113687515259 0.9763916730880737
v -0.5966912508010864 -4.494904518127441 1.1174516677856445
v -0.7875049710273743 -3.8308238983154297 0.812201976776123
v -0.8457017540931702 -4.563706398010254 0.9106314778327942
v -0.5966912508010864 -4.494904518127441 1.1174516677856445
v -0.8457017540931702 -4.563706398010254 0.9106314778327942
v -0.7522750496864319 -5.416534900665283 1.3410520553588867
v -0.3273731470108032 -4.400790691375732 1.2336877584457397
v -0.7522750496864319 -5.416534900665283 1.3410520553588867
v -0.08472637832164764 -5.01574182510376 1.55191969871521
v -0.3273731470108032 -4.400790691375732 1.2336877584457397
v -0.5966912508010864 -4.494904518127441 1.1174516677856445
v -0.7522750496864319 -5.416534900665283 1.3410520553588867
v -0.9694452285766602 -3.996533155441284 0.5931673049926758
v -0.8457017540931702 -4.563706398010254 0.9106314778327942
v -0.7875049710273743 -3.8308238983154297 0.812201976776123
v -0.8457017540931702 -4.563706398010254 0.9106314778327942
v -0.9694452285766602 -3.996533155441284 0.5931673049926758
v -1.0464171171188354 -4.632506847381592 0.6489664912223816
v -1.1009622812271118 -4.088292598724365 0.31354352831840515
v -1.0464171171188354 -4.632506847381592 0.6489664912223816
v -0.9694452285766602 -3.996533155441284 0.5931673049926758
v -1.0464171171188354 -4.632506847381592 0.6489664912223816
v -1.1009622812271118 -4.088292598724365 0.31354352831840515
v -1.1704299449920654 -4.657721519470215 0.34164926409721375
v -1.0464171171188354 -4.632506847381592 0.6489664912223816
v -1.1704299449920654 -4.657721519470215 0.34164926409721375
v -1.238823413848877 -5.705317974090576 0.7762764692306519
v -0.8457017540931702 -4.563706398010254 0.9106314778327942
v -1.238823413848877 -5.705317974090576 0.7762764692306519
v -0.7522750496864319 -5.416534900665283 1.3410520553588867
v -0.8457017540931702 -4.563706398010254 0.9106314778327942
v -1.0464171171188354 -4.632506847381592 0.6489664912223816
v -1.238823413848877 -5.705317974090576 0.7762764692306519
v -1.1489912271499634 -4.180052280426025 -0.0000010873201290451107
v -1.1704299449920654 -4.657721519470215 0.34164926409721375
v -1.1009622812271118 -4.088292598724365 0.31354352831840515
v -1.1704299449920654 -4.657721519470215 0.34164926409721375
v -1.1489912271499634 -4.180052280426025 -0.0000010873201290451107
v -1.2109546661376953 -4.6829352378845215 -0.0000011693873602780513
v -1.1489912271499634 -4.180052280426025 -0.0000010873201290451107
v -1.1704294681549072 -4.657721996307373 -0.3416516184806824
v -1.2109546661376953 -4.6829352378845215 -0.0000011693873602780513
v -1.1704294681549072 -4.657721996307373 -0.3416516184806824
v -1.1489912271499634 -4.180052280426025 -0.0000010873201290451107
v -1.1009619235992432 -4.088293552398682 -0.3135456442832947
v -1.1704294681549072 -4.657721996307373 -0.3416516184806824
v -1.419567584991455 -5.809810161590576 -0.0000013998503618495306
v -1.2109546661376953 -4.6829352378845215 -0.0000011693873602780513
v -1.1704299449920654 -4.657721519470215 0.34164926409721375
v -1.419567584991455 -5.809810161590576 -0.0000013998503618495306
v -1.238823413848877 -5.705317974090576 0.7762764692306519
v -1.1704299449920654 -4.657721519470215 0.34164926409721375
v -1.2109546661376953 -4.6829352378845215 -0.0000011693873602780513
v -1.419567584991455 -5.809810161590576 -0.0000013998503618495306
v -1.1704294681549072 -4.657721996307373 -0.3416516184806824
v -1.2388224601745605 -5.705317974090576 -0.7762792706489563
v -1.419567584991455 -5.809810161590576 -0.0000013998503618495306
v -1.0464164018630981 -4.63250732421875 -0.6489685773849487
v -1.2388224601745605 -5.705317974090576 -0.7762792706489563
v -1.1704294681549072 -4.657721996307373 -0.3416516184806824
v -0.9360969066619873 -2.1298842430114746 -0.5519548058509827
v -0.5740042924880981 -2.1298842430114746 -1.009607195854187
v -0.7063577175140381 -2.8347387313842773 -0.7532850503921509
v -1.0756381750106812 -1.501525640487671 -0.6307665109634399
v -0.5740042924880981 -2.1298842430114746 -1.009607195854187
v -0.9360969066619873 -2.1298842430114746 -0.5519548058509827
v -0.5740042924880981 -2.1298842430114746 -1.009607195854187
v -1.0756381750106812 -1.501525640487671 -0.6307665109634399
v -0.6162598133087158 -1.5015244483947754 -1.0840736627578735
v -1.1451268196105957 -0.9770045876502991 -0.6792009472846985
v -0.6162598133087158 -1.5015244483947754 -1.0840736627578735
v -1.0756381750106812 -1.501525640487671 -0.6307665109634399
v -0.6162598133087158 -1.5015244483947754 -1.0840736627578735
v -1.1451268196105957 -0.9770045876502991 -0.6792009472846985
v -0.6504298448562622 -0.9770036935806274 -1.1673604249954224
v -1.3623188734054565 -0.4166376292705536 -0.7986758351325989
v -0.6504298448562622 -0.9770036935806274 -1.1673604249954224
v -1.1451268196105957 -0.9770045876502991 -0.6792009472846985
v -1.1451268196105957 -0.9770045876502991 -0.6792009472846985
v -1.5784821510314941 -0.38478678464889526 -0.0000010240775054626283
v -1.3623188734054565 -0.4166376292705536 -0.7986758351325989
v -1.5784821510314941 -0.38478678464889526 -0.0000010240775054626283
v -1.1451268196105957 -0.9770045876502991 -0.6792009472846985
v -1.3295410871505737 -0.9768089056015015 -9.224958716913534e-7
v -0.6504298448562622 -0.9770036935806274 -1.1673604249954224
v -1.3623188734054565 -0.4166376292705536 -0.7986758351325989
v -0.7804786562919617 -0.41663676500320435 -1.3728275299072266
v -0.7804786562919617 -0.41663676500320435 -1.3728275299072266
v 0.022232823073863983 -0.9768072366714478 -1.342843770980835
v -0.6504298448562622 -0.9770036935806274 -1.1673604249954224
v 0.022232823073863983 -0.9768072366714478 -1.342843770980835
v -0.7804786562919617 -0.41663676500320435 -1.3728275299072266
v 0.010507430881261826 -0.4164640009403229 -1.5792227983474731
v 0.010507430881261826 -0.4164640009403229 -1.5792227983474731
v 0.6925008893013 -0.9770035147666931 -1.158427357673645
v 0.022232823073863983 -0.9768072366714478 -1.342843770980835
v 0.6925008893013 -0.9770035147666931 -1.158427357673645
v 0.010507430881261826 -0.4164640009403229 -1.5792227983474731
v 0.7986786365509033 -0.4166366159915924 -1.3623244762420654
v 0.7986786365509033 -0.4166366159915924 -1.3623244762420654
v 1.1806598901748657 -0.9770039319992065 -0.6637313961982727
v 0.6925008893013 -0.9770035147666931 -1.158427357673645
v 1.1806598901748657 -0.9770039319992065 -0.6637313961982727
v 0.7986786365509033 -0.4166366159915924 -1.3623244762420654
v 1.3728309869766235 -0.4166370928287506 -0.7804827094078064
v 0.008434080518782139 -1.5014007091522217 -1.246995210647583
v -0.6504298448562622 -0.9770036935806274 -1.1673604249954224
v 0.022232823073863983 -0.9768072366714478 -1.342843770980835
v -0.6504298448562622 -0.9770036935806274 -1.1673604249954224
v 0.008434080518782139 -1.5014007091522217 -1.246995210647583
v -0.6162598133087158 -1.5015244483947754 -1.0840736627578735
v 0.6309049725532532 -1.5015244483947754 -1.0757780075073242
v 0.022232823073863983 -0.9768072366714478 -1.342843770980835
v 0.6925008893013 -0.9770035147666931 -1.158427357673645
v 0.022232823073863983 -0.9768072366714478 -1.342843770980835
v 0.6309049725532532 -1.5015244483947754 -1.0757780075073242
v 0.008434080518782139 -1.5014007091522217 -1.246995210647583
v 1.4955511093139648 -0.417402982711792 -0.4665153920650482
v 1.1806598901748657 -0.9770039319992065 -0.6637313961982727
v 1.3728309869766235 -0.4166370928287506 -0.7804827094078064
v 1.1806598901748657 -0.9770039319992065 -0.6637313961982727
v 1.4955511093139648 -0.417402982711792 -0.4665153920650482
v 1.267668604850769 -0.9472953081130981 -0.38833484053611755
v 1.267668604850769 -0.9472953081130981 -0.38833484053611755
v 1.0844578742980957 -1.497590184211731 -0.6172869205474854
v 1.1806598901748657 -0.9770039319992065 -0.6637313961982727
v 1.0844578742980957 -1.497590184211731 -0.6172869205474854
v 0.6925008893013 -0.9770035147666931 -1.158427357673645
v 1.1806598901748657 -0.9770039319992065 -0.6637313961982727
v 0.6925008893013 -0.9770035147666931 -1.158427357673645
v 1.0844578742980957 -1.497590184211731 -0.6172869205474854
v 0.6309049725532532 -1.5015244483947754 -1.0757780075073242
v 1.0844578742980957 -1.497590184211731 -0.6172869205474854
v 1.267668604850769 -0.9472953081130981 -0.38833484053611755
v 1.163455843925476 -1.4924441576004028 -0.33271387219429016
v 1.163455843925476 -1.4924441576004028 -0.33271387219429016
v 0.9950414896011353 -2.1298842430114746 -0.563606858253479
v 1.0844578742980957 -1.497590184211731 -0.6172869205474854
v 1.0844578742980957 -1.497590184211731 -0.6172869205474854
v 0.9950414896011353 -2.1298842430114746 -0.563606858253479
v 0.9105152487754822 -2.1298842430114746 -0.6744594573974609
v 0.9105152487754822 -2.1298842430114746 -0.6744594573974609
v 0.6309049725532532 -1.5015244483947754 -1.0757780075073242
v 1.0844578742980957 -1.497590184211731 -0.6172869205474854
v 0.9950414896011353 -2.1298842430114746 -0.563606858253479
v 1.163455843925476 -1.4924441576004028 -0.33271387219429016
v 1.0708202123641968 -2.11409592628479 -0.3168662488460541
v 0.9950414896011353 -2.1298842430114746 -0.563606858253479
v 0.8568424582481384 -2.247459888458252 -0.643440306186676
v 0.9105152487754822 -2.1298842430114746 -0.6744594573974609
v 0.8568424582481384 -2.247459888458252 -0.643440306186676
v 0.9950414896011353 -2.1298842430114746 -0.563606858253479
v 0.9573691487312317 -2.2541351318359375 -0.5317801237106323
v 0.9573691487312317 -2.2541351318359375 -0.5317801237106323
v 0.9950414896011353 -2.1298842430114746 -0.563606858253479
v 1.0708202123641968 -2.11409592628479 -0.3168662488460541
v 0.9698684215545654 -2.5041725635528564 -0.392729789018631
v 0.9573691487312317 -2.2541351318359375 -0.5317801237106323
v 1.0708202123641968 -2.11409592628479 -0.3168662488460541
v 0.9573691487312317 -2.2541351318359375 -0.5317801237106323
v 0.9698684215545654 -2.5041725635528564 -0.392729789018631
v 0.8641425967216492 -2.5706329345703125 -0.5152542591094971
v 0.9698684215545654 -2.5041725635528564 -0.392729789018631
v 0.9079557061195374 -2.6544079780578613 -0.4951440691947937
v 0.8641425967216492 -2.5706329345703125 -0.5152542591094971
v 0.7579715847969055 -2.8349740505218506 -0.6758251190185547
v 0.8641425967216492 -2.5706329345703125 -0.5152542591094971
v 0.9079557061195374 -2.6544079780578613 -0.4951440691947937
v 0.8641425967216492 -2.5706329345703125 -0.5152542591094971
v 0.7579715847969055 -2.8349740505218506 -0.6758251190185547
v 0.5474092960357666 -2.898045301437378 -0.9337130784988403
v 0.8937646150588989 -3.014065980911255 -0.4774470329284668
v 0.5474092960357666 -2.898045301437378 -0.9337130784988403
v 0.7579715847969055 -2.8349740505218506 -0.6758251190185547
v 0.8937646150588989 -3.014065980911255 -0.4774470329284668
v 0.5518895983695984 -3.372772455215454 -0.9413341283798218
v 0.5474092960357666 -2.898045301437378 -0.9337130784988403
v 0.5518895983695984 -3.372772455215454 -0.9413341283798218
v 0.2773331105709076 -3.0786352157592773 -1.0515629053115845
v 0.5474092960357666 -2.898045301437378 -0.9337130784988403
v 0.2773331105709076 -3.0786352157592773 -1.0515629053115845
v 0.5518895983695984 -3.372772455215454 -0.9413341283798218
v 0.2795732319355011 -3.3159987926483154 -1.0553733110427856
v 0.5629607439041138 -4.117984294891357 -1.1136711835861206
v 0.2795732319355011 -3.3159987926483154 -1.0553733110427856
v 0.5518895983695984 -3.372772455215454 -0.9413341283798218
v 0.5518895983695984 -3.372772455215454 -0.9413341283798218
v 1.0028398036956787 -3.9799041748046875 -0.6392327547073364
v 0.5629607439041138 -4.117984294891357 -1.1136711835861206
v 1.0028398036956787 -3.9799041748046875 -0.6392327547073364
v 0.5518895983695984 -3.372772455215454 -0.9413341283798218
v 0.9486089944839478 -3.4000697135925293 -0.539303183555603
v 0.8937646150588989 -3.014065980911255 -0.4774470329284668
v 0.9486089944839478 -3.4000697135925293 -0.539303183555603
v 0.5518895983695984 -3.372772455215454 -0.9413341283798218
v 1.079504132270813 -4.308883190155029 -0.7746716141700745
v 0.5629607439041138 -4.117984294891357 -1.1136711835861206
v 1.0028398036956787 -3.9799041748046875 -0.6392327547073364
v 0.5629607439041138 -4.117984294891357 -1.1136711835861206
v 1.079504132270813 -4.308883190155029 -0.7746716141700745
v 0.587051272392273 -4.608912944793701 -1.3460583686828613
v 0.5629607439041138 -4.117984294891357 -1.1136711835861206
v 0.587051272392273 -4.608912944793701 -1.3460583686828613
v 0.26164308190345764 -4.212331295013428 -1.2418102025985718
v 0.2795732319355011 -3.3159987926483154 -1.0553733110427856
v 0.5629607439041138 -4.117984294891357 -1.1136711835861206
v 0.26164308190345764 -4.212331295013428 -1.2418102025985718
v 1.0028398036956787 -3.9799041748046875 -0.6392327547073364
v 1.2566593885421753 -4.198960304260254 4.227000260925706e-7
v 1.079504132270813 -4.308883190155029 -0.7746716141700745
v 1.2566593885421753 -4.198960304260254 4.227000260925706e-7
v 1.0028398036956787 -3.9799041748046875 -0.6392327547073364
v 1.1609370708465576 -3.929464340209961 3.8667869262098975e-7
v 0.9486089944839478 -3.4000697135925293 -0.539303183555603
v 0.8937646150588989 -3.014065980911255 -0.4774470329284668
v 0.9873515963554382 -3.2111778259277344 -0.29603883624076843
v 1.045709490776062 -3.3879666328430176 -0.15787361562252045
v 0.9486089944839478 -3.4000697135925293 -0.539303183555603
v 0.9873515963554382 -3.2111778259277344 -0.29603883624076843
v 1.0028398036956787 -3.9799041748046875 -0.6392327547073364
v 0.9486089944839478 -3.4000697135925293 -0.539303183555603
v 1.045709490776062 -3.3879666328430176 -0.15787361562252045
v 1.1186922788619995 -3.651670455932617 3.8332044027811207e-7
v 1.0028398036956787 -3.9799041748046875 -0.6392327547073364
v 1.045709490776062 -3.3879666328430176 -0.15787361562252045
v 1.1186922788619995 -3.651670455932617 3.8332044027811207e-7
v 1.1609370708465576 -3.929464340209961 3.8667869262098975e-7
v 1.0028398036956787 -3.9799041748046875 -0.6392327547073364
v 0.2773331105709076 -3.0786352157592773 -1.0515629053115845
v 0.2795732319355011 -3.3159987926483154 -1.0553733110427856
v 0.007256779354065657 -3.2592248916625977 -1.0878723859786987
v 0.26164308190345764 -4.212331295013428 -1.2418102025985718
v 0.007256779354065657 -3.2592248916625977 -1.0878723859786987
v 0.2795732319355011 -3.3159987926483154 -1.0553733110427856
v 0.007256779354065657 -3.2592248916625977 -1.0878723859786987
v 0.26164308190345764 -4.212331295013428 -1.2418102025985718
v -0.03967468813061714 -4.306676387786865 -1.2884092330932617
v -0.03967468813061714 -4.306676387786865 -1.2884092330932617
v -0.2841951549053192 -3.462170362472534 -1.0628905296325684
v 0.007256779354065657 -3.2592248916625977 -1.0878723859786987
v -0.2841951549053192 -3.462170362472534 -1.0628905296325684
v -0.03967468813061714 -4.306676387786865 -1.2884092330932617
v -0.32737162709236145 -4.400791168212891 -1.2336890697479248
v -0.03967468813061714 -4.306676387786865 -1.2884092330932617
v -0.08472445607185364 -5.015742301940918 -1.5519208908081055
v -0.32737162709236145 -4.400791168212891 -1.2336890697479248
v 0.26164308190345764 -4.212331295013428 -1.2418102025985718
v 0.587051272392273 -4.608912944793701 -1.3460583686828613
v -0.08472445607185364 -5.015742301940918 -1.5519208908081055
v 0.26164308190345764 -4.212331295013428 -1.2418102025985718
v -0.08472445607185364 -5.015742301940918 -1.5519208908081055
v -0.03967468813061714 -4.306676387786865 -1.2884092330932617
v -0.32737162709236145 -4.400791168212891 -1.2336890697479248
v -0.5572684407234192 -3.6651148796081543 -0.9763930439949036
v -0.2841951549053192 -3.462170362472534 -1.0628905296325684
v -0.5572684407234192 -3.6651148796081543 -0.9763930439949036
v -0.32737162709236145 -4.400791168212891 -1.2336890697479248
v -0.5966898798942566 -4.4949049949646 -1.1174533367156982
v -0.5966898798942566 -4.4949049949646 -1.1174533367156982
v -0.7875040769577026 -3.830824136734009 -0.8122035264968872
v -0.5572684407234192 -3.6651148796081543 -0.9763930439949036
v -0.7875040769577026 -3.830824136734009 -0.8122035264968872
v -0.5966898798942566 -4.4949049949646 -1.1174533367156982
v -0.845700740814209 -4.56370735168457 -0.9106334447860718
v -0.5966898798942566 -4.4949049949646 -1.1174533367156982
v -0.752273440361023 -5.416534900665283 -1.341054081916809
v -0.845700740814209 -4.56370735168457 -0.9106334447860718
v -0.32737162709236145 -4.400791168212891 -1.2336890697479248
v -0.08472445607185364 -5.015742301940918 -1.5519208908081055
v -0.752273440361023 -5.416534900665283 -1.341054081916809
v -0.32737162709236145 -4.400791168212891 -1.2336890697479248
v -0.752273440361023 -5.416534900665283 -1.341054081916809
v -0.5966898798942566 -4.4949049949646 -1.1174533367156982
v -0.845700740814209 -4.56370735168457 -0.9106334447860718
v -0.752273440361023 -5.416534900665283 -1.341054081916809
v -1.2388224601745605 -5.705317974090576 -0.7762792706489563
v -0.845700740814209 -4.56370735168457 -0.9106334447860718
v -1.2388224601745605 -5.705317974090576 -0.7762792706489563
v -1.0464164018630981 -4.63250732421875 -0.6489685773849487
v -0.9694445729255676 -3.9965336322784424 -0.5931692123413086
v -0.845700740814209 -4.56370735168457 -0.9106334447860718
v -1.0464164018630981 -4.63250732421875 -0.6489685773849487
v -1.0464164018630981 -4.63250732421875 -0.6489685773849487
v -1.1009619235992432 -4.088293552398682 -0.3135456442832947
v -0.9694445729255676 -3.9965336322784424 -0.5931692123413086
v -1.1009619235992432 -4.088293552398682 -0.3135456442832947
v -1.0464164018630981 -4.63250732421875 -0.6489685773849487
v -1.1704294681549072 -4.657721996307373 -0.3416516184806824
v -0.5740042924880981 -2.1298842430114746 -1.009607195854187
v -0.2729955315589905 -2.8178372383117676 -1.0422865152359009
v -0.5348322987556458 -2.83473801612854 -0.9407878518104553
v -0.2729955315589905 -2.8178372383117676 -1.0422865152359009
v -0.5740042924880981 -2.1298842430114746 -1.009607195854187
v -0.29232004284858704 -2.1298656463623047 -1.1162245273590088
v -0.2729955315589905 -2.8178372383117676 -1.0422865152359009
v -0.5376308560371399 -3.173346757888794 -0.9456967115402222
v -0.5348322987556458 -2.83473801612854 -0.9407878518104553
v -0.5376308560371399 -3.173346757888794 -0.9456967115402222
v -0.2729955315589905 -2.8178372383117676 -1.0422865152359009
v -0.2743948698043823 -2.9871413707733154 -1.0447407960891724
v -0.29232004284858704 -2.1298656463623047 -1.1162245273590088
v 0.007219830062240362 -2.8009350299835205 -1.0822694301605225
v -0.2729955315589905 -2.8178372383117676 -1.0422865152359009
v -0.2743948698043823 -2.9871413707733154 -1.0447407960891724
v -0.2729955315589905 -2.8178372383117676 -1.0422865152359009
v 0.007219830062240362 -2.8009350299835205 -1.0822694301605225
v 0.007219830062240362 -2.8009350299835205 -1.0822694301605225
v -0.29232004284858704 -2.1298656463623047 -1.1162245273590088
v 0.007742994464933872 -2.1298463344573975 -1.1613259315490723
v 0.007742994464933872 -2.1298463344573975 -1.1613259315490723
v 0.28812307119369507 -2.616093635559082 -1.0671765804290771
v 0.007219830062240362 -2.8009350299835205 -1.0822694301605225
v 0.28812307119369507 -2.616093635559082 -1.0671765804290771
v 0.007742994464933872 -2.1298463344573975 -1.1613259315490723
v 0.29758167266845703 -2.129864454269409 -1.1223739385604858
v 0.008434080518782139 -1.5014007091522217 -1.246995210647583
v 0.007742994464933872 -2.1298463344573975 -1.1613259315490723
v -0.29232004284858704 -2.1298656463623047 -1.1162245273590088
v 0.008434080518782139 -1.5014007091522217 -1.246995210647583
v 0.29758167266845703 -2.129864454269409 -1.1223739385604858
v 0.007742994464933872 -2.1298463344573975 -1.1613259315490723
v 0.29758167266845703 -2.129864454269409 -1.1223739385604858
v 0.5690262913703918 -2.4312520027160645 -0.9705434441566467
v 0.28812307119369507 -2.616093635559082 -1.0671765804290771
v 0.5690262913703918 -2.4312520027160645 -0.9705434441566467
v 0.29758167266845703 -2.129864454269409 -1.1223739385604858
v 0.5874203443527222 -2.129883050918579 -1.0018818378448486
v 0.6309049725532532 -1.5015244483947754 -1.0757780075073242
v 0.5874203443527222 -2.129883050918579 -1.0018818378448486
v 0.29758167266845703 -2.129864454269409 -1.1223739385604858
v 0.6309049725532532 -1.5015244483947754 -1.0757780075073242
v 0.29758167266845703 -2.129864454269409 -1.1223739385604858
v 0.008434080518782139 -1.5014007091522217 -1.246995210647583
v 0.5874203443527222 -2.129883050918579 -1.0018818378448486
v 0.8568424582481384 -2.247459888458252 -0.643440306186676
v 0.5690262913703918 -2.4312520027160645 -0.9705434441566467
v 0.8568424582481384 -2.247459888458252 -0.643440306186676
v 0.5874203443527222 -2.129883050918579 -1.0018818378448486
v 0.9105152487754822 -2.1298842430114746 -0.6744594573974609
v 0.6309049725532532 -1.5015244483947754 -1.0757780075073242
v 0.9105152487754822 -2.1298842430114746 -0.6744594573974609
v 0.5874203443527222 -2.129883050918579 -1.0018818378448486
v -0.5376308560371399 -3.173346757888794 -0.9456967115402222
v -0.7063577175140381 -2.8347387313842773 -0.7532850503921509
v -0.5348322987556458 -2.83473801612854 -0.9407878518104553
v -0.7063577175140381 -2.8347387313842773 -0.7532850503921509
v -0.5376308560371399 -3.173346757888794 -0.9456967115402222
v -0.7326734662055969 -3.319324016571045 -0.7901620864868164
v -0.7063577175140381 -2.8347387313842773 -0.7532850503921509
v -0.5740042924880981 -2.1298842430114746 -1.009607195854187
v -0.5348322987556458 -2.83473801612854 -0.9407878518104553
v -0.6162598133087158 -1.5015244483947754 -1.0840736627578735
v -0.29232004284858704 -2.1298656463623047 -1.1162245273590088
v -0.5740042924880981 -2.1298842430114746 -1.009607195854187
v 0.008434080518782139 -1.5014007091522217 -1.246995210647583
v -0.29232004284858704 -2.1298656463623047 -1.1162245273590088
v -0.6162598133087158 -1.5015244483947754 -1.0840736627578735
v -1.3623188734054565 -0.4166376292705536 -0.7986758351325989
v -2.155353546142578 -0.32475966215133667 -0.0000013826950180373387
v -1.859174132347107 -0.3250957131385803 -1.0897789001464844
v -2.155353546142578 -0.32475966215133667 -0.0000013826950180373387
v -1.3623188734054565 -0.4166376292705536 -0.7986758351325989
v -1.5784821510314941 -0.38478678464889526 -0.0000010240775054626283
v -1.859174132347107 -0.3250957131385803 -1.0897789001464844
v -0.7804786562919617 -0.41663676500320435 -1.3728275299072266
v -1.3623188734054565 -0.4166376292705536 -0.7986758351325989
v -0.7804786562919617 -0.41663676500320435 -1.3728275299072266
v -1.859174132347107 -0.3250957131385803 -1.0897789001464844
v -1.0649471282958984 -0.3250943720340729 -1.8735073804855347
v -1.0649471282958984 -0.3250943720340729 -1.8735073804855347
v 0.010507430881261826 -0.4164640009403229 -1.5792227983474731
v -0.7804786562919617 -0.41663676500320435 -1.3728275299072266
v 0.010507430881261826 -0.4164640009403229 -1.5792227983474731
v -1.0649471282958984 -0.3250943720340729 -1.8735073804855347
v 0.014338930137455463 -0.3247565031051636 -2.1553597450256348
v 0.014338930137455463 -0.3247565031051636 -2.1553597450256348
v 0.7986786365509033 -0.4166366159915924 -1.3623244762420654
v 0.010507430881261826 -0.4164640009403229 -1.5792227983474731
v 0.7986786365509033 -0.4166366159915924 -1.3623244762420654
v 0.014338930137455463 -0.3247565031051636 -2.1553597450256348
v 1.0897812843322754 -0.32509416341781616 -1.859175205230713
v 1.0897812843322754 -0.32509416341781616 -1.859175205230713
v 1.3728309869766235 -0.4166370928287506 -0.7804827094078064
v 0.7986786365509033 -0.4166366159915924 -1.3623244762420654
v 1.3728309869766235 -0.4166370928287506 -0.7804827094078064
v 1.0897812843322754 -0.32509416341781616 -1.859175205230713
v 1.8735101222991943 -0.32509496808052063 -1.0649511814117432
v 1.4955511093139648 -0.417402982711792 -0.4665153920650482
v 1.3728309869766235 -0.4166370928287506 -0.7804827094078064
v 1.8735101222991943 -0.32509496808052063 -1.0649511814117432
v 1.8735101222991943 -0.32509496808052063 -1.0649511814117432
v 1.5792253017425537 -0.41646528244018555 9.554163398206583e-7
v 1.4955511093139648 -0.417402982711792 -0.4665153920650482
v 1.5792253017425537 -0.41646528244018555 9.554163398206583e-7
v 1.8735101222991943 -0.32509496808052063 -1.0649511814117432
v 2.1553616523742676 -0.3247585892677307 0.000001325212792835373
v -1.3623195886611938 -0.41663774847984314 0.7986742258071899
v -2.155353546142578 -0.32475966215133667 -0.0000013826950180373387
v -1.5784821510314941 -0.38478678464889526 -0.0000010240775054626283
v -2.155353546142578 -0.32475966215133667 -0.0000013826950180373387
v -1.3623195886611938 -0.41663774847984314 0.7986742258071899
v -1.8591753244400024 -0.3250958323478699 1.089776635169983
v -0.7804802060127258 -0.41663700342178345 1.3728264570236206
v -1.8591753244400024 -0.3250958323478699 1.089776635169983
v -1.3623195886611938 -0.41663774847984314 0.7986742258071899
v -1.8591753244400024 -0.3250958323478699 1.089776635169983
v -0.7804802060127258 -0.41663700342178345 1.3728264570236206
v -1.0649492740631104 -0.32509464025497437 1.8735063076019287
v 0.010505447164177895 -0.41646429896354675 1.5792227983474731
v -1.0649492740631104 -0.32509464025497437 1.8735063076019287
v -0.7804802060127258 -0.41663700342178345 1.3728264570236206
v -1.0649492740631104 -0.32509464025497437 1.8735063076019287
v 0.010505447164177895 -0.41646429896354675 1.5792227983474731
v 0.014336224645376205 -0.3247568905353546 2.1553595066070557
v 0.7986770272254944 -0.41663679480552673 1.3623250722885132
v 0.014336224645376205 -0.3247568905353546 2.1553595066070557
v 0.010505447164177895 -0.41646429896354675 1.5792227983474731
v 0.014336224645376205 -0.3247568905353546 2.1553595066070557
v 0.7986770272254944 -0.41663679480552673 1.3623250722885132
v 1.0897789001464844 -0.32509443163871765 1.8591762781143188
v 1.3728299140930176 -0.41663727164268494 0.780484139919281
v 1.0897789001464844 -0.32509443163871765 1.8591762781143188
v 0.7986770272254944 -0.41663679480552673 1.3623250722885132
v 1.0897789001464844 -0.32509443163871765 1.8591762781143188
v 1.3728299140930176 -0.41663727164268494 0.780484139919281
v 1.8735085725784302 -0.3250950574874878 1.064953088760376
v 1.8735085725784302 -0.3250950574874878 1.064953088760376
v 1.5792253017425537 -0.41646528244018555 9.554163398206583e-7
v 2.1553616523742676 -0.3247585892677307 0.000001325212792835373
v 1.5792253017425537 -0.41646528244018555 9.554163398206583e-7
v 1.8735085725784302 -0.3250950574874878 1.064953088760376
v 1.4955501556396484 -0.41740307211875916 0.4665170907974243
v 1.4955501556396484 -0.41740307211875916 0.4665170907974243
v 1.8735085725784302 -0.3250950574874878 1.064953088760376
v 1.3728299140930176 -0.41663727164268494 0.780484139919281
v 0.8641425967216492 -2.5706329345703125 -0.5152542591094971
v 0.5474092960357666 -2.898045301437378 -0.9337130784988403
v 0.48452335596084595 -2.808953285217285 -0.8558363914489746
v 0.5474092960357666 -2.898045301437378 -0.9337130784988403
v 0.24020320177078247 -2.991804838180542 -0.9733456969261169
v 0.48452335596084595 -2.808953285217285 -0.8558363914489746
v 0.24020320177078247 -2.991804838180542 -0.9733456969261169
v 0.5474092960357666 -2.898045301437378 -0.9337130784988403
v 0.2773331105709076 -3.0786352157592773 -1.0515629053115845
v 0.48452335596084595 -2.808953285217285 -0.8558363914489746
v 0.49893489480018616 -2.5630340576171875 -0.8923768401145935
v 0.8641425967216492 -2.5706329345703125 -0.5152542591094971
v 0.8641425967216492 -2.5706329345703125 -0.5152542591094971
v 0.49893489480018616 -2.5630340576171875 -0.8923768401145935
v 0.9573691487312317 -2.2541351318359375 -0.5317801237106323
v 0.9573691487312317 -2.2541351318359375 -0.5317801237106323
v 0.49893489480018616 -2.5630340576171875 -0.8923768401145935
v 0.8568424582481384 -2.247459888458252 -0.643440306186676
v 0.48452335596084595 -2.808953285217285 -0.8558363914489746
v 0.24572648108005524 -2.746288776397705 -0.988825798034668
v 0.49893489480018616 -2.5630340576171875 -0.8923768401145935
v 0.24572648108005524 -2.746288776397705 -0.988825798034668
v 0.48452335596084595 -2.808953285217285 -0.8558363914489746
v 0.24020320177078247 -2.991804838180542 -0.9733456969261169
v 0.49893489480018616 -2.5630340576171875 -0.8923768401145935
v 0.5690262913703918 -2.4312520027160645 -0.9705434441566467
v 0.8568424582481384 -2.247459888458252 -0.643440306186676
v 0.2773331105709076 -3.0786352157592773 -1.0515629053115845
v -0.004116918426007032 -3.1746559143066406 -1.0093151330947876
v 0.24020320177078247 -2.991804838180542 -0.9733456969261169
v -0.004116918426007032 -3.1746559143066406 -1.0093151330947876
v 0.2773331105709076 -3.0786352157592773 -1.0515629053115845
v 0.007256779354065657 -3.2592248916625977 -1.0878723859786987
v 0.007256779354065657 -3.2592248916625977 -1.0878723859786987
v -0.2661457657814026 -3.3638665676116943 -0.9841372966766357
v -0.004116918426007032 -3.1746559143066406 -1.0093151330947876
v -0.2661457657814026 -3.3638665676116943 -0.9841372966766357
v 0.007256779354065657 -3.2592248916625977 -1.0878723859786987
v -0.2841951549053192 -3.462170362472534 -1.0628905296325684
v -0.2590446174144745 -3.1031620502471924 -0.9660064578056335
v -0.004116918426007032 -3.1746559143066406 -1.0093151330947876
v -0.2661457657814026 -3.3638665676116943 -0.9841372966766357
v -0.004116918426007032 -3.1746559143066406 -1.0093151330947876
v -0.2590446174144745 -3.1031620502471924 -0.9660064578056335
v -0.007481884676963091 -2.9295434951782227 -1.0037347078323364
v -0.007481884676963091 -2.9295434951782227 -1.0037347078323364
v 0.24020320177078247 -2.991804838180542 -0.9733456969261169
v -0.004116918426007032 -3.1746559143066406 -1.0093151330947876
v 0.24020320177078247 -2.991804838180542 -0.9733456969261169
v -0.007481884676963091 -2.9295434951782227 -1.0037347078323364
v 0.24572648108005524 -2.746288776397705 -0.988825798034668
v 0.007219830062240362 -2.8009350299835205 -1.0822694301605225
v 0.24572648108005524 -2.746288776397705 -0.988825798034668
v -0.007481884676963091 -2.9295434951782227 -1.0037347078323364
v 0.24572648108005524 -2.746288776397705 -0.988825798034668
v 0.007219830062240362 -2.8009350299835205 -1.0822694301605225
v 0.28812307119369507 -2.616093635559082 -1.0671765804290771
v 0.49893489480018616 -2.5630340576171875 -0.8923768401145935
v 0.28812307119369507 -2.616093635559082 -1.0671765804290771
v 0.5690262913703918 -2.4312520027160645 -0.9705434441566467
v 0.28812307119369507 -2.616093635559082 -1.0671765804290771
v 0.49893489480018616 -2.5630340576171875 -0.8923768401145935
v 0.24572648108005524 -2.746288776397705 -0.988825798034668
v -0.2841951549053192 -3.462170362472534 -1.0628905296325684
v -0.5097958445549011 -3.5530755519866943 -0.8974443674087524
v -0.2661457657814026 -3.3638665676116943 -0.9841372966766357
v -0.5097958445549011 -3.5530755519866943 -0.8974443674087524
v -0.2841951549053192 -3.462170362472534 -1.0628905296325684
v -0.5572684407234192 -3.6651148796081543 -0.9763930439949036
v -0.5572684407234192 -3.6651148796081543 -0.9763930439949036
v -0.7091402411460876 -3.7187860012054443 -0.7365349531173706
v -0.5097958445549011 -3.5530755519866943 -0.8974443674087524
v -0.007481884676963091 -2.9295434951782227 -1.0037347078323364
v -0.2743948698043823 -2.9871413707733154 -1.0447407960891724
v 0.007219830062240362 -2.8009350299835205 -1.0822694301605225
v -0.2743948698043823 -2.9871413707733154 -1.0447407960891724
v -0.007481884676963091 -2.9295434951782227 -1.0037347078323364
v -0.2590446174144745 -3.1031620502471924 -0.9660064578056335
v -0.2590446174144745 -3.1031620502471924 -0.9660064578056335
v -0.5376308560371399 -3.173346757888794 -0.9456967115402222
v -0.2743948698043823 -2.9871413707733154 -1.0447407960891724
v -0.5376308560371399 -3.173346757888794 -0.9456967115402222
v -0.2590446174144745 -3.1031620502471924 -0.9660064578056335
v -0.4922286570072174 -3.2767796516418457 -0.8667622804641724
v -0.4922286570072174 -3.2767796516418457 -0.8667622804641724
v -0.2661457657814026 -3.3638665676116943 -0.9841372966766357
v -0.5097958445549011 -3.5530755519866943 -0.8974443674087524
v -0.2661457657814026 -3.3638665676116943 -0.9841372966766357
v -0.4922286570072174 -3.2767796516418457 -0.8667622804641724
v -0.2590446174144745 -3.1031620502471924 -0.9660064578056335
v -0.4922286570072174 -3.2767796516418457 -0.8667622804641724
v -0.7326734662055969 -3.319324016571045 -0.7901620864868164
v -0.5376308560371399 -3.173346757888794 -0.9456967115402222
v -0.7326734662055969 -3.319324016571045 -0.7901620864868164
v -0.4922286570072174 -3.2767796516418457 -0.8667622804641724
v -0.6792892813682556 -3.426914930343628 -0.7132149934768677
v -0.5097958445549011 -3.5530755519866943 -0.8974443674087524
v -0.6792892813682556 -3.426914930343628 -0.7132149934768677
v -0.4922286570072174 -3.2767796516418457 -0.8667622804641724
v -0.6792892813682556 -3.426914930343628 -0.7132149934768677
v -0.5097958445549011 -3.5530755519866943 -0.8974443674087524
v -0.7091402411460876 -3.7187860012054443 -0.7365349531173706
v -0.6792892813682556 -3.426914930343628 -0.7132149934768677
v -0.8794209361076355 -3.4653007984161377 -0.5797824859619141
v -0.7326734662055969 -3.319324016571045 -0.7901620864868164
v -0.8794209361076355 -3.4653007984161377 -0.5797824859619141
v -0.6792892813682556 -3.426914930343628 -0.7132149934768677
v -0.818054735660553 -3.5770487785339355 -0.5048224925994873
v -0.7091402411460876 -3.7187860012054443 -0.7365349531173706
v -0.818054735660553 -3.5770487785339355 -0.5048224925994873
v -0.6792892813682556 -3.426914930343628 -0.7132149934768677
v -0.818054735660553 -3.5770487785339355 -0.5048224925994873
v -0.7091402411460876 -3.7187860012054443 -0.7365349531173706
v -0.8601893186569214 -3.884495973587036 -0.5207803845405579
v -0.818054735660553 -3.5770487785339355 -0.5048224925994873
v -1.0224990844726562 -3.553126096725464 -0.3066294491291046
v -0.8794209361076355 -3.4653007984161377 -0.5797824859619141
v -1.0224990844726562 -3.553126096725464 -0.3066294491291046
v -0.818054735660553 -3.5770487785339355 -0.5048224925994873
v -0.9388065934181213 -3.66451096534729 -0.26879698038101196
v -0.8601893186569214 -3.884495973587036 -0.5207803845405579
v -0.9388065934181213 -3.66451096534729 -0.26879698038101196
v -0.818054735660553 -3.5770487785339355 -0.5048224925994873
v -0.9388065934181213 -3.66451096534729 -0.26879698038101196
v -1.0820893049240112 -3.640950918197632 -9.984946700569708e-7
v -1.0224990844726562 -3.553126096725464 -0.3066294491291046
v -1.0820893049240112 -3.640950918197632 -9.984946700569708e-7
v -0.9388065934181213 -3.66451096534729 -0.26879698038101196
v -0.9760704636573792 -3.751971960067749 -9.412408417119877e-7
v -0.9388065934181213 -3.66451096534729 -0.26879698038101196
v -0.8601893186569214 -3.884495973587036 -0.5207803845405579
v -0.9898330569267273 -3.96329665184021 -0.2769753038883209
v -0.7091402411460876 -3.7187860012054443 -0.7365349531173706
v -0.5572684407234192 -3.6651148796081543 -0.9763930439949036
v -0.7875040769577026 -3.830824136734009 -0.8122035264968872
v -0.7875040769577026 -3.830824136734009 -0.8122035264968872
v -0.8601893186569214 -3.884495973587036 -0.5207803845405579
v -0.7091402411460876 -3.7187860012054443 -0.7365349531173706
v -0.8601893186569214 -3.884495973587036 -0.5207803845405579
v -0.7875040769577026 -3.830824136734009 -0.8122035264968872
v -0.9694445729255676 -3.9965336322784424 -0.5931692123413086
v -0.9694445729255676 -3.9965336322784424 -0.5931692123413086
v -0.9898330569267273 -3.96329665184021 -0.2769753038883209
v -0.8601893186569214 -3.884495973587036 -0.5207803845405579
v -0.9898330569267273 -3.96329665184021 -0.2769753038883209
v -0.9694445729255676 -3.9965336322784424 -0.5931692123413086
v -1.1009619235992432 -4.088293552398682 -0.3135456442832947
v -1.1009619235992432 -4.088293552398682 -0.3135456442832947
v -1.0359885692596436 -4.042096138000488 -0.0000010039074140877347
v -0.9898330569267273 -3.96329665184021 -0.2769753038883209
v -0.9760704636573792 -3.751971960067749 -9.412408417119877e-7
v -0.9898330569267273 -3.96329665184021 -0.2769753038883209
v -1.0359885692596436 -4.042096138000488 -0.0000010039074140877347
v -0.9898330569267273 -3.96329665184021 -0.2769753038883209
v -0.9760704636573792 -3.751971960067749 -9.412408417119877e-7
v -0.9388065934181213 -3.66451096534729 -0.26879698038101196
v -1.0359885692596436 -4.042096138000488 -0.0000010039074140877347
v -1.1009619235992432 -4.088293552398682 -0.3135456442832947
v -1.1489912271499634 -4.180052280426025 -0.0000010873201290451107
v -0.9898331761360168 -3.963296413421631 0.2769733667373657
v -0.9760704636573792 -3.751971960067749 -9.412408417119877e-7
v -1.0359885692596436 -4.042096138000488 -0.0000010039074140877347
v -0.9760704636573792 -3.751971960067749 -9.412408417119877e-7
v -0.9898331761360168 -3.963296413421631 0.2769733667373657
v -0.9388068318367004 -3.664510726928711 0.2687951624393463
v -0.9388068318367004 -3.664510726928711 0.2687951624393463
v -1.0820893049240112 -3.640950918197632 -9.984946700569708e-7
v -0.9760704636573792 -3.751971960067749 -9.412408417119877e-7
v -1.0820893049240112 -3.640950918197632 -9.984946700569708e-7
v -0.9388068318367004 -3.664510726928711 0.2687951624393463
v -1.022499442100525 -3.5531258583068848 0.3066276013851166
v -1.0359885692596436 -4.042096138000488 -0.0000010039074140877347
v -1.1009622812271118 -4.088292598724365 0.31354352831840515
v -0.9898331761360168 -3.963296413421631 0.2769733667373657
v -1.1009622812271118 -4.088292598724365 0.31354352831840515
v -1.0359885692596436 -4.042096138000488 -0.0000010039074140877347
v -1.1489912271499634 -4.180052280426025 -0.0000010873201290451107
v -0.9694452285766602 -3.996533155441284 0.5931673049926758
v -0.9898331761360168 -3.963296413421631 0.2769733667373657
v -1.1009622812271118 -4.088292598724365 0.31354352831840515
v -0.9898331761360168 -3.963296413421631 0.2769733667373657
v -0.9694452285766602 -3.996533155441284 0.5931673049926758
v -0.8601899743080139 -3.884495735168457 0.5207785964012146
v -0.8601899743080139 -3.884495735168457 0.5207785964012146
v -0.9388068318367004 -3.664510726928711 0.2687951624393463
v -0.9898331761360168 -3.963296413421631 0.2769733667373657
v -0.7875049710273743 -3.8308238983154297 0.812201976776123
v -0.8601899743080139 -3.884495735168457 0.5207785964012146
v -0.9694452285766602 -3.996533155441284 0.5931673049926758
v -0.8601899743080139 -3.884495735168457 0.5207785964012146
v -0.7875049710273743 -3.8308238983154297 0.812201976776123
v -0.7091410756111145 -3.718785524368286 0.7365333437919617
v -0.5572695732116699 -3.665113687515259 0.9763916730880737
v -0.7091410756111145 -3.718785524368286 0.7365333437919617
v -0.7875049710273743 -3.8308238983154297 0.812201976776123
v -0.7091410756111145 -3.718785524368286 0.7365333437919617
v -0.5572695732116699 -3.665113687515259 0.9763916730880737
v -0.5097969770431519 -3.553074598312378 0.8974430561065674
v -0.7091410756111145 -3.718785524368286 0.7365333437919617
v -0.8180551528930664 -3.5770485401153564 0.5048207640647888
v -0.8601899743080139 -3.884495735168457 0.5207785964012146
v -0.8180551528930664 -3.5770485401153564 0.5048207640647888
v -1.022499442100525 -3.5531258583068848 0.3066276013851166
v -0.9388068318367004 -3.664510726928711 0.2687951624393463
v -0.9388068318367004 -3.664510726928711 0.2687951624393463
v -0.8601899743080139 -3.884495735168457 0.5207785964012146
v -0.8180551528930664 -3.5770485401153564 0.5048207640647888
v -0.8180551528930664 -3.5770485401153564 0.5048207640647888
v -0.7091410756111145 -3.718785524368286 0.7365333437919617
v -0.6792901754379272 -3.426914691925049 0.7132135033607483
v -0.5097969770431519 -3.553074598312378 0.8974430561065674
v -0.6792901754379272 -3.426914691925049 0.7132135033607483
v -0.7091410756111145 -3.718785524368286 0.7365333437919617
v -0.6792901754379272 -3.426914691925049 0.7132135033607483
v -0.8794215321540833 -3.4653005599975586 0.5797807574272156
v -0.8180551528930664 -3.5770485401153564 0.5048207640647888
v -1.022499442100525 -3.5531258583068848 0.3066276013851166
v -0.8180551528930664 -3.5770485401153564 0.5048207640647888
v -0.8794215321540833 -3.4653005599975586 0.5797807574272156
v -0.8794215321540833 -3.4653005599975586 0.5797807574272156
v -0.6792901754379272 -3.426914691925049 0.7132135033607483
v -0.7326745390892029 -3.3193235397338867 0.7901604771614075
v -0.28419649600982666 -3.462170124053955 1.062889575958252
v -0.5097969770431519 -3.553074598312378 0.8974430561065674
v -0.5572695732116699 -3.665113687515259 0.9763916730880737
v -0.5097969770431519 -3.553074598312378 0.8974430561065674
v -0.28419649600982666 -3.462170124053955 1.062889575958252
v -0.2661469280719757 -3.363865613937378 0.9841363430023193
v 0.0072554126381874084 -3.2592244148254395 1.087871789932251
v -0.2661469280719757 -3.363865613937378 0.9841363430023193
v -0.28419649600982666 -3.462170124053955 1.062889575958252
v -0.2661469280719757 -3.363865613937378 0.9841363430023193
v 0.0072554126381874084 -3.2592244148254395 1.087871789932251
v -0.004118184559047222 -3.1746551990509033 1.0093142986297607
v -0.004118184559047222 -3.1746551990509033 1.0093142986297607
v -0.25904580950737 -3.103160858154297 0.9660054445266724
v -0.2661469280719757 -3.363865613937378 0.9841363430023193
v -0.25904580950737 -3.103160858154297 0.9660054445266724
v -0.004118184559047222 -3.1746551990509033 1.0093142986297607
v -0.007483144756406546 -2.9295427799224854 1.0037342309951782
v 0.27733176946640015 -3.0786349773406982 1.0515624284744263
v -0.004118184559047222 -3.1746551990509033 1.0093142986297607
v 0.0072554126381874084 -3.2592244148254395 1.087871789932251
v -0.004118184559047222 -3.1746551990509033 1.0093142986297607
v 0.27733176946640015 -3.0786349773406982 1.0515624284744263
v 0.2402019500732422 -2.9918041229248047 0.9733456373214722
v 0.2402019500732422 -2.9918041229248047 0.9733456373214722
v -0.007483144756406546 -2.9295427799224854 1.0037342309951782
v -0.004118184559047222 -3.1746551990509033 1.0093142986297607
v 0.5474082231521606 -2.898045063018799 0.9337132573127747
v 0.2402019500732422 -2.9918041229248047 0.9733456373214722
v 0.27733176946640015 -3.0786349773406982 1.0515624284744263
v 0.2402019500732422 -2.9918041229248047 0.9733456373214722
v 0.5474082231521606 -2.898045063018799 0.9337132573127747
v 0.4845222234725952 -2.8089535236358643 0.8558363914489746
v 0.8641420006752014 -2.5706329345703125 0.5152549147605896
v 0.4845222234725952 -2.8089535236358643 0.8558363914489746
v 0.5474082231521606 -2.898045063018799 0.9337132573127747
v 0.4845222234725952 -2.8089535236358643 0.8558363914489746
v 0.8641420006752014 -2.5706329345703125 0.5152549147605896
v 0.49893367290496826 -2.5630335807800293 0.8923768401145935
v 0.49893367290496826 -2.5630335807800293 0.8923768401145935
v 0.8641420006752014 -2.5706329345703125 0.5152549147605896
v 0.9573685526847839 -2.2541348934173584 0.5317807793617249
v 0.49893367290496826 -2.5630335807800293 0.8923768401145935
v 0.9573685526847839 -2.2541348934173584 0.5317807793617249
v 0.8568417429924011 -2.247459888458252 0.643440842628479
v 0.4845222234725952 -2.8089535236358643 0.8558363914489746
v 0.24572522938251495 -2.7462880611419678 0.9888256788253784
v 0.2402019500732422 -2.9918041229248047 0.9733456373214722
v 0.24572522938251495 -2.7462880611419678 0.9888256788253784
v 0.4845222234725952 -2.8089535236358643 0.8558363914489746
v 0.49893367290496826 -2.5630335807800293 0.8923768401145935
v -0.007483144756406546 -2.9295427799224854 1.0037342309951782
v 0.2402019500732422 -2.9918041229248047 0.9733456373214722
v 0.24572522938251495 -2.7462880611419678 0.9888256788253784
v 0.24572522938251495 -2.7462880611419678 0.9888256788253784
v 0.007218470331281424 -2.800934314727783 1.0822689533233643
v -0.007483144756406546 -2.9295427799224854 1.0037342309951782
v 0.007218470331281424 -2.800934314727783 1.0822689533233643
v 0.24572522938251495 -2.7462880611419678 0.9888256788253784
v 0.28812170028686523 -2.616093158721924 1.0671762228012085
v 0.49893367290496826 -2.5630335807800293 0.8923768401145935
v 0.28812170028686523 -2.616093158721924 1.0671762228012085
v 0.24572522938251495 -2.7462880611419678 0.9888256788253784
v 0.49893367290496826 -2.5630335807800293 0.8923768401145935
v 0.8568417429924011 -2.247459888458252 0.643440842628479
v 0.5690250396728516 -2.4312522411346436 0.970543622970581
v 0.28812170028686523 -2.616093158721924 1.0671762228012085
v 0.49893367290496826 -2.5630335807800293 0.8923768401145935
v 0.5690250396728516 -2.4312522411346436 0.970543622970581
v -0.007483144756406546 -2.9295427799224854 1.0037342309951782
v -0.274396151304245 -2.9871411323547363 1.0447399616241455
v -0.25904580950737 -3.103160858154297 0.9660054445266724
v -0.274396151304245 -2.9871411323547363 1.0447399616241455
v -0.007483144756406546 -2.9295427799224854 1.0037342309951782
v 0.007218470331281424 -2.800934314727783 1.0822689533233643
v -0.5376319885253906 -3.1733458042144775 0.9456954002380371
v -0.25904580950737 -3.103160858154297 0.9660054445266724
v -0.274396151304245 -2.9871411323547363 1.0447399616241455
v -0.25904580950737 -3.103160858154297 0.9660054445266724
v -0.5376319885253906 -3.1733458042144775 0.9456954002380371
v -0.4922296702861786 -3.2767794132232666 0.8667612075805664
v -0.7326745390892029 -3.3193235397338867 0.7901604771614075
v -0.4922296702861786 -3.2767794132232666 0.8667612075805664
v -0.5376319885253906 -3.1733458042144775 0.9456954002380371
v -0.4922296702861786 -3.2767794132232666 0.8667612075805664
v -0.7326745390892029 -3.3193235397338867 0.7901604771614075
v -0.6792901754379272 -3.426914691925049 0.7132135033607483
v -0.6792901754379272 -3.426914691925049 0.7132135033607483
v -0.5097969770431519 -3.553074598312378 0.8974430561065674
v -0.4922296702861786 -3.2767794132232666 0.8667612075805664
v -0.2661469280719757 -3.363865613937378 0.9841363430023193
v -0.4922296702861786 -3.2767794132232666 0.8667612075805664
v -0.5097969770431519 -3.553074598312378 0.8974430561065674
v -0.4922296702861786 -3.2767794132232666 0.8667612075805664
v -0.2661469280719757 -3.363865613937378 0.9841363430023193
v -0.25904580950737 -3.103160858154297 0.9660054445266724
v 1.1186922788619995 -3.651670455932617 3.8332044027811207e-7
v 1.152867078781128 -3.3711025714874268 -0.1273767203092575
v 1.1929305791854858 -3.5920066833496094 4.365017787222314e-7
v 1.152867078781128 -3.3711025714874268 -0.1273767203092575
v 1.1186922788619995 -3.651670455932617 3.8332044027811207e-7
v 1.045709490776062 -3.3879666328430176 -0.15787361562252045
v 0.7579715847969055 -2.8349740505218506 -0.6758251190185547
v 1.041414737701416 -2.682145595550537 -0.47488585114479065
v 0.9012190103530884 -2.8365776538848877 -0.6736878752708435
v 1.041414737701416 -2.682145595550537 -0.47488585114479065
v 0.7579715847969055 -2.8349740505218506 -0.6758251190185547
v 0.9079557061195374 -2.6544079780578613 -0.4951440691947937
v 0.9698684215545654 -2.5041725635528564 -0.392729789018631
v 1.041414737701416 -2.682145595550537 -0.47488585114479065
v 0.9079557061195374 -2.6544079780578613 -0.4951440691947937
v 1.041414737701416 -2.682145595550537 -0.47488585114479065
v 0.9698684215545654 -2.5041725635528564 -0.392729789018631
v 1.1181657314300537 -2.5316781997680664 -0.366224080324173
v 1.0708202123641968 -2.11409592628479 -0.3168662488460541
v 1.1181657314300537 -2.5316781997680664 -0.366224080324173
v 0.9698684215545654 -2.5041725635528564 -0.392729789018631
v 1.1181657314300537 -2.5316781997680664 -0.366224080324173
v 1.0708202123641968 -2.11409592628479 -0.3168662488460541
v 1.1957762241363525 -2.122623920440674 -0.2803119421005249
v 1.163455843925476 -1.4924441576004028 -0.33271387219429016
v 1.1957762241363525 -2.122623920440674 -0.2803119421005249
v 1.0708202123641968 -2.11409592628479 -0.3168662488460541
v 1.1957762241363525 -2.122623920440674 -0.2803119421005249
v 1.163455843925476 -1.4924441576004028 -0.33271387219429016
v 1.2945842742919922 -1.5220305919647217 -0.29855257272720337
v 1.267668604850769 -0.9472953081130981 -0.38833484053611755
v 1.2945842742919922 -1.5220305919647217 -0.29855257272720337
v 1.163455843925476 -1.4924441576004028 -0.33271387219429016
v 1.2945842742919922 -1.5220305919647217 -0.29855257272720337
v 1.267668604850769 -0.9472953081130981 -0.38833484053611755
v 1.4005173444747925 -0.954555094242096 -0.3294040858745575
v 1.4955511093139648 -0.417402982711792 -0.4665153920650482
v 1.4005173444747925 -0.954555094242096 -0.3294040858745575
v 1.267668604850769 -0.9472953081130981 -0.38833484053611755
v 1.4005173444747925 -0.954555094242096 -0.3294040858745575
v 1.4955511093139648 -0.417402982711792 -0.4665153920650482
v 1.6482326984405518 -0.3885010778903961 -0.4131617248058319
v 1.3497660160064697 -2.8608767986297607 5.980126047688827e-7
v 1.2355034351348877 -3.260436534881592 4.911591986456187e-7
v 1.192879557609558 -3.055166482925415 -0.13671056926250458
v 1.138438105583191 -2.9378368854522705 -0.26639577746391296
v 1.3497660160064697 -2.8608767986297607 5.980126047688827e-7
v 1.192879557609558 -3.055166482925415 -0.13671056926250458
v 1.086003303527832 -2.8314812183380127 -0.4146661162376404
v 1.3497660160064697 -2.8608767986297607 5.980126047688827e-7
v 1.138438105583191 -2.9378368854522705 -0.26639577746391296
v 1.3497660160064697 -2.8608767986297607 5.980126047688827e-7
v 1.086003303527832 -2.8314812183380127 -0.4146661162376404
v 1.2026735544204712 -2.6429567337036133 -0.1964828222990036
v 1.2706416845321655 -2.4159364700317383 5.862024181624292e-7
v 1.3497660160064697 -2.8608767986297607 5.980126047688827e-7
v 1.2026735544204712 -2.6429567337036133 -0.1964828222990036
v 1.2355034351348877 -3.260436534881592 4.911591986456187e-7
v 1.0990734100341797 -3.195749521255493 -0.2737453281879425
v 1.192879557609558 -3.055166482925415 -0.13671056926250458
v 1.0990734100341797 -3.195749521255493 -0.2737453281879425
v 1.2355034351348877 -3.260436534881592 4.911591986456187e-7
v 1.152867078781128 -3.3711025714874268 -0.1273767203092575
v 1.192879557609558 -3.055166482925415 -0.13671056926250458
v 1.0154547691345215 -3.0021190643310547 -0.4556135833263397
v 1.138438105583191 -2.9378368854522705 -0.26639577746391296
v 1.0154547691345215 -3.0021190643310547 -0.4556135833263397
v 1.192879557609558 -3.055166482925415 -0.13671056926250458
v 1.0990734100341797 -3.195749521255493 -0.2737453281879425
v 1.138438105583191 -2.9378368854522705 -0.26639577746391296
v 1.0154547691345215 -3.0021190643310547 -0.4556135833263397
v 1.086003303527832 -2.8314812183380127 -0.4146661162376404
v 1.041414737701416 -2.682145595550537 -0.47488585114479065
v 1.2026735544204712 -2.6429567337036133 -0.1964828222990036
v 1.086003303527832 -2.8314812183380127 -0.4146661162376404
v 1.2026735544204712 -2.6429567337036133 -0.1964828222990036
v 1.041414737701416 -2.682145595550537 -0.47488585114479065
v 1.1181657314300537 -2.5316781997680664 -0.366224080324173
v 1.2026735544204712 -2.6429567337036133 -0.1964828222990036
v 1.2447758913040161 -2.159884214401245 5.937196192462579e-7
v 1.2706416845321655 -2.4159364700317383 5.862024181624292e-7
v 1.2447758913040161 -2.159884214401245 5.937196192462579e-7
v 1.2026735544204712 -2.6429567337036133 -0.1964828222990036
v 1.1181657314300537 -2.5316781997680664 -0.366224080324173
v 1.2447758913040161 -2.159884214401245 5.937196192462579e-7
v 1.1181657314300537 -2.5316781997680664 -0.366224080324173
v 1.1957762241363525 -2.122623920440674 -0.2803119421005249
v 1.2945842742919922 -1.5220305919647217 -0.29855257272720337
v 1.2447758913040161 -2.159884214401245 5.937196192462579e-7
v 1.1957762241363525 -2.122623920440674 -0.2803119421005249
v 1.2447758913040161 -2.159884214401245 5.937196192462579e-7
v 1.2945842742919922 -1.5220305919647217 -0.29855257272720337
v 1.3583805561065674 -1.5337876081466675 7.195795319603349e-7
v 1.4005173444747925 -0.954555094242096 -0.3294040858745575
v 1.3583805561065674 -1.5337876081466675 7.195795319603349e-7
v 1.2945842742919922 -1.5220305919647217 -0.29855257272720337
v 1.3583805561065674 -1.5337876081466675 7.195795319603349e-7
v 1.4005173444747925 -0.954555094242096 -0.3294040858745575
v 1.501482605934143 -0.9658743739128113 8.560224955544982e-7
v 1.6482326984405518 -0.3885010778903961 -0.4131617248058319
v 1.501482605934143 -0.9658743739128113 8.560224955544982e-7
v 1.4005173444747925 -0.954555094242096 -0.3294040858745575
v 1.501482605934143 -0.9658743739128113 8.560224955544982e-7
v 1.6482326984405518 -0.3885010778903961 -0.4131617248058319
v 1.7526235580444336 -0.4002586305141449 0.0000010669565426724148
v 1.086003303527832 -2.8314812183380127 -0.4146661162376404
v 0.9012190103530884 -2.8365776538848877 -0.6736878752708435
v 1.041414737701416 -2.682145595550537 -0.47488585114479065
v 1.0154547691345215 -3.0021190643310547 -0.4556135833263397
v 0.9012190103530884 -2.8365776538848877 -0.6736878752708435
v 1.086003303527832 -2.8314812183380127 -0.4146661162376404
v 1.294584035873413 -1.5220305919647217 0.2985539138317108
v 1.2447758913040161 -2.159884214401245 5.937196192462579e-7
v 1.3583805561065674 -1.5337876081466675 7.195795319603349e-7
v 1.2447758913040161 -2.159884214401245 5.937196192462579e-7
v 1.294584035873413 -1.5220305919647217 0.2985539138317108
v 1.1957757472991943 -2.122623920440674 0.28031301498413086
v 1.3583805561065674 -1.5337876081466675 7.195795319603349e-7
v 1.4005171060562134 -0.954555094242096 0.3294057250022888
v 1.294584035873413 -1.5220305919647217 0.2985539138317108
v 1.4005171060562134 -0.954555094242096 0.3294057250022888
v 1.3583805561065674 -1.5337876081466675 7.195795319603349e-7
v 1.501482605934143 -0.9658743739128113 8.560224955544982e-7
v 1.501482605934143 -0.9658743739128113 8.560224955544982e-7
v 1.6482322216033936 -0.3885010778903961 0.4131637215614319
v 1.4005171060562134 -0.954555094242096 0.3294057250022888
v 1.6482322216033936 -0.3885010778903961 0.4131637215614319
v 1.501482605934143 -0.9658743739128113 8.560224955544982e-7
v 1.7526235580444336 -0.4002586305141449 0.0000010669565426724148
v 1.2447758913040161 -2.159884214401245 5.937196192462579e-7
v 1.1957757472991943 -2.122623920440674 0.28031301498413086
v 1.118165135383606 -2.5316781997680664 0.366225004196167
v 1.2026731967926025 -2.6429567337036133 0.19648388028144836
v 1.2447758913040161 -2.159884214401245 5.937196192462579e-7
v 1.118165135383606 -2.5316781997680664 0.366225004196167
v 1.0414141416549683 -2.682145595550537 0.4748866558074951
v 1.2026731967926025 -2.6429567337036133 0.19648388028144836
v 1.118165135383606 -2.5316781997680664 0.366225004196167
v 1.2026731967926025 -2.6429567337036133 0.19648388028144836
v 1.0414141416549683 -2.682145595550537 0.4748866558074951
v 1.0860028266906738 -2.8314812183380127 0.414667010307312
v 1.3497660160064697 -2.8608767986297607 5.980126047688827e-7
v 1.2026731967926025 -2.6429567337036133 0.19648388028144836
v 1.0860028266906738 -2.8314812183380127 0.414667010307312
v 1.2706416845321655 -2.4159364700317383 5.862024181624292e-7
v 1.2026731967926025 -2.6429567337036133 0.19648388028144836
v 1.3497660160064697 -2.8608767986297607 5.980126047688827e-7
v 1.0860028266906738 -2.8314812183380127 0.414667010307312
v 1.1384375095367432 -2.9378368854522705 0.266396701335907
v 1.3497660160064697 -2.8608767986297607 5.980126047688827e-7
v 1.1384375095367432 -2.9378368854522705 0.266396701335907
v 1.1928794384002686 -3.055166482925415 0.13671153783798218
v 1.3497660160064697 -2.8608767986297607 5.980126047688827e-7
v 1.3497660160064697 -2.8608767986297607 5.980126047688827e-7
v 1.1928794384002686 -3.055166482925415 0.13671153783798218
v 1.2355034351348877 -3.260436534881592 4.911591986456187e-7
v 1.099073052406311 -3.195749044418335 0.273746132850647
v 1.2355034351348877 -3.260436534881592 4.911591986456187e-7
v 1.1928794384002686 -3.055166482925415 0.13671153783798218
v 1.2355034351348877 -3.260436534881592 4.911591986456187e-7
v 1.099073052406311 -3.195749044418335 0.273746132850647
v 1.1528668403625488 -3.3711023330688477 0.12737755477428436
v 1.1928794384002686 -3.055166482925415 0.13671153783798218
v 1.0154540538787842 -3.0021188259124756 0.4556144177913666
v 1.099073052406311 -3.195749044418335 0.273746132850647
v 1.0154540538787842 -3.0021188259124756 0.4556144177913666
v 1.1928794384002686 -3.055166482925415 0.13671153783798218
v 1.1384375095367432 -2.9378368854522705 0.266396701335907
v 1.1384375095367432 -2.9378368854522705 0.266396701335907
v 1.0860028266906738 -2.8314812183380127 0.414667010307312
v 1.0154540538787842 -3.0021188259124756 0.4556144177913666
v 1.2447758913040161 -2.159884214401245 5.937196192462579e-7
v 1.2026731967926025 -2.6429567337036133 0.19648388028144836
v 1.2706416845321655 -2.4159364700317383 5.862024181624292e-7
v 1.2355034351348877 -3.260436534881592 4.911591986456187e-7
v 1.1528668403625488 -3.3711023330688477 0.12737755477428436
v 1.1929305791854858 -3.5920066833496094 4.365017787222314e-7
v 1.2355034351348877 -3.260436534881592 4.911591986456187e-7
v 1.1929305791854858 -3.5920066833496094 4.365017787222314e-7
v 1.152867078781128 -3.3711025714874268 -0.1273767203092575
v 1.0860028266906738 -2.8314812183380127 0.414667010307312
v 1.0414141416549683 -2.682145595550537 0.4748866558074951
v 0.9012179374694824 -2.836577892303467 0.6736886501312256
v 1.0154540538787842 -3.0021188259124756 0.4556144177913666
v 1.0860028266906738 -2.8314812183380127 0.414667010307312
v 0.9012179374694824 -2.836577892303467 0.6736886501312256
v 0.9873515963554382 -3.2111778259277344 -0.29603883624076843
v 1.0154547691345215 -3.0021190643310547 -0.4556135833263397
v 1.0990734100341797 -3.195749521255493 -0.2737453281879425
v 1.0154547691345215 -3.0021190643310547 -0.4556135833263397
v 0.9873515963554382 -3.2111778259277344 -0.29603883624076843
v 0.8937646150588989 -3.014065980911255 -0.4774470329284668
v 1.0990734100341797 -3.195749521255493 -0.2737453281879425
v 1.045709490776062 -3.3879666328430176 -0.15787361562252045
v 0.9873515963554382 -3.2111778259277344 -0.29603883624076843
v 1.045709490776062 -3.3879666328430176 -0.15787361562252045
v 1.0990734100341797 -3.195749521255493 -0.2737453281879425
v 1.152867078781128 -3.3711025714874268 -0.1273767203092575
v 0.8937646150588989 -3.014065980911255 -0.4774470329284668
v 0.9012190103530884 -2.8365776538848877 -0.6736878752708435
v 1.0154547691345215 -3.0021190643310547 -0.4556135833263397
v 0.9012190103530884 -2.8365776538848877 -0.6736878752708435
v 0.8937646150588989 -3.014065980911255 -0.4774470329284668
v 0.7579715847969055 -2.8349740505218506 -0.6758251190185547
v -0.845700740814209 -4.56370735168457 -0.9106334447860718
v -0.9694445729255676 -3.9965336322784424 -0.5931692123413086
v -0.7875040769577026 -3.830824136734009 -0.8122035264968872
v -0.5740055441856384 -2.1298844814300537 1.0096062421798706
v -0.27299684286117554 -2.8178365230560303 1.042285680770874
v -0.29232141375541687 -2.129865884780884 1.1162238121032715
v -0.27299684286117554 -2.8178365230560303 1.042285680770874
v -0.5740055441856384 -2.1298844814300537 1.0096062421798706
v -0.5348333120346069 -2.834737539291382 0.9407867193222046
v -0.5376319885253906 -3.1733458042144775 0.9456954002380371
v -0.27299684286117554 -2.8178365230560303 1.042285680770874
v -0.5348333120346069 -2.834737539291382 0.9407867193222046
v -0.27299684286117554 -2.8178365230560303 1.042285680770874
v -0.5376319885253906 -3.1733458042144775 0.9456954002380371
v -0.274396151304245 -2.9871411323547363 1.0447399616241455
v 0.007218470331281424 -2.800934314727783 1.0822689533233643
v -0.29232141375541687 -2.129865884780884 1.1162238121032715
v -0.27299684286117554 -2.8178365230560303 1.042285680770874
v -0.274396151304245 -2.9871411323547363 1.0447399616241455
v 0.007218470331281424 -2.800934314727783 1.0822689533233643
v -0.27299684286117554 -2.8178365230560303 1.042285680770874
v -0.29232141375541687 -2.129865884780884 1.1162238121032715
v 0.007218470331281424 -2.800934314727783 1.0822689533233643
v 0.007741536945104599 -2.1298465728759766 1.1613255739212036
v 0.28812170028686523 -2.616093158721924 1.0671762228012085
v 0.007741536945104599 -2.1298465728759766 1.1613255739212036
v 0.007218470331281424 -2.800934314727783 1.0822689533233643
v 0.007741536945104599 -2.1298465728759766 1.1613255739212036
v 0.28812170028686523 -2.616093158721924 1.0671762228012085
v 0.2975802719593048 -2.1298646926879883 1.1223739385604858
v 0.008432514034211636 -1.5014010667800903 1.2469947338104248
v -0.29232141375541687 -2.129865884780884 1.1162238121032715
v 0.007741536945104599 -2.1298465728759766 1.1613255739212036
v 0.008432514034211636 -1.5014010667800903 1.2469947338104248
v 0.007741536945104599 -2.1298465728759766 1.1613255739212036
v 0.2975802719593048 -2.1298646926879883 1.1223739385604858
v 0.5690250396728516 -2.4312522411346436 0.970543622970581
v 0.2975802719593048 -2.1298646926879883 1.1223739385604858
v 0.28812170028686523 -2.616093158721924 1.0671762228012085
v 0.2975802719593048 -2.1298646926879883 1.1223739385604858
v 0.5690250396728516 -2.4312522411346436 0.970543622970581
v 0.5874189734458923 -2.129883289337158 1.0018823146820068
v 0.6309034824371338 -1.501524567604065 1.0757782459259033
v 0.2975802719593048 -2.1298646926879883 1.1223739385604858
v 0.5874189734458923 -2.129883289337158 1.0018823146820068
v 0.6309034824371338 -1.501524567604065 1.0757782459259033
v 0.008432514034211636 -1.5014010667800903 1.2469947338104248
v 0.2975802719593048 -2.1298646926879883 1.1223739385604858
v 0.8568417429924011 -2.247459888458252 0.643440842628479
v 0.5874189734458923 -2.129883289337158 1.0018823146820068
v 0.5690250396728516 -2.4312522411346436 0.970543622970581
v 0.5874189734458923 -2.129883289337158 1.0018823146820068
v 0.8568417429924011 -2.247459888458252 0.643440842628479
v 0.9105141758918762 -2.1298840045928955 0.6744601130485535
v 0.9105141758918762 -2.1298840045928955 0.6744601130485535
v 0.6309034824371338 -1.501524567604065 1.0757782459259033
v 0.5874189734458923 -2.129883289337158 1.0018823146820068
v -0.7063586115837097 -2.8347389698028564 0.7532834410667419
v -0.5376319885253906 -3.1733458042144775 0.9456954002380371
v -0.5348333120346069 -2.834737539291382 0.9407867193222046
v -0.5376319885253906 -3.1733458042144775 0.9456954002380371
v -0.7063586115837097 -2.8347389698028564 0.7532834410667419
v -0.7326745390892029 -3.3193235397338867 0.7901604771614075
v -0.8295882940292358 -2.8347392082214355 0.5109352469444275
v -0.7326745390892029 -3.3193235397338867 0.7901604771614075
v -0.7063586115837097 -2.8347389698028564 0.7532834410667419
v -0.7326745390892029 -3.3193235397338867 0.7901604771614075
v -0.8295882940292358 -2.8347392082214355 0.5109352469444275
v -0.8794215321540833 -3.4653005599975586 0.5797807574272156
v -0.8295882940292358 -2.8347392082214355 0.5109352469444275
v -0.9867960214614868 -3.4372637271881104 0.30639001727104187
v -0.8794215321540833 -3.4653005599975586 0.5797807574272156
v -0.9867960214614868 -3.4372637271881104 0.30639001727104187
v -0.8295882940292358 -2.8347392082214355 0.5109352469444275
v -0.905322253704071 -2.8347396850585938 0.2715908885002136
v -1.022499442100525 -3.5531258583068848 0.3066276013851166
v -0.8794215321540833 -3.4653005599975586 0.5797807574272156
v -0.9867960214614868 -3.4372637271881104 0.30639001727104187
v -0.905322253704071 -2.8347396850585938 0.2715908885002136
v -0.8295882940292358 -2.8347392082214355 0.5109352469444275
v -0.9360976219177246 -2.1298842430114746 0.5519533157348633
v -0.9360976219177246 -2.1298842430114746 0.5519533157348633
v -0.8295882940292358 -2.8347392082214355 0.5109352469444275
v -0.7063586115837097 -2.8347389698028564 0.7532834410667419
v -0.7063586115837097 -2.8347389698028564 0.7532834410667419
v -0.5348333120346069 -2.834737539291382 0.9407867193222046
v -0.5740055441856384 -2.1298844814300537 1.0096062421798706
v -0.6162611246109009 -1.501524567604065 1.084072470664978
v -0.5740055441856384 -2.1298844814300537 1.0096062421798706
v -0.29232141375541687 -2.129865884780884 1.1162238121032715
v 0.008432514034211636 -1.5014010667800903 1.2469947338104248
v -0.6162611246109009 -1.501524567604065 1.084072470664978
v -0.29232141375541687 -2.129865884780884 1.1162238121032715
v 1.1186922788619995 -3.651670455932617 3.8332044027811207e-7
v 1.1528668403625488 -3.3711023330688477 0.12737755477428436
v 1.045709252357483 -3.3879661560058594 0.15787431597709656
v 1.1528668403625488 -3.3711023330688477 0.12737755477428436
v 1.1186922788619995 -3.651670455932617 3.8332044027811207e-7
v 1.1929305791854858 -3.5920066833496094 4.365017787222314e-7
v 1.099073052406311 -3.195749044418335 0.273746132850647
v 1.045709252357483 -3.3879661560058594 0.15787431597709656
v 1.1528668403625488 -3.3711023330688477 0.12737755477428436
v 1.045709252357483 -3.3879661560058594 0.15787431597709656
v 1.099073052406311 -3.195749044418335 0.273746132850647
v 0.9873511791229248 -3.2111775875091553 0.2960394620895386
v 1.0154540538787842 -3.0021188259124756 0.4556144177913666
v 0.9873511791229248 -3.2111775875091553 0.2960394620895386
v 1.099073052406311 -3.195749044418335 0.273746132850647
v 0.9873511791229248 -3.2111775875091553 0.2960394620895386
v 1.0154540538787842 -3.0021188259124756 0.4556144177913666
v 0.8937640190124512 -3.014065742492676 0.4774475693702698
v 0.9012179374694824 -2.836577892303467 0.6736886501312256
v 0.8937640190124512 -3.014065742492676 0.4774475693702698
v 1.0154540538787842 -3.0021188259124756 0.4556144177913666
v 0.8937640190124512 -3.014065742492676 0.4774475693702698
v 0.9012179374694824 -2.836577892303467 0.6736886501312256
v 0.7579706311225891 -2.8349740505218506 0.6758254170417786
v 0.7579706311225891 -2.8349740505218506 0.6758254170417786
v 1.0414141416549683 -2.682145595550537 0.4748866558074951
v 0.9079549908638 -2.6544079780578613 0.4951447546482086
v 1.0414141416549683 -2.682145595550537 0.4748866558074951
v 0.7579706311225891 -2.8349740505218506 0.6758254170417786
v 0.9012179374694824 -2.836577892303467 0.6736886501312256
v 1.0414141416549683 -2.682145595550537 0.4748866558074951
v 0.9698678851127625 -2.5041723251342773 0.39273038506507874
v 0.9079549908638 -2.6544079780578613 0.4951447546482086
v 0.9698678851127625 -2.5041723251342773 0.39273038506507874
v 1.0414141416549683 -2.682145595550537 0.4748866558074951
v 1.118165135383606 -2.5316781997680664 0.366225004196167
v 1.118165135383606 -2.5316781997680664 0.366225004196167
v 1.0708197355270386 -2.11409592628479 0.3168672025203705
v 0.9698678851127625 -2.5041723251342773 0.39273038506507874
v 1.0708197355270386 -2.11409592628479 0.3168672025203705
v 1.118165135383606 -2.5316781997680664 0.366225004196167
v 1.1957757472991943 -2.122623920440674 0.28031301498413086
v 1.1957757472991943 -2.122623920440674 0.28031301498413086
v 1.1634551286697388 -1.4924442768096924 0.33271509408950806
v 1.0708197355270386 -2.11409592628479 0.3168672025203705
v 1.1634551286697388 -1.4924442768096924 0.33271509408950806
v 1.1957757472991943 -2.122623920440674 0.28031301498413086
v 1.294584035873413 -1.5220305919647217 0.2985539138317108
v 1.294584035873413 -1.5220305919647217 0.2985539138317108
v 1.2676682472229004 -0.9472953081130981 0.38833630084991455
v 1.1634551286697388 -1.4924442768096924 0.33271509408950806
v 1.2676682472229004 -0.9472953081130981 0.38833630084991455
v 1.294584035873413 -1.5220305919647217 0.2985539138317108
v 1.4005171060562134 -0.954555094242096 0.3294057250022888
v 1.4005171060562134 -0.954555094242096 0.3294057250022888
v 1.4955501556396484 -0.41740307211875916 0.4665170907974243
v 1.2676682472229004 -0.9472953081130981 0.38833630084991455
v 1.4955501556396484 -0.41740307211875916 0.4665170907974243
v 1.4005171060562134 -0.954555094242096 0.3294057250022888
v 1.6482322216033936 -0.3885010778903961 0.4131637215614319
v -1.7740826606750488 -6.195229530334473 -0.0000016554316744077369
v -1.770047664642334 -5.889189720153809 0.4841167628765106
v -1.9522957801818848 -6.14640998840332 -0.0000017630518414080143
v -1.770047664642334 -5.889189720153809 0.4841167628765106
v -1.7740826606750488 -6.195229530334473 -0.0000016554316744077369
v -1.6141266822814941 -5.953746795654297 0.4028462767601013
v -1.3937221765518188 -5.877697467803955 0.49526071548461914
v -1.770047664642334 -5.889189720153809 0.4841167628765106
v -1.6141266822814941 -5.953746795654297 0.4028462767601013
v -1.770047664642334 -5.889189720153809 0.4841167628765106
v -1.3937221765518188 -5.877697467803955 0.49526071548461914
v -1.5660542249679565 -5.787391662597656 0.5764219164848328
v -1.260948896408081 -5.796305179595947 0.7066957950592041
v -1.5660542249679565 -5.787391662597656 0.5764219164848328
v -1.3937221765518188 -5.877697467803955 0.49526071548461914
v -1.5660542249679565 -5.787391662597656 0.5764219164848328
v -1.260948896408081 -5.796305179595947 0.7066957950592041
v -1.4255051612854004 -5.724023818969727 0.8431248068809509
v -1.260948896408081 -5.796305179595947 0.7066957950592041
v -1.1964699029922485 -5.603847026824951 1.197039008140564
v -1.4255051612854004 -5.724023818969727 0.8431248068809509
v -1.1964699029922485 -5.603847026824951 1.197039008140564
v -1.260948896408081 -5.796305179595947 0.7066957950592041
v -1.0678706169128418 -5.683567523956299 1.0367692708969116
v -1.1586350202560425 -5.649249076843262 0.6914536356925964
v -1.0678706169128418 -5.683567523956299 1.0367692708969116
v -1.260948896408081 -5.796305179595947 0.7066957950592041
v -1.3937221765518188 -5.877697467803955 0.49526071548461914
v -1.1586350202560425 -5.649249076843262 0.6914536356925964
v -1.260948896408081 -5.796305179595947 0.7066957950592041
v -1.0678706169128418 -5.683567523956299 1.0367692708969116
v -1.1586350202560425 -5.649249076843262 0.6914536356925964
v -0.9852790832519531 -5.5480217933654785 0.9888331890106201
v -0.7879108786582947 -5.5209197998046875 1.3014849424362183
v -1.1964699029922485 -5.603847026824951 1.197039008140564
v -1.0678706169128418 -5.683567523956299 1.0367692708969116
v -1.1964699029922485 -5.603847026824951 1.197039008140564
v -0.7879108786582947 -5.5209197998046875 1.3014849424362183
v -0.8817352056503296 -5.42108678817749 1.4708908796310425
v -0.7879108786582947 -5.5209197998046875 1.3014849424362183
v -0.5309509038925171 -5.2179107666015625 1.6417336463928223
v -0.8817352056503296 -5.42108678817749 1.4708908796310425
v -0.5309509038925171 -5.2179107666015625 1.6417336463928223
v -0.7879108786582947 -5.5209197998046875 1.3014849424362183
v -0.4719766080379486 -5.337869167327881 1.4706799983978271
v -0.7188091278076172 -5.393344402313232 1.206199049949646
v -0.4719766080379486 -5.337869167327881 1.4706799983978271
v -0.7879108786582947 -5.5209197998046875 1.3014849424362183
v -0.7188091278076172 -5.393344402313232 1.206199049949646
v -1.0678706169128418 -5.683567523956299 1.0367692708969116
v -0.9852790832519531 -5.5480217933654785 0.9888331890106201
v -1.0678706169128418 -5.683567523956299 1.0367692708969116
v -0.7188091278076172 -5.393344402313232 1.206199049949646
v -0.7879108786582947 -5.5209197998046875 1.3014849424362183
v -0.4719766080379486 -5.337869167327881 1.4706799983978271
v -0.7188091278076172 -5.393344402313232 1.206199049949646
v -0.434329092502594 -5.228527545928955 1.3560432195663452
v -0.12428225576877594 -5.1368207931518555 1.5518876314163208
v -0.5309509038925171 -5.2179107666015625 1.6417336463928223
v -0.4719766080379486 -5.337869167327881 1.4706799983978271
v -0.5309509038925171 -5.2179107666015625 1.6417336463928223
v -0.12428225576877594 -5.1368207931518555 1.5518876314163208
v -0.14490990340709686 -4.994794845581055 1.704245686531067
v -0.12428225576877594 -5.1368207931518555 1.5518876314163208
v 0.2699788510799408 -4.721014976501465 1.6152111291885376
v -0.14490990340709686 -4.994794845581055 1.704245686531067
v 0.2699788510799408 -4.721014976501465 1.6152111291885376
v -0.12428225576877594 -5.1368207931518555 1.5518876314163208
v 0.26926857233047485 -4.909918308258057 1.4713115692138672
v -0.11459216475486755 -5.043773174285889 1.3975564241409302
v 0.26926857233047485 -4.909918308258057 1.4713115692138672
v -0.12428225576877594 -5.1368207931518555 1.5518876314163208
v -0.11459216475486755 -5.043773174285889 1.3975564241409302
v -0.4719766080379486 -5.337869167327881 1.4706799983978271
v -0.434329092502594 -5.228527545928955 1.3560432195663452
v -0.4719766080379486 -5.337869167327881 1.4706799983978271
v -0.11459216475486755 -5.043773174285889 1.3975564241409302
v -0.12428225576877594 -5.1368207931518555 1.5518876314163208
v 0.26926857233047485 -4.909918308258057 1.4713115692138672
v -0.11459216475486755 -5.043773174285889 1.3975564241409302
v 0.20225991308689117 -4.861052989959717 1.34271240234375
v 0.5889230370521545 -4.725897789001465 1.3338487148284912
v 0.2699788510799408 -4.721014976501465 1.6152111291885376
v 0.26926857233047485 -4.909918308258057 1.4713115692138672
v 0.2699788510799408 -4.721014976501465 1.6152111291885376
v 0.5889230370521545 -4.725897789001465 1.3338487148284912
v 0.6263346076011658 -4.550477981567383 1.4565380811691284
v 0.5889230370521545 -4.725897789001465 1.3338487148284912
v 0.917087972164154 -4.383626461029053 1.1931201219558716
v 0.6263346076011658 -4.550477981567383 1.4565380811691284
v 0.917087972164154 -4.383626461029053 1.1931201219558716
v 0.5889230370521545 -4.725897789001465 1.3338487148284912
v 0.8626871109008789 -4.568763732910156 1.0942021608352661
v 0.49211645126342773 -4.694201469421387 1.2142521142959595
v 0.8626871109008789 -4.568763732910156 1.0942021608352661
v 0.5889230370521545 -4.725897789001465 1.3338487148284912
v 0.49211645126342773 -4.694201469421387 1.2142521142959595
v 0.26926857233047485 -4.909918308258057 1.4713115692138672
v 0.20225991308689117 -4.861052989959717 1.34271240234375
v 0.26926857233047485 -4.909918308258057 1.4713115692138672
v 0.49211645126342773 -4.694201469421387 1.2142521142959595
v 0.5889230370521545 -4.725897789001465 1.3338487148284912
v 0.8626871109008789 -4.568763732910156 1.0942021608352661
v 0.49211645126342773 -4.694201469421387 1.2142521142959595
v 0.7439444065093994 -4.549635410308838 0.9995975494384766
v 1.1469746828079224 -4.424799919128418 0.7401210069656372
v 0.917087972164154 -4.383626461029053 1.1931201219558716
v 0.8626871109008789 -4.568763732910156 1.0942021608352661
v 0.917087972164154 -4.383626461029053 1.1931201219558716
v 1.1469746828079224 -4.424799919128418 0.7401210069656372
v 1.2136017084121704 -4.287994861602783 0.8512545824050903
v 0.989955723285675 -4.401737213134766 0.6267001628875732
v 0.8626871109008789 -4.568763732910156 1.0942021608352661
v 0.7439444065093994 -4.549635410308838 0.9995975494384766
v 0.8626871109008789 -4.568763732910156 1.0942021608352661
v 0.989955723285675 -4.401737213134766 0.6267001628875732
v 1.1469746828079224 -4.424799919128418 0.7401210069656372
v 1.1469746828079224 -4.424799919128418 0.7401210069656372
v 0.989955723285675 -4.401737213134766 0.6267001628875732
v 1.3142917156219482 -4.419861316680908 0.5472855567932129
v 1.0127570629119873 -4.40092134475708 0.3240301012992859
v 1.3142917156219482 -4.419861316680908 0.5472855567932129
v 0.989955723285675 -4.401737213134766 0.6267001628875732
v -0.11459216475486755 -5.043773174285889 1.3975564241409302
v -0.11550707370042801 -5.041761875152588 -5.13283964664879e-7
v 0.20225991308689117 -4.861052989959717 1.34271240234375
v 0.49211645126342773 -4.694201469421387 1.2142521142959595
v -0.11550707370042801 -5.041761875152588 -5.13283964664879e-7
v 0.7439444065093994 -4.549635410308838 0.9995975494384766
v 0.7439444065093994 -4.549635410308838 0.9995975494384766
v -0.11550707370042801 -5.041761875152588 -5.13283964664879e-7
v 0.989955723285675 -4.401737213134766 0.6267001628875732
v 0.20225991308689117 -4.861052989959717 1.34271240234375
v -0.11550707370042801 -5.041761875152588 -5.13283964664879e-7
v 0.49211645126342773 -4.694201469421387 1.2142521142959595
v 0.989955723285675 -4.401737213134766 0.6267001628875732
v -0.11550707370042801 -5.041761875152588 -5.13283964664879e-7
v 1.0127570629119873 -4.40092134475708 0.3240301012992859
v -0.434329092502594 -5.228527545928955 1.3560432195663452
v -0.11550707370042801 -5.041761875152588 -5.13283964664879e-7
v -0.11459216475486755 -5.043773174285889 1.3975564241409302
v -0.7188091278076172 -5.393344402313232 1.206199049949646
v -0.11550707370042801 -5.041761875152588 -5.13283964664879e-7
v -0.434329092502594 -5.228527545928955 1.3560432195663452
v -0.9852790832519531 -5.5480217933654785 0.9888331890106201
v -0.11550707370042801 -5.041761875152588 -5.13283964664879e-7
v -0.7188091278076172 -5.393344402313232 1.206199049949646
v -1.1586350202560425 -5.649249076843262 0.6914536356925964
v -0.11550707370042801 -5.041761875152588 -5.13283964664879e-7
v -0.9852790832519531 -5.5480217933654785 0.9888331890106201
v -1.278892159461975 -5.719955921173096 0.35844311118125916
v -0.11550707370042801 -5.041761875152588 -5.13283964664879e-7
v -1.1586350202560425 -5.649249076843262 0.6914536356925964
v -1.1586350202560425 -5.649249076843262 0.6914536356925964
v -1.3937221765518188 -5.877697467803955 0.49526071548461914
v -1.278892159461975 -5.719955921173096 0.35844311118125916
v -1.3937221765518188 -5.877697467803955 0.49526071548461914
v -1.3162189722061157 -5.742916107177734 -0.0000013284272881719517
v -1.278892159461975 -5.719955921173096 0.35844311118125916
v -1.3162189722061157 -5.742916107177734 -0.0000013284272881719517
v -0.11550707370042801 -5.041761875152588 -5.13283964664879e-7
v -1.278892159461975 -5.719955921173096 0.35844311118125916
v -1.3162189722061157 -5.742916107177734 -0.0000013284272881719517
v -1.3937221765518188 -5.877697467803955 0.49526071548461914
v -1.4372363090515137 -5.908723831176758 -0.0000014189013199938927
v -1.4372363090515137 -5.908723831176758 -0.0000014189013199938927
v -1.3937221765518188 -5.877697467803955 0.49526071548461914
v -1.6141266822814941 -5.953746795654297 0.4028462767601013
v -1.4372363090515137 -5.908723831176758 -0.0000014189013199938927
v -1.6141266822814941 -5.953746795654297 0.4028462767601013
v -1.6163992881774902 -6.003551006317139 -0.0000015396758499264251
v -1.6141266822814941 -5.953746795654297 0.4028462767601013
v -1.7740826606750488 -6.195229530334473 -0.0000016554316744077369
v -1.6163992881774902 -6.003551006317139 -0.0000015396758499264251
v 1.0127570629119873 -4.40092134475708 0.3240301012992859
v -0.11550707370042801 -5.041761875152588 -5.13283964664879e-7
v 1.0201109647750854 -4.395726680755615 2.561726830663247e-7
v 1.0201109647750854 -4.395726680755615 2.561726830663247e-7
v 1.3142917156219482 -4.419861316680908 0.5472855567932129
v 1.0127570629119873 -4.40092134475708 0.3240301012992859
v 1.222139835357666 -4.550722122192383 3.694628958328394e-7
v 1.3142917156219482 -4.419861316680908 0.5472855567932129
v 1.0201109647750854 -4.395726680755615 2.561726830663247e-7
v 1.222139835357666 -4.550722122192383 3.694628958328394e-7
v 1.3610141277313232 -4.418241024017334 0.14705583453178406
v 1.3142917156219482 -4.419861316680908 0.5472855567932129
v 1.3610141277313232 -4.418241024017334 0.14705583453178406
v 1.5441149473190308 -4.311733245849609 0.3342365324497223
v 1.3142917156219482 -4.419861316680908 0.5472855567932129
v 1.3142917156219482 -4.419861316680908 0.5472855567932129
v 1.5441149473190308 -4.311733245849609 0.3342365324497223
v 1.4272804260253906 -4.1956915855407715 0.6660691499710083
v 1.4272804260253906 -4.1956915855407715 0.6660691499710083
v 1.1469746828079224 -4.424799919128418 0.7401210069656372
v 1.3142917156219482 -4.419861316680908 0.5472855567932129
v 1.1469746828079224 -4.424799919128418 0.7401210069656372
v 1.4272804260253906 -4.1956915855407715 0.6660691499710083
v 1.2136017084121704 -4.287994861602783 0.8512545824050903
v 1.5441149473190308 -4.311733245849609 0.3342365324497223
v 1.5909430980682373 -4.011338233947754 0.3976422846317291
v 1.4272804260253906 -4.1956915855407715 0.6660691499710083
v 1.7078181505203247 -4.001696586608887 0.21102645993232727
v 1.5909430980682373 -4.011338233947754 0.3976422846317291
v 1.5441149473190308 -4.311733245849609 0.3342365324497223
v 1.9069156646728516 -4.0553693771362305 8.426928843618953e-7
v 1.7078181505203247 -4.001696586608887 0.21102645993232727
v 1.5441149473190308 -4.311733245849609 0.3342365324497223
v 1.9069156646728516 -4.0553693771362305 8.426928843618953e-7
v 2.0278337001800537 -3.7257354259490967 0.1553618460893631
v 1.7078181505203247 -4.001696586608887 0.21102645993232727
v 2.0278337001800537 -3.7257354259490967 0.1553618460893631
v 1.7133193016052246 -3.8820879459381104 0.29713648557662964
v 1.7078181505203247 -4.001696586608887 0.21102645993232727
v 1.5909430980682373 -4.011338233947754 0.3976422846317291
v 1.7078181505203247 -4.001696586608887 0.21102645993232727
v 1.7133193016052246 -3.8820879459381104 0.29713648557662964
v 2.0278337001800537 -3.7257354259490967 0.1553618460893631
v 1.9069156646728516 -4.0553693771362305 8.426928843618953e-7
v 2.1247024536132812 -3.7489521503448486 0.0000010062144610856194
v 2.1247024536132812 -3.7489521503448486 0.0000010062144610856194
v 1.807381272315979 -3.406242609024048 0.14408369362354279
v 2.0278337001800537 -3.7257354259490967 0.1553618460893631
v 1.807381272315979 -3.406242609024048 0.14408369362354279
v 1.8883018493652344 -3.718658924102783 0.24488548934459686
v 2.0278337001800537 -3.7257354259490967 0.1553618460893631
v 1.8883018493652344 -3.718658924102783 0.24488548934459686
v 1.7133193016052246 -3.8820879459381104 0.29713648557662964
v 2.0278337001800537 -3.7257354259490967 0.1553618460893631
v 1.807381272315979 -3.406242609024048 0.14408369362354279
v 2.1247024536132812 -3.7489521503448486 0.0000010062144610856194
v 1.9804034233093262 -3.4123318195343018 9.450469633520697e-7
v 1.5721806287765503 -3.173123598098755 7.096634817571612e-7
v 1.807381272315979 -3.406242609024048 0.14408369362354279
v 1.9804034233093262 -3.4123318195343018 9.450469633520697e-7
v 1.622800350189209 -4.387474060058594 0.22184960544109344
v 1.9069156646728516 -4.0553693771362305 8.426928843618953e-7
v 1.5441149473190308 -4.311733245849609 0.3342365324497223
v 1.9069156646728516 -4.0553693771362305 8.426928843618953e-7
v 1.622800350189209 -4.387474060058594 0.22184960544109344
v 1.8461706638336182 -4.201046466827393 7.918196160972002e-7
v 1.8461706638336182 -4.201046466827393 7.918196160972002e-7
v 1.622800350189209 -4.387474060058594 0.22184960544109344
v 1.722910761833191 -4.49538516998291 6.887011068101856e-7
v 1.622800350189209 -4.387474060058594 0.22184960544109344
v 1.4625256061553955 -4.594428062438965 5.16564114150242e-7
v 1.722910761833191 -4.49538516998291 6.887011068101856e-7
v 1.7133193016052246 -3.8820879459381104 0.29713648557662964
v 1.8883018493652344 -3.718658924102783 0.24488548934459686
v 1.7718276977539062 -3.675649404525757 0.2512401044368744
v 1.8883018493652344 -3.718658924102783 0.24488548934459686
v 1.807381272315979 -3.406242609024048 0.14408369362354279
v 1.7718276977539062 -3.675649404525757 0.2512401044368744
v 1.9069156646728516 -4.0553693771362305 8.426928843618953e-7
v 2.027834177017212 -3.7257354259490967 -0.15535995364189148
v 2.1247024536132812 -3.7489521503448486 0.0000010062144610856194
v 2.027834177017212 -3.7257354259490967 -0.15535995364189148
v 1.9069156646728516 -4.0553693771362305 8.426928843618953e-7
v 1.7078183889389038 -4.001696586608887 -0.21102502942085266
v 1.9069156646728516 -4.0553693771362305 8.426928843618953e-7
v 1.5441153049468994 -4.311733245849609 -0.33423539996147156
v 1.7078183889389038 -4.001696586608887 -0.21102502942085266
v 2.027834177017212 -3.7257354259490967 -0.15535995364189148
v 1.7078183889389038 -4.001696586608887 -0.21102502942085266
v 1.7133196592330933 -3.8820879459381104 -0.29713505506515503
v 1.8883020877838135 -3.718658924102783 -0.24488380551338196
v 2.027834177017212 -3.7257354259490967 -0.15535995364189148
v 1.7133196592330933 -3.8820879459381104 -0.29713505506515503
v 1.590943694114685 -4.011338233947754 -0.39764103293418884
v 1.7133196592330933 -3.8820879459381104 -0.29713505506515503
v 1.7078183889389038 -4.001696586608887 -0.21102502942085266
v 1.7078183889389038 -4.001696586608887 -0.21102502942085266
v 1.5441153049468994 -4.311733245849609 -0.33423539996147156
v 1.590943694114685 -4.011338233947754 -0.39764103293418884
v 1.8461706638336182 -4.201046466827393 7.918196160972002e-7
v 1.722910761833191 -4.49538516998291 6.887011068101856e-7
v 1.6228007078170776 -4.387474060058594 -0.22184832394123077
v 1.6228007078170776 -4.387474060058594 -0.22184832394123077
v 1.722910761833191 -4.49538516998291 6.887011068101856e-7
v 1.4625256061553955 -4.594428062438965 5.16564114150242e-7
v 1.5441153049468994 -4.311733245849609 -0.33423539996147156
v 1.4272814989089966 -4.1956915855407715 -0.6660681962966919
v 1.590943694114685 -4.011338233947754 -0.39764103293418884
v 1.3142924308776855 -4.419861316680908 -0.5472846627235413
v 1.4272814989089966 -4.1956915855407715 -0.6660681962966919
v 1.5441153049468994 -4.311733245849609 -0.33423539996147156
v 1.1469756364822388 -4.424799919128418 -0.7401202917098999
v 1.4272814989089966 -4.1956915855407715 -0.6660681962966919
v 1.3142924308776855 -4.419861316680908 -0.5472846627235413
v 1.1469756364822388 -4.424799919128418 -0.7401202917098999
v 1.3142924308776855 -4.419861316680908 -0.5472846627235413
v 0.9899564385414124 -4.401737213134766 -0.626699686050415
v 0.9899564385414124 -4.401737213134766 -0.626699686050415
v 0.8626886010169983 -4.568763256072998 -1.094201922416687
v 1.1469756364822388 -4.424799919128418 -0.7401202917098999
v 0.917089581489563 -4.383626461029053 -1.1931196451187134
v 1.1469756364822388 -4.424799919128418 -0.7401202917098999
v 0.8626886010169983 -4.568763256072998 -1.094201922416687
v 0.5889247059822083 -4.725897312164307 -1.3338487148284912
v 0.917089581489563 -4.383626461029053 -1.1931196451187134
v 0.8626886010169983 -4.568763256072998 -1.094201922416687
v 0.917089581489563 -4.383626461029053 -1.1931196451187134
v 0.5889247059822083 -4.725897312164307 -1.3338487148284912
v 0.6263364553451538 -4.550477504730225 -1.4565377235412598
v 0.8626886010169983 -4.568763256072998 -1.094201922416687
v 0.4921179711818695 -4.694201469421387 -1.2142523527145386
v 0.5889247059822083 -4.725897312164307 -1.3338487148284912
v 0.4921179711818695 -4.694201469421387 -1.2142523527145386
v 0.8626886010169983 -4.568763256072998 -1.094201922416687
v 0.7439455986022949 -4.549635410308838 -0.9995973706245422
v 0.8626886010169983 -4.568763256072998 -1.094201922416687
v 0.9899564385414124 -4.401737213134766 -0.626699686050415
v 0.7439455986022949 -4.549635410308838 -0.9995973706245422
v 1.1469756364822388 -4.424799919128418 -0.7401202917098999
v 0.917089581489563 -4.383626461029053 -1.1931196451187134
v 1.2136027812957764 -4.287994861602783 -0.8512537479400635
v 1.4272814989089966 -4.1956915855407715 -0.6660681962966919
v 1.1469756364822388 -4.424799919128418 -0.7401202917098999
v 1.2136027812957764 -4.287994861602783 -0.8512537479400635
v 0.5889247059822083 -4.725897312164307 -1.3338487148284912
v 0.26998090744018555 -4.721014499664307 -1.6152116060256958
v 0.6263364553451538 -4.550477504730225 -1.4565377235412598
v 0.26998090744018555 -4.721014499664307 -1.6152116060256958
v 0.5889247059822083 -4.725897312164307 -1.3338487148284912
v 0.2692703902721405 -4.909918308258057 -1.471312165260315
v 0.4921179711818695 -4.694201469421387 -1.2142523527145386
v 0.2692703902721405 -4.909918308258057 -1.471312165260315
v 0.5889247059822083 -4.725897312164307 -1.3338487148284912
v -0.12428030371665955 -5.1368207931518555 -1.5518888235092163
v 0.26998090744018555 -4.721014499664307 -1.6152116060256958
v 0.2692703902721405 -4.909918308258057 -1.471312165260315
v 0.26998090744018555 -4.721014499664307 -1.6152116060256958
v -0.12428030371665955 -5.1368207931518555 -1.5518888235092163
v -0.14490777254104614 -4.9947943687438965 -1.704246997833252
v 0.2692703902721405 -4.909918308258057 -1.471312165260315
v -0.11459041386842728 -5.0437726974487305 -1.3975573778152466
v -0.12428030371665955 -5.1368207931518555 -1.5518888235092163
v -0.11459041386842728 -5.0437726974487305 -1.3975573778152466
v 0.2692703902721405 -4.909918308258057 -1.471312165260315
v 0.20226159691810608 -4.861052513122559 -1.3427129983901978
v 0.2692703902721405 -4.909918308258057 -1.471312165260315
v 0.4921179711818695 -4.694201469421387 -1.2142523527145386
v 0.20226159691810608 -4.861052513122559 -1.3427129983901978
v -0.12428030371665955 -5.1368207931518555 -1.5518888235092163
v -0.53094881772995 -5.2179107666015625 -1.641735315322876
v -0.14490777254104614 -4.9947943687438965 -1.704246997833252
v -0.53094881772995 -5.2179107666015625 -1.641735315322876
v -0.12428030371665955 -5.1368207931518555 -1.5518888235092163
v -0.4719747304916382 -5.337869167327881 -1.4706817865371704
v -0.11459041386842728 -5.0437726974487305 -1.3975573778152466
v -0.4719747304916382 -5.337869167327881 -1.4706817865371704
v -0.12428030371665955 -5.1368207931518555 -1.5518888235092163
v -0.7879091501235962 -5.5209197998046875 -1.3014869689941406
v -0.53094881772995 -5.2179107666015625 -1.641735315322876
v -0.4719747304916382 -5.337869167327881 -1.4706817865371704
v -0.53094881772995 -5.2179107666015625 -1.641735315322876
v -0.7879091501235962 -5.5209197998046875 -1.3014869689941406
v -0.8817334771156311 -5.42108678817749 -1.4708929061889648
v -0.4719747304916382 -5.337869167327881 -1.4706817865371704
v -0.7188075184822083 -5.393344402313232 -1.2062008380889893
v -0.7879091501235962 -5.5209197998046875 -1.3014869689941406
v -0.7188075184822083 -5.393344402313232 -1.2062008380889893
v -0.4719747304916382 -5.337869167327881 -1.4706817865371704
v -0.4343274235725403 -5.228527545928955 -1.3560447692871094
v -0.4719747304916382 -5.337869167327881 -1.4706817865371704
v -0.11459041386842728 -5.0437726974487305 -1.3975573778152466
v -0.4343274235725403 -5.228527545928955 -1.3560447692871094
v -0.7879091501235962 -5.5209197998046875 -1.3014869689941406
v -1.1964683532714844 -5.603847026824951 -1.197041630744934
v -0.8817334771156311 -5.42108678817749 -1.4708929061889648
v -1.1964683532714844 -5.603847026824951 -1.197041630744934
v -0.7879091501235962 -5.5209197998046875 -1.3014869689941406
v -1.0678691864013672 -5.683567523956299 -1.0367716550827026
v -0.7188075184822083 -5.393344402313232 -1.2062008380889893
v -1.0678691864013672 -5.683567523956299 -1.0367716550827026
v -0.7879091501235962 -5.5209197998046875 -1.3014869689941406
v -1.2609479427337646 -5.796305179595947 -0.7066983580589294
v -1.1964683532714844 -5.603847026824951 -1.197041630744934
v -1.0678691864013672 -5.683567523956299 -1.0367716550827026
v -1.1964683532714844 -5.603847026824951 -1.197041630744934
v -1.2609479427337646 -5.796305179595947 -0.7066983580589294
v -1.4255040884017944 -5.724023818969727 -0.8431275486946106
v -1.0678691864013672 -5.683567523956299 -1.0367716550827026
v -1.1586341857910156 -5.649249076843262 -0.6914561986923218
v -1.2609479427337646 -5.796305179595947 -0.7066983580589294
v -1.1586341857910156 -5.649249076843262 -0.6914561986923218
v -1.0678691864013672 -5.683567523956299 -1.0367716550827026
v -0.9852778315544128 -5.5480217933654785 -0.9888354539871216
v -1.0678691864013672 -5.683567523956299 -1.0367716550827026
v -0.7188075184822083 -5.393344402313232 -1.2062008380889893
v -0.9852778315544128 -5.5480217933654785 -0.9888354539871216
v -1.2609479427337646 -5.796305179595947 -0.7066983580589294
v -1.5660533905029297 -5.787391662597656 -0.5764248967170715
v -1.4255040884017944 -5.724023818969727 -0.8431275486946106
v -1.5660533905029297 -5.787391662597656 -0.5764248967170715
v -1.2609479427337646 -5.796305179595947 -0.7066983580589294
v -1.3937214612960815 -5.877697467803955 -0.4952635169029236
v -1.1586341857910156 -5.649249076843262 -0.6914561986923218
v -1.3937214612960815 -5.877697467803955 -0.4952635169029236
v -1.2609479427337646 -5.796305179595947 -0.7066983580589294
v -1.3937214612960815 -5.877697467803955 -0.4952635169029236
v -1.1586341857910156 -5.649249076843262 -0.6914561986923218
v -1.278891682624817 -5.719955921173096 -0.3584457039833069
v -1.3162189722061157 -5.742916107177734 -0.0000013284272881719517
v -1.3937214612960815 -5.877697467803955 -0.4952635169029236
v -1.278891682624817 -5.719955921173096 -0.3584457039833069
v -1.3937214612960815 -5.877697467803955 -0.4952635169029236
v -1.3162189722061157 -5.742916107177734 -0.0000013284272881719517
v -1.4372363090515137 -5.908723831176758 -0.0000014189013199938927
v -1.3937214612960815 -5.877697467803955 -0.4952635169029236
v -1.7700469493865967 -5.889189720153809 -0.4841200113296509
v -1.5660533905029297 -5.787391662597656 -0.5764248967170715
v -1.7700469493865967 -5.889189720153809 -0.4841200113296509
v -1.3937214612960815 -5.877697467803955 -0.4952635169029236
v -1.6141260862350464 -5.953746795654297 -0.40284934639930725
v -1.4372363090515137 -5.908723831176758 -0.0000014189013199938927
v -1.6141260862350464 -5.953746795654297 -0.40284934639930725
v -1.3937214612960815 -5.877697467803955 -0.4952635169029236
v -1.7740826606750488 -6.195229530334473 -0.0000016554316744077369
v -1.7700469493865967 -5.889189720153809 -0.4841200113296509
v -1.6141260862350464 -5.953746795654297 -0.40284934639930725
v -1.7700469493865967 -5.889189720153809 -0.4841200113296509
v -1.7740826606750488 -6.195229530334473 -0.0000016554316744077369
v -1.9522957801818848 -6.14640998840332 -0.0000017630518414080143
v -1.4372363090515137 -5.908723831176758 -0.0000014189013199938927
v -1.6163992881774902 -6.003551006317139 -0.0000015396758499264251
v -1.6141260862350464 -5.953746795654297 -0.40284934639930725
v -1.6141260862350464 -5.953746795654297 -0.40284934639930725
v -1.6163992881774902 -6.003551006317139 -0.0000015396758499264251
v -1.7740826606750488 -6.195229530334473 -0.0000016554316744077369
v -1.3162189722061157 -5.742916107177734 -0.0000013284272881719517
v -1.278891682624817 -5.719955921173096 -0.3584457039833069
v -0.11550707370042801 -5.041761875152588 -5.13283964664879e-7
v -1.1586341857910156 -5.649249076843262 -0.6914561986923218
v -0.9852778315544128 -5.5480217933654785 -0.9888354539871216
v -0.11550707370042801 -5.041761875152588 -5.13283964664879e-7
v -1.278891682624817 -5.719955921173096 -0.3584457039833069
v -1.1586341857910156 -5.649249076843262 -0.6914561986923218
v -0.11550707370042801 -5.041761875152588 -5.13283964664879e-7
v -0.9852778315544128 -5.5480217933654785 -0.9888354539871216
v -0.7188075184822083 -5.393344402313232 -1.2062008380889893
v -0.11550707370042801 -5.041761875152588 -5.13283964664879e-7
v -0.7188075184822083 -5.393344402313232 -1.2062008380889893
v -0.4343274235725403 -5.228527545928955 -1.3560447692871094
v -0.11550707370042801 -5.041761875152588 -5.13283964664879e-7
v -0.4343274235725403 -5.228527545928955 -1.3560447692871094
v -0.11459041386842728 -5.0437726974487305 -1.3975573778152466
v -0.11550707370042801 -5.041761875152588 -5.13283964664879e-7
v -0.11459041386842728 -5.0437726974487305 -1.3975573778152466
v 0.20226159691810608 -4.861052513122559 -1.3427129983901978
v -0.11550707370042801 -5.041761875152588 -5.13283964664879e-7
v 0.20226159691810608 -4.861052513122559 -1.3427129983901978
v 0.4921179711818695 -4.694201469421387 -1.2142523527145386
v -0.11550707370042801 -5.041761875152588 -5.13283964664879e-7
v 0.4921179711818695 -4.694201469421387 -1.2142523527145386
v 0.7439455986022949 -4.549635410308838 -0.9995973706245422
v -0.11550707370042801 -5.041761875152588 -5.13283964664879e-7
v 0.7439455986022949 -4.549635410308838 -0.9995973706245422
v 0.9899564385414124 -4.401737213134766 -0.626699686050415
v -0.11550707370042801 -5.041761875152588 -5.13283964664879e-7
v 0.9899564385414124 -4.401737213134766 -0.626699686050415
v 1.0127575397491455 -4.40092134475708 -0.3240295350551605
v -0.11550707370042801 -5.041761875152588 -5.13283964664879e-7
v 1.0127575397491455 -4.40092134475708 -0.3240295350551605
v 0.9899564385414124 -4.401737213134766 -0.626699686050415
v 1.3142924308776855 -4.419861316680908 -0.5472846627235413
v 1.0127575397491455 -4.40092134475708 -0.3240295350551605
v 1.0201109647750854 -4.395726680755615 2.561726830663247e-7
v -0.11550707370042801 -5.041761875152588 -5.13283964664879e-7
v 1.0201109647750854 -4.395726680755615 2.561726830663247e-7
v 1.0127575397491455 -4.40092134475708 -0.3240295350551605
v 1.3142924308776855 -4.419861316680908 -0.5472846627235413
v 1.222139835357666 -4.550722122192383 3.694628958328394e-7
v 1.0201109647750854 -4.395726680755615 2.561726830663247e-7
v 1.3142924308776855 -4.419861316680908 -0.5472846627235413
v 1.222139835357666 -4.550722122192383 3.694628958328394e-7
v 1.3142924308776855 -4.419861316680908 -0.5472846627235413
v 1.3610143661499023 -4.418241024017334 -0.14705488085746765
v 1.3610143661499023 -4.418241024017334 -0.14705488085746765
v 1.3142924308776855 -4.419861316680908 -0.5472846627235413
v 1.5441153049468994 -4.311733245849609 -0.33423539996147156
v 1.9069156646728516 -4.0553693771362305 8.426928843618953e-7
v 1.6228007078170776 -4.387474060058594 -0.22184832394123077
v 1.5441153049468994 -4.311733245849609 -0.33423539996147156
v 1.6228007078170776 -4.387474060058594 -0.22184832394123077
v 1.9069156646728516 -4.0553693771362305 8.426928843618953e-7
v 1.8461706638336182 -4.201046466827393 7.918196160972002e-7
v -1.6854100227355957 -5.32650089263916 -0.0000015238133528328035
v -1.5569148063659668 -5.5729594230651855 0.5695676803588867
v -1.6021173000335693 -5.238105773925781 0.4876268208026886
v -1.5569148063659668 -5.5729594230651855 0.5695676803588867
v -1.6854100227355957 -5.32650089263916 -0.0000015238133528328035
v -1.6624857187271118 -5.578238010406494 -0.0000015314284382839105
v -1.4560627937316895 -5.260376930236816 0.8789188265800476
v -1.6021173000335693 -5.238105773925781 0.4876268208026886
v -1.5569148063659668 -5.5729594230651855 0.5695676803588867
v -1.4255051612854004 -5.724023818969727 0.8431248068809509
v -1.4560627937316895 -5.260376930236816 0.8789188265800476
v -1.5569148063659668 -5.5729594230651855 0.5695676803588867
v -1.1964699029922485 -5.603847026824951 1.197039008140564
v -1.4560627937316895 -5.260376930236816 0.8789188265800476
v -1.4255051612854004 -5.724023818969727 0.8431248068809509
v -1.4560627937316895 -5.260376930236816 0.8789188265800476
v -1.1964699029922485 -5.603847026824951 1.197039008140564
v -1.1083285808563232 -4.963973045349121 1.1324784755706787
v -1.5660542249679565 -5.787391662597656 0.5764219164848328
v -1.4255051612854004 -5.724023818969727 0.8431248068809509
v -1.5569148063659668 -5.5729594230651855 0.5695676803588867
v -0.9676231741905212 -4.955857753753662 1.252814531326294
v -1.1083285808563232 -4.963973045349121 1.1324784755706787
v -1.1964699029922485 -5.603847026824951 1.197039008140564
v -1.1964699029922485 -5.603847026824951 1.197039008140564
v -0.8817352056503296 -5.42108678817749 1.4708908796310425
v -0.9676231741905212 -4.955857753753662 1.252814531326294
v -0.8817352056503296 -5.42108678817749 1.4708908796310425
v -0.8084444403648376 -4.788743019104004 1.388949990272522
v -0.9676231741905212 -4.955857753753662 1.252814531326294
v -0.8817352056503296 -5.42108678817749 1.4708908796310425
v -0.5140321850776672 -5.008487224578857 1.63009512424469
v -0.8084444403648376 -4.788743019104004 1.388949990272522
v -0.5140321850776672 -5.008487224578857 1.63009512424469
v -0.5919196605682373 -4.154294490814209 1.5903843641281128
v -0.8084444403648376 -4.788743019104004 1.388949990272522
v -0.8817352056503296 -5.42108678817749 1.4708908796310425
v -0.5309509038925171 -5.2179107666015625 1.6417336463928223
v -0.5140321850776672 -5.008487224578857 1.63009512424469
v -1.1083285808563232 -4.963973045349121 1.1324784755706787
v -1.3855891227722168 -4.616672992706299 0.8053162097930908
v -1.4560627937316895 -5.260376930236816 0.8789188265800476
v -1.4560627937316895 -5.260376930236816 0.8789188265800476
v -1.3855891227722168 -4.616672992706299 0.8053162097930908
v -1.6021173000335693 -5.238105773925781 0.4876268208026886
v -1.6854100227355957 -5.32650089263916 -0.0000015238133528328035
v -1.55691397190094 -5.5729594230651855 -0.5695706009864807
v -1.6624857187271118 -5.578238010406494 -0.0000015314284382839105
v -1.55691397190094 -5.5729594230651855 -0.5695706009864807
v -1.6854100227355957 -5.32650089263916 -0.0000015238133528328035
v -1.6021164655685425 -5.238105773925781 -0.4876296818256378
v -1.4560617208480835 -5.260376930236816 -0.8789215087890625
v -1.55691397190094 -5.5729594230651855 -0.5695706009864807
v -1.6021164655685425 -5.238105773925781 -0.4876296818256378
v -1.4255040884017944 -5.724023818969727 -0.8431275486946106
v -1.55691397190094 -5.5729594230651855 -0.5695706009864807
v -1.4560617208480835 -5.260376930236816 -0.8789215087890625
v -1.4560617208480835 -5.260376930236816 -0.8789215087890625
v -1.1964683532714844 -5.603847026824951 -1.197041630744934
v -1.4255040884017944 -5.724023818969727 -0.8431275486946106
v -1.1964683532714844 -5.603847026824951 -1.197041630744934
v -1.4560617208480835 -5.260376930236816 -0.8789215087890625
v -1.1083271503448486 -4.963972568511963 -1.1324807405471802
v -1.5660533905029297 -5.787391662597656 -0.5764248967170715
v -1.55691397190094 -5.5729594230651855 -0.5695706009864807
v -1.4255040884017944 -5.724023818969727 -0.8431275486946106
v -0.9676215648651123 -4.955857276916504 -1.2528165578842163
v -1.1964683532714844 -5.603847026824951 -1.197041630744934
v -1.1083271503448486 -4.963972568511963 -1.1324807405471802
v -1.1964683532714844 -5.603847026824951 -1.197041630744934
v -0.9676215648651123 -4.955857276916504 -1.2528165578842163
v -0.8817334771156311 -5.42108678817749 -1.4708929061889648
v -0.8817334771156311 -5.42108678817749 -1.4708929061889648
v -0.9676215648651123 -4.955857276916504 -1.2528165578842163
v -0.8084428310394287 -4.788742542266846 -1.3889518976211548
v -0.8817334771156311 -5.42108678817749 -1.4708929061889648
v -0.8084428310394287 -4.788742542266846 -1.3889518976211548
v -0.5140301585197449 -5.008486747741699 -1.6300969123840332
v -0.5140301585197449 -5.008486747741699 -1.6300969123840332
v -0.8084428310394287 -4.788742542266846 -1.3889518976211548
v -0.5919176936149597 -4.154294490814209 -1.590385913848877
v -0.11671162396669388 -4.561394691467285 -1.604470133781433
v -0.5140301585197449 -5.008486747741699 -1.6300969123840332
v -0.5919176936149597 -4.154294490814209 -1.590385913848877
v -0.8817334771156311 -5.42108678817749 -1.4708929061889648
v -0.5140301585197449 -5.008486747741699 -1.6300969123840332
v -0.53094881772995 -5.2179107666015625 -1.641735315322876
v -0.53094881772995 -5.2179107666015625 -1.641735315322876
v -0.5140301585197449 -5.008486747741699 -1.6300969123840332
v -0.14490777254104614 -4.9947943687438965 -1.704246997833252
v -0.14490777254104614 -4.9947943687438965 -1.704246997833252
v -0.5140301585197449 -5.008486747741699 -1.6300969123840332
v -0.11671162396669388 -4.561394691467285 -1.604470133781433
v -0.11671162396669388 -4.561394691467285 -1.604470133781433
v 0.26998090744018555 -4.721014499664307 -1.6152116060256958
v -0.14490777254104614 -4.9947943687438965 -1.704246997833252
v 0.26998090744018555 -4.721014499664307 -1.6152116060256958
v -0.11671162396669388 -4.561394691467285 -1.604470133781433
v 0.2461959719657898 -4.44517183303833 -1.541236400604248
v 0.2461959719657898 -4.44517183303833 -1.541236400604248
v 0.6263364553451538 -4.550477504730225 -1.4565377235412598
v 0.26998090744018555 -4.721014499664307 -1.6152116060256958
v 0.6263364553451538 -4.550477504730225 -1.4565377235412598
v 0.2461959719657898 -4.44517183303833 -1.541236400604248
v 0.5821446776390076 -4.251762390136719 -1.3988497257232666
v 0.5821446776390076 -4.251762390136719 -1.3988497257232666
v 0.917089581489563 -4.383626461029053 -1.1931196451187134
v 0.6263364553451538 -4.550477504730225 -1.4565377235412598
v 0.917089581489563 -4.383626461029053 -1.1931196451187134
v 0.5821446776390076 -4.251762390136719 -1.3988497257232666
v 0.8679034113883972 -4.0877556800842285 -1.1455368995666504
v 0.8679034113883972 -4.0877556800842285 -1.1455368995666504
v 1.2136027812957764 -4.287994861602783 -0.8512537479400635
v 0.917089581489563 -4.383626461029053 -1.1931196451187134
v 1.2136027812957764 -4.287994861602783 -0.8512537479400635
v 0.8679034113883972 -4.0877556800842285 -1.1455368995666504
v 0.9224875569343567 -4.053107738494873 -1.0648901462554932
v 1.2136027812957764 -4.287994861602783 -0.8512537479400635
v 0.9224875569343567 -4.053107738494873 -1.0648901462554932
v 1.0495989322662354 -3.900003671646118 -0.8261852860450745
v 1.0495989322662354 -3.900003671646118 -0.8261852860450745
v 1.4272814989089966 -4.1956915855407715 -0.6660681962966919
v 1.2136027812957764 -4.287994861602783 -0.8512537479400635
v 1.4272814989089966 -4.1956915855407715 -0.6660681962966919
v 1.0495989322662354 -3.900003671646118 -0.8261852860450745
v 1.1548519134521484 -3.700798749923706 -0.6084939241409302
v 1.1548519134521484 -3.700798749923706 -0.6084939241409302
v 1.3601038455963135 -3.799743175506592 -0.4227355122566223
v 1.4272814989089966 -4.1956915855407715 -0.6660681962966919
v 1.3567017316818237 -3.637852668762207 5.337508923730638e-7
v 1.3601038455963135 -3.799743175506592 -0.4227355122566223
v 1.1548519134521484 -3.700798749923706 -0.6084939241409302
v -0.11671363562345505 -4.561395168304443 1.6044694185256958
v 0.2699788510799408 -4.721014976501465 1.6152111291885376
v 0.2461940348148346 -4.44517183303833 1.5412359237670898
v 0.2699788510799408 -4.721014976501465 1.6152111291885376
v -0.11671363562345505 -4.561395168304443 1.6044694185256958
v -0.14490990340709686 -4.994794845581055 1.704245686531067
v 0.6263346076011658 -4.550477981567383 1.4565380811691284
v 0.2461940348148346 -4.44517183303833 1.5412359237670898
v 0.2699788510799408 -4.721014976501465 1.6152111291885376
v 0.2461940348148346 -4.44517183303833 1.5412359237670898
v 0.6263346076011658 -4.550477981567383 1.4565380811691284
v 0.5821428894996643 -4.251762866973877 1.3988497257232666
v 0.917087972164154 -4.383626461029053 1.1931201219558716
v 0.5821428894996643 -4.251762866973877 1.3988497257232666
v 0.6263346076011658 -4.550477981567383 1.4565380811691284
v 0.5821428894996643 -4.251762866973877 1.3988497257232666
v 0.917087972164154 -4.383626461029053 1.1931201219558716
v 0.8679019808769226 -4.087756156921387 1.145537257194519
v 1.2136017084121704 -4.287994861602783 0.8512545824050903
v 0.8679019808769226 -4.087756156921387 1.145537257194519
v 0.917087972164154 -4.383626461029053 1.1931201219558716
v 0.8679019808769226 -4.087756156921387 1.145537257194519
v 1.2136017084121704 -4.287994861602783 0.8512545824050903
v 0.9224861860275269 -4.053108215332031 1.064890742301941
v 1.2136017084121704 -4.287994861602783 0.8512545824050903
v 1.0495978593826294 -3.900003671646118 0.826185941696167
v 0.9224861860275269 -4.053108215332031 1.064890742301941
v 1.4272804260253906 -4.1956915855407715 0.6660691499710083
v 1.0495978593826294 -3.900003671646118 0.826185941696167
v 1.2136017084121704 -4.287994861602783 0.8512545824050903
v 1.0495978593826294 -3.900003671646118 0.826185941696167
v 1.4272804260253906 -4.1956915855407715 0.6660691499710083
v 1.1548511981964111 -3.700798749923706 0.6084946990013123
v -0.14490990340709686 -4.994794845581055 1.704245686531067
v -0.11671363562345505 -4.561395168304443 1.6044694185256958
v -0.5140321850776672 -5.008487224578857 1.63009512424469
v -0.5309509038925171 -5.2179107666015625 1.6417336463928223
v -0.14490990340709686 -4.994794845581055 1.704245686531067
v -0.5140321850776672 -5.008487224578857 1.63009512424469
v -0.11671363562345505 -4.561395168304443 1.6044694185256958
v -0.5919196605682373 -4.154294490814209 1.5903843641281128
v -0.5140321850776672 -5.008487224578857 1.63009512424469
v 1.1548511981964111 -3.700798749923706 0.6084946990013123
v 1.4272804260253906 -4.1956915855407715 0.6660691499710083
v 1.3601032495498657 -3.799743175506592 0.4227365255355835
v 1.3567017316818237 -3.637852668762207 5.337508923730638e-7
v 1.1548511981964111 -3.700798749923706 0.6084946990013123
v 1.3601032495498657 -3.799743175506592 0.4227365255355835
v -1.9589409828186035 -5.876338958740234 -0.0000017436133248338592
v -1.770047664642334 -5.889189720153809 0.4841167628765106
v -1.7393113374710083 -5.69492244720459 0.4706381857395172
v -1.770047664642334 -5.889189720153809 0.4841167628765106
v -1.9589409828186035 -5.876338958740234 -0.0000017436133248338592
v -1.9522957801818848 -6.14640998840332 -0.0000017630518414080143
v -1.5660542249679565 -5.787391662597656 0.5764219164848328
v -1.7393113374710083 -5.69492244720459 0.4706381857395172
v -1.770047664642334 -5.889189720153809 0.4841167628765106
v -1.7393113374710083 -5.69492244720459 0.4706381857395172
v -1.5660542249679565 -5.787391662597656 0.5764219164848328
v -1.5569148063659668 -5.5729594230651855 0.5695676803588867
v -1.5569148063659668 -5.5729594230651855 0.5695676803588867
v -1.6624857187271118 -5.578238010406494 -0.0000015314284382839105
v -1.7393113374710083 -5.69492244720459 0.4706381857395172
v -1.6624857187271118 -5.578238010406494 -0.0000015314284382839105
v -1.9589409828186035 -5.876338958740234 -0.0000017436133248338592
v -1.7393113374710083 -5.69492244720459 0.4706381857395172
v -1.9589409828186035 -5.876338958740234 -0.0000017436133248338592
v -1.7700469493865967 -5.889189720153809 -0.4841200113296509
v -1.9522957801818848 -6.14640998840332 -0.0000017630518414080143
v -1.7700469493865967 -5.889189720153809 -0.4841200113296509
v -1.9589409828186035 -5.876338958740234 -0.0000017436133248338592
v -1.739310622215271 -5.69492244720459 -0.4706414043903351
v -1.6624857187271118 -5.578238010406494 -0.0000015314284382839105
v -1.739310622215271 -5.69492244720459 -0.4706414043903351
v -1.9589409828186035 -5.876338958740234 -0.0000017436133248338592
v -1.739310622215271 -5.69492244720459 -0.4706414043903351
v -1.5660533905029297 -5.787391662597656 -0.5764248967170715
v -1.7700469493865967 -5.889189720153809 -0.4841200113296509
v -1.5660533905029297 -5.787391662597656 -0.5764248967170715
v -1.739310622215271 -5.69492244720459 -0.4706414043903351
v -1.55691397190094 -5.5729594230651855 -0.5695706009864807
v -1.55691397190094 -5.5729594230651855 -0.5695706009864807
v -1.739310622215271 -5.69492244720459 -0.4706414043903351
v -1.6624857187271118 -5.578238010406494 -0.0000015314284382839105
v 1.4102448225021362 -4.5368170738220215 0.15118072926998138
v 1.3133257627487183 -4.66911506652832 4.1636218384155654e-7
v 1.4625256061553955 -4.594428062438965 5.16564114150242e-7
v 1.4625256061553955 -4.594428062438965 5.16564114150242e-7
v 1.622800350189209 -4.387474060058594 0.22184960544109344
v 1.4102448225021362 -4.5368170738220215 0.15118072926998138
v 1.4102448225021362 -4.5368170738220215 0.15118072926998138
v 1.622800350189209 -4.387474060058594 0.22184960544109344
v 1.5441149473190308 -4.311733245849609 0.3342365324497223
v 1.4102451801300049 -4.5368170738220215 -0.1511797457933426
v 1.4625256061553955 -4.594428062438965 5.16564114150242e-7
v 1.3133257627487183 -4.66911506652832 4.1636218384155654e-7
v 1.4625256061553955 -4.594428062438965 5.16564114150242e-7
v 1.4102451801300049 -4.5368170738220215 -0.1511797457933426
v 1.6228007078170776 -4.387474060058594 -0.22184832394123077
v 1.4102451801300049 -4.5368170738220215 -0.1511797457933426
v 1.5441153049468994 -4.311733245849609 -0.33423539996147156
v 1.6228007078170776 -4.387474060058594 -0.22184832394123077
v 1.3610141277313232 -4.418241024017334 0.14705583453178406
v 1.222139835357666 -4.550722122192383 3.694628958328394e-7
v 1.3133257627487183 -4.66911506652832 4.1636218384155654e-7
v 1.3133257627487183 -4.66911506652832 4.1636218384155654e-7
v 1.4102448225021362 -4.5368170738220215 0.15118072926998138
v 1.3610141277313232 -4.418241024017334 0.14705583453178406
v 1.4102448225021362 -4.5368170738220215 0.15118072926998138
v 1.5441149473190308 -4.311733245849609 0.3342365324497223
v 1.3610141277313232 -4.418241024017334 0.14705583453178406
v 1.5721806287765503 -3.173123598098755 7.096634817571612e-7
v 1.6089375019073486 -3.3592939376831055 7.1646513788437e-7
v 1.807381272315979 -3.406242609024048 0.14408369362354279
v 1.5382936000823975 -3.546053886413574 6.557855272149027e-7
v 1.807381272315979 -3.406242609024048 0.14408369362354279
v 1.6089375019073486 -3.3592939376831055 7.1646513788437e-7
v 1.807381272315979 -3.406242609024048 0.14408369362354279
v 1.5382936000823975 -3.546053886413574 6.557855272149027e-7
v 1.7718276977539062 -3.675649404525757 0.2512401044368744
v 1.3567017316818237 -3.637852668762207 5.337508923730638e-7
v 1.7718276977539062 -3.675649404525757 0.2512401044368744
v 1.5382936000823975 -3.546053886413574 6.557855272149027e-7
v 1.7718276977539062 -3.675649404525757 0.2512401044368744
v 1.3567017316818237 -3.637852668762207 5.337508923730638e-7
v 1.5376800298690796 -3.7934646606445312 0.31244200468063354
v 1.5376800298690796 -3.7934646606445312 0.31244200468063354
v 1.3567017316818237 -3.637852668762207 5.337508923730638e-7
v 1.3601032495498657 -3.799743175506592 0.4227365255355835
v 1.3601032495498657 -3.799743175506592 0.4227365255355835
v 1.7133193016052246 -3.8820879459381104 0.29713648557662964
v 1.5376800298690796 -3.7934646606445312 0.31244200468063354
v 1.5376800298690796 -3.7934646606445312 0.31244200468063354
v 1.7133193016052246 -3.8820879459381104 0.29713648557662964
v 1.7718276977539062 -3.675649404525757 0.2512401044368744
v 1.7133193016052246 -3.8820879459381104 0.29713648557662964
v 1.3601032495498657 -3.799743175506592 0.4227365255355835
v 1.5909430980682373 -4.011338233947754 0.3976422846317291
v 1.5909430980682373 -4.011338233947754 0.3976422846317291
v 1.3601032495498657 -3.799743175506592 0.4227365255355835
v 1.4272804260253906 -4.1956915855407715 0.6660691499710083
v -1.1083271503448486 -4.963972568511963 -1.1324807405471802
v -1.4560617208480835 -5.260376930236816 -0.8789215087890625
v -1.3855880498886108 -4.616672992706299 -0.8053186535835266
v -1.4560617208480835 -5.260376930236816 -0.8789215087890625
v -1.6021164655685425 -5.238105773925781 -0.4876296818256378
v -1.3855880498886108 -4.616672992706299 -0.8053186535835266
v 1.3610143661499023 -4.418241024017334 -0.14705488085746765
v 1.3133257627487183 -4.66911506652832 4.1636218384155654e-7
v 1.222139835357666 -4.550722122192383 3.694628958328394e-7
v 1.3133257627487183 -4.66911506652832 4.1636218384155654e-7
v 1.3610143661499023 -4.418241024017334 -0.14705488085746765
v 1.4102451801300049 -4.5368170738220215 -0.1511797457933426
v 1.4102451801300049 -4.5368170738220215 -0.1511797457933426
v 1.3610143661499023 -4.418241024017334 -0.14705488085746765
v 1.5441153049468994 -4.311733245849609 -0.33423539996147156
v 1.5721806287765503 -3.173123598098755 7.096634817571612e-7
v 1.807381510734558 -3.406242609024048 -0.14408202469348907
v 1.6089375019073486 -3.3592939376831055 7.1646513788437e-7
v 1.807381510734558 -3.406242609024048 -0.14408202469348907
v 1.5382936000823975 -3.546053886413574 6.557855272149027e-7
v 1.6089375019073486 -3.3592939376831055 7.1646513788437e-7
v 1.5382936000823975 -3.546053886413574 6.557855272149027e-7
v 1.807381510734558 -3.406242609024048 -0.14408202469348907
v 1.7718279361724854 -3.675649404525757 -0.25123852491378784
v 1.7718279361724854 -3.675649404525757 -0.25123852491378784
v 1.3567017316818237 -3.637852668762207 5.337508923730638e-7
v 1.5382936000823975 -3.546053886413574 6.557855272149027e-7
v 1.3567017316818237 -3.637852668762207 5.337508923730638e-7
v 1.7718279361724854 -3.675649404525757 -0.25123852491378784
v 1.5376802682876587 -3.7934646606445312 -0.3124407231807709
v 1.5376802682876587 -3.7934646606445312 -0.3124407231807709
v 1.3601038455963135 -3.799743175506592 -0.4227355122566223
v 1.3567017316818237 -3.637852668762207 5.337508923730638e-7
v 1.7133196592330933 -3.8820879459381104 -0.29713505506515503
v 1.3601038455963135 -3.799743175506592 -0.4227355122566223
v 1.5376802682876587 -3.7934646606445312 -0.3124407231807709
v 1.5376802682876587 -3.7934646606445312 -0.3124407231807709
v 1.7718279361724854 -3.675649404525757 -0.25123852491378784
v 1.7133196592330933 -3.8820879459381104 -0.29713505506515503
v 1.3601038455963135 -3.799743175506592 -0.4227355122566223
v 1.7133196592330933 -3.8820879459381104 -0.29713505506515503
v 1.590943694114685 -4.011338233947754 -0.39764103293418884
v 1.590943694114685 -4.011338233947754 -0.39764103293418884
v 1.4272814989089966 -4.1956915855407715 -0.6660681962966919
v 1.3601038455963135 -3.799743175506592 -0.4227355122566223
v 1.5721806287765503 -3.173123598098755 7.096634817571612e-7
v 1.9804034233093262 -3.4123318195343018 9.450469633520697e-7
v 1.807381510734558 -3.406242609024048 -0.14408202469348907
v 2.1247024536132812 -3.7489521503448486 0.0000010062144610856194
v 1.807381510734558 -3.406242609024048 -0.14408202469348907
v 1.9804034233093262 -3.4123318195343018 9.450469633520697e-7
v 1.807381510734558 -3.406242609024048 -0.14408202469348907
v 2.1247024536132812 -3.7489521503448486 0.0000010062144610856194
v 2.027834177017212 -3.7257354259490967 -0.15535995364189148
v 1.807381510734558 -3.406242609024048 -0.14408202469348907
v 2.027834177017212 -3.7257354259490967 -0.15535995364189148
v 1.8883020877838135 -3.718658924102783 -0.24488380551338196
v 1.8883020877838135 -3.718658924102783 -0.24488380551338196
v 1.7718279361724854 -3.675649404525757 -0.25123852491378784
v 1.807381510734558 -3.406242609024048 -0.14408202469348907
v 1.7133196592330933 -3.8820879459381104 -0.29713505506515503
v 1.7718279361724854 -3.675649404525757 -0.25123852491378784
v 1.8883020877838135 -3.718658924102783 -0.24488380551338196
v 0.4506241977214813 -6.093652725219727 -0.062272991985082626
v 0.640945553779602 -6.499312400817871 0.2098037600517273
v 0.713427722454071 -6.5834574699401855 -0.20311036705970764
v 0.44796591997146606 -7.677521705627441 0.0354127436876297
v 0.713427722454071 -6.5834574699401855 -0.20311036705970764
v 0.640945553779602 -6.499312400817871 0.2098037600517273
v 0.640945553779602 -6.499312400817871 0.2098037600517273
v 0.15118733048439026 -7.5381293296813965 0.3595561385154724
v 0.44796591997146606 -7.677521705627441 0.0354127436876297
v 0.640945553779602 -6.499312400817871 0.2098037600517273
v -0.006146622356027365 -6.393688201904297 0.587352454662323
v 0.15118733048439026 -7.5381293296813965 0.3595561385154724
v 0.640945553779602 -6.499312400817871 0.2098037600517273
v 0.08657524734735489 -5.779437065124512 0.004312110133469105
v -0.006146622356027365 -6.393688201904297 0.587352454662323
v 0.4506241977214813 -6.093652725219727 -0.062272991985082626
v 0.08657524734735489 -5.779437065124512 0.004312110133469105
v 0.640945553779602 -6.499312400817871 0.2098037600517273
v 0.15118733048439026 -7.5381293296813965 0.3595561385154724
v 0.20555150508880615 -7.992150783538818 0.034037087112665176
v 0.44796591997146606 -7.677521705627441 0.0354127436876297
v 0.08657524734735489 -5.779437065124512 0.004312110133469105
v -0.03090932033956051 -6.13629150390625 -0.3438721299171448
v -0.3378508985042572 -6.519804954528809 0.25669074058532715
v 0.08657524734735489 -5.779437065124512 0.004312110133469105
v -0.3378508985042572 -6.519804954528809 0.25669074058532715
v -0.006146622356027365 -6.393688201904297 0.587352454662323
v -0.3378508985042572 -6.519804954528809 0.25669074058532715
v -0.03090932033956051 -6.13629150390625 -0.3438721299171448
v -0.24992766976356506 -6.628073692321777 -0.36996668577194214
v -0.13469037413597107 -7.627737045288086 0.00007872631249483675
v -0.3378508985042572 -6.519804954528809 0.25669074058532715
v -0.24992766976356506 -6.628073692321777 -0.36996668577194214
v -0.13469037413597107 -7.627737045288086 0.00007872631249483675
v -0.006146622356027365 -6.393688201904297 0.587352454662323
v -0.3378508985042572 -6.519804954528809 0.25669074058532715
v -0.01287575252354145 -7.74172830581665 -0.24825280904769897
v -0.13469037413597107 -7.627737045288086 0.00007872631249483675
v -0.24992766976356506 -6.628073692321777 -0.36996668577194214
v -0.13469037413597107 -7.627737045288086 0.00007872631249483675
v -0.01287575252354145 -7.74172830581665 -0.24825280904769897
v 0.20555150508880615 -7.992150783538818 0.034037087112665176
v 0.15118733048439026 -7.5381293296813965 0.3595561385154724
v -0.13469037413597107 -7.627737045288086 0.00007872631249483675
v 0.20555150508880615 -7.992150783538818 0.034037087112665176
v -0.006146622356027365 -6.393688201904297 0.587352454662323
v -0.13469037413597107 -7.627737045288086 0.00007872631249483675
v 0.15118733048439026 -7.5381293296813965 0.3595561385154724
v 0.29181596636772156 -7.743668556213379 -0.29375314712524414
v 0.20555150508880615 -7.992150783538818 0.034037087112665176
v -0.01287575252354145 -7.74172830581665 -0.24825280904769897
v -0.24992766976356506 -6.628073692321777 -0.36996668577194214
v 0.29181596636772156 -7.743668556213379 -0.29375314712524414
v -0.01287575252354145 -7.74172830581665 -0.24825280904769897
v 0.29181596636772156 -7.743668556213379 -0.29375314712524414
v -0.24992766976356506 -6.628073692321777 -0.36996668577194214
v 0.3116620182991028 -6.609460353851318 -0.5653457045555115
v 0.3116620182991028 -6.609460353851318 -0.5653457045555115
v -0.24992766976356506 -6.628073692321777 -0.36996668577194214
v -0.03090932033956051 -6.13629150390625 -0.3438721299171448
v 0.3116620182991028 -6.609460353851318 -0.5653457045555115
v 0.44796591997146606 -7.677521705627441 0.0354127436876297
v 0.29181596636772156 -7.743668556213379 -0.29375314712524414
v 0.44796591997146606 -7.677521705627441 0.0354127436876297
v 0.3116620182991028 -6.609460353851318 -0.5653457045555115
v 0.713427722454071 -6.5834574699401855 -0.20311036705970764
v 0.3116620182991028 -6.609460353851318 -0.5653457045555115
v 0.4506241977214813 -6.093652725219727 -0.062272991985082626
v 0.713427722454071 -6.5834574699401855 -0.20311036705970764
v 0.4506241977214813 -6.093652725219727 -0.062272991985082626
v 0.3116620182991028 -6.609460353851318 -0.5653457045555115
v -0.03090932033956051 -6.13629150390625 -0.3438721299171448
v 0.4506241977214813 -6.093652725219727 -0.062272991985082626
v -0.03090932033956051 -6.13629150390625 -0.3438721299171448
v 0.08657524734735489 -5.779437065124512 0.004312110133469105
v 0.29181596636772156 -7.743668556213379 -0.29375314712524414
v 0.44796591997146606 -7.677521705627441 0.0354127436876297
v 0.20555150508880615 -7.992150783538818 0.034037087112665176
vt 0.11989804357290268 0.04918863996863365
vt 0.17662592232227325 0.0484483502805233
vt 0.11023291200399399 0.034818436950445175
vt 0.17662592232227325 0.0484483502805233
vt 0.11989804357290268 0.04918863996863365
vt 0.17366480827331543 0.061695121228694916
vt 0.17366480827331543 0.061695121228694916
vt 0.2307812124490738 0.0460374616086483
vt 0.17662592232227325 0.0484483502805233
vt 0.2307812124490738 0.0460374616086483
vt 0.17366480827331543 0.061695121228694916
vt 0.23591992259025574 0.06818623840808868
vt 0.23591992259025574 0.06818623840808868
vt 0.2658214867115021 0.03792395815253258
vt 0.2307812124490738 0.0460374616086483
vt 0.2658214867115021 0.03792395815253258
vt 0.23591992259025574 0.06818623840808868
vt 0.294737845659256 0.07438745349645615
vt 0.2658214867115021 0.03792395815253258
vt 0.294737845659256 0.07438745349645615
vt 0.3256566822528839 0.013001467101275921
vt 0.17366480827331543 0.061695121228694916
vt 0.11729385703802109 0.07388748973608017
vt 0.17368455231189728 0.0882156565785408
vt 0.11729385703802109 0.07388748973608017
vt 0.17366480827331543 0.061695121228694916
vt 0.11989804357290268 0.04918863996863365
vt 0.1215311735868454 0.10648415237665176
vt 0.17368455231189728 0.0882156565785408
vt 0.11729385703802109 0.07388748973608017
vt 0.17368455231189728 0.0882156565785408
vt 0.1215311735868454 0.10648415237665176
vt 0.17044450342655182 0.12422801554203033
vt 0.17368455231189728 0.0882156565785408
vt 0.23591992259025574 0.06818623840808868
vt 0.17366480827331543 0.061695121228694916
vt 0.23591992259025574 0.06818623840808868
vt 0.17368455231189728 0.0882156565785408
vt 0.2328357845544815 0.10797996073961258
vt 0.17044450342655182 0.12422801554203033
vt 0.2328357845544815 0.10797996073961258
vt 0.17368455231189728 0.0882156565785408
vt 0.2328357845544815 0.10797996073961258
vt 0.294737845659256 0.07438745349645615
vt 0.23591992259025574 0.06818623840808868
vt 0.294737845659256 0.07438745349645615
vt 0.2328357845544815 0.10797996073961258
vt 0.3069467842578888 0.12414529174566269
vt 0.2328357845544815 0.10797996073961258
vt 0.17044450342655182 0.12422801554203033
vt 0.22297850251197815 0.1512639969587326
vt 0.12269171327352524 0.1154118999838829
vt 0.17044450342655182 0.12422801554203033
vt 0.1215311735868454 0.10648415237665176
vt 0.17044450342655182 0.12422801554203033
vt 0.12269171327352524 0.1154118999838829
vt 0.1695571094751358 0.13409127295017242
vt 0.1695571094751358 0.13409127295017242
vt 0.22297850251197815 0.1512639969587326
vt 0.17044450342655182 0.12422801554203033
vt 0.22297850251197815 0.1512639969587326
vt 0.1695571094751358 0.13409127295017242
vt 0.22049245238304138 0.1621571183204651
vt 0.22049245238304138 0.1621571183204651
vt 0.26254168152809143 0.18816855549812317
vt 0.22297850251197815 0.1512639969587326
vt 0.26254168152809143 0.18816855549812317
vt 0.3069467842578888 0.12414529174566269
vt 0.2328357845544815 0.10797996073961258
vt 0.26254168152809143 0.18816855549812317
vt 0.2328357845544815 0.10797996073961258
vt 0.22297850251197815 0.1512639969587326
vt 0.3067634403705597 0.17188003659248352
vt 0.3069467842578888 0.12414529174566269
vt 0.26254168152809143 0.18816855549812317
vt 0.3067634403705597 0.17188003659248352
vt 0.26254168152809143 0.18816855549812317
vt 0.28439807891845703 0.2327246367931366
vt 0.26254168152809143 0.18816855549812317
vt 0.22049245238304138 0.1621571183204651
vt 0.250857412815094 0.1924160271883011
vt 0.250857412815094 0.1924160271883011
vt 0.28439807891845703 0.2327246367931366
vt 0.26254168152809143 0.18816855549812317
vt 0.28439807891845703 0.2327246367931366
vt 0.250857412815094 0.1924160271883011
vt 0.2782725393772125 0.24938908219337463
vt 0.294737845659256 0.07438745349645615
vt 0.34224334359169006 0.11220481246709824
vt 0.3256566822528839 0.013001467101275921
vt 0.34224334359169006 0.11220481246709824
vt 0.294737845659256 0.07438745349645615
vt 0.3069467842578888 0.12414529174566269
vt 0.3069467842578888 0.12414529174566269
vt 0.3280692398548126 0.18109074234962463
vt 0.34224334359169006 0.11220481246709824
vt 0.3280692398548126 0.18109074234962463
vt 0.3069467842578888 0.12414529174566269
vt 0.3067634403705597 0.17188003659248352
vt 0.3067634403705597 0.17188003659248352
vt 0.28439807891845703 0.2327246367931366
vt 0.3280692398548126 0.18109074234962463
vt 0.05365173891186714 0.1206507459282875
vt 0.06418149918317795 0.1847798228263855
vt 0.08340153098106384 0.14300502836704254
vt 0.06418149918317795 0.1847798228263855
vt 0.05365173891186714 0.1206507459282875
vt 0.025895968079566956 0.1723259538412094
vt 0.09573086351156235 0.18244418501853943
vt 0.08340153098106384 0.14300502836704254
vt 0.06418149918317795 0.1847798228263855
vt 0.08340153098106384 0.14300502836704254
vt 0.09573086351156235 0.18244418501853943
vt 0.10565333813428879 0.1518329381942749
vt 0.13290518522262573 0.18147702515125275
vt 0.10565333813428879 0.1518329381942749
vt 0.09573086351156235 0.18244418501853943
vt 0.10565333813428879 0.1518329381942749
vt 0.13290518522262573 0.18147702515125275
vt 0.13680143654346466 0.16432584822177887
vt 0.09573086351156235 0.18244418501853943
vt 0.12960222363471985 0.21469686925411224
vt 0.13290518522262573 0.18147702515125275
vt 0.12960222363471985 0.21469686925411224
vt 0.09573086351156235 0.18244418501853943
vt 0.09336256980895996 0.22134681046009064
vt 0.06418149918317795 0.1847798228263855
vt 0.09336256980895996 0.22134681046009064
vt 0.09573086351156235 0.18244418501853943
vt 0.09336256980895996 0.22134681046009064
vt 0.06418149918317795 0.1847798228263855
vt 0.06850558519363403 0.23666737973690033
vt 0.06418149918317795 0.1847798228263855
vt 0.0428127720952034 0.26826372742652893
vt 0.06850558519363403 0.23666737973690033
vt 0.0428127720952034 0.26826372742652893
vt 0.06418149918317795 0.1847798228263855
vt 0.023232847452163696 0.21751055121421814
vt 0.06418149918317795 0.1847798228263855
vt 0.025895968079566956 0.1723259538412094
vt 0.023232847452163696 0.21751055121421814
vt 0.1728489100933075 0.18557292222976685
vt 0.13680143654346466 0.16432584822177887
vt 0.13290518522262573 0.18147702515125275
vt 0.13680143654346466 0.16432584822177887
vt 0.1728489100933075 0.18557292222976685
vt 0.17759984731674194 0.166493758559227
vt 0.13290518522262573 0.18147702515125275
vt 0.16184808313846588 0.21089112758636475
vt 0.1728489100933075 0.18557292222976685
vt 0.16184808313846588 0.21089112758636475
vt 0.13290518522262573 0.18147702515125275
vt 0.12960222363471985 0.21469686925411224
vt 0.11023291200399399 0.034818436950445175
vt 0.11729385703802109 0.07388748973608017
vt 0.11989804357290268 0.04918863996863365
vt 0.11729385703802109 0.07388748973608017
vt 0.11023291200399399 0.034818436950445175
vt 0.10730757564306259 0.07298936694860458
vt 0.10730757564306259 0.07298936694860458
vt 0.1215311735868454 0.10648415237665176
vt 0.11729385703802109 0.07388748973608017
vt 0.1215311735868454 0.10648415237665176
vt 0.10730757564306259 0.07298936694860458
vt 0.12269171327352524 0.1154118999838829
vt 0.3280692398548126 0.18109074234962463
vt 0.28439807891845703 0.2327246367931366
vt 0.2782725393772125 0.24938908219337463
vt 0.11989804357290268 0.04918863996863365
vt 0.17662592232227325 0.0484483502805233
vt 0.17366480827331543 0.061695121228694916
vt 0.17662592232227325 0.0484483502805233
vt 0.11989804357290268 0.04918863996863365
vt 0.11023291200399399 0.034818436950445175
vt 0.2307812124490738 0.0460374616086483
vt 0.17366480827331543 0.061695121228694916
vt 0.17662592232227325 0.0484483502805233
vt 0.17366480827331543 0.061695121228694916
vt 0.2307812124490738 0.0460374616086483
vt 0.23591992259025574 0.06818623840808868
vt 0.2658214867115021 0.03792395815253258
vt 0.23591992259025574 0.06818623840808868
vt 0.2307812124490738 0.0460374616086483
vt 0.23591992259025574 0.06818623840808868
vt 0.2658214867115021 0.03792395815253258
vt 0.294737845659256 0.07438745349645615
vt 0.2658214867115021 0.03792395815253258
vt 0.3256566822528839 0.013001467101275921
vt 0.294737845659256 0.07438745349645615
vt 0.17366480827331543 0.061695121228694916
vt 0.11729385703802109 0.07388748973608017
vt 0.11989804357290268 0.04918863996863365
vt 0.11729385703802109 0.07388748973608017
vt 0.17366480827331543 0.061695121228694916
vt 0.17368455231189728 0.0882156565785408
vt 0.17368455231189728 0.0882156565785408
vt 0.1215311735868454 0.10648415237665176
vt 0.11729385703802109 0.07388748973608017
vt 0.1215311735868454 0.10648415237665176
vt 0.17368455231189728 0.0882156565785408
vt 0.17044450342655182 0.12422801554203033
vt 0.23591992259025574 0.06818623840808868
vt 0.17368455231189728 0.0882156565785408
vt 0.17366480827331543 0.061695121228694916
vt 0.17368455231189728 0.0882156565785408
vt 0.23591992259025574 0.06818623840808868
vt 0.2328357845544815 0.10797996073961258
vt 0.2328357845544815 0.10797996073961258
vt 0.17044450342655182 0.12422801554203033
vt 0.17368455231189728 0.0882156565785408
vt 0.294737845659256 0.07438745349645615
vt 0.2328357845544815 0.10797996073961258
vt 0.23591992259025574 0.06818623840808868
vt 0.2328357845544815 0.10797996073961258
vt 0.294737845659256 0.07438745349645615
vt 0.3069467842578888 0.12414529174566269
vt 0.17044450342655182 0.12422801554203033
vt 0.2328357845544815 0.10797996073961258
vt 0.22297850251197815 0.1512639969587326
vt 0.17044450342655182 0.12422801554203033
vt 0.12269171327352524 0.1154118999838829
vt 0.1215311735868454 0.10648415237665176
vt 0.12269171327352524 0.1154118999838829
vt 0.17044450342655182 0.12422801554203033
vt 0.1695571094751358 0.13409127295017242
vt 0.22297850251197815 0.1512639969587326
vt 0.1695571094751358 0.13409127295017242
vt 0.17044450342655182 0.12422801554203033
vt 0.1695571094751358 0.13409127295017242
vt 0.22297850251197815 0.1512639969587326
vt 0.22049245238304138 0.1621571183204651
vt 0.26254168152809143 0.18816855549812317
vt 0.22049245238304138 0.1621571183204651
vt 0.22297850251197815 0.1512639969587326
vt 0.26254168152809143 0.18816855549812317
vt 0.2328357845544815 0.10797996073961258
vt 0.3069467842578888 0.12414529174566269
vt 0.26254168152809143 0.18816855549812317
vt 0.22297850251197815 0.1512639969587326
vt 0.2328357845544815 0.10797996073961258
vt 0.3067634403705597 0.17188003659248352
vt 0.26254168152809143 0.18816855549812317
vt 0.3069467842578888 0.12414529174566269
vt 0.3067634403705597 0.17188003659248352
vt 0.28439807891845703 0.2327246367931366
vt 0.26254168152809143 0.18816855549812317
vt 0.22049245238304138 0.1621571183204651
vt 0.26254168152809143 0.18816855549812317
vt 0.250857412815094 0.1924160271883011
vt 0.28439807891845703 0.2327246367931366
vt 0.250857412815094 0.1924160271883011
vt 0.26254168152809143 0.18816855549812317
vt 0.250857412815094 0.1924160271883011
vt 0.28439807891845703 0.2327246367931366
vt 0.2782725393772125 0.24938908219337463
vt 0.294737845659256 0.07438745349645615
vt 0.34224334359169006 0.11220481246709824
vt 0.3069467842578888 0.12414529174566269
vt 0.34224334359169006 0.11220481246709824
vt 0.294737845659256 0.07438745349645615
vt 0.3256566822528839 0.013001467101275921
vt 0.3280692398548126 0.18109074234962463
vt 0.3069467842578888 0.12414529174566269
vt 0.34224334359169006 0.11220481246709824
vt 0.3069467842578888 0.12414529174566269
vt 0.3280692398548126 0.18109074234962463
vt 0.3067634403705597 0.17188003659248352
vt 0.3067634403705597 0.17188003659248352
vt 0.3280692398548126 0.18109074234962463
vt 0.28439807891845703 0.2327246367931366
vt 0.05365173891186714 0.1206507459282875
vt 0.06418149918317795 0.1847798228263855
vt 0.025895968079566956 0.1723259538412094
vt 0.06418149918317795 0.1847798228263855
vt 0.05365173891186714 0.1206507459282875
vt 0.08340153098106384 0.14300502836704254
vt 0.08340153098106384 0.14300502836704254
vt 0.09573086351156235 0.18244418501853943
vt 0.06418149918317795 0.1847798228263855
vt 0.09573086351156235 0.18244418501853943
vt 0.08340153098106384 0.14300502836704254
vt 0.10565333813428879 0.1518329381942749
vt 0.10565333813428879 0.1518329381942749
vt 0.13290518522262573 0.18147702515125275
vt 0.09573086351156235 0.18244418501853943
vt 0.13290518522262573 0.18147702515125275
vt 0.10565333813428879 0.1518329381942749
vt 0.13680143654346466 0.16432584822177887
vt 0.12960222363471985 0.21469686925411224
vt 0.09573086351156235 0.18244418501853943
vt 0.13290518522262573 0.18147702515125275
vt 0.09573086351156235 0.18244418501853943
vt 0.12960222363471985 0.21469686925411224
vt 0.09336256980895996 0.22134681046009064
vt 0.09336256980895996 0.22134681046009064
vt 0.06418149918317795 0.1847798228263855
vt 0.09573086351156235 0.18244418501853943
vt 0.06418149918317795 0.1847798228263855
vt 0.09336256980895996 0.22134681046009064
vt 0.06850558519363403 0.23666737973690033
vt 0.0428127720952034 0.26826372742652893
vt 0.06418149918317795 0.1847798228263855
vt 0.06850558519363403 0.23666737973690033
vt 0.06418149918317795 0.1847798228263855
vt 0.0428127720952034 0.26826372742652893
vt 0.023232847452163696 0.21751055121421814
vt 0.06418149918317795 0.1847798228263855
vt 0.023232847452163696 0.21751055121421814
vt 0.025895968079566956 0.1723259538412094
vt 0.13680143654346466 0.16432584822177887
vt 0.1728489100933075 0.18557292222976685
vt 0.13290518522262573 0.18147702515125275
vt 0.1728489100933075 0.18557292222976685
vt 0.13680143654346466 0.16432584822177887
vt 0.17759984731674194 0.166493758559227
vt 0.13290518522262573 0.18147702515125275
vt 0.16184808313846588 0.21089112758636475
vt 0.12960222363471985 0.21469686925411224
vt 0.16184808313846588 0.21089112758636475
vt 0.13290518522262573 0.18147702515125275
vt 0.1728489100933075 0.18557292222976685
vt 0.11023291200399399 0.034818436950445175
vt 0.11729385703802109 0.07388748973608017
vt 0.10730757564306259 0.07298936694860458
vt 0.11729385703802109 0.07388748973608017
vt 0.11023291200399399 0.034818436950445175
vt 0.11989804357290268 0.04918863996863365
vt 0.1215311735868454 0.10648415237665176
vt 0.10730757564306259 0.07298936694860458
vt 0.11729385703802109 0.07388748973608017
vt 0.10730757564306259 0.07298936694860458
vt 0.1215311735868454 0.10648415237665176
vt 0.12269171327352524 0.1154118999838829
vt 0.3280692398548126 0.18109074234962463
vt 0.2782725393772125 0.24938908219337463
vt 0.28439807891845703 0.2327246367931366
vt 0.49956926703453064 0.2747359573841095
vt 0.5639835000038147 0.33860519528388977
vt 0.5639834403991699 0.2747359573841095
vt 0.5639835000038147 0.33860519528388977
vt 0.49956926703453064 0.2747359573841095
vt 0.49956926703453064 0.33860519528388977
vt 0.5638754367828369 0.01199677400290966
vt 0.49946126341819763 0.07448866963386536
vt 0.5638754367828369 0.07448866963386536
vt 0.49946126341819763 0.07448866963386536
vt 0.5638754367828369 0.01199677400290966
vt 0.49946120381355286 0.01199677400290966
vt 0.49946126341819763 0.07448866963386536
vt 0.5638754367828369 0.15566805005073547
vt 0.5638754367828369 0.07448866963386536
vt 0.5638754367828369 0.15566805005073547
vt 0.49946126341819763 0.07448866963386536
vt 0.49946126341819763 0.15566805005073547
vt 0.49946126341819763 0.15566805005073547
vt 0.5638754367828369 0.23121097683906555
vt 0.5638754367828369 0.15566805005073547
vt 0.5638754367828369 0.23121097683906555
vt 0.49946126341819763 0.15566805005073547
vt 0.49946126341819763 0.23121097683906555
vt 0.49946126341819763 0.23121097683906555
vt 0.5639834403991699 0.2747359573841095
vt 0.5638754367828369 0.23121097683906555
vt 0.5639834403991699 0.2747359573841095
vt 0.49946126341819763 0.23121097683906555
vt 0.49956926703453064 0.2747359573841095
vt 0.49451518058776855 0.014706088230013847
vt 0.47775396704673767 0.07463546097278595
vt 0.3583100140094757 0.014706088230013847
vt 0.3583100140094757 0.014706088230013847
vt 0.47775396704673767 0.07463546097278595
vt 0.4331357181072235 0.10506148636341095
vt 0.3583100140094757 0.014706088230013847
vt 0.4331357181072235 0.10506148636341095
vt 0.35491836071014404 0.10506148636341095
vt 0.4331357181072235 0.10506148636341095
vt 0.3553396463394165 0.1782366782426834
vt 0.35491836071014404 0.10506148636341095
vt 0.3553396463394165 0.1782366782426834
vt 0.4331357181072235 0.10506148636341095
vt 0.41270357370376587 0.17983503639698029
vt 0.41270357370376587 0.17983503639698029
vt 0.35203033685684204 0.2463417798280716
vt 0.3553396463394165 0.1782366782426834
vt 0.35203033685684204 0.2463417798280716
vt 0.41270357370376587 0.17983503639698029
vt 0.42121875286102295 0.22291655838489532
vt 0.3583100140094757 0.014706088230013847
vt 0.35491836071014404 0.10506148636341095
vt 0.4331357181072235 0.10506148636341095
vt 0.35491836071014404 0.10506148636341095
vt 0.41270360350608826 0.17983503639698029
vt 0.4331357181072235 0.10506148636341095
vt 0.41270360350608826 0.17983503639698029
vt 0.35491836071014404 0.10506148636341095
vt 0.3553396463394165 0.1782366782426834
vt 0.3553396463394165 0.1782366782426834
vt 0.42121875286102295 0.22291655838489532
vt 0.41270360350608826 0.17983503639698029
vt 0.42121875286102295 0.22291655838489532
vt 0.3553396463394165 0.1782366782426834
vt 0.3520303964614868 0.2463417798280716
vt 0.3583100140094757 0.014706088230013847
vt 0.4331357181072235 0.10506148636341095
vt 0.47775402665138245 0.07463546097278595
vt 0.3583100140094757 0.014706088230013847
vt 0.47775402665138245 0.07463546097278595
vt 0.49451518058776855 0.014706088230013847
vt 0.49956926703453064 0.2747359573841095
vt 0.5639835000038147 0.33860519528388977
vt 0.5639834403991699 0.2747359573841095
vt 0.5639835000038147 0.33860519528388977
vt 0.49956926703453064 0.2747359573841095
vt 0.49956926703453064 0.33860519528388977
vt 0.5638754367828369 0.01199677400290966
vt 0.49946126341819763 0.07448866963386536
vt 0.5638754367828369 0.07448866963386536
vt 0.49946126341819763 0.07448866963386536
vt 0.5638754367828369 0.01199677400290966
vt 0.49946120381355286 0.01199677400290966
vt 0.49946126341819763 0.07448866963386536
vt 0.5638754367828369 0.15566805005073547
vt 0.5638754367828369 0.07448866963386536
vt 0.5638754367828369 0.15566805005073547
vt 0.49946126341819763 0.07448866963386536
vt 0.49946126341819763 0.15566805005073547
vt 0.49946126341819763 0.15566805005073547
vt 0.5638754367828369 0.23121097683906555
vt 0.5638754367828369 0.15566805005073547
vt 0.5638754367828369 0.23121097683906555
vt 0.49946126341819763 0.15566805005073547
vt 0.49946126341819763 0.23121097683906555
vt 0.49946126341819763 0.23121097683906555
vt 0.5639834403991699 0.2747359573841095
vt 0.5638754367828369 0.23121097683906555
vt 0.5639834403991699 0.2747359573841095
vt 0.49946126341819763 0.23121097683906555
vt 0.49956926703453064 0.2747359573841095
vt 0.49451518058776855 0.014706088230013847
vt 0.47775396704673767 0.07463546097278595
vt 0.3583100140094757 0.014706088230013847
vt 0.3583100140094757 0.014706088230013847
vt 0.47775396704673767 0.07463546097278595
vt 0.4331357181072235 0.10506148636341095
vt 0.3583100140094757 0.014706088230013847
vt 0.4331357181072235 0.10506148636341095
vt 0.35491836071014404 0.10506148636341095
vt 0.4331357181072235 0.10506148636341095
vt 0.3553396463394165 0.1782366782426834
vt 0.35491836071014404 0.10506148636341095
vt 0.3553396463394165 0.1782366782426834
vt 0.4331357181072235 0.10506148636341095
vt 0.41270357370376587 0.17983503639698029
vt 0.41270357370376587 0.17983503639698029
vt 0.35203033685684204 0.2463417798280716
vt 0.3553396463394165 0.1782366782426834
vt 0.35203033685684204 0.2463417798280716
vt 0.41270357370376587 0.17983503639698029
vt 0.42121875286102295 0.22291655838489532
vt 0.3583100140094757 0.014706088230013847
vt 0.35491836071014404 0.10506148636341095
vt 0.4331357181072235 0.10506148636341095
vt 0.35491836071014404 0.10506148636341095
vt 0.41270360350608826 0.17983503639698029
vt 0.4331357181072235 0.10506148636341095
vt 0.41270360350608826 0.17983503639698029
vt 0.35491836071014404 0.10506148636341095
vt 0.3553396463394165 0.1782366782426834
vt 0.3553396463394165 0.1782366782426834
vt 0.42121875286102295 0.22291655838489532
vt 0.41270360350608826 0.17983503639698029
vt 0.42121875286102295 0.22291655838489532
vt 0.3553396463394165 0.1782366782426834
vt 0.3520303964614868 0.2463417798280716
vt 0.3583100140094757 0.014706088230013847
vt 0.4331357181072235 0.10506148636341095
vt 0.47775402665138245 0.07463546097278595
vt 0.3583100140094757 0.014706088230013847
vt 0.47775402665138245 0.07463546097278595
vt 0.49451518058776855 0.014706088230013847
vt 0.02436698228120804 0.2960192859172821
vt 0.056217826902866364 0.2829732596874237
vt 0.03229767829179764 0.30233117938041687
vt 0.15808185935020447 0.4854314625263214
vt 0.20806202292442322 0.5081920623779297
vt 0.2206784188747406 0.486432820558548
vt 0.20806202292442322 0.5081920623779297
vt 0.15808185935020447 0.4854314625263214
vt 0.14842024445533752 0.5074524879455566
vt 0.07532510161399841 0.39994195103645325
vt 0.03354687616229057 0.4452660381793976
vt 0.08571979403495789 0.44108346104621887
vt 0.03354687616229057 0.4452660381793976
vt 0.07532510161399841 0.39994195103645325
vt 0.030513357371091843 0.40453723073005676
vt 0.08571979403495789 0.44108346104621887
vt 0.11459729075431824 0.389692097902298
vt 0.07532510161399841 0.39994195103645325
vt 0.11459729075431824 0.389692097902298
vt 0.1970721185207367 0.448288232088089
vt 0.17139169573783875 0.38697293400764465
vt 0.1970721185207367 0.448288232088089
vt 0.11459729075431824 0.389692097902298
vt 0.12930002808570862 0.44199755787849426
vt 0.12930002808570862 0.44199755787849426
vt 0.2206784188747406 0.486432820558548
vt 0.1970721185207367 0.448288232088089
vt 0.2206784188747406 0.486432820558548
vt 0.12930002808570862 0.44199755787849426
vt 0.15808185935020447 0.4854314625263214
vt 0.2206784188747406 0.486432820558548
vt 0.26455947756767273 0.4424956142902374
vt 0.1970721185207367 0.448288232088089
vt 0.26455947756767273 0.4424956142902374
vt 0.2206784188747406 0.486432820558548
vt 0.2839277684688568 0.47931817173957825
vt 0.2206784188747406 0.486432820558548
vt 0.2624965012073517 0.5378389358520508
vt 0.2839277684688568 0.47931817173957825
vt 0.2839277684688568 0.47931817173957825
vt 0.3322894275188446 0.4355194866657257
vt 0.26455947756767273 0.4424956142902374
vt 0.30634477734565735 0.38823822140693665
vt 0.26455947756767273 0.4424956142902374
vt 0.3322894275188446 0.4355194866657257
vt 0.30634477734565735 0.38823822140693665
vt 0.3322894275188446 0.4355194866657257
vt 0.4121330976486206 0.42116525769233704
vt 0.26455947756767273 0.4424956142902374
vt 0.30634477734565735 0.38823822140693665
vt 0.259828120470047 0.4206903278827667
vt 0.1970721185207367 0.448288232088089
vt 0.26455947756767273 0.4424956142902374
vt 0.259828120470047 0.4206903278827667
vt 0.2062074840068817 0.4168594181537628
vt 0.1970721185207367 0.448288232088089
vt 0.259828120470047 0.4206903278827667
vt 0.3322894275188446 0.4355194866657257
vt 0.2839277684688568 0.47931817173957825
vt 0.3576686680316925 0.4749634563922882
vt 0.4121330976486206 0.42116525769233704
vt 0.3322894275188446 0.4355194866657257
vt 0.3576686680316925 0.4749634563922882
vt 0.4121330976486206 0.42116525769233704
vt 0.3576686680316925 0.4749634563922882
vt 0.47521674633026123 0.483357697725296
vt 0.3874397873878479 0.5197207927703857
vt 0.47521674633026123 0.483357697725296
vt 0.3576686680316925 0.4749634563922882
vt 0.47521674633026123 0.483357697725296
vt 0.3874397873878479 0.5197207927703857
vt 0.45066750049591064 0.5186867713928223
vt 0.3576686680316925 0.4749634563922882
vt 0.32601478695869446 0.5280501842498779
vt 0.3874397873878479 0.5197207927703857
vt 0.32601478695869446 0.5280501842498779
vt 0.3576686680316925 0.4749634563922882
vt 0.2839277684688568 0.47931817173957825
vt 0.2839277684688568 0.47931817173957825
vt 0.28041425347328186 0.5439903736114502
vt 0.32601478695869446 0.5280501842498779
vt 0.2839277684688568 0.47931817173957825
vt 0.2624965012073517 0.5378389358520508
vt 0.28041425347328186 0.5439903736114502
vt 0.47521674633026123 0.483357697725296
vt 0.45066750049591064 0.5186867713928223
vt 0.5233697295188904 0.5401735305786133
vt 0.4121330976486206 0.42116525769233704
vt 0.4945228099822998 0.46024349331855774
vt 0.42379939556121826 0.4043157398700714
vt 0.4945228099822998 0.46024349331855774
vt 0.4121330976486206 0.42116525769233704
vt 0.47521674633026123 0.483357697725296
vt 0.47521674633026123 0.483357697725296
vt 0.5617103576660156 0.5453166961669922
vt 0.4945228099822998 0.46024349331855774
vt 0.5617103576660156 0.5453166961669922
vt 0.47521674633026123 0.483357697725296
vt 0.5233697295188904 0.5401735305786133
vt 0.2994689643383026 0.3736124336719513
vt 0.4121330976486206 0.42116525769233704
vt 0.42379939556121826 0.4043157398700714
vt 0.4121330976486206 0.42116525769233704
vt 0.2994689643383026 0.3736124336719513
vt 0.30634477734565735 0.38823822140693665
vt 0.12916363775730133 0.26981207728385925
vt 0.10344512015581131 0.30745264887809753
vt 0.0876864567399025 0.2735578715801239
vt 0.10344512015581131 0.30745264887809753
vt 0.12916363775730133 0.26981207728385925
vt 0.15172980725765228 0.3120855987071991
vt 0.15172980725765228 0.3120855987071991
vt 0.13000477850437164 0.33775827288627625
vt 0.10344512015581131 0.30745264887809753
vt 0.13000477850437164 0.33775827288627625
vt 0.15172980725765228 0.3120855987071991
vt 0.1745011955499649 0.3389398753643036
vt 0.07946551591157913 0.3088955581188202
vt 0.0876864567399025 0.2735578715801239
vt 0.10344512015581131 0.30745264887809753
vt 0.0876864567399025 0.2735578715801239
vt 0.07946551591157913 0.3088955581188202
vt 0.056217826902866364 0.2829732596874237
vt 0.15553124248981476 0.2907082736492157
vt 0.15172980725765228 0.3120855987071991
vt 0.12916363775730133 0.26981207728385925
vt 0.1985958367586136 0.29011818766593933
vt 0.15172980725765228 0.3120855987071991
vt 0.15553124248981476 0.2907082736492157
vt 0.1985958367586136 0.29011818766593933
vt 0.20621852576732635 0.3028075397014618
vt 0.15172980725765228 0.3120855987071991
vt 0.20621852576732635 0.3028075397014618
vt 0.1745011955499649 0.3389398753643036
vt 0.15172980725765228 0.3120855987071991
vt 0.23257876932621002 0.25856396555900574
vt 0.20621852576732635 0.3028075397014618
vt 0.1985958367586136 0.29011818766593933
vt 0.20621852576732635 0.3028075397014618
vt 0.23257876932621002 0.25856396555900574
vt 0.25544941425323486 0.2910473048686981
vt 0.25544941425323486 0.2910473048686981
vt 0.22126103937625885 0.32664939761161804
vt 0.20621852576732635 0.3028075397014618
vt 0.1745011955499649 0.3389398753643036
vt 0.20621852576732635 0.3028075397014618
vt 0.22126103937625885 0.32664939761161804
vt 0.22126103937625885 0.32664939761161804
vt 0.25544941425323486 0.2910473048686981
vt 0.2759082317352295 0.31894585490226746
vt 0.2759082317352295 0.31894585490226746
vt 0.2504756450653076 0.3622277081012726
vt 0.22126103937625885 0.32664939761161804
vt 0.22126103937625885 0.32664939761161804
vt 0.2504756450653076 0.3622277081012726
vt 0.21965689957141876 0.3751585781574249
vt 0.2504756450653076 0.3622277081012726
vt 0.2759082317352295 0.31894585490226746
vt 0.29761403799057007 0.3520340621471405
vt 0.31459373235702515 0.2752630412578583
vt 0.2759082317352295 0.31894585490226746
vt 0.25544941425323486 0.2910473048686981
vt 0.31459373235702515 0.2752630412578583
vt 0.25544941425323486 0.2910473048686981
vt 0.23257876932621002 0.25856396555900574
vt 0.31459373235702515 0.2752630412578583
vt 0.3680184483528137 0.3142068088054657
vt 0.2759082317352295 0.31894585490226746
vt 0.3680184483528137 0.3142068088054657
vt 0.29761403799057007 0.3520340621471405
vt 0.2759082317352295 0.31894585490226746
vt 0.22126103937625885 0.32664939761161804
vt 0.21965689957141876 0.3751585781574249
vt 0.21002860367298126 0.37192776799201965
vt 0.22126103937625885 0.32664939761161804
vt 0.21002860367298126 0.37192776799201965
vt 0.1745011955499649 0.3389398753643036
vt 0.29761403799057007 0.3520340621471405
vt 0.3680184483528137 0.3142068088054657
vt 0.34542858600616455 0.3526551425457001
vt 0.3680184483528137 0.3142068088054657
vt 0.42270633578300476 0.3664110004901886
vt 0.34542858600616455 0.3526551425457001
vt 0.015469052828848362 0.4050274193286896
vt 0.03354687616229057 0.4452660381793976
vt 0.030513357371091843 0.40453723073005676
vt 0.03354687616229057 0.4452660381793976
vt 0.015469052828848362 0.4050274193286896
vt 0.02037797123193741 0.45764902234077454
vt 0.11459729075431824 0.389692097902298
vt 0.08571979403495789 0.44108346104621887
vt 0.12930002808570862 0.44199755787849426
vt 0.056217826902866364 0.2829732596874237
vt 0.052291013300418854 0.32390376925468445
vt 0.03229767829179764 0.30233117938041687
vt 0.052291013300418854 0.32390376925468445
vt 0.056217826902866364 0.2829732596874237
vt 0.07946551591157913 0.3088955581188202
vt 0.20806202292442322 0.5081920623779297
vt 0.2624965012073517 0.5378389358520508
vt 0.2206784188747406 0.486432820558548
vt 0.2624965012073517 0.5378389358520508
vt 0.20806202292442322 0.5081920623779297
vt 0.24974177777767181 0.5599081516265869
vt 0.02037797123193741 0.45764902234077454
vt 0.08571979403495789 0.44108346104621887
vt 0.03354687616229057 0.4452660381793976
vt 0.08571979403495789 0.44108346104621887
vt 0.02037797123193741 0.45764902234077454
vt 0.08780339360237122 0.46143510937690735
vt 0.11551612615585327 0.45827558636665344
vt 0.08571979403495789 0.44108346104621887
vt 0.08780339360237122 0.46143510937690735
vt 0.08571979403495789 0.44108346104621887
vt 0.11551612615585327 0.45827558636665344
vt 0.12930002808570862 0.44199755787849426
vt 0.14842024445533752 0.5074524879455566
vt 0.12930002808570862 0.44199755787849426
vt 0.11551612615585327 0.45827558636665344
vt 0.12930002808570862 0.44199755787849426
vt 0.14842024445533752 0.5074524879455566
vt 0.15808185935020447 0.4854314625263214
vt 0.32601478695869446 0.5280501842498779
vt 0.27569445967674255 0.5682857036590576
vt 0.3368206322193146 0.5513360500335693
vt 0.27569445967674255 0.5682857036590576
vt 0.32601478695869446 0.5280501842498779
vt 0.28041425347328186 0.5439903736114502
vt 0.3368206322193146 0.5513360500335693
vt 0.3874397873878479 0.5197207927703857
vt 0.32601478695869446 0.5280501842498779
vt 0.3874397873878479 0.5197207927703857
vt 0.3368206322193146 0.5513360500335693
vt 0.39261555671691895 0.5446181297302246
vt 0.39261555671691895 0.5446181297302246
vt 0.45066750049591064 0.5186867713928223
vt 0.3874397873878479 0.5197207927703857
vt 0.45066750049591064 0.5186867713928223
vt 0.39261555671691895 0.5446181297302246
vt 0.45713579654693604 0.5471241474151611
vt 0.45713579654693604 0.5471241474151611
vt 0.5233697295188904 0.5401735305786133
vt 0.45066750049591064 0.5186867713928223
vt 0.5233697295188904 0.5401735305786133
vt 0.45713579654693604 0.5471241474151611
vt 0.5557808876037598 0.5771872997283936
vt 0.17139169573783875 0.38697293400764465
vt 0.1970721185207367 0.448288232088089
vt 0.2062074840068817 0.4168594181537628
vt 0.259828120470047 0.4206903278827667
vt 0.30634477734565735 0.38823822140693665
vt 0.2994689643383026 0.3736124336719513
vt 0.28041425347328186 0.5439903736114502
vt 0.24974177777767181 0.5599081516265869
vt 0.27569445967674255 0.5682857036590576
vt 0.24974177777767181 0.5599081516265869
vt 0.28041425347328186 0.5439903736114502
vt 0.2624965012073517 0.5378389358520508
vt 0.02436698228120804 0.2960192859172821
vt 0.03229767829179764 0.30233117938041687
vt 0.056217826902866364 0.2829732596874237
vt 0.15808185935020447 0.4854314625263214
vt 0.20806202292442322 0.5081920623779297
vt 0.14842024445533752 0.5074524879455566
vt 0.20806202292442322 0.5081920623779297
vt 0.15808185935020447 0.4854314625263214
vt 0.2206784188747406 0.486432820558548
vt 0.07532510161399841 0.39994195103645325
vt 0.03354687616229057 0.4452660381793976
vt 0.030513357371091843 0.40453723073005676
vt 0.03354687616229057 0.4452660381793976
vt 0.07532510161399841 0.39994195103645325
vt 0.08571979403495789 0.44108346104621887
vt 0.11459729075431824 0.389692097902298
vt 0.08571979403495789 0.44108346104621887
vt 0.07532510161399841 0.39994195103645325
vt 0.11459729075431824 0.389692097902298
vt 0.1970721185207367 0.448288232088089
vt 0.12930002808570862 0.44199755787849426
vt 0.1970721185207367 0.448288232088089
vt 0.11459729075431824 0.389692097902298
vt 0.17139169573783875 0.38697293400764465
vt 0.2206784188747406 0.486432820558548
vt 0.12930002808570862 0.44199755787849426
vt 0.1970721185207367 0.448288232088089
vt 0.12930002808570862 0.44199755787849426
vt 0.2206784188747406 0.486432820558548
vt 0.15808185935020447 0.4854314625263214
vt 0.26455947756767273 0.4424956142902374
vt 0.2206784188747406 0.486432820558548
vt 0.1970721185207367 0.448288232088089
vt 0.2206784188747406 0.486432820558548
vt 0.26455947756767273 0.4424956142902374
vt 0.2839277684688568 0.47931817173957825
vt 0.2206784188747406 0.486432820558548
vt 0.2839277684688568 0.47931817173957825
vt 0.2624965012073517 0.5378389358520508
vt 0.3322894275188446 0.4355194866657257
vt 0.2839277684688568 0.47931817173957825
vt 0.26455947756767273 0.4424956142902374
vt 0.26455947756767273 0.4424956142902374
vt 0.30634477734565735 0.38823822140693665
vt 0.3322894275188446 0.4355194866657257
vt 0.30634477734565735 0.38823822140693665
vt 0.4121330976486206 0.42116525769233704
vt 0.3322894275188446 0.4355194866657257
vt 0.30634477734565735 0.38823822140693665
vt 0.26455947756767273 0.4424956142902374
vt 0.259828120470047 0.4206903278827667
vt 0.1970721185207367 0.448288232088089
vt 0.259828120470047 0.4206903278827667
vt 0.26455947756767273 0.4424956142902374
vt 0.2062074840068817 0.4168594181537628
vt 0.259828120470047 0.4206903278827667
vt 0.1970721185207367 0.448288232088089
vt 0.2839277684688568 0.47931817173957825
vt 0.3322894275188446 0.4355194866657257
vt 0.3576686680316925 0.4749634563922882
vt 0.4121330976486206 0.42116525769233704
vt 0.3576686680316925 0.4749634563922882
vt 0.3322894275188446 0.4355194866657257
vt 0.4121330976486206 0.42116525769233704
vt 0.47521674633026123 0.483357697725296
vt 0.3576686680316925 0.4749634563922882
vt 0.47521674633026123 0.483357697725296
vt 0.3874397873878479 0.5197207927703857
vt 0.3576686680316925 0.4749634563922882
vt 0.3874397873878479 0.5197207927703857
vt 0.47521674633026123 0.483357697725296
vt 0.45066750049591064 0.5186867713928223
vt 0.3576686680316925 0.4749634563922882
vt 0.32601478695869446 0.5280501842498779
vt 0.2839277684688568 0.47931817173957825
vt 0.32601478695869446 0.5280501842498779
vt 0.3576686680316925 0.4749634563922882
vt 0.3874397873878479 0.5197207927703857
vt 0.2839277684688568 0.47931817173957825
vt 0.32601478695869446 0.5280501842498779
vt 0.28041425347328186 0.5439903736114502
vt 0.2839277684688568 0.47931817173957825
vt 0.28041425347328186 0.5439903736114502
vt 0.2624965012073517 0.5378389358520508
vt 0.47521674633026123 0.483357697725296
vt 0.5233697295188904 0.5401735305786133
vt 0.45066750049591064 0.5186867713928223
vt 0.4121330976486206 0.42116525769233704
vt 0.4945228099822998 0.46024349331855774
vt 0.47521674633026123 0.483357697725296
vt 0.4945228099822998 0.46024349331855774
vt 0.4121330976486206 0.42116525769233704
vt 0.42379939556121826 0.4043157398700714
vt 0.5617103576660156 0.5453166961669922
vt 0.47521674633026123 0.483357697725296
vt 0.4945228099822998 0.46024349331855774
vt 0.47521674633026123 0.483357697725296
vt 0.5617103576660156 0.5453166961669922
vt 0.5233697295188904 0.5401735305786133
vt 0.4121330976486206 0.42116525769233704
vt 0.2994689643383026 0.3736124336719513
vt 0.42379939556121826 0.4043157398700714
vt 0.2994689643383026 0.3736124336719513
vt 0.4121330976486206 0.42116525769233704
vt 0.30634477734565735 0.38823822140693665
vt 0.12916363775730133 0.26981207728385925
vt 0.10344512015581131 0.30745264887809753
vt 0.15172980725765228 0.3120855987071991
vt 0.10344512015581131 0.30745264887809753
vt 0.12916363775730133 0.26981207728385925
vt 0.0876864567399025 0.2735578715801239
vt 0.13000477850437164 0.33775827288627625
vt 0.15172980725765228 0.3120855987071991
vt 0.10344512015581131 0.30745264887809753
vt 0.15172980725765228 0.3120855987071991
vt 0.13000477850437164 0.33775827288627625
vt 0.1745011955499649 0.3389398753643036
vt 0.0876864567399025 0.2735578715801239
vt 0.07946551591157913 0.3088955581188202
vt 0.10344512015581131 0.30745264887809753
vt 0.07946551591157913 0.3088955581188202
vt 0.0876864567399025 0.2735578715801239
vt 0.056217826902866364 0.2829732596874237
vt 0.15553124248981476 0.2907082736492157
vt 0.12916363775730133 0.26981207728385925
vt 0.15172980725765228 0.3120855987071991
vt 0.1985958367586136 0.29011818766593933
vt 0.15553124248981476 0.2907082736492157
vt 0.15172980725765228 0.3120855987071991
vt 0.1985958367586136 0.29011818766593933
vt 0.15172980725765228 0.3120855987071991
vt 0.20621852576732635 0.3028075397014618
vt 0.1745011955499649 0.3389398753643036
vt 0.20621852576732635 0.3028075397014618
vt 0.15172980725765228 0.3120855987071991
vt 0.20621852576732635 0.3028075397014618
vt 0.23257876932621002 0.25856396555900574
vt 0.1985958367586136 0.29011818766593933
vt 0.23257876932621002 0.25856396555900574
vt 0.20621852576732635 0.3028075397014618
vt 0.25544941425323486 0.2910473048686981
vt 0.22126103937625885 0.32664939761161804
vt 0.25544941425323486 0.2910473048686981
vt 0.20621852576732635 0.3028075397014618
vt 0.20621852576732635 0.3028075397014618
vt 0.1745011955499649 0.3389398753643036
vt 0.22126103937625885 0.32664939761161804
vt 0.25544941425323486 0.2910473048686981
vt 0.22126103937625885 0.32664939761161804
vt 0.2759082317352295 0.31894585490226746
vt 0.2504756450653076 0.3622277081012726
vt 0.2759082317352295 0.31894585490226746
vt 0.22126103937625885 0.32664939761161804
vt 0.22126103937625885 0.32664939761161804
vt 0.21965689957141876 0.3751585781574249
vt 0.2504756450653076 0.3622277081012726
vt 0.2759082317352295 0.31894585490226746
vt 0.2504756450653076 0.3622277081012726
vt 0.29761403799057007 0.3520340621471405
vt 0.31459373235702515 0.2752630412578583
vt 0.25544941425323486 0.2910473048686981
vt 0.2759082317352295 0.31894585490226746
vt 0.31459373235702515 0.2752630412578583
vt 0.23257876932621002 0.25856396555900574
vt 0.25544941425323486 0.2910473048686981
vt 0.31459373235702515 0.2752630412578583
vt 0.2759082317352295 0.31894585490226746
vt 0.3680184483528137 0.3142068088054657
vt 0.29761403799057007 0.3520340621471405
vt 0.3680184483528137 0.3142068088054657
vt 0.2759082317352295 0.31894585490226746
vt 0.22126103937625885 0.32664939761161804
vt 0.21002860367298126 0.37192776799201965
vt 0.21965689957141876 0.3751585781574249
vt 0.22126103937625885 0.32664939761161804
vt 0.1745011955499649 0.3389398753643036
vt 0.21002860367298126 0.37192776799201965
vt 0.3680184483528137 0.3142068088054657
vt 0.29761403799057007 0.3520340621471405
vt 0.34542858600616455 0.3526551425457001
vt 0.3680184483528137 0.3142068088054657
vt 0.34542858600616455 0.3526551425457001
vt 0.42270633578300476 0.3664110004901886
vt 0.015469052828848362 0.4050274193286896
vt 0.03354687616229057 0.4452660381793976
vt 0.02037797123193741 0.45764902234077454
vt 0.03354687616229057 0.4452660381793976
vt 0.015469052828848362 0.4050274193286896
vt 0.030513357371091843 0.40453723073005676
vt 0.08571979403495789 0.44108346104621887
vt 0.11459729075431824 0.389692097902298
vt 0.12930002808570862 0.44199755787849426
vt 0.056217826902866364 0.2829732596874237
vt 0.052291013300418854 0.32390376925468445
vt 0.07946551591157913 0.3088955581188202
vt 0.052291013300418854 0.32390376925468445
vt 0.056217826902866364 0.2829732596874237
vt 0.03229767829179764 0.30233117938041687
vt 0.20806202292442322 0.5081920623779297
vt 0.2624965012073517 0.5378389358520508
vt 0.24974177777767181 0.5599081516265869
vt 0.2624965012073517 0.5378389358520508
vt 0.20806202292442322 0.5081920623779297
vt 0.2206784188747406 0.486432820558548
vt 0.02037797123193741 0.45764902234077454
vt 0.08571979403495789 0.44108346104621887
vt 0.08780339360237122 0.46143510937690735
vt 0.08571979403495789 0.44108346104621887
vt 0.02037797123193741 0.45764902234077454
vt 0.03354687616229057 0.4452660381793976
vt 0.08571979403495789 0.44108346104621887
vt 0.11551612615585327 0.45827558636665344
vt 0.08780339360237122 0.46143510937690735
vt 0.11551612615585327 0.45827558636665344
vt 0.08571979403495789 0.44108346104621887
vt 0.12930002808570862 0.44199755787849426
vt 0.14842024445533752 0.5074524879455566
vt 0.12930002808570862 0.44199755787849426
vt 0.15808185935020447 0.4854314625263214
vt 0.12930002808570862 0.44199755787849426
vt 0.14842024445533752 0.5074524879455566
vt 0.11551612615585327 0.45827558636665344
vt 0.32601478695869446 0.5280501842498779
vt 0.27569445967674255 0.5682857036590576
vt 0.28041425347328186 0.5439903736114502
vt 0.27569445967674255 0.5682857036590576
vt 0.32601478695869446 0.5280501842498779
vt 0.3368206322193146 0.5513360500335693
vt 0.3874397873878479 0.5197207927703857
vt 0.3368206322193146 0.5513360500335693
vt 0.32601478695869446 0.5280501842498779
vt 0.3368206322193146 0.5513360500335693
vt 0.3874397873878479 0.5197207927703857
vt 0.39261555671691895 0.5446181297302246
vt 0.45066750049591064 0.5186867713928223
vt 0.39261555671691895 0.5446181297302246
vt 0.3874397873878479 0.5197207927703857
vt 0.39261555671691895 0.5446181297302246
vt 0.45066750049591064 0.5186867713928223
vt 0.45713579654693604 0.5471241474151611
vt 0.5233697295188904 0.5401735305786133
vt 0.45713579654693604 0.5471241474151611
vt 0.45066750049591064 0.5186867713928223
vt 0.45713579654693604 0.5471241474151611
vt 0.5233697295188904 0.5401735305786133
vt 0.5557808876037598 0.5771872997283936
vt 0.17139169573783875 0.38697293400764465
vt 0.2062074840068817 0.4168594181537628
vt 0.1970721185207367 0.448288232088089
vt 0.259828120470047 0.4206903278827667
vt 0.2994689643383026 0.3736124336719513
vt 0.30634477734565735 0.38823822140693665
vt 0.28041425347328186 0.5439903736114502
vt 0.24974177777767181 0.5599081516265869
vt 0.2624965012073517 0.5378389358520508
vt 0.24974177777767181 0.5599081516265869
vt 0.28041425347328186 0.5439903736114502
vt 0.27569445967674255 0.5682857036590576
vt 0.49956926703453064 0.2747359573841095
vt 0.5639835000038147 0.33860519528388977
vt 0.5639834403991699 0.2747359573841095
vt 0.5639835000038147 0.33860519528388977
vt 0.49956926703453064 0.2747359573841095
vt 0.49956926703453064 0.33860519528388977
vt 0.5638754367828369 0.01199677400290966
vt 0.49946126341819763 0.07448866963386536
vt 0.5638754367828369 0.07448866963386536
vt 0.49946126341819763 0.07448866963386536
vt 0.5638754367828369 0.01199677400290966
vt 0.49946120381355286 0.01199677400290966
vt 0.49946126341819763 0.07448866963386536
vt 0.5638754367828369 0.15566805005073547
vt 0.5638754367828369 0.07448866963386536
vt 0.5638754367828369 0.15566805005073547
vt 0.49946126341819763 0.07448866963386536
vt 0.49946126341819763 0.15566805005073547
vt 0.49946126341819763 0.15566805005073547
vt 0.5638754367828369 0.23121097683906555
vt 0.5638754367828369 0.15566805005073547
vt 0.5638754367828369 0.23121097683906555
vt 0.49946126341819763 0.15566805005073547
vt 0.49946126341819763 0.23121097683906555
vt 0.49946126341819763 0.23121097683906555
vt 0.5639834403991699 0.2747359573841095
vt 0.5638754367828369 0.23121097683906555
vt 0.5639834403991699 0.2747359573841095
vt 0.49946126341819763 0.23121097683906555
vt 0.49956926703453064 0.2747359573841095
vt 0.49451518058776855 0.014706088230013847
vt 0.47775396704673767 0.07463546097278595
vt 0.3583100140094757 0.014706088230013847
vt 0.3583100140094757 0.014706088230013847
vt 0.47775396704673767 0.07463546097278595
vt 0.4331357181072235 0.10506148636341095
vt 0.3583100140094757 0.014706088230013847
vt 0.4331357181072235 0.10506148636341095
vt 0.35491836071014404 0.10506148636341095
vt 0.4331357181072235 0.10506148636341095
vt 0.3553396463394165 0.1782366782426834
vt 0.35491836071014404 0.10506148636341095
vt 0.3553396463394165 0.1782366782426834
vt 0.4331357181072235 0.10506148636341095
vt 0.41270357370376587 0.17983503639698029
vt 0.41270357370376587 0.17983503639698029
vt 0.35203033685684204 0.2463417798280716
vt 0.3553396463394165 0.1782366782426834
vt 0.35203033685684204 0.2463417798280716
vt 0.41270357370376587 0.17983503639698029
vt 0.42121875286102295 0.22291655838489532
vt 0.3583100140094757 0.014706088230013847
vt 0.35491836071014404 0.10506148636341095
vt 0.4331357181072235 0.10506148636341095
vt 0.35491836071014404 0.10506148636341095
vt 0.41270360350608826 0.17983503639698029
vt 0.4331357181072235 0.10506148636341095
vt 0.41270360350608826 0.17983503639698029
vt 0.35491836071014404 0.10506148636341095
vt 0.3553396463394165 0.1782366782426834
vt 0.3553396463394165 0.1782366782426834
vt 0.42121875286102295 0.22291655838489532
vt 0.41270360350608826 0.17983503639698029
vt 0.42121875286102295 0.22291655838489532
vt 0.3553396463394165 0.1782366782426834
vt 0.3520303964614868 0.2463417798280716
vt 0.3583100140094757 0.014706088230013847
vt 0.4331357181072235 0.10506148636341095
vt 0.47775402665138245 0.07463546097278595
vt 0.3583100140094757 0.014706088230013847
vt 0.47775402665138245 0.07463546097278595
vt 0.49451518058776855 0.014706088230013847
vt 0.49956926703453064 0.2747359573841095
vt 0.5639835000038147 0.33860519528388977
vt 0.5639834403991699 0.2747359573841095
vt 0.5639835000038147 0.33860519528388977
vt 0.49956926703453064 0.2747359573841095
vt 0.49956926703453064 0.33860519528388977
vt 0.5638754367828369 0.01199677400290966
vt 0.49946126341819763 0.07448866963386536
vt 0.5638754367828369 0.07448866963386536
vt 0.49946126341819763 0.07448866963386536
vt 0.5638754367828369 0.01199677400290966
vt 0.49946120381355286 0.01199677400290966
vt 0.49946126341819763 0.07448866963386536
vt 0.5638754367828369 0.15566805005073547
vt 0.5638754367828369 0.07448866963386536
vt 0.5638754367828369 0.15566805005073547
vt 0.49946126341819763 0.07448866963386536
vt 0.49946126341819763 0.15566805005073547
vt 0.49946126341819763 0.15566805005073547
vt 0.5638754367828369 0.23121097683906555
vt 0.5638754367828369 0.15566805005073547
vt 0.5638754367828369 0.23121097683906555
vt 0.49946126341819763 0.15566805005073547
vt 0.49946126341819763 0.23121097683906555
vt 0.49946126341819763 0.23121097683906555
vt 0.5639834403991699 0.2747359573841095
vt 0.5638754367828369 0.23121097683906555
vt 0.5639834403991699 0.2747359573841095
vt 0.49946126341819763 0.23121097683906555
vt 0.49956926703453064 0.2747359573841095
vt 0.49451518058776855 0.014706088230013847
vt 0.47775396704673767 0.07463546097278595
vt 0.3583100140094757 0.014706088230013847
vt 0.3583100140094757 0.014706088230013847
vt 0.47775396704673767 0.07463546097278595
vt 0.4331357181072235 0.10506148636341095
vt 0.3583100140094757 0.014706088230013847
vt 0.4331357181072235 0.10506148636341095
vt 0.35491836071014404 0.10506148636341095
vt 0.4331357181072235 0.10506148636341095
vt 0.3553396463394165 0.1782366782426834
vt 0.35491836071014404 0.10506148636341095
vt 0.3553396463394165 0.1782366782426834
vt 0.4331357181072235 0.10506148636341095
vt 0.41270357370376587 0.17983503639698029
vt 0.41270357370376587 0.17983503639698029
vt 0.35203033685684204 0.2463417798280716
vt 0.3553396463394165 0.1782366782426834
vt 0.35203033685684204 0.2463417798280716
vt 0.41270357370376587 0.17983503639698029
vt 0.42121875286102295 0.22291655838489532
vt 0.3583100140094757 0.014706088230013847
vt 0.35491836071014404 0.10506148636341095
vt 0.4331357181072235 0.10506148636341095
vt 0.35491836071014404 0.10506148636341095
vt 0.41270360350608826 0.17983503639698029
vt 0.4331357181072235 0.10506148636341095
vt 0.41270360350608826 0.17983503639698029
vt 0.35491836071014404 0.10506148636341095
vt 0.3553396463394165 0.1782366782426834
vt 0.3553396463394165 0.1782366782426834
vt 0.42121875286102295 0.22291655838489532
vt 0.41270360350608826 0.17983503639698029
vt 0.42121875286102295 0.22291655838489532
vt 0.3553396463394165 0.1782366782426834
vt 0.3520303964614868 0.2463417798280716
vt 0.3583100140094757 0.014706088230013847
vt 0.4331357181072235 0.10506148636341095
vt 0.47775402665138245 0.07463546097278595
vt 0.3583100140094757 0.014706088230013847
vt 0.47775402665138245 0.07463546097278595
vt 0.49451518058776855 0.014706088230013847
vt 0.923757016658783 0.014290525577962399
vt 0.9845846891403198 0.04274183511734009
vt 0.9846184253692627 0.014290525577962399
vt 0.9845846891403198 0.04274183511734009
vt 0.923757016658783 0.014290525577962399
vt 0.9237368106842041 0.042781829833984375
vt 0.8580433130264282 0.014290525577962399
vt 0.9237368106842041 0.042781829833984375
vt 0.923757016658783 0.014290525577962399
vt 0.9237368106842041 0.042781829833984375
vt 0.8580433130264282 0.014290525577962399
vt 0.8580214977264404 0.04278167337179184
vt 0.9845846891403198 0.04274183511734009
vt 0.923757016658783 0.014290525577962399
vt 0.9846184253692627 0.014290525577962399
vt 0.923757016658783 0.014290525577962399
vt 0.9845846891403198 0.04274183511734009
vt 0.9237368106842041 0.042781829833984375
vt 0.9237368106842041 0.042781829833984375
vt 0.8580433130264282 0.014290525577962399
vt 0.923757016658783 0.014290525577962399
vt 0.8580433130264282 0.014290525577962399
vt 0.9237368106842041 0.042781829833984375
vt 0.8580214977264404 0.04278167337179184
vt 0.8580214977264404 0.04278167337179184
vt 0.7906326055526733 0.014290525577962399
vt 0.8580433130264282 0.014290525577962399
vt 0.7906326055526733 0.014290525577962399
vt 0.8580214977264404 0.04278167337179184
vt 0.7906330823898315 0.04274149239063263
vt 0.7906330823898315 0.04274149239063263
vt 0.7232145667076111 0.014290525577962399
vt 0.7906326055526733 0.014290525577962399
vt 0.7232145667076111 0.014290525577962399
vt 0.7906330823898315 0.04274149239063263
vt 0.7232374548912048 0.04278164356946945
vt 0.7906326055526733 0.014290525577962399
vt 0.8580214977264404 0.04278167337179184
vt 0.8580433130264282 0.014290525577962399
vt 0.8580214977264404 0.04278167337179184
vt 0.7906326055526733 0.014290525577962399
vt 0.7906330823898315 0.04274149239063263
vt 0.7232145667076111 0.014290525577962399
vt 0.7906330823898315 0.04274149239063263
vt 0.7906326055526733 0.014290525577962399
vt 0.7906330823898315 0.04274149239063263
vt 0.7232145667076111 0.014290525577962399
vt 0.7232374548912048 0.04278164356946945
vt 0.6516781449317932 0.014290525577962399
vt 0.7232374548912048 0.04278164356946945
vt 0.7232145667076111 0.014290525577962399
vt 0.7232374548912048 0.04278164356946945
vt 0.6516781449317932 0.014290525577962399
vt 0.6516990065574646 0.042781732976436615
vt 0.5760664343833923 0.014290525577962399
vt 0.6516990065574646 0.042781732976436615
vt 0.6516781449317932 0.014290525577962399
vt 0.6516990065574646 0.042781732976436615
vt 0.5760664343833923 0.014290525577962399
vt 0.5760664343833923 0.04274170845746994
vt 0.5760664343833923 0.014290525577962399
vt 0.6516990065574646 0.042781732976436615
vt 0.5760664343833923 0.04274170845746994
vt 0.6516990065574646 0.042781732976436615
vt 0.5760664343833923 0.014290525577962399
vt 0.6516781449317932 0.014290525577962399
vt 0.6516781449317932 0.014290525577962399
vt 0.7232374548912048 0.04278164356946945
vt 0.6516990065574646 0.042781732976436615
vt 0.7232374548912048 0.04278164356946945
vt 0.6516781449317932 0.014290525577962399
vt 0.7232145667076111 0.014290525577962399
vt 0.9827485084533691 0.3105512857437134
vt 0.9226208925247192 0.3105555474758148
vt 0.9511817693710327 0.3943922817707062
vt 0.9832570552825928 0.23580294847488403
vt 0.9226208925247192 0.3105555474758148
vt 0.9827485084533691 0.3105512857437134
vt 0.9226208925247192 0.3105555474758148
vt 0.9832570552825928 0.23580294847488403
vt 0.92276930809021 0.23581750690937042
vt 0.9837130308151245 0.15973514318466187
vt 0.92276930809021 0.23581750690937042
vt 0.9832570552825928 0.23580294847488403
vt 0.92276930809021 0.23581750690937042
vt 0.9837130308151245 0.15973514318466187
vt 0.9230151772499084 0.1597593128681183
vt 0.9827485084533691 0.3105512857437134
vt 0.9511817693710327 0.3943922817707062
vt 0.9823442697525024 0.3943922817707062
vt 0.9511817693710327 0.3943922817707062
vt 0.9827737808227539 0.46272265911102295
vt 0.9823442697525024 0.3943922817707062
vt 0.9827737808227539 0.46272265911102295
vt 0.9511817693710327 0.3943922817707062
vt 0.9517872929573059 0.4660574495792389
vt 0.9517872929573059 0.4660574495792389
vt 0.9829986095428467 0.49028441309928894
vt 0.9827737808227539 0.46272265911102295
vt 0.9829986095428467 0.49028441309928894
vt 0.9517872929573059 0.4660574495792389
vt 0.9518997073173523 0.4798383116722107
vt 0.9200192093849182 0.3943922817707062
vt 0.9517872929573059 0.4660574495792389
vt 0.9511817693710327 0.3943922817707062
vt 0.9511817693710327 0.3943922817707062
vt 0.9226208925247192 0.3105555474758148
vt 0.9200192093849182 0.3943922817707062
vt 0.9517872929573059 0.4660574495792389
vt 0.9200192093849182 0.3943922817707062
vt 0.9208008646965027 0.46939224004745483
vt 0.9518997073173523 0.4798383116722107
vt 0.9517872929573059 0.4660574495792389
vt 0.9208008646965027 0.46939224004745483
vt 0.9200192093849182 0.3943922817707062
vt 0.8890887498855591 0.4520294666290283
vt 0.9208008646965027 0.46939224004745483
vt 0.8890887498855591 0.4520294666290283
vt 0.9200192093849182 0.3943922817707062
vt 0.8886939883232117 0.39439213275909424
vt 0.9226208925247192 0.3105555474758148
vt 0.8886939883232117 0.39439213275909424
vt 0.9200192093849182 0.3943922817707062
vt 0.9827737808227539 0.46272265911102295
vt 0.9511817693710327 0.3943922817707062
vt 0.9823442697525024 0.3943922817707062
vt 0.9511817693710327 0.3943922817707062
vt 0.9827737808227539 0.46272265911102295
vt 0.9517872929573059 0.4660574495792389
vt 0.9829986095428467 0.49028441309928894
vt 0.9517872929573059 0.4660574495792389
vt 0.9827737808227539 0.46272265911102295
vt 0.9517872929573059 0.4660574495792389
vt 0.9829986095428467 0.49028441309928894
vt 0.9518997073173523 0.4798383116722107
vt 0.92276930809021 0.23581750690937042
vt 0.9837130308151245 0.15973514318466187
vt 0.9832570552825928 0.23580294847488403
vt 0.9832570552825928 0.23580294847488403
vt 0.9226208925247192 0.3105555474758148
vt 0.92276930809021 0.23581750690937042
vt 0.9827485084533691 0.3105512857437134
vt 0.9511817693710327 0.3943922817707062
vt 0.9226208925247192 0.3105555474758148
vt 0.9226208925247192 0.3105555474758148
vt 0.9832570552825928 0.23580294847488403
vt 0.9827485084533691 0.3105512857437134
vt 0.9827485084533691 0.3105512857437134
vt 0.9823442697525024 0.3943922817707062
vt 0.9511817693710327 0.3943922817707062
vt 0.8574632406234741 0.3105555474758148
vt 0.92276930809021 0.23581750690937042
vt 0.9226208925247192 0.3105555474758148
vt 0.9226208925247192 0.3105555474758148
vt 0.8886939883232117 0.39439213275909424
vt 0.8574632406234741 0.3105555474758148
vt 0.92276930809021 0.23581750690937042
vt 0.8574632406234741 0.3105555474758148
vt 0.8575399518013 0.23581738770008087
vt 0.8575399518013 0.23581738770008087
vt 0.9230151772499084 0.1597593128681183
vt 0.92276930809021 0.23581750690937042
vt 0.9837130308151245 0.15973514318466187
vt 0.92276930809021 0.23581750690937042
vt 0.9230151772499084 0.1597593128681183
vt 0.9230151772499084 0.1597593128681183
vt 0.9840003252029419 0.0914391577243805
vt 0.9837130308151245 0.15973514318466187
vt 0.9840003252029419 0.0914391577243805
vt 0.9230151772499084 0.1597593128681183
vt 0.9232538938522339 0.09232818335294724
vt 0.8576713800430298 0.15975919365882874
vt 0.9232538938522339 0.09232818335294724
vt 0.9230151772499084 0.1597593128681183
vt 0.9230151772499084 0.1597593128681183
vt 0.8575399518013 0.23581738770008087
vt 0.8576713800430298 0.15975919365882874
vt 0.9232538938522339 0.09232818335294724
vt 0.8576713800430298 0.15975919365882874
vt 0.8577868342399597 0.09232811629772186
vt 0.7906524538993835 0.15973496437072754
vt 0.8577868342399597 0.09232811629772186
vt 0.8576713800430298 0.15975919365882874
vt 0.8577868342399597 0.09232811629772186
vt 0.7906524538993835 0.15973496437072754
vt 0.7906464338302612 0.09230756014585495
vt 0.7236221432685852 0.15975919365882874
vt 0.7906464338302612 0.09230756014585495
vt 0.7906524538993835 0.15973496437072754
vt 0.7906464338302612 0.09230756014585495
vt 0.7236221432685852 0.15975919365882874
vt 0.7234959602355957 0.09232808649539948
vt 0.652442991733551 0.1597592532634735
vt 0.7234959602355957 0.09232808649539948
vt 0.7236221432685852 0.15975919365882874
vt 0.7234959602355957 0.09232808649539948
vt 0.652442991733551 0.1597592532634735
vt 0.6521971225738525 0.09232811629772186
vt 0.7906456589698792 0.23580269515514374
vt 0.8576713800430298 0.15975919365882874
vt 0.8575399518013 0.23581738770008087
vt 0.8576713800430298 0.15975919365882874
vt 0.7906456589698792 0.23580269515514374
vt 0.7906524538993835 0.15973496437072754
vt 0.7237415909767151 0.23581738770008087
vt 0.7906524538993835 0.15973496437072754
vt 0.7906456589698792 0.23580269515514374
vt 0.7906524538993835 0.15973496437072754
vt 0.7237415909767151 0.23581738770008087
vt 0.7236221432685852 0.15975919365882874
vt 0.652442991733551 0.1597592532634735
vt 0.6254225969314575 0.08718540519475937
vt 0.6521971225738525 0.09232811629772186
vt 0.6254225969314575 0.08718540519475937
vt 0.652442991733551 0.1597592532634735
vt 0.6242796778678894 0.15608888864517212
vt 0.6527536511421204 0.2353493869304657
vt 0.6242796778678894 0.15608888864517212
vt 0.652442991733551 0.1597592532634735
vt 0.6527536511421204 0.2353493869304657
vt 0.7236221432685852 0.15975919365882874
vt 0.7237415909767151 0.23581738770008087
vt 0.7236221432685852 0.15975919365882874
vt 0.6527536511421204 0.2353493869304657
vt 0.652442991733551 0.1597592532634735
vt 0.6242796778678894 0.15608888864517212
vt 0.6527536511421204 0.2353493869304657
vt 0.621430516242981 0.234737366437912
vt 0.6526644825935364 0.3105555474758148
vt 0.621430516242981 0.234737366437912
vt 0.6527536511421204 0.2353493869304657
vt 0.6527536511421204 0.2353493869304657
vt 0.669762909412384 0.31055548787117004
vt 0.6526644825935364 0.3105555474758148
vt 0.7237415909767151 0.23581738770008087
vt 0.669762909412384 0.31055548787117004
vt 0.6527536511421204 0.2353493869304657
vt 0.621430516242981 0.234737366437912
vt 0.6526644825935364 0.3105555474758148
vt 0.6235586404800415 0.30924952030181885
vt 0.6708005666732788 0.32454022765159607
vt 0.6526644825935364 0.3105555474758148
vt 0.669762909412384 0.31055548787117004
vt 0.6526644825935364 0.3105555474758148
vt 0.6708005666732788 0.32454022765159607
vt 0.6515997052192688 0.32533419132232666
vt 0.6515997052192688 0.32533419132232666
vt 0.6235586404800415 0.30924952030181885
vt 0.6526644825935364 0.3105555474758148
vt 0.6515997052192688 0.32533419132232666
vt 0.6360422968864441 0.3527865707874298
vt 0.6235586404800415 0.30924952030181885
vt 0.6360422968864441 0.3527865707874298
vt 0.6515997052192688 0.32533419132232666
vt 0.6567133069038391 0.36069148778915405
vt 0.6360422968864441 0.3527865707874298
vt 0.6567133069038391 0.36069148778915405
vt 0.6512303948402405 0.3706558346748352
vt 0.6567133069038391 0.36069148778915405
vt 0.6853235960006714 0.3944200873374939
vt 0.6512303948402405 0.3706558346748352
vt 0.6853235960006714 0.3944200873374939
vt 0.6567133069038391 0.36069148778915405
vt 0.7239511609077454 0.40192192792892456
vt 0.6517850160598755 0.41686534881591797
vt 0.6853235960006714 0.3944200873374939
vt 0.7239511609077454 0.40192192792892456
vt 0.6517850160598755 0.41686534881591797
vt 0.7239511609077454 0.40192192792892456
vt 0.7239383459091187 0.4583868086338043
vt 0.757308840751648 0.4234015643596649
vt 0.7239383459091187 0.4583868086338043
vt 0.7239511609077454 0.40192192792892456
vt 0.7239383459091187 0.4583868086338043
vt 0.757308840751648 0.4234015643596649
vt 0.7573024034500122 0.4516339898109436
vt 0.7573024034500122 0.4516339898109436
vt 0.7318642139434814 0.5470235347747803
vt 0.7239383459091187 0.4583868086338043
vt 0.6598950028419495 0.5306000113487244
vt 0.7239383459091187 0.4583868086338043
vt 0.7318642139434814 0.5470235347747803
vt 0.7239383459091187 0.4583868086338043
vt 0.6598950028419495 0.5306000113487244
vt 0.6530088186264038 0.46163350343704224
vt 0.6517850160598755 0.41686534881591797
vt 0.7239383459091187 0.4583868086338043
vt 0.6530088186264038 0.46163350343704224
vt 0.7318642139434814 0.5470235347747803
vt 0.667327344417572 0.5697293877601624
vt 0.6598950028419495 0.5306000113487244
vt 0.667327344417572 0.5697293877601624
vt 0.7318642139434814 0.5470235347747803
vt 0.7390609383583069 0.6054154634475708
vt 0.7318642139434814 0.5470235347747803
vt 0.7636252641677856 0.5582451820373535
vt 0.7390609383583069 0.6054154634475708
vt 0.7318642139434814 0.5470235347747803
vt 0.7573024034500122 0.4516339898109436
vt 0.7636252641677856 0.5582451820373535
vt 0.5769436955451965 0.5566549301147461
vt 0.6598950028419495 0.5306000113487244
vt 0.667327344417572 0.5697293877601624
vt 0.6598950028419495 0.5306000113487244
vt 0.5769436955451965 0.5566549301147461
vt 0.5769436955451965 0.5246006846427917
vt 0.6530088186264038 0.46163350343704224
vt 0.6237512826919556 0.4420258700847626
vt 0.6517850160598755 0.41686534881591797
vt 0.6024349331855774 0.46248137950897217
vt 0.6237512826919556 0.4420258700847626
vt 0.6530088186264038 0.46163350343704224
vt 0.6598950028419495 0.5306000113487244
vt 0.6024349331855774 0.46248137950897217
vt 0.6530088186264038 0.46163350343704224
vt 0.5769436955451965 0.4915594458580017
vt 0.6024349331855774 0.46248137950897217
vt 0.6598950028419495 0.5306000113487244
vt 0.5769436955451965 0.4915594458580017
vt 0.6598950028419495 0.5306000113487244
vt 0.5769436955451965 0.5246006846427917
vt 0.757308840751648 0.4234015643596649
vt 0.7906665205955505 0.4448811709880829
vt 0.7573024034500122 0.4516339898109436
vt 0.7906665205955505 0.4448811709880829
vt 0.7636252641677856 0.5582451820373535
vt 0.7573024034500122 0.4516339898109436
vt 0.7636252641677856 0.5582451820373535
vt 0.7906665205955505 0.4448811709880829
vt 0.7953862547874451 0.5694668889045715
vt 0.8241530060768127 0.4690197706222534
vt 0.7953862547874451 0.5694668889045715
vt 0.7906665205955505 0.4448811709880829
vt 0.7953862547874451 0.5694668889045715
vt 0.8241530060768127 0.4690197706222534
vt 0.824745774269104 0.5806609988212585
vt 0.7953862547874451 0.5694668889045715
vt 0.824745774269104 0.5806609988212585
vt 0.7984007596969604 0.6538043022155762
vt 0.7636252641677856 0.5582451820373535
vt 0.7984007596969604 0.6538043022155762
vt 0.7390609383583069 0.6054154634475708
vt 0.7636252641677856 0.5582451820373535
vt 0.7953862547874451 0.5694668889045715
vt 0.7984007596969604 0.6538043022155762
vt 0.857639491558075 0.49315837025642395
vt 0.824745774269104 0.5806609988212585
vt 0.8241530060768127 0.4690197706222534
vt 0.824745774269104 0.5806609988212585
vt 0.857639491558075 0.49315837025642395
vt 0.8541052937507629 0.5918551087379456
vt 0.891678512096405 0.5128681659698486
vt 0.8541052937507629 0.5918551087379456
vt 0.857639491558075 0.49315837025642395
vt 0.8541052937507629 0.5918551087379456
vt 0.891678512096405 0.5128681659698486
vt 0.8895800113677979 0.6000384092330933
vt 0.8541052937507629 0.5918551087379456
vt 0.8895800113677979 0.6000384092330933
vt 0.8570109009742737 0.7014754414558411
vt 0.824745774269104 0.5806609988212585
vt 0.8570109009742737 0.7014754414558411
vt 0.7984007596969604 0.6538043022155762
vt 0.824745774269104 0.5806609988212585
vt 0.8541052937507629 0.5918551087379456
vt 0.8570109009742737 0.7014754414558411
vt 0.9257175326347351 0.5325779914855957
vt 0.8895800113677979 0.6000384092330933
vt 0.891678512096405 0.5128681659698486
vt 0.8895800113677979 0.6000384092330933
vt 0.9257175326347351 0.5325779914855957
vt 0.9250547885894775 0.6082217693328857
vt 0.9544507265090942 0.5434920191764832
vt 0.9250547885894775 0.6082217693328857
vt 0.9257175326347351 0.5325779914855957
vt 0.9250547885894775 0.6082217693328857
vt 0.9544507265090942 0.5434920191764832
vt 0.954196035861969 0.6112207174301147
vt 0.9250547885894775 0.6082217693328857
vt 0.954196035861969 0.6112207174301147
vt 0.9247503876686096 0.7358236312866211
vt 0.8895800113677979 0.6000384092330933
vt 0.9247503876686096 0.7358236312866211
vt 0.8570109009742737 0.7014754414558411
vt 0.8895800113677979 0.6000384092330933
vt 0.9250547885894775 0.6082217693328857
vt 0.9247503876686096 0.7358236312866211
vt 0.9831839799880981 0.5544060468673706
vt 0.954196035861969 0.6112207174301147
vt 0.9544507265090942 0.5434920191764832
vt 0.954196035861969 0.6112207174301147
vt 0.9831839799880981 0.5544060468673706
vt 0.9833372831344604 0.6142196655273438
vt 0.9831839799880981 0.5544060468673706
vt 0.954196035861969 0.6112207174301147
vt 0.9833372831344604 0.6142196655273438
vt 0.954196035861969 0.6112207174301147
vt 0.9831839799880981 0.5544060468673706
vt 0.9544507265090942 0.5434920191764832
vt 0.954196035861969 0.6112207174301147
vt 0.9837557077407837 0.7482521533966064
vt 0.9833372831344604 0.6142196655273438
vt 0.954196035861969 0.6112207174301147
vt 0.9837557077407837 0.7482521533966064
vt 0.9247503876686096 0.7358236312866211
vt 0.954196035861969 0.6112207174301147
vt 0.9833372831344604 0.6142196655273438
vt 0.9837557077407837 0.7482521533966064
vt 0.954196035861969 0.6112207174301147
vt 0.9247503876686096 0.7358236312866211
vt 0.9837557077407837 0.7482521533966064
vt 0.9250547885894775 0.6082217693328857
vt 0.9247503876686096 0.7358236312866211
vt 0.954196035861969 0.6112207174301147
vt 0.9226208925247192 0.3105555474758148
vt 0.8574632406234741 0.3105555474758148
vt 0.8886939883232117 0.39439213275909424
vt 0.92276930809021 0.23581750690937042
vt 0.8574632406234741 0.3105555474758148
vt 0.9226208925247192 0.3105555474758148
vt 0.8574632406234741 0.3105555474758148
vt 0.92276930809021 0.23581750690937042
vt 0.8575399518013 0.23581738770008087
vt 0.9230151772499084 0.1597593128681183
vt 0.8575399518013 0.23581738770008087
vt 0.92276930809021 0.23581750690937042
vt 0.8575399518013 0.23581738770008087
vt 0.9230151772499084 0.1597593128681183
vt 0.8576713800430298 0.15975919365882874
vt 0.9232538938522339 0.09232818335294724
vt 0.8576713800430298 0.15975919365882874
vt 0.9230151772499084 0.1597593128681183
vt 0.9230151772499084 0.1597593128681183
vt 0.9840003252029419 0.0914391577243805
vt 0.9232538938522339 0.09232818335294724
vt 0.9840003252029419 0.0914391577243805
vt 0.9230151772499084 0.1597593128681183
vt 0.9837130308151245 0.15973514318466187
vt 0.8576713800430298 0.15975919365882874
vt 0.9232538938522339 0.09232818335294724
vt 0.8577868342399597 0.09232811629772186
vt 0.8577868342399597 0.09232811629772186
vt 0.7906524538993835 0.15973496437072754
vt 0.8576713800430298 0.15975919365882874
vt 0.7906524538993835 0.15973496437072754
vt 0.8577868342399597 0.09232811629772186
vt 0.7906464338302612 0.09230756014585495
vt 0.7906464338302612 0.09230756014585495
vt 0.7236221432685852 0.15975919365882874
vt 0.7906524538993835 0.15973496437072754
vt 0.7236221432685852 0.15975919365882874
vt 0.7906464338302612 0.09230756014585495
vt 0.7234959602355957 0.09232808649539948
vt 0.7234959602355957 0.09232808649539948
vt 0.652442991733551 0.1597592532634735
vt 0.7236221432685852 0.15975919365882874
vt 0.652442991733551 0.1597592532634735
vt 0.7234959602355957 0.09232808649539948
vt 0.6521971225738525 0.09232811629772186
vt 0.7906456589698792 0.23580269515514374
vt 0.8576713800430298 0.15975919365882874
vt 0.7906524538993835 0.15973496437072754
vt 0.8576713800430298 0.15975919365882874
vt 0.7906456589698792 0.23580269515514374
vt 0.8575399518013 0.23581738770008087
vt 0.7237415909767151 0.23581738770008087
vt 0.7906524538993835 0.15973496437072754
vt 0.7236221432685852 0.15975919365882874
vt 0.7906524538993835 0.15973496437072754
vt 0.7237415909767151 0.23581738770008087
vt 0.7906456589698792 0.23580269515514374
vt 0.6254225969314575 0.08718540519475937
vt 0.652442991733551 0.1597592532634735
vt 0.6521971225738525 0.09232811629772186
vt 0.652442991733551 0.1597592532634735
vt 0.6254225969314575 0.08718540519475937
vt 0.6242796778678894 0.15608888864517212
vt 0.6242796778678894 0.15608888864517212
vt 0.6527536511421204 0.2353493869304657
vt 0.652442991733551 0.1597592532634735
vt 0.6527536511421204 0.2353493869304657
vt 0.7236221432685852 0.15975919365882874
vt 0.652442991733551 0.1597592532634735
vt 0.7236221432685852 0.15975919365882874
vt 0.6527536511421204 0.2353493869304657
vt 0.7237415909767151 0.23581738770008087
vt 0.6527536511421204 0.2353493869304657
vt 0.6242796778678894 0.15608888864517212
vt 0.621430516242981 0.234737366437912
vt 0.621430516242981 0.234737366437912
vt 0.6526644825935364 0.3105555474758148
vt 0.6527536511421204 0.2353493869304657
vt 0.6527536511421204 0.2353493869304657
vt 0.6526644825935364 0.3105555474758148
vt 0.669762909412384 0.31055548787117004
vt 0.669762909412384 0.31055548787117004
vt 0.7237415909767151 0.23581738770008087
vt 0.6527536511421204 0.2353493869304657
vt 0.6526644825935364 0.3105555474758148
vt 0.621430516242981 0.234737366437912
vt 0.6235586404800415 0.30924952030181885
vt 0.6526644825935364 0.3105555474758148
vt 0.6708005666732788 0.32454022765159607
vt 0.669762909412384 0.31055548787117004
vt 0.6708005666732788 0.32454022765159607
vt 0.6526644825935364 0.3105555474758148
vt 0.6515997052192688 0.32533419132232666
vt 0.6515997052192688 0.32533419132232666
vt 0.6526644825935364 0.3105555474758148
vt 0.6235586404800415 0.30924952030181885
vt 0.6360422968864441 0.3527865707874298
vt 0.6515997052192688 0.32533419132232666
vt 0.6235586404800415 0.30924952030181885
vt 0.6515997052192688 0.32533419132232666
vt 0.6360422968864441 0.3527865707874298
vt 0.6567133069038391 0.36069148778915405
vt 0.6360422968864441 0.3527865707874298
vt 0.6512303948402405 0.3706558346748352
vt 0.6567133069038391 0.36069148778915405
vt 0.6853235960006714 0.3944200873374939
vt 0.6567133069038391 0.36069148778915405
vt 0.6512303948402405 0.3706558346748352
vt 0.6567133069038391 0.36069148778915405
vt 0.6853235960006714 0.3944200873374939
vt 0.7239511609077454 0.40192192792892456
vt 0.6517850160598755 0.41686534881591797
vt 0.7239511609077454 0.40192192792892456
vt 0.6853235960006714 0.3944200873374939
vt 0.6517850160598755 0.41686534881591797
vt 0.7239383459091187 0.4583868086338043
vt 0.7239511609077454 0.40192192792892456
vt 0.7239383459091187 0.4583868086338043
vt 0.757308840751648 0.4234015643596649
vt 0.7239511609077454 0.40192192792892456
vt 0.757308840751648 0.4234015643596649
vt 0.7239383459091187 0.4583868086338043
vt 0.7573024034500122 0.4516339898109436
vt 0.7318642139434814 0.5470235347747803
vt 0.7573024034500122 0.4516339898109436
vt 0.7239383459091187 0.4583868086338043
vt 0.7239383459091187 0.4583868086338043
vt 0.6598950028419495 0.5306000113487244
vt 0.7318642139434814 0.5470235347747803
vt 0.6598950028419495 0.5306000113487244
vt 0.7239383459091187 0.4583868086338043
vt 0.6530088186264038 0.46163350343704224
vt 0.6517850160598755 0.41686534881591797
vt 0.6530088186264038 0.46163350343704224
vt 0.7239383459091187 0.4583868086338043
vt 0.667327344417572 0.5697293877601624
vt 0.7318642139434814 0.5470235347747803
vt 0.6598950028419495 0.5306000113487244
vt 0.7318642139434814 0.5470235347747803
vt 0.667327344417572 0.5697293877601624
vt 0.7390609383583069 0.6054154634475708
vt 0.7318642139434814 0.5470235347747803
vt 0.7390609383583069 0.6054154634475708
vt 0.7636252641677856 0.5582451820373535
vt 0.7573024034500122 0.4516339898109436
vt 0.7318642139434814 0.5470235347747803
vt 0.7636252641677856 0.5582451820373535
vt 0.6598950028419495 0.5306000113487244
vt 0.5769436955451965 0.5566549301147461
vt 0.667327344417572 0.5697293877601624
vt 0.5769436955451965 0.5566549301147461
vt 0.6598950028419495 0.5306000113487244
vt 0.5769436955451965 0.5246006846427917
vt 0.6530088186264038 0.46163350343704224
vt 0.6517850160598755 0.41686534881591797
vt 0.6237512826919556 0.4420258700847626
vt 0.6024349331855774 0.46248137950897217
vt 0.6530088186264038 0.46163350343704224
vt 0.6237512826919556 0.4420258700847626
vt 0.6598950028419495 0.5306000113487244
vt 0.6530088186264038 0.46163350343704224
vt 0.6024349331855774 0.46248137950897217
vt 0.5769436955451965 0.4915594458580017
vt 0.6598950028419495 0.5306000113487244
vt 0.6024349331855774 0.46248137950897217
vt 0.5769436955451965 0.4915594458580017
vt 0.5769436955451965 0.5246006846427917
vt 0.6598950028419495 0.5306000113487244
vt 0.757308840751648 0.4234015643596649
vt 0.7573024034500122 0.4516339898109436
vt 0.7906665205955505 0.4448811709880829
vt 0.7636252641677856 0.5582451820373535
vt 0.7906665205955505 0.4448811709880829
vt 0.7573024034500122 0.4516339898109436
vt 0.7906665205955505 0.4448811709880829
vt 0.7636252641677856 0.5582451820373535
vt 0.7953862547874451 0.5694668889045715
vt 0.7953862547874451 0.5694668889045715
vt 0.8241530060768127 0.4690197706222534
vt 0.7906665205955505 0.4448811709880829
vt 0.8241530060768127 0.4690197706222534
vt 0.7953862547874451 0.5694668889045715
vt 0.824745774269104 0.5806609988212585
vt 0.7953862547874451 0.5694668889045715
vt 0.7984007596969604 0.6538043022155762
vt 0.824745774269104 0.5806609988212585
vt 0.7636252641677856 0.5582451820373535
vt 0.7390609383583069 0.6054154634475708
vt 0.7984007596969604 0.6538043022155762
vt 0.7636252641677856 0.5582451820373535
vt 0.7984007596969604 0.6538043022155762
vt 0.7953862547874451 0.5694668889045715
vt 0.824745774269104 0.5806609988212585
vt 0.857639491558075 0.49315837025642395
vt 0.8241530060768127 0.4690197706222534
vt 0.857639491558075 0.49315837025642395
vt 0.824745774269104 0.5806609988212585
vt 0.8541052937507629 0.5918551087379456
vt 0.8541052937507629 0.5918551087379456
vt 0.891678512096405 0.5128681659698486
vt 0.857639491558075 0.49315837025642395
vt 0.891678512096405 0.5128681659698486
vt 0.8541052937507629 0.5918551087379456
vt 0.8895800113677979 0.6000384092330933
vt 0.8541052937507629 0.5918551087379456
vt 0.8570109009742737 0.7014754414558411
vt 0.8895800113677979 0.6000384092330933
vt 0.824745774269104 0.5806609988212585
vt 0.7984007596969604 0.6538043022155762
vt 0.8570109009742737 0.7014754414558411
vt 0.824745774269104 0.5806609988212585
vt 0.8570109009742737 0.7014754414558411
vt 0.8541052937507629 0.5918551087379456
vt 0.8895800113677979 0.6000384092330933
vt 0.8570109009742737 0.7014754414558411
vt 0.9247503876686096 0.7358236312866211
vt 0.8895800113677979 0.6000384092330933
vt 0.9247503876686096 0.7358236312866211
vt 0.9250547885894775 0.6082217693328857
vt 0.9257175326347351 0.5325779914855957
vt 0.8895800113677979 0.6000384092330933
vt 0.9250547885894775 0.6082217693328857
vt 0.9250547885894775 0.6082217693328857
vt 0.9544507265090942 0.5434920191764832
vt 0.9257175326347351 0.5325779914855957
vt 0.9544507265090942 0.5434920191764832
vt 0.9250547885894775 0.6082217693328857
vt 0.954196035861969 0.6112207174301147
vt 0.8574632406234741 0.3105555474758148
vt 0.8240177631378174 0.3923817276954651
vt 0.8573687672615051 0.3943920135498047
vt 0.8240177631378174 0.3923817276954651
vt 0.8574632406234741 0.3105555474758148
vt 0.8240628242492676 0.31055331230163574
vt 0.8240177631378174 0.3923817276954651
vt 0.8573765754699707 0.4346666932106018
vt 0.8573687672615051 0.3943920135498047
vt 0.8573765754699707 0.4346666932106018
vt 0.8240177631378174 0.3923817276954651
vt 0.8240216970443726 0.41251906752586365
vt 0.8240628242492676 0.31055331230163574
vt 0.7906667590141296 0.3903714418411255
vt 0.8240177631378174 0.3923817276954651
vt 0.8240216970443726 0.41251906752586365
vt 0.8240177631378174 0.3923817276954651
vt 0.7906667590141296 0.3903714418411255
vt 0.7906667590141296 0.3903714418411255
vt 0.8240628242492676 0.31055331230163574
vt 0.7906623482704163 0.3105510473251343
vt 0.7906623482704163 0.3105510473251343
vt 0.7572804093360901 0.3683861196041107
vt 0.7906667590141296 0.3903714418411255
vt 0.7572804093360901 0.3683861196041107
vt 0.7906623482704163 0.3105510473251343
vt 0.7572555541992188 0.31055325269699097
vt 0.7906456589698792 0.23580269515514374
vt 0.7906623482704163 0.3105510473251343
vt 0.8240628242492676 0.31055331230163574
vt 0.7906456589698792 0.23580269515514374
vt 0.7572555541992188 0.31055325269699097
vt 0.7906623482704163 0.3105510473251343
vt 0.7572555541992188 0.31055325269699097
vt 0.7238940000534058 0.34640079736709595
vt 0.7572804093360901 0.3683861196041107
vt 0.7238940000534058 0.34640079736709595
vt 0.7572555541992188 0.31055325269699097
vt 0.7238487005233765 0.31055542826652527
vt 0.7237415909767151 0.23581738770008087
vt 0.7238487005233765 0.31055542826652527
vt 0.7572555541992188 0.31055325269699097
vt 0.7237415909767151 0.23581738770008087
vt 0.7572555541992188 0.31055325269699097
vt 0.7906456589698792 0.23580269515514374
vt 0.7238487005233765 0.31055542826652527
vt 0.6708005666732788 0.32454022765159607
vt 0.7238940000534058 0.34640079736709595
vt 0.6708005666732788 0.32454022765159607
vt 0.7238487005233765 0.31055542826652527
vt 0.669762909412384 0.31055548787117004
vt 0.7237415909767151 0.23581738770008087
vt 0.669762909412384 0.31055548787117004
vt 0.7238487005233765 0.31055542826652527
vt 0.8573765754699707 0.4346666932106018
vt 0.8886939883232117 0.39439213275909424
vt 0.8573687672615051 0.3943920135498047
vt 0.8886939883232117 0.39439213275909424
vt 0.8573765754699707 0.4346666932106018
vt 0.8890887498855591 0.4520294666290283
vt 0.8886939883232117 0.39439213275909424
vt 0.8574632406234741 0.3105555474758148
vt 0.8573687672615051 0.3943920135498047
vt 0.8575399518013 0.23581738770008087
vt 0.8240628242492676 0.31055331230163574
vt 0.8574632406234741 0.3105555474758148
vt 0.7906456589698792 0.23580269515514374
vt 0.8240628242492676 0.31055331230163574
vt 0.8575399518013 0.23581738770008087
vt 0.9232538938522339 0.09232818335294724
vt 0.9845846891403198 0.04274183511734009
vt 0.9237368106842041 0.042781829833984375
vt 0.9845846891403198 0.04274183511734009
vt 0.9232538938522339 0.09232818335294724
vt 0.9840003252029419 0.0914391577243805
vt 0.9237368106842041 0.042781829833984375
vt 0.8577868342399597 0.09232811629772186
vt 0.9232538938522339 0.09232818335294724
vt 0.8577868342399597 0.09232811629772186
vt 0.9237368106842041 0.042781829833984375
vt 0.8580214977264404 0.04278167337179184
vt 0.8580214977264404 0.04278167337179184
vt 0.7906464338302612 0.09230756014585495
vt 0.8577868342399597 0.09232811629772186
vt 0.7906464338302612 0.09230756014585495
vt 0.8580214977264404 0.04278167337179184
vt 0.7906330823898315 0.04274149239063263
vt 0.7906330823898315 0.04274149239063263
vt 0.7234959602355957 0.09232808649539948
vt 0.7906464338302612 0.09230756014585495
vt 0.7234959602355957 0.09232808649539948
vt 0.7906330823898315 0.04274149239063263
vt 0.7232374548912048 0.04278164356946945
vt 0.7232374548912048 0.04278164356946945
vt 0.6521971225738525 0.09232811629772186
vt 0.7234959602355957 0.09232808649539948
vt 0.6521971225738525 0.09232811629772186
vt 0.7232374548912048 0.04278164356946945
vt 0.6516990065574646 0.042781732976436615
vt 0.6254225969314575 0.08718540519475937
vt 0.6521971225738525 0.09232811629772186
vt 0.6516990065574646 0.042781732976436615
vt 0.6516990065574646 0.042781732976436615
vt 0.5760664343833923 0.08718540519475937
vt 0.6254225969314575 0.08718540519475937
vt 0.5760664343833923 0.08718540519475937
vt 0.6516990065574646 0.042781732976436615
vt 0.5760664343833923 0.04274170845746994
vt 0.9232538938522339 0.09232818335294724
vt 0.9845846891403198 0.04274183511734009
vt 0.9840003252029419 0.0914391577243805
vt 0.9845846891403198 0.04274183511734009
vt 0.9232538938522339 0.09232818335294724
vt 0.9237368106842041 0.042781829833984375
vt 0.8577868342399597 0.09232811629772186
vt 0.9237368106842041 0.042781829833984375
vt 0.9232538938522339 0.09232818335294724
vt 0.9237368106842041 0.042781829833984375
vt 0.8577868342399597 0.09232811629772186
vt 0.8580214977264404 0.04278167337179184
vt 0.7906464338302612 0.09230756014585495
vt 0.8580214977264404 0.04278167337179184
vt 0.8577868342399597 0.09232811629772186
vt 0.8580214977264404 0.04278167337179184
vt 0.7906464338302612 0.09230756014585495
vt 0.7906330823898315 0.04274149239063263
vt 0.7234959602355957 0.09232808649539948
vt 0.7906330823898315 0.04274149239063263
vt 0.7906464338302612 0.09230756014585495
vt 0.7906330823898315 0.04274149239063263
vt 0.7234959602355957 0.09232808649539948
vt 0.7232374548912048 0.04278164356946945
vt 0.6521971225738525 0.09232811629772186
vt 0.7232374548912048 0.04278164356946945
vt 0.7234959602355957 0.09232808649539948
vt 0.7232374548912048 0.04278164356946945
vt 0.6521971225738525 0.09232811629772186
vt 0.6516990065574646 0.042781732976436615
vt 0.6516990065574646 0.042781732976436615
vt 0.5760664343833923 0.08718540519475937
vt 0.5760664343833923 0.04274170845746994
vt 0.5760664343833923 0.08718540519475937
vt 0.6516990065574646 0.042781732976436615
vt 0.6254225969314575 0.08718540519475937
vt 0.6254225969314575 0.08718540519475937
vt 0.6516990065574646 0.042781732976436615
vt 0.6521971225738525 0.09232811629772186
vt 0.6567133069038391 0.36069148778915405
vt 0.7239511609077454 0.40192192792892456
vt 0.7260609865188599 0.3913252055644989
vt 0.7239511609077454 0.40192192792892456
vt 0.7590420246124268 0.4130737781524658
vt 0.7260609865188599 0.3913252055644989
vt 0.7590420246124268 0.4130737781524658
vt 0.7239511609077454 0.40192192792892456
vt 0.757308840751648 0.4234015643596649
vt 0.7260609865188599 0.3913252055644989
vt 0.7266966104507446 0.3620751202106476
vt 0.6567133069038391 0.36069148778915405
vt 0.6567133069038391 0.36069148778915405
vt 0.7266966104507446 0.3620751202106476
vt 0.6515997052192688 0.32533419132232666
vt 0.6515997052192688 0.32533419132232666
vt 0.7266966104507446 0.3620751202106476
vt 0.6708005666732788 0.32454022765159607
vt 0.7260609865188599 0.3913252055644989
vt 0.7595720291137695 0.38387176394462585
vt 0.7266966104507446 0.3620751202106476
vt 0.7595720291137695 0.38387176394462585
vt 0.7260609865188599 0.3913252055644989
vt 0.7590420246124268 0.4130737781524658
vt 0.7266966104507446 0.3620751202106476
vt 0.7238940000534058 0.34640079736709595
vt 0.6708005666732788 0.32454022765159607
vt 0.757308840751648 0.4234015643596649
vt 0.7920230031013489 0.4348223805427551
vt 0.7590420246124268 0.4130737781524658
vt 0.7920230031013489 0.4348223805427551
vt 0.757308840751648 0.4234015643596649
vt 0.7906665205955505 0.4448811709880829
vt 0.7906665205955505 0.4448811709880829
vt 0.8246424794197083 0.45732730627059937
vt 0.7920230031013489 0.4348223805427551
vt 0.8246424794197083 0.45732730627059937
vt 0.7906665205955505 0.4448811709880829
vt 0.8241530060768127 0.4690197706222534
vt 0.8248224854469299 0.42631882429122925
vt 0.7920230031013489 0.4348223805427551
vt 0.8246424794197083 0.45732730627059937
vt 0.7920230031013489 0.4348223805427551
vt 0.8248224854469299 0.42631882429122925
vt 0.7924474477767944 0.40566837787628174
vt 0.7924474477767944 0.40566837787628174
vt 0.7590420246124268 0.4130737781524658
vt 0.7920230031013489 0.4348223805427551
vt 0.7590420246124268 0.4130737781524658
vt 0.7924474477767944 0.40566837787628174
vt 0.7595720291137695 0.38387176394462585
vt 0.7906667590141296 0.3903714418411255
vt 0.7595720291137695 0.38387176394462585
vt 0.7924474477767944 0.40566837787628174
vt 0.7595720291137695 0.38387176394462585
vt 0.7906667590141296 0.3903714418411255
vt 0.7572804093360901 0.3683861196041107
vt 0.7266966104507446 0.3620751202106476
vt 0.7572804093360901 0.3683861196041107
vt 0.7238940000534058 0.34640079736709595
vt 0.7572804093360901 0.3683861196041107
vt 0.7266966104507446 0.3620751202106476
vt 0.7595720291137695 0.38387176394462585
vt 0.8241530060768127 0.4690197706222534
vt 0.8572619557380676 0.4798322319984436
vt 0.8246424794197083 0.45732730627059937
vt 0.8572619557380676 0.4798322319984436
vt 0.8241530060768127 0.4690197706222534
vt 0.857639491558075 0.49315837025642395
vt 0.857639491558075 0.49315837025642395
vt 0.8916633129119873 0.49954214692115784
vt 0.8572619557380676 0.4798322319984436
vt 0.7924474477767944 0.40566837787628174
vt 0.8240216970443726 0.41251906752586365
vt 0.7906667590141296 0.3903714418411255
vt 0.8240216970443726 0.41251906752586365
vt 0.7924474477767944 0.40566837787628174
vt 0.8248224854469299 0.42631882429122925
vt 0.8248224854469299 0.42631882429122925
vt 0.8573765754699707 0.4346666932106018
vt 0.8240216970443726 0.41251906752586365
vt 0.8573765754699707 0.4346666932106018
vt 0.8248224854469299 0.42631882429122925
vt 0.8571975231170654 0.44696924090385437
vt 0.8571975231170654 0.44696924090385437
vt 0.8246424794197083 0.45732730627059937
vt 0.8572619557380676 0.4798322319984436
vt 0.8246424794197083 0.45732730627059937
vt 0.8571975231170654 0.44696924090385437
vt 0.8248224854469299 0.42631882429122925
vt 0.8571975231170654 0.44696924090385437
vt 0.8890887498855591 0.4520294666290283
vt 0.8573765754699707 0.4346666932106018
vt 0.8890887498855591 0.4520294666290283
vt 0.8571975231170654 0.44696924090385437
vt 0.8909731507301331 0.4648265242576599
vt 0.8572619557380676 0.4798322319984436
vt 0.8909731507301331 0.4648265242576599
vt 0.8571975231170654 0.44696924090385437
vt 0.8909731507301331 0.4648265242576599
vt 0.8572619557380676 0.4798322319984436
vt 0.8916633129119873 0.49954214692115784
vt 0.8909731507301331 0.4648265242576599
vt 0.9208008646965027 0.46939224004745483
vt 0.8890887498855591 0.4520294666290283
vt 0.9208008646965027 0.46939224004745483
vt 0.8909731507301331 0.4648265242576599
vt 0.9247487783432007 0.48268377780914307
vt 0.8916633129119873 0.49954214692115784
vt 0.9247487783432007 0.48268377780914307
vt 0.8909731507301331 0.4648265242576599
vt 0.9247487783432007 0.48268377780914307
vt 0.8916633129119873 0.49954214692115784
vt 0.9260646104812622 0.5192520618438721
vt 0.9247487783432007 0.48268377780914307
vt 0.9518997073173523 0.4798383116722107
vt 0.9208008646965027 0.46939224004745483
vt 0.9518997073173523 0.4798383116722107
vt 0.9247487783432007 0.48268377780914307
vt 0.9537009596824646 0.49308663606643677
vt 0.9260646104812622 0.5192520618438721
vt 0.9537009596824646 0.49308663606643677
vt 0.9247487783432007 0.48268377780914307
vt 0.9537009596824646 0.49308663606643677
vt 0.9829986095428467 0.49028441309928894
vt 0.9518997073173523 0.4798383116722107
vt 0.9829986095428467 0.49028441309928894
vt 0.9537009596824646 0.49308663606643677
vt 0.9826531410217285 0.5034894943237305
vt 0.9537009596824646 0.49308663606643677
vt 0.9260646104812622 0.5192520618438721
vt 0.9544609785079956 0.5286246538162231
vt 0.8916633129119873 0.49954214692115784
vt 0.857639491558075 0.49315837025642395
vt 0.891678512096405 0.5128681659698486
vt 0.891678512096405 0.5128681659698486
vt 0.9260646104812622 0.5192520618438721
vt 0.8916633129119873 0.49954214692115784
vt 0.9260646104812622 0.5192520618438721
vt 0.891678512096405 0.5128681659698486
vt 0.9257175326347351 0.5325779914855957
vt 0.9257175326347351 0.5325779914855957
vt 0.9544609785079956 0.5286246538162231
vt 0.9260646104812622 0.5192520618438721
vt 0.9544609785079956 0.5286246538162231
vt 0.9257175326347351 0.5325779914855957
vt 0.9544507265090942 0.5434920191764832
vt 0.9544507265090942 0.5434920191764832
vt 0.982857346534729 0.5379971861839294
vt 0.9544609785079956 0.5286246538162231
vt 0.9826531410217285 0.5034894943237305
vt 0.9544609785079956 0.5286246538162231
vt 0.982857346534729 0.5379971861839294
vt 0.9544609785079956 0.5286246538162231
vt 0.9826531410217285 0.5034894943237305
vt 0.9537009596824646 0.49308663606643677
vt 0.982857346534729 0.5379971861839294
vt 0.9544507265090942 0.5434920191764832
vt 0.9831839799880981 0.5544060468673706
vt 0.9544609785079956 0.5286246538162231
vt 0.9826531410217285 0.5034894943237305
vt 0.982857346534729 0.5379971861839294
vt 0.9826531410217285 0.5034894943237305
vt 0.9544609785079956 0.5286246538162231
vt 0.9537009596824646 0.49308663606643677
vt 0.9537009596824646 0.49308663606643677
vt 0.9829986095428467 0.49028441309928894
vt 0.9826531410217285 0.5034894943237305
vt 0.9829986095428467 0.49028441309928894
vt 0.9537009596824646 0.49308663606643677
vt 0.9518997073173523 0.4798383116722107
vt 0.982857346534729 0.5379971861839294
vt 0.9544507265090942 0.5434920191764832
vt 0.9544609785079956 0.5286246538162231
vt 0.9544507265090942 0.5434920191764832
vt 0.982857346534729 0.5379971861839294
vt 0.9831839799880981 0.5544060468673706
vt 0.9257175326347351 0.5325779914855957
vt 0.9544609785079956 0.5286246538162231
vt 0.9544507265090942 0.5434920191764832
vt 0.9544609785079956 0.5286246538162231
vt 0.9257175326347351 0.5325779914855957
vt 0.9260646104812622 0.5192520618438721
vt 0.9260646104812622 0.5192520618438721
vt 0.9537009596824646 0.49308663606643677
vt 0.9544609785079956 0.5286246538162231
vt 0.891678512096405 0.5128681659698486
vt 0.9260646104812622 0.5192520618438721
vt 0.9257175326347351 0.5325779914855957
vt 0.9260646104812622 0.5192520618438721
vt 0.891678512096405 0.5128681659698486
vt 0.8916633129119873 0.49954214692115784
vt 0.857639491558075 0.49315837025642395
vt 0.8916633129119873 0.49954214692115784
vt 0.891678512096405 0.5128681659698486
vt 0.8916633129119873 0.49954214692115784
vt 0.857639491558075 0.49315837025642395
vt 0.8572619557380676 0.4798322319984436
vt 0.8916633129119873 0.49954214692115784
vt 0.9247487783432007 0.48268377780914307
vt 0.9260646104812622 0.5192520618438721
vt 0.9247487783432007 0.48268377780914307
vt 0.9518997073173523 0.4798383116722107
vt 0.9537009596824646 0.49308663606643677
vt 0.9537009596824646 0.49308663606643677
vt 0.9260646104812622 0.5192520618438721
vt 0.9247487783432007 0.48268377780914307
vt 0.9247487783432007 0.48268377780914307
vt 0.8916633129119873 0.49954214692115784
vt 0.8909731507301331 0.4648265242576599
vt 0.8572619557380676 0.4798322319984436
vt 0.8909731507301331 0.4648265242576599
vt 0.8916633129119873 0.49954214692115784
vt 0.8909731507301331 0.4648265242576599
vt 0.9208008646965027 0.46939224004745483
vt 0.9247487783432007 0.48268377780914307
vt 0.9518997073173523 0.4798383116722107
vt 0.9247487783432007 0.48268377780914307
vt 0.9208008646965027 0.46939224004745483
vt 0.9208008646965027 0.46939224004745483
vt 0.8909731507301331 0.4648265242576599
vt 0.8890887498855591 0.4520294666290283
vt 0.8241530060768127 0.4690197706222534
vt 0.8572619557380676 0.4798322319984436
vt 0.857639491558075 0.49315837025642395
vt 0.8572619557380676 0.4798322319984436
vt 0.8241530060768127 0.4690197706222534
vt 0.8246424794197083 0.45732730627059937
vt 0.7906665205955505 0.4448811709880829
vt 0.8246424794197083 0.45732730627059937
vt 0.8241530060768127 0.4690197706222534
vt 0.8246424794197083 0.45732730627059937
vt 0.7906665205955505 0.4448811709880829
vt 0.7920230031013489 0.4348223805427551
vt 0.7920230031013489 0.4348223805427551
vt 0.8248224854469299 0.42631882429122925
vt 0.8246424794197083 0.45732730627059937
vt 0.8248224854469299 0.42631882429122925
vt 0.7920230031013489 0.4348223805427551
vt 0.7924474477767944 0.40566837787628174
vt 0.757308840751648 0.4234015643596649
vt 0.7920230031013489 0.4348223805427551
vt 0.7906665205955505 0.4448811709880829
vt 0.7920230031013489 0.4348223805427551
vt 0.757308840751648 0.4234015643596649
vt 0.7590420246124268 0.4130737781524658
vt 0.7590420246124268 0.4130737781524658
vt 0.7924474477767944 0.40566837787628174
vt 0.7920230031013489 0.4348223805427551
vt 0.7239511609077454 0.40192192792892456
vt 0.7590420246124268 0.4130737781524658
vt 0.757308840751648 0.4234015643596649
vt 0.7590420246124268 0.4130737781524658
vt 0.7239511609077454 0.40192192792892456
vt 0.7260609865188599 0.3913252055644989
vt 0.6567133069038391 0.36069148778915405
vt 0.7260609865188599 0.3913252055644989
vt 0.7239511609077454 0.40192192792892456
vt 0.7260609865188599 0.3913252055644989
vt 0.6567133069038391 0.36069148778915405
vt 0.7266966104507446 0.3620751202106476
vt 0.7266966104507446 0.3620751202106476
vt 0.6567133069038391 0.36069148778915405
vt 0.6515997052192688 0.32533419132232666
vt 0.7266966104507446 0.3620751202106476
vt 0.6515997052192688 0.32533419132232666
vt 0.6708005666732788 0.32454022765159607
vt 0.7260609865188599 0.3913252055644989
vt 0.7595720291137695 0.38387176394462585
vt 0.7590420246124268 0.4130737781524658
vt 0.7595720291137695 0.38387176394462585
vt 0.7260609865188599 0.3913252055644989
vt 0.7266966104507446 0.3620751202106476
vt 0.7924474477767944 0.40566837787628174
vt 0.7590420246124268 0.4130737781524658
vt 0.7595720291137695 0.38387176394462585
vt 0.7595720291137695 0.38387176394462585
vt 0.7906667590141296 0.3903714418411255
vt 0.7924474477767944 0.40566837787628174
vt 0.7906667590141296 0.3903714418411255
vt 0.7595720291137695 0.38387176394462585
vt 0.7572804093360901 0.3683861196041107
vt 0.7266966104507446 0.3620751202106476
vt 0.7572804093360901 0.3683861196041107
vt 0.7595720291137695 0.38387176394462585
vt 0.7266966104507446 0.3620751202106476
vt 0.6708005666732788 0.32454022765159607
vt 0.7238940000534058 0.34640079736709595
vt 0.7572804093360901 0.3683861196041107
vt 0.7266966104507446 0.3620751202106476
vt 0.7238940000534058 0.34640079736709595
vt 0.7924474477767944 0.40566837787628174
vt 0.8240216970443726 0.41251906752586365
vt 0.8248224854469299 0.42631882429122925
vt 0.8240216970443726 0.41251906752586365
vt 0.7924474477767944 0.40566837787628174
vt 0.7906667590141296 0.3903714418411255
vt 0.8573765754699707 0.4346666932106018
vt 0.8248224854469299 0.42631882429122925
vt 0.8240216970443726 0.41251906752586365
vt 0.8248224854469299 0.42631882429122925
vt 0.8573765754699707 0.4346666932106018
vt 0.8571975231170654 0.44696924090385437
vt 0.8890887498855591 0.4520294666290283
vt 0.8571975231170654 0.44696924090385437
vt 0.8573765754699707 0.4346666932106018
vt 0.8571975231170654 0.44696924090385437
vt 0.8890887498855591 0.4520294666290283
vt 0.8909731507301331 0.4648265242576599
vt 0.8909731507301331 0.4648265242576599
vt 0.8572619557380676 0.4798322319984436
vt 0.8571975231170654 0.44696924090385437
vt 0.8246424794197083 0.45732730627059937
vt 0.8571975231170654 0.44696924090385437
vt 0.8572619557380676 0.4798322319984436
vt 0.8571975231170654 0.44696924090385437
vt 0.8246424794197083 0.45732730627059937
vt 0.8248224854469299 0.42631882429122925
vt 0.5769436955451965 0.4915594458580017
vt 0.5927522778511047 0.45422911643981934
vt 0.5769436955451965 0.4753129780292511
vt 0.5927522778511047 0.45422911643981934
vt 0.5769436955451965 0.4915594458580017
vt 0.6024349331855774 0.46248137950897217
vt 0.6853235960006714 0.3944200873374939
vt 0.6376016736030579 0.3780020773410797
vt 0.6668641567230225 0.3946108818054199
vt 0.6376016736030579 0.3780020773410797
vt 0.6853235960006714 0.3944200873374939
vt 0.6512303948402405 0.3706558346748352
vt 0.6360422968864441 0.3527865707874298
vt 0.6376016736030579 0.3780020773410797
vt 0.6512303948402405 0.3706558346748352
vt 0.6376016736030579 0.3780020773410797
vt 0.6360422968864441 0.3527865707874298
vt 0.6215184330940247 0.358785480260849
vt 0.6235586404800415 0.30924952030181885
vt 0.6215184330940247 0.358785480260849
vt 0.6360422968864441 0.3527865707874298
vt 0.6215184330940247 0.358785480260849
vt 0.6235586404800415 0.30924952030181885
vt 0.6086344718933105 0.30969202518463135
vt 0.621430516242981 0.234737366437912
vt 0.6086344718933105 0.30969202518463135
vt 0.6235586404800415 0.30924952030181885
vt 0.6086344718933105 0.30969202518463135
vt 0.621430516242981 0.234737366437912
vt 0.607903003692627 0.23825642466545105
vt 0.6242796778678894 0.15608888864517212
vt 0.607903003692627 0.23825642466545105
vt 0.621430516242981 0.234737366437912
vt 0.607903003692627 0.23825642466545105
vt 0.6242796778678894 0.15608888864517212
vt 0.6103095412254333 0.15698575973510742
vt 0.6254225969314575 0.08718540519475937
vt 0.6103095412254333 0.15698575973510742
vt 0.6242796778678894 0.15608888864517212
vt 0.6103095412254333 0.15698575973510742
vt 0.6254225969314575 0.08718540519475937
vt 0.6095578670501709 0.09131277352571487
vt 0.5769436955451965 0.3975010812282562
vt 0.5769436955451965 0.44273796677589417
vt 0.5955342054367065 0.42061030864715576
vt 0.6122429370880127 0.40665483474731445
vt 0.5769436955451965 0.3975010812282562
vt 0.5955342054367065 0.42061030864715576
vt 0.6311542391777039 0.3940046429634094
vt 0.5769436955451965 0.3975010812282562
vt 0.6122429370880127 0.40665483474731445
vt 0.5769436955451965 0.3975010812282562
vt 0.6311542391777039 0.3940046429634094
vt 0.6015030741691589 0.3715812861919403
vt 0.5769436955451965 0.34457919001579285
vt 0.5769436955451965 0.3975010812282562
vt 0.6015030741691589 0.3715812861919403
vt 0.5769436955451965 0.44273796677589417
vt 0.612861692905426 0.43469199538230896
vt 0.5955342054367065 0.42061030864715576
vt 0.612861692905426 0.43469199538230896
vt 0.5769436955451965 0.44273796677589417
vt 0.5927522778511047 0.45422911643981934
vt 0.5955342054367065 0.42061030864715576
vt 0.6385684609413147 0.4099016487598419
vt 0.6122429370880127 0.40665483474731445
vt 0.6385684609413147 0.4099016487598419
vt 0.5955342054367065 0.42061030864715576
vt 0.612861692905426 0.43469199538230896
vt 0.6122429370880127 0.40665483474731445
vt 0.6385684609413147 0.4099016487598419
vt 0.6311542391777039 0.3940046429634094
vt 0.6376016736030579 0.3780020773410797
vt 0.6015030741691589 0.3715812861919403
vt 0.6311542391777039 0.3940046429634094
vt 0.6015030741691589 0.3715812861919403
vt 0.6376016736030579 0.3780020773410797
vt 0.6215184330940247 0.358785480260849
vt 0.6015030741691589 0.3715812861919403
vt 0.5769436955451965 0.31412383913993835
vt 0.5769436955451965 0.34457919001579285
vt 0.5769436955451965 0.31412383913993835
vt 0.6015030741691589 0.3715812861919403
vt 0.6215184330940247 0.358785480260849
vt 0.5769436955451965 0.31412383913993835
vt 0.6215184330940247 0.358785480260849
vt 0.6086344718933105 0.30969202518463135
vt 0.607903003692627 0.23825642466545105
vt 0.5769436955451965 0.31412383913993835
vt 0.6086344718933105 0.30969202518463135
vt 0.5769436955451965 0.31412383913993835
vt 0.607903003692627 0.23825642466545105
vt 0.5769436955451965 0.23965488374233246
vt 0.6103095412254333 0.15698575973510742
vt 0.5769436955451965 0.23965488374233246
vt 0.607903003692627 0.23825642466545105
vt 0.5769436955451965 0.23965488374233246
vt 0.6103095412254333 0.15698575973510742
vt 0.5769436955451965 0.1583842784166336
vt 0.6095578670501709 0.09131277352571487
vt 0.5769436955451965 0.1583842784166336
vt 0.6103095412254333 0.15698575973510742
vt 0.5769436955451965 0.1583842784166336
vt 0.6095578670501709 0.09131277352571487
vt 0.5769436955451965 0.09131277352571487
vt 0.6311542391777039 0.3940046429634094
vt 0.6668641567230225 0.3946108818054199
vt 0.6376016736030579 0.3780020773410797
vt 0.6385684609413147 0.4099016487598419
vt 0.6668641567230225 0.3946108818054199
vt 0.6311542391777039 0.3940046429634094
vt 0.607903003692627 0.23825642466545105
vt 0.5769436955451965 0.31412383913993835
vt 0.5769436955451965 0.23965488374233246
vt 0.5769436955451965 0.31412383913993835
vt 0.607903003692627 0.23825642466545105
vt 0.6086344718933105 0.30969202518463135
vt 0.5769436955451965 0.23965488374233246
vt 0.6103095412254333 0.15698575973510742
vt 0.607903003692627 0.23825642466545105
vt 0.6103095412254333 0.15698575973510742
vt 0.5769436955451965 0.23965488374233246
vt 0.5769436955451965 0.1583842784166336
vt 0.5769436955451965 0.1583842784166336
vt 0.6095578670501709 0.09131277352571487
vt 0.6103095412254333 0.15698575973510742
vt 0.6095578670501709 0.09131277352571487
vt 0.5769436955451965 0.1583842784166336
vt 0.5769436955451965 0.09131277352571487
vt 0.5769436955451965 0.31412383913993835
vt 0.6086344718933105 0.30969202518463135
vt 0.6215184330940247 0.358785480260849
vt 0.6015030741691589 0.3715812861919403
vt 0.5769436955451965 0.31412383913993835
vt 0.6215184330940247 0.358785480260849
vt 0.6376016736030579 0.3780020773410797
vt 0.6015030741691589 0.3715812861919403
vt 0.6215184330940247 0.358785480260849
vt 0.6015030741691589 0.3715812861919403
vt 0.6376016736030579 0.3780020773410797
vt 0.6311542391777039 0.3940046429634094
vt 0.5769436955451965 0.3975010812282562
vt 0.6015030741691589 0.3715812861919403
vt 0.6311542391777039 0.3940046429634094
vt 0.5769436955451965 0.34457919001579285
vt 0.6015030741691589 0.3715812861919403
vt 0.5769436955451965 0.3975010812282562
vt 0.6311542391777039 0.3940046429634094
vt 0.6122429370880127 0.40665483474731445
vt 0.5769436955451965 0.3975010812282562
vt 0.6122429370880127 0.40665483474731445
vt 0.5955342054367065 0.42061030864715576
vt 0.5769436955451965 0.3975010812282562
vt 0.5769436955451965 0.3975010812282562
vt 0.5955342054367065 0.42061030864715576
vt 0.5769436955451965 0.44273796677589417
vt 0.612861692905426 0.43469199538230896
vt 0.5769436955451965 0.44273796677589417
vt 0.5955342054367065 0.42061030864715576
vt 0.5769436955451965 0.44273796677589417
vt 0.612861692905426 0.43469199538230896
vt 0.5927522778511047 0.45422911643981934
vt 0.5955342054367065 0.42061030864715576
vt 0.6385684609413147 0.4099016487598419
vt 0.612861692905426 0.43469199538230896
vt 0.6385684609413147 0.4099016487598419
vt 0.5955342054367065 0.42061030864715576
vt 0.6122429370880127 0.40665483474731445
vt 0.6122429370880127 0.40665483474731445
vt 0.6311542391777039 0.3940046429634094
vt 0.6385684609413147 0.4099016487598419
vt 0.5769436955451965 0.31412383913993835
vt 0.6015030741691589 0.3715812861919403
vt 0.5769436955451965 0.34457919001579285
vt 0.5769436955451965 0.44273796677589417
vt 0.5927522778511047 0.45422911643981934
vt 0.5769436955451965 0.4753129780292511
vt 0.5769436955451965 0.44273796677589417
vt 0.5769436955451965 0.4753129780292511
vt 0.5927522778511047 0.45422911643981934
vt 0.6311542391777039 0.3940046429634094
vt 0.6376016736030579 0.3780020773410797
vt 0.6668641567230225 0.3946108818054199
vt 0.6385684609413147 0.4099016487598419
vt 0.6311542391777039 0.3940046429634094
vt 0.6668641567230225 0.3946108818054199
vt 0.6237512826919556 0.4420258700847626
vt 0.6385684609413147 0.4099016487598419
vt 0.612861692905426 0.43469199538230896
vt 0.6385684609413147 0.4099016487598419
vt 0.6237512826919556 0.4420258700847626
vt 0.6517850160598755 0.41686534881591797
vt 0.612861692905426 0.43469199538230896
vt 0.6024349331855774 0.46248137950897217
vt 0.6237512826919556 0.4420258700847626
vt 0.6024349331855774 0.46248137950897217
vt 0.612861692905426 0.43469199538230896
vt 0.5927522778511047 0.45422911643981934
vt 0.6517850160598755 0.41686534881591797
vt 0.6668641567230225 0.3946108818054199
vt 0.6385684609413147 0.4099016487598419
vt 0.6668641567230225 0.3946108818054199
vt 0.6517850160598755 0.41686534881591797
vt 0.6853235960006714 0.3944200873374939
vt 0.8895800113677979 0.6000384092330933
vt 0.9257175326347351 0.5325779914855957
vt 0.891678512096405 0.5128681659698486
vt 0.8574632406234741 0.3105555474758148
vt 0.8240177631378174 0.3923817276954651
vt 0.8240628242492676 0.31055331230163574
vt 0.8240177631378174 0.3923817276954651
vt 0.8574632406234741 0.3105555474758148
vt 0.8573687672615051 0.3943920135498047
vt 0.8573765754699707 0.4346666932106018
vt 0.8240177631378174 0.3923817276954651
vt 0.8573687672615051 0.3943920135498047
vt 0.8240177631378174 0.3923817276954651
vt 0.8573765754699707 0.4346666932106018
vt 0.8240216970443726 0.41251906752586365
vt 0.7906667590141296 0.3903714418411255
vt 0.8240628242492676 0.31055331230163574
vt 0.8240177631378174 0.3923817276954651
vt 0.8240216970443726 0.41251906752586365
vt 0.7906667590141296 0.3903714418411255
vt 0.8240177631378174 0.3923817276954651
vt 0.8240628242492676 0.31055331230163574
vt 0.7906667590141296 0.3903714418411255
vt 0.7906623482704163 0.3105510473251343
vt 0.7572804093360901 0.3683861196041107
vt 0.7906623482704163 0.3105510473251343
vt 0.7906667590141296 0.3903714418411255
vt 0.7906623482704163 0.3105510473251343
vt 0.7572804093360901 0.3683861196041107
vt 0.7572555541992188 0.31055325269699097
vt 0.7906456589698792 0.23580269515514374
vt 0.8240628242492676 0.31055331230163574
vt 0.7906623482704163 0.3105510473251343
vt 0.7906456589698792 0.23580269515514374
vt 0.7906623482704163 0.3105510473251343
vt 0.7572555541992188 0.31055325269699097
vt 0.7238940000534058 0.34640079736709595
vt 0.7572555541992188 0.31055325269699097
vt 0.7572804093360901 0.3683861196041107
vt 0.7572555541992188 0.31055325269699097
vt 0.7238940000534058 0.34640079736709595
vt 0.7238487005233765 0.31055542826652527
vt 0.7237415909767151 0.23581738770008087
vt 0.7572555541992188 0.31055325269699097
vt 0.7238487005233765 0.31055542826652527
vt 0.7237415909767151 0.23581738770008087
vt 0.7906456589698792 0.23580269515514374
vt 0.7572555541992188 0.31055325269699097
vt 0.6708005666732788 0.32454022765159607
vt 0.7238487005233765 0.31055542826652527
vt 0.7238940000534058 0.34640079736709595
vt 0.7238487005233765 0.31055542826652527
vt 0.6708005666732788 0.32454022765159607
vt 0.669762909412384 0.31055548787117004
vt 0.669762909412384 0.31055548787117004
vt 0.7237415909767151 0.23581738770008087
vt 0.7238487005233765 0.31055542826652527
vt 0.8886939883232117 0.39439213275909424
vt 0.8573765754699707 0.4346666932106018
vt 0.8573687672615051 0.3943920135498047
vt 0.8573765754699707 0.4346666932106018
vt 0.8886939883232117 0.39439213275909424
vt 0.8890887498855591 0.4520294666290283
vt 0.9200192093849182 0.3943922817707062
vt 0.8890887498855591 0.4520294666290283
vt 0.8886939883232117 0.39439213275909424
vt 0.8890887498855591 0.4520294666290283
vt 0.9200192093849182 0.3943922817707062
vt 0.9208008646965027 0.46939224004745483
vt 0.9200192093849182 0.3943922817707062
vt 0.9517872929573059 0.4660574495792389
vt 0.9208008646965027 0.46939224004745483
vt 0.9517872929573059 0.4660574495792389
vt 0.9200192093849182 0.3943922817707062
vt 0.9511817693710327 0.3943922817707062
vt 0.9518997073173523 0.4798383116722107
vt 0.9208008646965027 0.46939224004745483
vt 0.9517872929573059 0.4660574495792389
vt 0.9511817693710327 0.3943922817707062
vt 0.9200192093849182 0.3943922817707062
vt 0.9226208925247192 0.3105555474758148
vt 0.9226208925247192 0.3105555474758148
vt 0.9200192093849182 0.3943922817707062
vt 0.8886939883232117 0.39439213275909424
vt 0.8886939883232117 0.39439213275909424
vt 0.8573687672615051 0.3943920135498047
vt 0.8574632406234741 0.3105555474758148
vt 0.8575399518013 0.23581738770008087
vt 0.8574632406234741 0.3105555474758148
vt 0.8240628242492676 0.31055331230163574
vt 0.7906456589698792 0.23580269515514374
vt 0.8575399518013 0.23581738770008087
vt 0.8240628242492676 0.31055331230163574
vt 0.5769436955451965 0.4915594458580017
vt 0.5927522778511047 0.45422911643981934
vt 0.6024349331855774 0.46248137950897217
vt 0.5927522778511047 0.45422911643981934
vt 0.5769436955451965 0.4915594458580017
vt 0.5769436955451965 0.4753129780292511
vt 0.612861692905426 0.43469199538230896
vt 0.6024349331855774 0.46248137950897217
vt 0.5927522778511047 0.45422911643981934
vt 0.6024349331855774 0.46248137950897217
vt 0.612861692905426 0.43469199538230896
vt 0.6237512826919556 0.4420258700847626
vt 0.6385684609413147 0.4099016487598419
vt 0.6237512826919556 0.4420258700847626
vt 0.612861692905426 0.43469199538230896
vt 0.6237512826919556 0.4420258700847626
vt 0.6385684609413147 0.4099016487598419
vt 0.6517850160598755 0.41686534881591797
vt 0.6668641567230225 0.3946108818054199
vt 0.6517850160598755 0.41686534881591797
vt 0.6385684609413147 0.4099016487598419
vt 0.6517850160598755 0.41686534881591797
vt 0.6668641567230225 0.3946108818054199
vt 0.6853235960006714 0.3944200873374939
vt 0.6853235960006714 0.3944200873374939
vt 0.6376016736030579 0.3780020773410797
vt 0.6512303948402405 0.3706558346748352
vt 0.6376016736030579 0.3780020773410797
vt 0.6853235960006714 0.3944200873374939
vt 0.6668641567230225 0.3946108818054199
vt 0.6376016736030579 0.3780020773410797
vt 0.6360422968864441 0.3527865707874298
vt 0.6512303948402405 0.3706558346748352
vt 0.6360422968864441 0.3527865707874298
vt 0.6376016736030579 0.3780020773410797
vt 0.6215184330940247 0.358785480260849
vt 0.6215184330940247 0.358785480260849
vt 0.6235586404800415 0.30924952030181885
vt 0.6360422968864441 0.3527865707874298
vt 0.6235586404800415 0.30924952030181885
vt 0.6215184330940247 0.358785480260849
vt 0.6086344718933105 0.30969202518463135
vt 0.6086344718933105 0.30969202518463135
vt 0.621430516242981 0.234737366437912
vt 0.6235586404800415 0.30924952030181885
vt 0.621430516242981 0.234737366437912
vt 0.6086344718933105 0.30969202518463135
vt 0.607903003692627 0.23825642466545105
vt 0.607903003692627 0.23825642466545105
vt 0.6242796778678894 0.15608888864517212
vt 0.621430516242981 0.234737366437912
vt 0.6242796778678894 0.15608888864517212
vt 0.607903003692627 0.23825642466545105
vt 0.6103095412254333 0.15698575973510742
vt 0.6103095412254333 0.15698575973510742
vt 0.6254225969314575 0.08718540519475937
vt 0.6242796778678894 0.15608888864517212
vt 0.6254225969314575 0.08718540519475937
vt 0.6103095412254333 0.15698575973510742
vt 0.6095578670501709 0.09131277352571487
vt 0.0941619724035263 0.7276687026023865
vt 0.11021803319454193 0.8064925074577332
vt 0.0688430517911911 0.7351809144020081
vt 0.11021803319454193 0.8064925074577332
vt 0.0941619724035263 0.7276687026023865
vt 0.13338105380535126 0.7902716994285583
vt 0.16879813373088837 0.8051469922065735
vt 0.11021803319454193 0.8064925074577332
vt 0.13338105380535126 0.7902716994285583
vt 0.11021803319454193 0.8064925074577332
vt 0.16879813373088837 0.8051469922065735
vt 0.1349502056837082 0.8311834931373596
vt 0.19325213134288788 0.8379631638526917
vt 0.1349502056837082 0.8311834931373596
vt 0.16879813373088837 0.8051469922065735
vt 0.1349502056837082 0.8311834931373596
vt 0.19325213134288788 0.8379631638526917
vt 0.17354647815227509 0.8617534041404724
vt 0.19325213134288788 0.8379631638526917
vt 0.2174462527036667 0.9144536852836609
vt 0.17354647815227509 0.8617534041404724
vt 0.2174462527036667 0.9144536852836609
vt 0.19325213134288788 0.8379631638526917
vt 0.22846351563930511 0.8893049359321594
vt 0.21856264770030975 0.835501492023468
vt 0.22846351563930511 0.8893049359321594
vt 0.19325213134288788 0.8379631638526917
vt 0.16879813373088837 0.8051469922065735
vt 0.21856264770030975 0.835501492023468
vt 0.19325213134288788 0.8379631638526917
vt 0.22846351563930511 0.8893049359321594
vt 0.21856264770030975 0.835501492023468
vt 0.2501627206802368 0.8817372918128967
vt 0.27923738956451416 0.9303317666053772
vt 0.2174462527036667 0.9144536852836609
vt 0.22846351563930511 0.8893049359321594
vt 0.2174462527036667 0.9144536852836609
vt 0.27923738956451416 0.9303317666053772
vt 0.27449852228164673 0.9568703770637512
vt 0.27923738956451416 0.9303317666053772
vt 0.3379244804382324 0.9831717610359192
vt 0.27449852228164673 0.9568703770637512
vt 0.3379244804382324 0.9831717610359192
vt 0.27923738956451416 0.9303317666053772
vt 0.3363804221153259 0.956412136554718
vt 0.2984486222267151 0.9153875708580017
vt 0.3363804221153259 0.956412136554718
vt 0.27923738956451416 0.9303317666053772
vt 0.2984486222267151 0.9153875708580017
vt 0.22846351563930511 0.8893049359321594
vt 0.2501627206802368 0.8817372918128967
vt 0.22846351563930511 0.8893049359321594
vt 0.2984486222267151 0.9153875708580017
vt 0.27923738956451416 0.9303317666053772
vt 0.3363804221153259 0.956412136554718
vt 0.2984486222267151 0.9153875708580017
vt 0.3498995304107666 0.9384801983833313
vt 0.3991420865058899 0.9687263369560242
vt 0.3379244804382324 0.9831717610359192
vt 0.3363804221153259 0.956412136554718
vt 0.3379244804382324 0.9831717610359192
vt 0.3991420865058899 0.9687263369560242
vt 0.4075748324394226 0.9925281405448914
vt 0.3991420865058899 0.9687263369560242
vt 0.4845094084739685 0.978187620639801
vt 0.4075748324394226 0.9925281405448914
vt 0.4845094084739685 0.978187620639801
vt 0.3991420865058899 0.9687263369560242
vt 0.4699743986129761 0.9557412266731262
vt 0.4075748324394226 0.9446278214454651
vt 0.4699743986129761 0.9557412266731262
vt 0.3991420865058899 0.9687263369560242
vt 0.4075748324394226 0.9446278214454651
vt 0.3363804221153259 0.956412136554718
vt 0.3498995304107666 0.9384801983833313
vt 0.3363804221153259 0.956412136554718
vt 0.4075748324394226 0.9446278214454651
vt 0.3991420865058899 0.9687263369560242
vt 0.4699743986129761 0.9557412266731262
vt 0.4075748324394226 0.9446278214454651
vt 0.46461474895477295 0.935738742351532
vt 0.5274203419685364 0.9339539408683777
vt 0.4845094084739685 0.978187620639801
vt 0.4699743986129761 0.9557412266731262
vt 0.4845094084739685 0.978187620639801
vt 0.5274203419685364 0.9339539408683777
vt 0.5462778210639954 0.9530647397041321
vt 0.5274203419685364 0.9339539408683777
vt 0.5983641147613525 0.9116480946540833
vt 0.5462778210639954 0.9530647397041321
vt 0.5983641147613525 0.9116480946540833
vt 0.5274203419685364 0.9339539408683777
vt 0.57647305727005 0.8962653279304504
vt 0.5167010426521301 0.9153875708580017
vt 0.57647305727005 0.8962653279304504
vt 0.5274203419685364 0.9339539408683777
vt 0.5167010426521301 0.9153875708580017
vt 0.4699743986129761 0.9557412266731262
vt 0.46461474895477295 0.935738742351532
vt 0.4699743986129761 0.9557412266731262
vt 0.5167010426521301 0.9153875708580017
vt 0.5274203419685364 0.9339539408683777
vt 0.57647305727005 0.8962653279304504
vt 0.5167010426521301 0.9153875708580017
vt 0.5618302822113037 0.8816223740577698
vt 0.6214144229888916 0.8387529253959656
vt 0.5983641147613525 0.9116480946540833
vt 0.57647305727005 0.8962653279304504
vt 0.5983641147613525 0.9116480946540833
vt 0.6214144229888916 0.8387529253959656
vt 0.6466529965400696 0.8526011109352112
vt 0.6049323678016663 0.8231726288795471
vt 0.57647305727005 0.8962653279304504
vt 0.5618302822113037 0.8816223740577698
vt 0.57647305727005 0.8962653279304504
vt 0.6049323678016663 0.8231726288795471
vt 0.6214144229888916 0.8387529253959656
vt 0.6214144229888916 0.8387529253959656
vt 0.6049323678016663 0.8231726288795471
vt 0.6486597657203674 0.804243266582489
vt 0.6010991334915161 0.7761676907539368
vt 0.6486597657203674 0.804243266582489
vt 0.6049323678016663 0.8231726288795471
vt 0.4075748324394226 0.9446278214454651
vt 0.4024732708930969 0.7273378968238831
vt 0.46461474895477295 0.935738742351532
vt 0.5167010426521301 0.9153875708580017
vt 0.4024732708930969 0.7273378968238831
vt 0.5618302822113037 0.8816223740577698
vt 0.5618302822113037 0.8816223740577698
vt 0.4024732708930969 0.7273378968238831
vt 0.6049323678016663 0.8231726288795471
vt 0.46461474895477295 0.935738742351532
vt 0.4024732708930969 0.7273378968238831
vt 0.5167010426521301 0.9153875708580017
vt 0.6049323678016663 0.8231726288795471
vt 0.4024732708930969 0.7273378968238831
vt 0.6010991334915161 0.7761676907539368
vt 0.3498995304107666 0.9384801983833313
vt 0.4024732708930969 0.7273378968238831
vt 0.4075748324394226 0.9446278214454651
vt 0.2984486222267151 0.9153875708580017
vt 0.4024732708930969 0.7273378968238831
vt 0.3498995304107666 0.9384801983833313
vt 0.2501627206802368 0.8817372918128967
vt 0.4024732708930969 0.7273378968238831
vt 0.2984486222267151 0.9153875708580017
vt 0.21856264770030975 0.835501492023468
vt 0.4024732708930969 0.7273378968238831
vt 0.2501627206802368 0.8817372918128967
vt 0.19648979604244232 0.7836493849754333
vt 0.4024732708930969 0.7273378968238831
vt 0.21856264770030975 0.835501492023468
vt 0.21856264770030975 0.835501492023468
vt 0.16879813373088837 0.8051469922065735
vt 0.19648979604244232 0.7836493849754333
vt 0.16879813373088837 0.8051469922065735
vt 0.1893223375082016 0.7270346283912659
vt 0.19648979604244232 0.7836493849754333
vt 0.1893223375082016 0.7270346283912659
vt 0.4024732708930969 0.7273378968238831
vt 0.19648979604244232 0.7836493849754333
vt 0.1893223375082016 0.7270346283912659
vt 0.16879813373088837 0.8051469922065735
vt 0.160023495554924 0.7270346283912659
vt 0.160023495554924 0.7270346283912659
vt 0.16879813373088837 0.8051469922065735
vt 0.13338105380535126 0.7902716994285583
vt 0.160023495554924 0.7270346283912659
vt 0.13338105380535126 0.7902716994285583
vt 0.1284041851758957 0.7270346283912659
vt 0.13338105380535126 0.7902716994285583
vt 0.0941619724035263 0.7276687026023865
vt 0.1284041851758957 0.7270346283912659
vt 0.6010991334915161 0.7761676907539368
vt 0.4024732708930969 0.7273378968238831
vt 0.5966599583625793 0.7272557616233826
vt 0.5966599583625793 0.7272557616233826
vt 0.6486597657203674 0.804243266582489
vt 0.6010991334915161 0.7761676907539368
vt 0.6285317540168762 0.7280282378196716
vt 0.6486597657203674 0.804243266582489
vt 0.5966599583625793 0.7272557616233826
vt 0.6285317540168762 0.7280282378196716
vt 0.656204879283905 0.7526878714561462
vt 0.6486597657203674 0.804243266582489
vt 0.656204879283905 0.7526878714561462
vt 0.7030786871910095 0.773652970790863
vt 0.6486597657203674 0.804243266582489
vt 0.6486597657203674 0.804243266582489
vt 0.7030786871910095 0.773652970790863
vt 0.6939783692359924 0.8331876993179321
vt 0.6939783692359924 0.8331876993179321
vt 0.6214144229888916 0.8387529253959656
vt 0.6486597657203674 0.804243266582489
vt 0.6214144229888916 0.8387529253959656
vt 0.6939783692359924 0.8331876993179321
vt 0.6466529965400696 0.8526011109352112
vt 0.7030786871910095 0.773652970790863
vt 0.7266263961791992 0.8008698225021362
vt 0.6939783692359924 0.8331876993179321
vt 0.7353149056434631 0.7684603929519653
vt 0.7266263961791992 0.8008698225021362
vt 0.7030786871910095 0.773652970790863
vt 0.7511365413665771 0.7273896932601929
vt 0.7353149056434631 0.7684603929519653
vt 0.7030786871910095 0.773652970790863
vt 0.7511365413665771 0.7273896932601929
vt 0.771742045879364 0.7529704570770264
vt 0.7353149056434631 0.7684603929519653
vt 0.771742045879364 0.7529704570770264
vt 0.7489743232727051 0.7835019826889038
vt 0.7353149056434631 0.7684603929519653
vt 0.7266263961791992 0.8008698225021362
vt 0.7353149056434631 0.7684603929519653
vt 0.7489743232727051 0.7835019826889038
vt 0.771742045879364 0.7529704570770264
vt 0.7511365413665771 0.7273896932601929
vt 0.782467782497406 0.7274613976478577
vt 0.782467782497406 0.7274613976478577
vt 0.8180272579193115 0.7503201365470886
vt 0.771742045879364 0.7529704570770264
vt 0.8180272579193115 0.7503201365470886
vt 0.7744108438491821 0.7667093276977539
vt 0.771742045879364 0.7529704570770264
vt 0.7744108438491821 0.7667093276977539
vt 0.7489743232727051 0.7835019826889038
vt 0.771742045879364 0.7529704570770264
vt 0.8180272579193115 0.7503201365470886
vt 0.782467782497406 0.7274613976478577
vt 0.8210426568984985 0.7273896932601929
vt 0.8640655279159546 0.7279281616210938
vt 0.8180272579193115 0.7503201365470886
vt 0.8210426568984985 0.7273896932601929
vt 0.7009178400039673 0.7588058114051819
vt 0.7511365413665771 0.7273896932601929
vt 0.7030786871910095 0.773652970790863
vt 0.7511365413665771 0.7273896932601929
vt 0.7009178400039673 0.7588058114051819
vt 0.7299424409866333 0.7273896932601929
vt 0.7299424409866333 0.7273896932601929
vt 0.7009178400039673 0.7588058114051819
vt 0.6940730214118958 0.7273896932601929
vt 0.7009178400039673 0.7588058114051819
vt 0.6665095686912537 0.7273896932601929
vt 0.6940730214118958 0.7273896932601929
vt 0.7489743232727051 0.7835019826889038
vt 0.7744108438491821 0.7667093276977539
vt 0.7778453826904297 0.7733744382858276
vt 0.7744108438491821 0.7667093276977539
vt 0.8180272579193115 0.7503201365470886
vt 0.7778453826904297 0.7733744382858276
vt 0.7511365413665771 0.7273896932601929
vt 0.771742045879364 0.7529704570770264
vt 0.782467782497406 0.7274613976478577
vt 0.771742045879364 0.7529704570770264
vt 0.7511365413665771 0.7273896932601929
vt 0.7353149056434631 0.7684603929519653
vt 0.7511365413665771 0.7273896932601929
vt 0.7030786871910095 0.773652970790863
vt 0.7353149056434631 0.7684603929519653
vt 0.771742045879364 0.7529704570770264
vt 0.7353149056434631 0.7684603929519653
vt 0.7489743232727051 0.7835019826889038
vt 0.7744108438491821 0.7667093276977539
vt 0.771742045879364 0.7529704570770264
vt 0.7489743232727051 0.7835019826889038
vt 0.7266263961791992 0.8008698225021362
vt 0.7489743232727051 0.7835019826889038
vt 0.7353149056434631 0.7684603929519653
vt 0.7353149056434631 0.7684603929519653
vt 0.7030786871910095 0.773652970790863
vt 0.7266263961791992 0.8008698225021362
vt 0.7299424409866333 0.7273896932601929
vt 0.6940730214118958 0.7273896932601929
vt 0.7009178400039673 0.7588058114051819
vt 0.7009178400039673 0.7588058114051819
vt 0.6940730214118958 0.7273896932601929
vt 0.6665095686912537 0.7273896932601929
vt 0.7030786871910095 0.773652970790863
vt 0.6939783692359924 0.8331876993179321
vt 0.7266263961791992 0.8008698225021362
vt 0.6486597657203674 0.804243266582489
vt 0.6939783692359924 0.8331876993179321
vt 0.7030786871910095 0.773652970790863
vt 0.6214144229888916 0.8387529253959656
vt 0.6939783692359924 0.8331876993179321
vt 0.6486597657203674 0.804243266582489
vt 0.6214144229888916 0.8387529253959656
vt 0.6486597657203674 0.804243266582489
vt 0.6049323678016663 0.8231726288795471
vt 0.6049323678016663 0.8231726288795471
vt 0.57647305727005 0.8962653279304504
vt 0.6214144229888916 0.8387529253959656
vt 0.5983641147613525 0.9116480946540833
vt 0.6214144229888916 0.8387529253959656
vt 0.57647305727005 0.8962653279304504
vt 0.5274203419685364 0.9339539408683777
vt 0.5983641147613525 0.9116480946540833
vt 0.57647305727005 0.8962653279304504
vt 0.5983641147613525 0.9116480946540833
vt 0.5274203419685364 0.9339539408683777
vt 0.5462778210639954 0.9530647397041321
vt 0.57647305727005 0.8962653279304504
vt 0.5167010426521301 0.9153875708580017
vt 0.5274203419685364 0.9339539408683777
vt 0.5167010426521301 0.9153875708580017
vt 0.57647305727005 0.8962653279304504
vt 0.5618302822113037 0.8816223740577698
vt 0.57647305727005 0.8962653279304504
vt 0.6049323678016663 0.8231726288795471
vt 0.5618302822113037 0.8816223740577698
vt 0.6214144229888916 0.8387529253959656
vt 0.5983641147613525 0.9116480946540833
vt 0.6466529965400696 0.8526011109352112
vt 0.6939783692359924 0.8331876993179321
vt 0.6214144229888916 0.8387529253959656
vt 0.6466529965400696 0.8526011109352112
vt 0.5274203419685364 0.9339539408683777
vt 0.4845094084739685 0.978187620639801
vt 0.5462778210639954 0.9530647397041321
vt 0.4845094084739685 0.978187620639801
vt 0.5274203419685364 0.9339539408683777
vt 0.4699743986129761 0.9557412266731262
vt 0.5167010426521301 0.9153875708580017
vt 0.4699743986129761 0.9557412266731262
vt 0.5274203419685364 0.9339539408683777
vt 0.3991420865058899 0.9687263369560242
vt 0.4845094084739685 0.978187620639801
vt 0.4699743986129761 0.9557412266731262
vt 0.4845094084739685 0.978187620639801
vt 0.3991420865058899 0.9687263369560242
vt 0.4075748324394226 0.9925281405448914
vt 0.4699743986129761 0.9557412266731262
vt 0.4075748324394226 0.9446278214454651
vt 0.3991420865058899 0.9687263369560242
vt 0.4075748324394226 0.9446278214454651
vt 0.4699743986129761 0.9557412266731262
vt 0.46461474895477295 0.935738742351532
vt 0.4699743986129761 0.9557412266731262
vt 0.5167010426521301 0.9153875708580017
vt 0.46461474895477295 0.935738742351532
vt 0.3991420865058899 0.9687263369560242
vt 0.3379244804382324 0.9831717610359192
vt 0.4075748324394226 0.9925281405448914
vt 0.3379244804382324 0.9831717610359192
vt 0.3991420865058899 0.9687263369560242
vt 0.3363804221153259 0.956412136554718
vt 0.4075748324394226 0.9446278214454651
vt 0.3363804221153259 0.956412136554718
vt 0.3991420865058899 0.9687263369560242
vt 0.27923738956451416 0.9303317666053772
vt 0.3379244804382324 0.9831717610359192
vt 0.3363804221153259 0.956412136554718
vt 0.3379244804382324 0.9831717610359192
vt 0.27923738956451416 0.9303317666053772
vt 0.27449852228164673 0.9568703770637512
vt 0.3363804221153259 0.956412136554718
vt 0.2984486222267151 0.9153875708580017
vt 0.27923738956451416 0.9303317666053772
vt 0.2984486222267151 0.9153875708580017
vt 0.3363804221153259 0.956412136554718
vt 0.3498995304107666 0.9384801983833313
vt 0.3363804221153259 0.956412136554718
vt 0.4075748324394226 0.9446278214454651
vt 0.3498995304107666 0.9384801983833313
vt 0.27923738956451416 0.9303317666053772
vt 0.2174462527036667 0.9144536852836609
vt 0.27449852228164673 0.9568703770637512
vt 0.2174462527036667 0.9144536852836609
vt 0.27923738956451416 0.9303317666053772
vt 0.22846351563930511 0.8893049359321594
vt 0.2984486222267151 0.9153875708580017
vt 0.22846351563930511 0.8893049359321594
vt 0.27923738956451416 0.9303317666053772
vt 0.19325213134288788 0.8379631638526917
vt 0.2174462527036667 0.9144536852836609
vt 0.22846351563930511 0.8893049359321594
vt 0.2174462527036667 0.9144536852836609
vt 0.19325213134288788 0.8379631638526917
vt 0.17354647815227509 0.8617534041404724
vt 0.22846351563930511 0.8893049359321594
vt 0.21856264770030975 0.835501492023468
vt 0.19325213134288788 0.8379631638526917
vt 0.21856264770030975 0.835501492023468
vt 0.22846351563930511 0.8893049359321594
vt 0.2501627206802368 0.8817372918128967
vt 0.22846351563930511 0.8893049359321594
vt 0.2984486222267151 0.9153875708580017
vt 0.2501627206802368 0.8817372918128967
vt 0.19325213134288788 0.8379631638526917
vt 0.1349502056837082 0.8311834931373596
vt 0.17354647815227509 0.8617534041404724
vt 0.1349502056837082 0.8311834931373596
vt 0.19325213134288788 0.8379631638526917
vt 0.16879813373088837 0.8051469922065735
vt 0.21856264770030975 0.835501492023468
vt 0.16879813373088837 0.8051469922065735
vt 0.19325213134288788 0.8379631638526917
vt 0.16879813373088837 0.8051469922065735
vt 0.21856264770030975 0.835501492023468
vt 0.19648979604244232 0.7836493849754333
vt 0.1893223375082016 0.7270346283912659
vt 0.16879813373088837 0.8051469922065735
vt 0.19648979604244232 0.7836493849754333
vt 0.16879813373088837 0.8051469922065735
vt 0.1893223375082016 0.7270346283912659
vt 0.160023495554924 0.7270346283912659
vt 0.16879813373088837 0.8051469922065735
vt 0.11021803319454193 0.8064925074577332
vt 0.1349502056837082 0.8311834931373596
vt 0.11021803319454193 0.8064925074577332
vt 0.16879813373088837 0.8051469922065735
vt 0.13338105380535126 0.7902716994285583
vt 0.160023495554924 0.7270346283912659
vt 0.13338105380535126 0.7902716994285583
vt 0.16879813373088837 0.8051469922065735
vt 0.0941619724035263 0.7276687026023865
vt 0.11021803319454193 0.8064925074577332
vt 0.13338105380535126 0.7902716994285583
vt 0.11021803319454193 0.8064925074577332
vt 0.0941619724035263 0.7276687026023865
vt 0.0688430517911911 0.7351809144020081
vt 0.160023495554924 0.7270346283912659
vt 0.1284041851758957 0.7270346283912659
vt 0.13338105380535126 0.7902716994285583
vt 0.13338105380535126 0.7902716994285583
vt 0.1284041851758957 0.7270346283912659
vt 0.0941619724035263 0.7276687026023865
vt 0.1893223375082016 0.7270346283912659
vt 0.19648979604244232 0.7836493849754333
vt 0.4024732708930969 0.7273378968238831
vt 0.21856264770030975 0.835501492023468
vt 0.2501627206802368 0.8817372918128967
vt 0.4024732708930969 0.7273378968238831
vt 0.19648979604244232 0.7836493849754333
vt 0.21856264770030975 0.835501492023468
vt 0.4024732708930969 0.7273378968238831
vt 0.2501627206802368 0.8817372918128967
vt 0.2984486222267151 0.9153875708580017
vt 0.4024732708930969 0.7273378968238831
vt 0.2984486222267151 0.9153875708580017
vt 0.3498995304107666 0.9384801983833313
vt 0.4024732708930969 0.7273378968238831
vt 0.3498995304107666 0.9384801983833313
vt 0.4075748324394226 0.9446278214454651
vt 0.4024732708930969 0.7273378968238831
vt 0.4075748324394226 0.9446278214454651
vt 0.46461474895477295 0.935738742351532
vt 0.4024732708930969 0.7273378968238831
vt 0.46461474895477295 0.935738742351532
vt 0.5167010426521301 0.9153875708580017
vt 0.4024732708930969 0.7273378968238831
vt 0.5167010426521301 0.9153875708580017
vt 0.5618302822113037 0.8816223740577698
vt 0.4024732708930969 0.7273378968238831
vt 0.5618302822113037 0.8816223740577698
vt 0.6049323678016663 0.8231726288795471
vt 0.4024732708930969 0.7273378968238831
vt 0.6049323678016663 0.8231726288795471
vt 0.6010991334915161 0.7761676907539368
vt 0.4024732708930969 0.7273378968238831
vt 0.6010991334915161 0.7761676907539368
vt 0.6049323678016663 0.8231726288795471
vt 0.6486597657203674 0.804243266582489
vt 0.6010991334915161 0.7761676907539368
vt 0.5966599583625793 0.7272557616233826
vt 0.4024732708930969 0.7273378968238831
vt 0.5966599583625793 0.7272557616233826
vt 0.6010991334915161 0.7761676907539368
vt 0.6486597657203674 0.804243266582489
vt 0.6285317540168762 0.7280282378196716
vt 0.5966599583625793 0.7272557616233826
vt 0.6486597657203674 0.804243266582489
vt 0.6285317540168762 0.7280282378196716
vt 0.6486597657203674 0.804243266582489
vt 0.656204879283905 0.7526878714561462
vt 0.656204879283905 0.7526878714561462
vt 0.6486597657203674 0.804243266582489
vt 0.7030786871910095 0.773652970790863
vt 0.7511365413665771 0.7273896932601929
vt 0.7009178400039673 0.7588058114051819
vt 0.7030786871910095 0.773652970790863
vt 0.7009178400039673 0.7588058114051819
vt 0.7511365413665771 0.7273896932601929
vt 0.7299424409866333 0.7273896932601929
vt 0.03508153557777405 0.5278056263923645
vt 0.08650222420692444 0.6141408681869507
vt 0.10281285643577576 0.5663803815841675
vt 0.08650222420692444 0.6141408681869507
vt 0.03508153557777405 0.5278056263923645
vt 0.015322893857955933 0.5576801300048828
vt 0.14658686518669128 0.6108881235122681
vt 0.10281285643577576 0.5663803815841675
vt 0.08650222420692444 0.6141408681869507
vt 0.10398039221763611 0.6646105051040649
vt 0.14658686518669128 0.6108881235122681
vt 0.08650222420692444 0.6141408681869507
vt 0.17493396997451782 0.6963596940040588
vt 0.14658686518669128 0.6108881235122681
vt 0.10398039221763611 0.6646105051040649
vt 0.14658686518669128 0.6108881235122681
vt 0.17493396997451782 0.6963596940040588
vt 0.21540901064872742 0.6030458211898804
vt 0.07180407643318176 0.6383206844329834
vt 0.10398039221763611 0.6646105051040649
vt 0.08650222420692444 0.6141408681869507
vt 0.24756795167922974 0.6245149970054626
vt 0.21540901064872742 0.6030458211898804
vt 0.17493396997451782 0.6963596940040588
vt 0.17493396997451782 0.6963596940040588
vt 0.2604465186595917 0.7106401324272156
vt 0.24756795167922974 0.6245149970054626
vt 0.2604465186595917 0.7106401324272156
vt 0.29360419511795044 0.627875566482544
vt 0.24756795167922974 0.6245149970054626
vt 0.2604465186595917 0.7106401324272156
vt 0.3314603865146637 0.6836118102073669
vt 0.29360419511795044 0.627875566482544
vt 0.3314603865146637 0.6836118102073669
vt 0.34788641333580017 0.5620434284210205
vt 0.29360419511795044 0.627875566482544
vt 0.2604465186595917 0.7106401324272156
vt 0.32732635736465454 0.7106061577796936
vt 0.3314603865146637 0.6836118102073669
vt 0.21540901064872742 0.6030458211898804
vt 0.19468796253204346 0.5332539081573486
vt 0.14658686518669128 0.6108881235122681
vt 0.14658686518669128 0.6108881235122681
vt 0.19468796253204346 0.5332539081573486
vt 0.10281285643577576 0.5663803815841675
vt 0.03508153557777405 0.5278056263923645
vt 0.08650222420692444 0.6141408681869507
vt 0.015322893857955933 0.5576801300048828
vt 0.08650222420692444 0.6141408681869507
vt 0.03508153557777405 0.5278056263923645
vt 0.10281285643577576 0.5663803815841675
vt 0.14658686518669128 0.6108881235122681
vt 0.08650222420692444 0.6141408681869507
vt 0.10281285643577576 0.5663803815841675
vt 0.10398039221763611 0.6646105051040649
vt 0.08650222420692444 0.6141408681869507
vt 0.14658686518669128 0.6108881235122681
vt 0.14658686518669128 0.6108881235122681
vt 0.17493396997451782 0.6963596940040588
vt 0.10398039221763611 0.6646105051040649
vt 0.17493396997451782 0.6963596940040588
vt 0.14658686518669128 0.6108881235122681
vt 0.21540901064872742 0.6030458211898804
vt 0.07180407643318176 0.6383206844329834
vt 0.08650222420692444 0.6141408681869507
vt 0.10398039221763611 0.6646105051040649
vt 0.24756795167922974 0.6245149970054626
vt 0.17493396997451782 0.6963596940040588
vt 0.21540901064872742 0.6030458211898804
vt 0.17493396997451782 0.6963596940040588
vt 0.24756795167922974 0.6245149970054626
vt 0.2604465186595917 0.7106401324272156
vt 0.2604465186595917 0.7106401324272156
vt 0.24756795167922974 0.6245149970054626
vt 0.29360419511795044 0.627875566482544
vt 0.2604465186595917 0.7106401324272156
vt 0.29360419511795044 0.627875566482544
vt 0.3314603865146637 0.6836118102073669
vt 0.3314603865146637 0.6836118102073669
vt 0.29360419511795044 0.627875566482544
vt 0.34788641333580017 0.5620434284210205
vt 0.4050176739692688 0.6512731313705444
vt 0.3314603865146637 0.6836118102073669
vt 0.34788641333580017 0.5620434284210205
vt 0.2604465186595917 0.7106401324272156
vt 0.3314603865146637 0.6836118102073669
vt 0.32732635736465454 0.7106061577796936
vt 0.32732635736465454 0.7106061577796936
vt 0.3314603865146637 0.6836118102073669
vt 0.3935479521751404 0.7106061577796936
vt 0.3935479521751404 0.7106061577796936
vt 0.3314603865146637 0.6836118102073669
vt 0.4050176739692688 0.6512731313705444
vt 0.4050176739692688 0.6512731313705444
vt 0.4545474648475647 0.7077088356018066
vt 0.3935479521751404 0.7106061577796936
vt 0.4545474648475647 0.7077088356018066
vt 0.4050176739692688 0.6512731313705444
vt 0.4630858600139618 0.6638516783714294
vt 0.4630858600139618 0.6638516783714294
vt 0.5206018686294556 0.7085660099983215
vt 0.4545474648475647 0.7077088356018066
vt 0.5206018686294556 0.7085660099983215
vt 0.4630858600139618 0.6638516783714294
vt 0.5234626531600952 0.6638516783714294
vt 0.5234626531600952 0.6638516783714294
vt 0.5661820769309998 0.7131588459014893
vt 0.5206018686294556 0.7085660099983215
vt 0.5661820769309998 0.7131588459014893
vt 0.5234626531600952 0.6638516783714294
vt 0.5717239379882812 0.6651822328567505
vt 0.5717239379882812 0.6651822328567505
vt 0.6371732950210571 0.715793251991272
vt 0.5661820769309998 0.7131588459014893
vt 0.6371732950210571 0.715793251991272
vt 0.5717239379882812 0.6651822328567505
vt 0.5888684988021851 0.6592261791229248
vt 0.6371732950210571 0.715793251991272
vt 0.5888684988021851 0.6592261791229248
vt 0.6244378685951233 0.644247829914093
vt 0.6244378685951233 0.644247829914093
vt 0.6774758696556091 0.7143421769142151
vt 0.6371732950210571 0.715793251991272
vt 0.6774758696556091 0.7143421769142151
vt 0.6244378685951233 0.644247829914093
vt 0.6815083622932434 0.6443217992782593
vt 0.6815083622932434 0.6443217992782593
vt 0.7108092308044434 0.6679173111915588
vt 0.6774758696556091 0.7143421769142151
vt 0.7548072934150696 0.6451483368873596
vt 0.7108092308044434 0.6679173111915588
vt 0.6815083622932434 0.6443217992782593
vt 0.4050176739692688 0.6512731313705444
vt 0.4545474648475647 0.7077088356018066
vt 0.4630858600139618 0.6638516783714294
vt 0.4545474648475647 0.7077088356018066
vt 0.4050176739692688 0.6512731313705444
vt 0.3935479521751404 0.7106061577796936
vt 0.5206018686294556 0.7085660099983215
vt 0.4630858600139618 0.6638516783714294
vt 0.4545474648475647 0.7077088356018066
vt 0.4630858600139618 0.6638516783714294
vt 0.5206018686294556 0.7085660099983215
vt 0.5234626531600952 0.6638516783714294
vt 0.5661820769309998 0.7131588459014893
vt 0.5234626531600952 0.6638516783714294
vt 0.5206018686294556 0.7085660099983215
vt 0.5234626531600952 0.6638516783714294
vt 0.5661820769309998 0.7131588459014893
vt 0.5717239379882812 0.6651822328567505
vt 0.6371732950210571 0.715793251991272
vt 0.5717239379882812 0.6651822328567505
vt 0.5661820769309998 0.7131588459014893
vt 0.5717239379882812 0.6651822328567505
vt 0.6371732950210571 0.715793251991272
vt 0.5888684988021851 0.6592261791229248
vt 0.6371732950210571 0.715793251991272
vt 0.6244378685951233 0.644247829914093
vt 0.5888684988021851 0.6592261791229248
vt 0.6774758696556091 0.7143421769142151
vt 0.6244378685951233 0.644247829914093
vt 0.6371732950210571 0.715793251991272
vt 0.6244378685951233 0.644247829914093
vt 0.6774758696556091 0.7143421769142151
vt 0.6815083622932434 0.6443217992782593
vt 0.3935479521751404 0.7106061577796936
vt 0.4050176739692688 0.6512731313705444
vt 0.3314603865146637 0.6836118102073669
vt 0.32732635736465454 0.7106061577796936
vt 0.3935479521751404 0.7106061577796936
vt 0.3314603865146637 0.6836118102073669
vt 0.4050176739692688 0.6512731313705444
vt 0.34788641333580017 0.5620434284210205
vt 0.3314603865146637 0.6836118102073669
vt 0.6815083622932434 0.6443217992782593
vt 0.6774758696556091 0.7143421769142151
vt 0.7108092308044434 0.6679173111915588
vt 0.7548072934150696 0.6451483368873596
vt 0.6815083622932434 0.6443217992782593
vt 0.7108092308044434 0.6679173111915588
vt 0.040974780917167664 0.7596977353096008
vt 0.11021803319454193 0.8064925074577332
vt 0.09028367698192596 0.824821412563324
vt 0.11021803319454193 0.8064925074577332
vt 0.040974780917167664 0.7596977353096008
vt 0.0688430517911911 0.7351809144020081
vt 0.1349502056837082 0.8311834931373596
vt 0.09028367698192596 0.824821412563324
vt 0.11021803319454193 0.8064925074577332
vt 0.09028367698192596 0.824821412563324
vt 0.1349502056837082 0.8311834931373596
vt 0.10720406472682953 0.8568900227546692
vt 0.10720406472682953 0.8568900227546692
vt 0.016192182898521423 0.8164244294166565
vt 0.09028367698192596 0.824821412563324
vt 0.016192182898521423 0.8164244294166565
vt 0.040974780917167664 0.7596977353096008
vt 0.09028367698192596 0.824821412563324
vt 0.040974780917167664 0.7596977353096008
vt 0.11021803319454193 0.8064925074577332
vt 0.0688430517911911 0.7351809144020081
vt 0.11021803319454193 0.8064925074577332
vt 0.040974780917167664 0.7596977353096008
vt 0.09028367698192596 0.824821412563324
vt 0.016192182898521423 0.8164244294166565
vt 0.09028367698192596 0.824821412563324
vt 0.040974780917167664 0.7596977353096008
vt 0.09028367698192596 0.824821412563324
vt 0.1349502056837082 0.8311834931373596
vt 0.11021803319454193 0.8064925074577332
vt 0.1349502056837082 0.8311834931373596
vt 0.09028367698192596 0.824821412563324
vt 0.10720406472682953 0.8568900227546692
vt 0.10720406472682953 0.8568900227546692
vt 0.09028367698192596 0.824821412563324
vt 0.016192182898521423 0.8164244294166565
vt 0.661469042301178 0.7434607148170471
vt 0.6448954939842224 0.7273896932601929
vt 0.6665095686912537 0.7273896932601929
vt 0.6665095686912537 0.7273896932601929
vt 0.7009178400039673 0.7588058114051819
vt 0.661469042301178 0.7434607148170471
vt 0.661469042301178 0.7434607148170471
vt 0.7009178400039673 0.7588058114051819
vt 0.7030786871910095 0.773652970790863
vt 0.661469042301178 0.7434607148170471
vt 0.6665095686912537 0.7273896932601929
vt 0.6448954939842224 0.7273896932601929
vt 0.6665095686912537 0.7273896932601929
vt 0.661469042301178 0.7434607148170471
vt 0.7009178400039673 0.7588058114051819
vt 0.661469042301178 0.7434607148170471
vt 0.7030786871910095 0.773652970790863
vt 0.7009178400039673 0.7588058114051819
vt 0.656204879283905 0.7526878714561462
vt 0.6285317540168762 0.7280282378196716
vt 0.6448954939842224 0.7273896932601929
vt 0.6448954939842224 0.7273896932601929
vt 0.661469042301178 0.7434607148170471
vt 0.656204879283905 0.7526878714561462
vt 0.661469042301178 0.7434607148170471
vt 0.7030786871910095 0.773652970790863
vt 0.656204879283905 0.7526878714561462
vt 0.8640655279159546 0.7279281616210938
vt 0.842057466506958 0.7627297043800354
vt 0.8180272579193115 0.7503201365470886
vt 0.831275463104248 0.7851249575614929
vt 0.8180272579193115 0.7503201365470886
vt 0.842057466506958 0.7627297043800354
vt 0.8180272579193115 0.7503201365470886
vt 0.831275463104248 0.7851249575614929
vt 0.7778453826904297 0.7733744382858276
vt 0.8199539184570312 0.8124726414680481
vt 0.7778453826904297 0.7733744382858276
vt 0.831275463104248 0.7851249575614929
vt 0.7778453826904297 0.7733744382858276
vt 0.8199539184570312 0.8124726414680481
vt 0.7777763605117798 0.8027145862579346
vt 0.7777763605117798 0.8027145862579346
vt 0.8199539184570312 0.8124726414680481
vt 0.7718707323074341 0.8278574347496033
vt 0.7718707323074341 0.8278574347496033
vt 0.7489743232727051 0.7835019826889038
vt 0.7777763605117798 0.8027145862579346
vt 0.7777763605117798 0.8027145862579346
vt 0.7489743232727051 0.7835019826889038
vt 0.7778453826904297 0.7733744382858276
vt 0.7489743232727051 0.7835019826889038
vt 0.7718707323074341 0.8278574347496033
vt 0.7266263961791992 0.8008698225021362
vt 0.7266263961791992 0.8008698225021362
vt 0.7718707323074341 0.8278574347496033
vt 0.6939783692359924 0.8331876993179321
vt 0.21540901064872742 0.6030458211898804
vt 0.14658686518669128 0.6108881235122681
vt 0.19468796253204346 0.5332539081573486
vt 0.14658686518669128 0.6108881235122681
vt 0.10281285643577576 0.5663803815841675
vt 0.19468796253204346 0.5332539081573486
vt 0.656204879283905 0.7526878714561462
vt 0.6448954939842224 0.7273896932601929
vt 0.6285317540168762 0.7280282378196716
vt 0.6448954939842224 0.7273896932601929
vt 0.656204879283905 0.7526878714561462
vt 0.661469042301178 0.7434607148170471
vt 0.661469042301178 0.7434607148170471
vt 0.656204879283905 0.7526878714561462
vt 0.7030786871910095 0.773652970790863
vt 0.8640655279159546 0.7279281616210938
vt 0.8180272579193115 0.7503201365470886
vt 0.842057466506958 0.7627297043800354
vt 0.8180272579193115 0.7503201365470886
vt 0.831275463104248 0.7851249575614929
vt 0.842057466506958 0.7627297043800354
vt 0.831275463104248 0.7851249575614929
vt 0.8180272579193115 0.7503201365470886
vt 0.7778453826904297 0.7733744382858276
vt 0.7778453826904297 0.7733744382858276
vt 0.8199539184570312 0.8124726414680481
vt 0.831275463104248 0.7851249575614929
vt 0.8199539184570312 0.8124726414680481
vt 0.7778453826904297 0.7733744382858276
vt 0.7777763605117798 0.8027145862579346
vt 0.7777763605117798 0.8027145862579346
vt 0.7718707323074341 0.8278574347496033
vt 0.8199539184570312 0.8124726414680481
vt 0.7489743232727051 0.7835019826889038
vt 0.7718707323074341 0.8278574347496033
vt 0.7777763605117798 0.8027145862579346
vt 0.7777763605117798 0.8027145862579346
vt 0.7778453826904297 0.7733744382858276
vt 0.7489743232727051 0.7835019826889038
vt 0.7718707323074341 0.8278574347496033
vt 0.7489743232727051 0.7835019826889038
vt 0.7266263961791992 0.8008698225021362
vt 0.7266263961791992 0.8008698225021362
vt 0.6939783692359924 0.8331876993179321
vt 0.7718707323074341 0.8278574347496033
vt 0.8640655279159546 0.7279281616210938
vt 0.8210426568984985 0.7273896932601929
vt 0.8180272579193115 0.7503201365470886
vt 0.782467782497406 0.7274613976478577
vt 0.8180272579193115 0.7503201365470886
vt 0.8210426568984985 0.7273896932601929
vt 0.8180272579193115 0.7503201365470886
vt 0.782467782497406 0.7274613976478577
vt 0.771742045879364 0.7529704570770264
vt 0.8180272579193115 0.7503201365470886
vt 0.771742045879364 0.7529704570770264
vt 0.7744108438491821 0.7667093276977539
vt 0.7744108438491821 0.7667093276977539
vt 0.7778453826904297 0.7733744382858276
vt 0.8180272579193115 0.7503201365470886
vt 0.7489743232727051 0.7835019826889038
vt 0.7778453826904297 0.7733744382858276
vt 0.7744108438491821 0.7667093276977539
vt 0.933151125907898 0.8785428404808044
vt 0.8893787860870361 0.9285113215446472
vt 0.872173547744751 0.8813063502311707
vt 0.7412936091423035 0.9215177893638611
vt 0.872173547744751 0.8813063502311707
vt 0.8893787860870361 0.9285113215446472
vt 0.8893787860870361 0.9285113215446472
vt 0.7680928707122803 0.9867399334907532
vt 0.7412936091423035 0.9215177893638611
vt 0.8893787860870361 0.9285113215446472
vt 0.9272315502166748 0.9876554608345032
vt 0.7680928707122803 0.9867399334907532
vt 0.8893787860870361 0.9285113215446472
vt 0.9893830418586731 0.8951036334037781
vt 0.9272315502166748 0.9876554608345032
vt 0.933151125907898 0.8785428404808044
vt 0.9893830418586731 0.8951036334037781
vt 0.8893787860870361 0.9285113215446472
vt 0.7680928707122803 0.9867399334907532
vt 0.7006855010986328 0.9370085597038269
vt 0.7412936091423035 0.9215177893638611
vt 0.9914053678512573 0.8965551257133484
vt 0.9419364929199219 0.8336244225502014
vt 0.8950388431549072 0.9281463027000427
vt 0.9914053678512573 0.8965551257133484
vt 0.8950388431549072 0.9281463027000427
vt 0.9289706349372864 0.9898087382316589
vt 0.8950388431549072 0.9281463027000427
vt 0.9419364929199219 0.8336244225502014
vt 0.8707515001296997 0.8647355437278748
vt 0.7620835304260254 0.9507531523704529
vt 0.8950388431549072 0.9281463027000427
vt 0.8707515001296997 0.8647355437278748
vt 0.7620835304260254 0.9507531523704529
vt 0.9289706349372864 0.9898087382316589
vt 0.8950388431549072 0.9281463027000427
vt 0.7448415756225586 0.9252461791038513
vt 0.7620835304260254 0.9507531523704529
vt 0.8707515001296997 0.8647355437278748
vt 0.7620835304260254 0.9507531523704529
vt 0.7448415756225586 0.9252461791038513
vt 0.7010018825531006 0.9390198588371277
vt 0.7715424299240112 0.987564742565155
vt 0.7620835304260254 0.9507531523704529
vt 0.7010018825531006 0.9390198588371277
vt 0.9289706349372864 0.9898087382316589
vt 0.7620835304260254 0.9507531523704529
vt 0.7715424299240112 0.987564742565155
vt 0.7218266725540161 0.8891485333442688
vt 0.7010018825531006 0.9390198588371277
vt 0.7448415756225586 0.9252461791038513
vt 0.8707515001296997 0.8647355437278748
vt 0.7218266725540161 0.8891485333442688
vt 0.7448415756225586 0.9252461791038513
vt 0.7218266725540161 0.8891485333442688
vt 0.8707515001296997 0.8647355437278748
vt 0.8499849438667297 0.8182689547538757
vt 0.8499849438667297 0.8182689547538757
vt 0.8707515001296997 0.8647355437278748
vt 0.9419364929199219 0.8336244225502014
vt 0.849168598651886 0.8198391795158386
vt 0.7412936091423035 0.9215177893638611
vt 0.7246679067611694 0.8882583975791931
vt 0.7412936091423035 0.9215177893638611
vt 0.849168598651886 0.8198391795158386
vt 0.872173547744751 0.8813063502311707
vt 0.849168598651886 0.8198391795158386
vt 0.933151125907898 0.8785428404808044
vt 0.872173547744751 0.8813063502311707
vt 0.933151125907898 0.8785428404808044
vt 0.849168598651886 0.8198391795158386
vt 0.9435086250305176 0.834284245967865
vt 0.933151125907898 0.8785428404808044
vt 0.9435086250305176 0.834284245967865
vt 0.9893830418586731 0.8951036334037781
vt 0.7246679067611694 0.8882583975791931
vt 0.7412936091423035 0.9215177893638611
vt 0.7006855010986328 0.9370085597038269
vn 0.2546437978744507 0.8845325708389282 -0.3908434808254242
vn 0.3751198649406433 0.8177931308746338 -0.4364626109600067
vn 0.2288888692855835 0.903432309627533 -0.36251890659332275
vn 0.3751198649406433 0.8177931308746338 -0.4364626109600067
vn 0.2546437978744507 0.8845325708389282 -0.3908434808254242
vn 0.40267300605773926 0.7749907970428467 -0.48707661032676697
vn 0.40267300605773926 0.7749907970428467 -0.48707661032676697
vn 0.4663628339767456 0.6721876859664917 -0.5750386714935303
vn 0.3751198649406433 0.8177931308746338 -0.4364626109600067
vn 0.4663628339767456 0.6721876859664917 -0.5750386714935303
vn 0.40267300605773926 0.7749907970428467 -0.48707661032676697
vn 0.4395758807659149 0.6106798648834229 -0.6586676239967346
vn 0.4395758807659149 0.6106798648834229 -0.6586676239967346
vn 0.4488140940666199 0.5192429423332214 -0.7272913455963135
vn 0.4663628339767456 0.6721876859664917 -0.5750386714935303
vn 0.4488140940666199 0.5192429423332214 -0.7272913455963135
vn 0.4395758807659149 0.6106798648834229 -0.6586676239967346
vn 0.4304046928882599 0.4839051365852356 -0.7619630098342896
vn 0.4488140940666199 0.5192429423332214 -0.7272913455963135
vn 0.4304046928882599 0.4839051365852356 -0.7619630098342896
vn 0.4989056885242462 0.44390517473220825 -0.7443395256996155
vn 0.8152388334274292 -0.12191106379032135 -0.5661478638648987
vn 0.8806525468826294 -0.032834187150001526 -0.4726234972476959
vn 0.8076087832450867 -0.09407754242420197 -0.5821661353111267
vn 0.8806525468826294 -0.032834187150001526 -0.4726234972476959
vn 0.8152388334274292 -0.12191106379032135 -0.5661478638648987
vn 0.8880746364593506 0.023998156189918518 -0.4590725600719452
vn 0.874879777431488 -0.3168906271457672 -0.36628642678260803
vn 0.8076087832450867 -0.09407754242420197 -0.5821661353111267
vn 0.8806525468826294 -0.032834187150001526 -0.4726234972476959
vn 0.8076087832450867 -0.09407754242420197 -0.5821661353111267
vn 0.874879777431488 -0.3168906271457672 -0.36628642678260803
vn 0.8219594359397888 -0.3338499069213867 -0.4614400267601013
vn 0.8076087832450867 -0.09407754242420197 -0.5821661353111267
vn 0.6060996055603027 -0.09180538356304169 -0.7900728583335876
vn 0.8152388334274292 -0.12191106379032135 -0.5661478638648987
vn 0.6060996055603027 -0.09180538356304169 -0.7900728583335876
vn 0.8076087832450867 -0.09407754242420197 -0.5821661353111267
vn 0.6132649779319763 -0.08560162037611008 -0.7852250933647156
vn 0.8219594359397888 -0.3338499069213867 -0.4614400267601013
vn 0.6132649779319763 -0.08560162037611008 -0.7852250933647156
vn 0.8076087832450867 -0.09407754242420197 -0.5821661353111267
vn 0.6132649779319763 -0.08560162037611008 -0.7852250933647156
vn 0.47117704153060913 -0.06697108596563339 -0.8794925212860107
vn 0.6060996055603027 -0.09180538356304169 -0.7900728583335876
vn 0.47117704153060913 -0.06697108596563339 -0.8794925212860107
vn 0.6132649779319763 -0.08560162037611008 -0.7852250933647156
vn 0.4461902976036072 -0.11446651071310043 -0.8875874876976013
vn 0.6132649779319763 -0.08560162037611008 -0.7852250933647156
vn 0.8219594359397888 -0.3338499069213867 -0.4614400267601013
vn 0.700221836566925 -0.3056700527667999 -0.645178496837616
vn 0.7633079886436462 -0.6301062107086182 -0.142573282122612
vn 0.8219594359397888 -0.3338499069213867 -0.4614400267601013
vn 0.874879777431488 -0.3168906271457672 -0.36628642678260803
vn 0.8219594359397888 -0.3338499069213867 -0.4614400267601013
vn 0.7633079886436462 -0.6301062107086182 -0.142573282122612
vn 0.7785757184028625 -0.570940375328064 -0.2604745626449585
vn 0.7785757184028625 -0.570940375328064 -0.2604745626449585
vn 0.700221836566925 -0.3056700527667999 -0.645178496837616
vn 0.8219594359397888 -0.3338499069213867 -0.4614400267601013
vn 0.700221836566925 -0.3056700527667999 -0.645178496837616
vn 0.7785757184028625 -0.570940375328064 -0.2604745626449585
vn 0.764731764793396 -0.5333760976791382 -0.361517995595932
vn 0.764731764793396 -0.5333760976791382 -0.361517995595932
vn 0.640109121799469 -0.3942094147205353 -0.6594386100769043
vn 0.700221836566925 -0.3056700527667999 -0.645178496837616
vn 0.640109121799469 -0.3942094147205353 -0.6594386100769043
vn 0.4461902976036072 -0.11446651071310043 -0.8875874876976013
vn 0.6132649779319763 -0.08560162037611008 -0.7852250933647156
vn 0.640109121799469 -0.3942094147205353 -0.6594386100769043
vn 0.6132649779319763 -0.08560162037611008 -0.7852250933647156
vn 0.700221836566925 -0.3056700527667999 -0.645178496837616
vn 0.3131159842014313 -0.21224574744701385 -0.9256943464279175
vn 0.4461902976036072 -0.11446651071310043 -0.8875874876976013
vn 0.640109121799469 -0.3942094147205353 -0.6594386100769043
vn 0.3131159842014313 -0.21224574744701385 -0.9256943464279175
vn 0.640109121799469 -0.3942094147205353 -0.6594386100769043
vn 0.6864597201347351 -0.3745023012161255 -0.6233145594596863
vn 0.640109121799469 -0.3942094147205353 -0.6594386100769043
vn 0.764731764793396 -0.5333760976791382 -0.361517995595932
vn 0.7800602912902832 -0.5738489627838135 -0.2494058907032013
vn 0.7800602912902832 -0.5738489627838135 -0.2494058907032013
vn 0.6864597201347351 -0.3745023012161255 -0.6233145594596863
vn 0.640109121799469 -0.3942094147205353 -0.6594386100769043
vn 0.6864597201347351 -0.3745023012161255 -0.6233145594596863
vn 0.7800602912902832 -0.5738489627838135 -0.2494058907032013
vn 0.769658625125885 -0.40129590034484863 -0.49657541513442993
vn -0.27928289771080017 0.12429003417491913 -0.9521307945251465
vn -0.32847362756729126 0.049897003918886185 -0.9431942701339722
vn -0.2693629264831543 0.1011619120836258 -0.9577107429504395
vn -0.32847362756729126 0.049897003918886185 -0.9431942701339722
vn -0.27928289771080017 0.12429003417491913 -0.9521307945251465
vn -0.33334559202194214 0.015725675970315933 -0.9426735639572144
vn -0.33334559202194214 0.015725675970315933 -0.9426735639572144
vn -0.3380057215690613 -0.21049939095973969 -0.917301595211029
vn -0.32847362756729126 0.049897003918886185 -0.9431942701339722
vn -0.3380057215690613 -0.21049939095973969 -0.917301595211029
vn -0.33334559202194214 0.015725675970315933 -0.9426735639572144
vn -0.26093873381614685 -0.2064622938632965 -0.9430187344551086
vn -0.26093873381614685 -0.2064622938632965 -0.9430187344551086
vn -0.7530730962753296 -0.53168123960495 -0.3875511586666107
vn -0.3380057215690613 -0.21049939095973969 -0.917301595211029
vn -0.3227752447128296 0.12635740637779236 0.9380031824111938
vn -0.3470241129398346 0.0429953895509243 0.9368700981140137
vn -0.40265029668807983 0.12496687471866608 0.9067833423614502
vn -0.3470241129398346 0.0429953895509243 0.9368700981140137
vn -0.3227752447128296 0.12635740637779236 0.9380031824111938
vn -0.32881131768226624 0.0571415051817894 0.9426653385162354
vn -0.5150514245033264 0.0012214228045195341 0.857158362865448
vn -0.40265029668807983 0.12496687471866608 0.9067833423614502
vn -0.3470241129398346 0.0429953895509243 0.9368700981140137
vn -0.40265029668807983 0.12496687471866608 0.9067833423614502
vn -0.5150514245033264 0.0012214228045195341 0.857158362865448
vn -0.5894479155540466 0.07699105143547058 0.8041290640830994
vn -0.7305293083190918 -0.05537689849734306 0.6806322932243347
vn -0.5894479155540466 0.07699105143547058 0.8041290640830994
vn -0.5150514245033264 0.0012214228045195341 0.857158362865448
vn -0.5894479155540466 0.07699105143547058 0.8041290640830994
vn -0.7305293083190918 -0.05537689849734306 0.6806322932243347
vn -0.7689242362976074 -0.07828990370035172 0.6345283389091492
vn -0.5150514245033264 0.0012214228045195341 0.857158362865448
vn -0.6995804309844971 -0.1377747505903244 0.7011457085609436
vn -0.7305293083190918 -0.05537689849734306 0.6806322932243347
vn -0.6995804309844971 -0.1377747505903244 0.7011457085609436
vn -0.5150514245033264 0.0012214228045195341 0.857158362865448
vn -0.4334469735622406 -0.09971235692501068 0.8956456780433655
vn -0.3470241129398346 0.0429953895509243 0.9368700981140137
vn -0.4334469735622406 -0.09971235692501068 0.8956456780433655
vn -0.5150514245033264 0.0012214228045195341 0.857158362865448
vn -0.4334469735622406 -0.09971235692501068 0.8956456780433655
vn -0.3470241129398346 0.0429953895509243 0.9368700981140137
vn -0.17193667590618134 0.019925381988286972 0.9849064946174622
vn -0.3470241129398346 0.0429953895509243 0.9368700981140137
vn -0.278666615486145 0.042744722217321396 0.9594361782073975
vn -0.17193667590618134 0.019925381988286972 0.9849064946174622
vn -0.278666615486145 0.042744722217321396 0.9594361782073975
vn -0.3470241129398346 0.0429953895509243 0.9368700981140137
vn -0.38827642798423767 0.026977641507983208 0.9211479425430298
vn -0.3470241129398346 0.0429953895509243 0.9368700981140137
vn -0.32881131768226624 0.0571415051817894 0.9426653385162354
vn -0.38827642798423767 0.026977641507983208 0.9211479425430298
vn -0.8176857233047485 -0.12006529420614243 0.5630048513412476
vn -0.7689242362976074 -0.07828990370035172 0.6345283389091492
vn -0.7305293083190918 -0.05537689849734306 0.6806322932243347
vn -0.7689242362976074 -0.07828990370035172 0.6345283389091492
vn -0.8176857233047485 -0.12006529420614243 0.5630048513412476
vn -0.8218409419059753 -0.18666189908981323 0.5382701754570007
vn -0.7305293083190918 -0.05537689849734306 0.6806322932243347
vn -0.8190708756446838 -0.1005704328417778 0.5648083686828613
vn -0.8176857233047485 -0.12006529420614243 0.5630048513412476
vn -0.8190708756446838 -0.1005704328417778 0.5648083686828613
vn -0.7305293083190918 -0.05537689849734306 0.6806322932243347
vn -0.6995804309844971 -0.1377747505903244 0.7011457085609436
vn 0.8587239980697632 0.09030978381633759 0.5044176578521729
vn 0.8041172027587891 -0.04019913449883461 0.5931100249290466
vn 0.887824296951294 0.12870338559150696 0.4418184161186218
vn 0.8041172027587891 -0.04019913449883461 0.5931100249290466
vn 0.8587239980697632 0.09030978381633759 0.5044176578521729
vn 0.7830325365066528 -0.04314352571964264 0.6204825639724731
vn 0.7830325365066528 -0.04314352571964264 0.6204825639724731
vn 0.7584347128868103 -0.13367900252342224 0.6378924250602722
vn 0.8041172027587891 -0.04019913449883461 0.5931100249290466
vn 0.7584347128868103 -0.13367900252342224 0.6378924250602722
vn 0.7830325365066528 -0.04314352571964264 0.6204825639724731
vn 0.756314218044281 -0.13470563292503357 0.6401899456977844
vn -0.3380057215690613 -0.21049939095973969 -0.917301595211029
vn -0.7530730962753296 -0.53168123960495 -0.3875511586666107
vn -0.7996858954429626 -0.5487889051437378 -0.2435840666294098
vn 0.25464311242103577 0.8845326900482178 0.39084380865097046
vn 0.37511932849884033 0.817793071269989 0.43646302819252014
vn 0.40267252922058105 0.7749907970428467 0.48707708716392517
vn 0.37511932849884033 0.817793071269989 0.43646302819252014
vn 0.25464311242103577 0.8845326900482178 0.39084380865097046
vn 0.22888824343681335 0.9034323692321777 0.3625190854072571
vn 0.466362327337265 0.6721875667572021 0.5750392079353333
vn 0.40267252922058105 0.7749907970428467 0.48707708716392517
vn 0.37511932849884033 0.817793071269989 0.43646302819252014
vn 0.40267252922058105 0.7749907970428467 0.48707708716392517
vn 0.466362327337265 0.6721875667572021 0.5750392079353333
vn 0.4395751953125 0.6106796860694885 0.6586683392524719
vn 0.44881314039230347 0.5192425847053528 0.7272921204566956
vn 0.4395751953125 0.6106796860694885 0.6586683392524719
vn 0.466362327337265 0.6721875667572021 0.5750392079353333
vn 0.4395751953125 0.6106796860694885 0.6586683392524719
vn 0.44881314039230347 0.5192425847053528 0.7272921204566956
vn 0.4304036498069763 0.48390474915504456 0.7619638442993164
vn 0.44881314039230347 0.5192425847053528 0.7272921204566956
vn 0.4989047348499298 0.4439047574996948 0.7443404197692871
vn 0.4304036498069763 0.48390474915504456 0.7619638442993164
vn 0.8152381777763367 -0.12191049009561539 0.5661488771438599
vn 0.8806519508361816 -0.03283428028225899 0.47262465953826904
vn 0.8880739212036133 0.0239979587495327 0.4590737819671631
vn 0.8806519508361816 -0.03283428028225899 0.47262465953826904
vn 0.8152381777763367 -0.12191049009561539 0.5661488771438599
vn 0.8076080679893494 -0.09407740086317062 0.5821671485900879
vn 0.8076080679893494 -0.09407740086317062 0.5821671485900879
vn 0.8748794198036194 -0.3168903887271881 0.366287499666214
vn 0.8806519508361816 -0.03283428028225899 0.47262465953826904
vn 0.8748794198036194 -0.3168903887271881 0.366287499666214
vn 0.8076080679893494 -0.09407740086317062 0.5821671485900879
vn 0.8219587206840515 -0.33385008573532104 0.4614410996437073
vn 0.6060984134674072 -0.09180636703968048 0.790073573589325
vn 0.8076080679893494 -0.09407740086317062 0.5821671485900879
vn 0.8152381777763367 -0.12191049009561539 0.5661488771438599
vn 0.8076080679893494 -0.09407740086317062 0.5821671485900879
vn 0.6060984134674072 -0.09180636703968048 0.790073573589325
vn 0.6132639050483704 -0.08560209721326828 0.7852259278297424
vn 0.6132639050483704 -0.08560209721326828 0.7852259278297424
vn 0.8219587206840515 -0.33385008573532104 0.4614410996437073
vn 0.8076080679893494 -0.09407740086317062 0.5821671485900879
vn 0.4711759686470032 -0.06697183102369308 0.8794930577278137
vn 0.6132639050483704 -0.08560209721326828 0.7852259278297424
vn 0.6060984134674072 -0.09180636703968048 0.790073573589325
vn 0.6132639050483704 -0.08560209721326828 0.7852259278297424
vn 0.4711759686470032 -0.06697183102369308 0.8794930577278137
vn 0.446189284324646 -0.1144668310880661 0.8875879645347595
vn 0.8219587206840515 -0.33385008573532104 0.4614410996437073
vn 0.6132639050483704 -0.08560209721326828 0.7852259278297424
vn 0.7002208232879639 -0.30567026138305664 0.6451794505119324
vn 0.8219587206840515 -0.33385008573532104 0.4614410996437073
vn 0.7633082270622253 -0.6301054954528809 0.1425747275352478
vn 0.8748794198036194 -0.3168903887271881 0.366287499666214
vn 0.7633082270622253 -0.6301054954528809 0.1425747275352478
vn 0.8219587206840515 -0.33385008573532104 0.4614410996437073
vn 0.7785750031471252 -0.5709409713745117 0.26047536730766296
vn 0.7002208232879639 -0.30567026138305664 0.6451794505119324
vn 0.7785750031471252 -0.5709409713745117 0.26047536730766296
vn 0.8219587206840515 -0.33385008573532104 0.4614410996437073
vn 0.7785750031471252 -0.5709409713745117 0.26047536730766296
vn 0.7002208232879639 -0.30567026138305664 0.6451794505119324
vn 0.764731228351593 -0.5333765745162964 0.3615185022354126
vn 0.6401082277297974 -0.39420944452285767 0.6594393849372864
vn 0.764731228351593 -0.5333765745162964 0.3615185022354126
vn 0.7002208232879639 -0.30567026138305664 0.6451794505119324
vn 0.6401082277297974 -0.39420944452285767 0.6594393849372864
vn 0.6132639050483704 -0.08560209721326828 0.7852259278297424
vn 0.446189284324646 -0.1144668310880661 0.8875879645347595
vn 0.6401082277297974 -0.39420944452285767 0.6594393849372864
vn 0.7002208232879639 -0.30567026138305664 0.6451794505119324
vn 0.6132639050483704 -0.08560209721326828 0.7852259278297424
vn 0.3131147623062134 -0.21224604547023773 0.9256947636604309
vn 0.6401082277297974 -0.39420944452285767 0.6594393849372864
vn 0.446189284324646 -0.1144668310880661 0.8875879645347595
vn 0.3131147623062134 -0.21224604547023773 0.9256947636604309
vn 0.6864590048789978 -0.37450242042541504 0.6233153939247131
vn 0.6401082277297974 -0.39420944452285767 0.6594393849372864
vn 0.764731228351593 -0.5333765745162964 0.3615185022354126
vn 0.6401082277297974 -0.39420944452285767 0.6594393849372864
vn 0.7800599932670593 -0.5738487839698792 0.24940696358680725
vn 0.6864590048789978 -0.37450242042541504 0.6233153939247131
vn 0.7800599932670593 -0.5738487839698792 0.24940696358680725
vn 0.6401082277297974 -0.39420944452285767 0.6594393849372864
vn 0.7800599932670593 -0.5738487839698792 0.24940696358680725
vn 0.6864590048789978 -0.37450242042541504 0.6233153939247131
vn 0.7696580290794373 -0.4012960195541382 0.49657633900642395
vn -0.27928411960601807 0.12428929656744003 0.9521304965019226
vn -0.3284747004508972 0.04989662766456604 0.9431939125061035
vn -0.33334681391716003 0.01572508178651333 0.9426730871200562
vn -0.3284747004508972 0.04989662766456604 0.9431939125061035
vn -0.27928411960601807 0.12428929656744003 0.9521304965019226
vn -0.26936420798301697 0.10116129368543625 0.9577104449272156
vn -0.3380069434642792 -0.21049945056438446 0.9173011183738708
vn -0.33334681391716003 0.01572508178651333 0.9426730871200562
vn -0.3284747004508972 0.04989662766456604 0.9431939125061035
vn -0.33334681391716003 0.01572508178651333 0.9426730871200562
vn -0.3380069434642792 -0.21049945056438446 0.9173011183738708
vn -0.2609401345252991 -0.20646244287490845 0.9430183172225952
vn -0.2609401345252991 -0.20646244287490845 0.9430183172225952
vn -0.3380069434642792 -0.21049945056438446 0.9173011183738708
vn -0.7530736923217773 -0.5316812992095947 0.38755011558532715
vn -0.3227740228176117 0.1263582408428192 -0.9380034804344177
vn -0.3470228910446167 0.04299582168459892 -0.9368705749511719
vn -0.3288103938102722 0.057141926139593124 -0.9426656365394592
vn -0.3470228910446167 0.04299582168459892 -0.9368705749511719
vn -0.3227740228176117 0.1263582408428192 -0.9380034804344177
vn -0.40264880657196045 0.12496767938137054 -0.9067838788032532
vn -0.40264880657196045 0.12496767938137054 -0.9067838788032532
vn -0.5150502920150757 0.0012219048803672194 -0.8571591377258301
vn -0.3470228910446167 0.04299582168459892 -0.9368705749511719
vn -0.5150502920150757 0.0012219048803672194 -0.8571591377258301
vn -0.40264880657196045 0.12496767938137054 -0.9067838788032532
vn -0.5894469022750854 0.07699154317378998 -0.8041297197341919
vn -0.5894469022750854 0.07699154317378998 -0.8041297197341919
vn -0.7305284738540649 -0.055376894772052765 -0.6806331276893616
vn -0.5150502920150757 0.0012219048803672194 -0.8571591377258301
vn -0.7305284738540649 -0.055376894772052765 -0.6806331276893616
vn -0.5894469022750854 0.07699154317378998 -0.8041297197341919
vn -0.7689235806465149 -0.07828989624977112 -0.634529173374176
vn -0.6995794773101807 -0.13777472078800201 -0.7011467218399048
vn -0.5150502920150757 0.0012219048803672194 -0.8571591377258301
vn -0.7305284738540649 -0.055376894772052765 -0.6806331276893616
vn -0.5150502920150757 0.0012219048803672194 -0.8571591377258301
vn -0.6995794773101807 -0.13777472078800201 -0.7011467218399048
vn -0.433445543050766 -0.09971213340759277 -0.8956463932991028
vn -0.433445543050766 -0.09971213340759277 -0.8956463932991028
vn -0.3470228910446167 0.04299582168459892 -0.9368705749511719
vn -0.5150502920150757 0.0012219048803672194 -0.8571591377258301
vn -0.3470228910446167 0.04299582168459892 -0.9368705749511719
vn -0.433445543050766 -0.09971213340759277 -0.8956463932991028
vn -0.17193512618541718 0.019925346598029137 -0.984906792640686
vn -0.2786653935909271 0.04274469614028931 -0.9594365954399109
vn -0.3470228910446167 0.04299582168459892 -0.9368705749511719
vn -0.17193512618541718 0.019925346598029137 -0.984906792640686
vn -0.3470228910446167 0.04299582168459892 -0.9368705749511719
vn -0.2786653935909271 0.04274469614028931 -0.9594365954399109
vn -0.3882754445075989 0.026977645233273506 -0.9211483597755432
vn -0.3470228910446167 0.04299582168459892 -0.9368705749511719
vn -0.3882754445075989 0.026977645233273506 -0.9211483597755432
vn -0.3288103938102722 0.057141926139593124 -0.9426656365394592
vn -0.7689235806465149 -0.07828989624977112 -0.634529173374176
vn -0.8176849484443665 -0.12006541341543198 -0.5630059242248535
vn -0.7305284738540649 -0.055376894772052765 -0.6806331276893616
vn -0.8176849484443665 -0.12006541341543198 -0.5630059242248535
vn -0.7689235806465149 -0.07828989624977112 -0.634529173374176
vn -0.821840226650238 -0.18666192889213562 -0.5382712483406067
vn -0.7305284738540649 -0.055376894772052765 -0.6806331276893616
vn -0.8190701007843018 -0.10057058930397034 -0.5648095607757568
vn -0.6995794773101807 -0.13777472078800201 -0.7011467218399048
vn -0.8190701007843018 -0.10057058930397034 -0.5648095607757568
vn -0.7305284738540649 -0.055376894772052765 -0.6806331276893616
vn -0.8176849484443665 -0.12006541341543198 -0.5630059242248535
vn 0.8587249517440796 0.09030985087156296 -0.5044160485267639
vn 0.8041186332702637 -0.040198780596256256 -0.5931081771850586
vn 0.7830342054367065 -0.04314306378364563 -0.6204805970191956
vn 0.8041186332702637 -0.040198780596256256 -0.5931081771850586
vn 0.8587249517440796 0.09030985087156296 -0.5044160485267639
vn 0.8878248929977417 0.128703311085701 -0.4418172240257263
vn 0.7584360837936401 -0.13367876410484314 -0.6378908157348633
vn 0.7830342054367065 -0.04314306378364563 -0.6204805970191956
vn 0.8041186332702637 -0.040198780596256256 -0.5931081771850586
vn 0.7830342054367065 -0.04314306378364563 -0.6204805970191956
vn 0.7584360837936401 -0.13367876410484314 -0.6378908157348633
vn 0.7563155889511108 -0.13470542430877686 -0.6401883959770203
vn -0.3380069434642792 -0.21049945056438446 0.9173011183738708
vn -0.7996861934661865 -0.5487889051437378 0.24358296394348145
vn -0.7530736923217773 -0.5316812992095947 0.38755011558532715
vn 0.2699640989303589 -0.9231870174407959 0.27357831597328186
vn 0.2699640691280365 -0.9231870174407959 0.2735782563686371
vn 0.2699640095233917 -0.9231870174407959 0.27357831597328186
vn 0.2699640691280365 -0.9231870174407959 0.2735782563686371
vn 0.2699640989303589 -0.9231870174407959 0.27357831597328186
vn 0.26996415853500366 -0.9231870174407959 0.2735782861709595
vn 0.6849348545074463 -0.22154414653778076 0.6941054463386536
vn 0.5454245805740356 -0.6300829648971558 0.5527272820472717
vn 0.5454245209693909 -0.6300831437110901 0.5527271628379822
vn 0.5454245805740356 -0.6300829648971558 0.5527272820472717
vn 0.6849348545074463 -0.22154414653778076 0.6941054463386536
vn 0.6849348545074463 -0.22154414653778076 0.6941054463386536
vn 0.5454245805740356 -0.6300829648971558 0.5527272820472717
vn 0.5157848596572876 -0.6787928938865662 0.5226913094520569
vn 0.5454245209693909 -0.6300831437110901 0.5527271628379822
vn 0.5157848596572876 -0.6787928938865662 0.5226913094520569
vn 0.5454245805740356 -0.6300829648971558 0.5527272820472717
vn 0.5157846212387085 -0.6787928938865662 0.5226913690567017
vn 0.5157846212387085 -0.6787928938865662 0.5226913690567017
vn 0.6782132983207703 -0.26009970903396606 0.6872953176498413
vn 0.5157848596572876 -0.6787928938865662 0.5226913094520569
vn 0.6782132983207703 -0.26009970903396606 0.6872953176498413
vn 0.5157846212387085 -0.6787928938865662 0.5226913690567017
vn 0.678194522857666 -0.26019975543022156 0.6872759461402893
vn 0.678194522857666 -0.26019975543022156 0.6872759461402893
vn 0.6917775273323059 -0.17316453158855438 0.7010406255722046
vn 0.6782132983207703 -0.26009970903396606 0.6872953176498413
vn 0.6917775273323059 -0.17316453158855438 0.7010406255722046
vn 0.678194522857666 -0.26019975543022156 0.6872759461402893
vn 0.6917778849601746 -0.17316405475139618 0.7010403275489807
vn 0.7117937207221985 -4.151616792569257e-7 -0.7023885846138
vn 0.711793839931488 -1.1949811096201302e-7 -0.7023884654045105
vn 0.711793839931488 0 -0.7023884654045105
vn 0.711793839931488 0 -0.7023884654045105
vn 0.711793839931488 -1.1949811096201302e-7 -0.7023884654045105
vn 0.7150035500526428 0.003559292759746313 -0.6991117596626282
vn 0.711793839931488 0 -0.7023884654045105
vn 0.7150035500526428 0.003559292759746313 -0.6991117596626282
vn 0.7117089033126831 0.015433937311172485 -0.7023048996925354
vn 0.7150035500526428 0.003559292759746313 -0.6991117596626282
vn 0.7340136170387268 -0.01901768147945404 -0.6788683533668518
vn 0.7117089033126831 0.015433937311172485 -0.7023048996925354
vn 0.7340136170387268 -0.01901768147945404 -0.6788683533668518
vn 0.7150035500526428 0.003559292759746313 -0.6991117596626282
vn 0.7346972227096558 -0.017675144597887993 -0.6781648397445679
vn 0.7346972227096558 -0.017675144597887993 -0.6781648397445679
vn 0.7269587516784668 -0.01995561271905899 -0.6863910555839539
vn 0.7340136170387268 -0.01901768147945404 -0.6788683533668518
vn 0.7269587516784668 -0.01995561271905899 -0.6863910555839539
vn 0.7346972227096558 -0.017675144597887993 -0.6781648397445679
vn 0.7112078666687012 0.001998408930376172 -0.7029789686203003
vn -0.7117937207221985 0 0.7023885846138
vn -0.7177441716194153 -0.0041142175905406475 0.6962948441505432
vn -0.7117936015129089 0 0.7023887038230896
vn -0.7177441716194153 -0.0041142175905406475 0.6962948441505432
vn -0.7336328625679016 -0.004337679594755173 0.6795321702957153
vn -0.7117936015129089 0 0.7023887038230896
vn -0.7336328625679016 -0.004337679594755173 0.6795321702957153
vn -0.7177441716194153 -0.0041142175905406475 0.6962948441505432
vn -0.7347072958946228 0.0012512000976130366 0.6783830523490906
vn -0.7347072958946228 0.0012512000976130366 0.6783830523490906
vn -0.7287309169769287 0.020002828910946846 0.6845079064369202
vn -0.7336328625679016 -0.004337679594755173 0.6795321702957153
vn -0.7287309169769287 0.020002828910946846 0.6845079064369202
vn -0.7347072958946228 0.0012512000976130366 0.6783830523490906
vn -0.7203105092048645 0.03044949844479561 0.692983090877533
vn -0.7117937207221985 0 0.7023885846138
vn -0.7117936015129089 0 0.7023887038230896
vn -0.7117937803268433 0 0.7023884654045105
vn -0.7117937207221985 0 0.7023885846138
vn -0.7117937803268433 0 0.7023884654045105
vn -0.7117937803268433 0 0.7023885846138
vn 0.27357858419418335 -0.9231868982315063 -0.2699642479419708
vn 0.27357858419418335 -0.9231868982315063 -0.2699642777442932
vn 0.27357861399650574 -0.9231868982315063 -0.26996418833732605
vn 0.27357858419418335 -0.9231868982315063 -0.2699642777442932
vn 0.27357858419418335 -0.9231868982315063 -0.2699642479419708
vn 0.27357858419418335 -0.9231868982315063 -0.269964337348938
vn 0.694105327129364 -0.22154414653778076 -0.6849350333213806
vn 0.5527272820472717 -0.6300829648971558 -0.5454246997833252
vn 0.5527268648147583 -0.6300832629203796 -0.5454245805740356
vn 0.5527272820472717 -0.6300829648971558 -0.5454246997833252
vn 0.694105327129364 -0.22154414653778076 -0.6849350333213806
vn 0.6941055059432983 -0.2215440273284912 -0.6849348545074463
vn 0.5527272820472717 -0.6300829648971558 -0.5454246997833252
vn 0.5226913690567017 -0.6787930130958557 -0.5157846212387085
vn 0.5527268648147583 -0.6300832629203796 -0.5454245805740356
vn 0.5226913690567017 -0.6787930130958557 -0.5157846212387085
vn 0.5527272820472717 -0.6300829648971558 -0.5454246997833252
vn 0.5226914286613464 -0.6787930727005005 -0.5157845616340637
vn 0.5226914286613464 -0.6787930727005005 -0.5157845616340637
vn 0.687295138835907 -0.2600998282432556 -0.6782134175300598
vn 0.5226913690567017 -0.6787930130958557 -0.5157846212387085
vn 0.687295138835907 -0.2600998282432556 -0.6782134175300598
vn 0.5226914286613464 -0.6787930727005005 -0.5157845616340637
vn 0.6872758269309998 -0.26019999384880066 -0.6781945824623108
vn 0.6872758269309998 -0.26019999384880066 -0.6781945824623108
vn 0.7010406255722046 -0.17316491901874542 -0.6917774081230164
vn 0.687295138835907 -0.2600998282432556 -0.6782134175300598
vn 0.7010406255722046 -0.17316491901874542 -0.6917774081230164
vn 0.6872758269309998 -0.26019999384880066 -0.6781945824623108
vn 0.701040506362915 -0.17316479980945587 -0.6917775869369507
vn -0.7023886442184448 -3.9461775713789393e-7 -0.7117936611175537
vn -0.7023885846138 0 -0.7117937803268433
vn -0.7023886442184448 0 -0.7117936611175537
vn -0.7023886442184448 0 -0.7117936611175537
vn -0.7023885846138 0 -0.7117937803268433
vn -0.6991118788719177 0.0035593637730926275 -0.7150033712387085
vn -0.7023886442184448 0 -0.7117936611175537
vn -0.6991118788719177 0.0035593637730926275 -0.7150033712387085
vn -0.7023053169250488 0.01543406955897808 -0.7117085456848145
vn -0.6991118788719177 0.0035593637730926275 -0.7150033712387085
vn -0.678868293762207 -0.01901775225996971 -0.7340137362480164
vn -0.7023053169250488 0.01543406955897808 -0.7117085456848145
vn -0.678868293762207 -0.01901775225996971 -0.7340137362480164
vn -0.6991118788719177 0.0035593637730926275 -0.7150033712387085
vn -0.6781647801399231 -0.017675330862402916 -0.7346972823143005
vn -0.6781647801399231 -0.017675330862402916 -0.7346972823143005
vn -0.6863909959793091 -0.01995541714131832 -0.7269588708877563
vn -0.678868293762207 -0.01901775225996971 -0.7340137362480164
vn -0.6863909959793091 -0.01995541714131832 -0.7269588708877563
vn -0.6781647801399231 -0.017675330862402916 -0.7346972823143005
vn -0.7029790282249451 0.0019988268613815308 -0.7112077474594116
vn 0.7023885846138 0 0.7117937207221985
vn 0.6962946653366089 -0.004114213865250349 0.7177442312240601
vn 0.7023885846138 -1.1118764575712703e-7 0.7117937207221985
vn 0.6962946653366089 -0.004114213865250349 0.7177442312240601
vn 0.6795321702957153 -0.004337646067142487 0.7336328625679016
vn 0.7023885846138 -1.1118764575712703e-7 0.7117937207221985
vn 0.6795321702957153 -0.004337646067142487 0.7336328625679016
vn 0.6962946653366089 -0.004114213865250349 0.7177442312240601
vn 0.6783829927444458 0.0012512257089838386 0.7347074151039124
vn 0.6783829927444458 0.0012512257089838386 0.7347074151039124
vn 0.6845077872276306 0.020002854987978935 0.7287310361862183
vn 0.6795321702957153 -0.004337646067142487 0.7336328625679016
vn 0.6845077872276306 0.020002854987978935 0.7287310361862183
vn 0.6783829927444458 0.0012512257089838386 0.7347074151039124
vn 0.6929829716682434 0.030449504032731056 0.720310628414154
vn 0.7023885846138 0 0.7117937207221985
vn 0.7023885846138 -1.1118764575712703e-7 0.7117937207221985
vn 0.7023884654045105 0 0.7117937803268433
vn 0.7023885846138 0 0.7117937207221985
vn 0.7023884654045105 0 0.7117937803268433
vn 0.7023886442184448 4.031979017327103e-7 0.7117936611175537
vn -0.3999844491481781 0.916519820690155 0.0019714387599378824
vn -0.3999844491481781 0.9165197610855103 0.001971438992768526
vn -0.3999844491481781 0.9165197610855103 0.001971438992768526
vn 0.6439724564552307 -0.7402740716934204 0.19311603903770447
vn 0.6562731266021729 -0.7428877353668213 0.13199737668037415
vn 0.6603088974952698 -0.7431228756904602 0.10844612121582031
vn 0.6562731266021729 -0.7428877353668213 0.13199737668037415
vn 0.6439724564552307 -0.7402740716934204 0.19311603903770447
vn 0.638272762298584 -0.738394021987915 0.2176743596792221
vn 0.7044406533241272 0.41686922311782837 -0.5744419097900391
vn 0.7965042591094971 0.4006260931491852 -0.45285728573799133
vn 0.6804267764091492 0.44551485776901245 -0.5818383693695068
vn 0.7965042591094971 0.4006260931491852 -0.45285728573799133
vn 0.7044406533241272 0.41686922311782837 -0.5744419097900391
vn 0.7980364561080933 0.33409953117370605 -0.5015131235122681
vn 0.6804267764091492 0.44551485776901245 -0.5818383693695068
vn 0.4947647452354431 0.3703497350215912 -0.7861608266830444
vn 0.7044406533241272 0.41686922311782837 -0.5744419097900391
vn 0.4947647452354431 0.3703497350215912 -0.7861608266830444
vn 0.44196444749832153 0.20662039518356323 -0.8729120492935181
vn 0.333056777715683 0.2849256098270416 -0.898827314376831
vn 0.44196444749832153 0.20662039518356323 -0.8729120492935181
vn 0.4947647452354431 0.3703497350215912 -0.7861608266830444
vn 0.48342716693878174 0.3012184500694275 -0.8219280242919922
vn 0.48342716693878174 0.3012184500694275 -0.8219280242919922
vn 0.5844394564628601 0.03268473222851753 -0.810778796672821
vn 0.44196444749832153 0.20662039518356323 -0.8729120492935181
vn 0.5844394564628601 0.03268473222851753 -0.810778796672821
vn 0.48342716693878174 0.3012184500694275 -0.8219280242919922
vn 0.4943971633911133 0.1202986016869545 -0.860871434211731
vn 0.5844394564628601 0.03268473222851753 -0.810778796672821
vn 0.36510562896728516 0.20098526775836945 -0.9090120196342468
vn 0.44196444749832153 0.20662039518356323 -0.8729120492935181
vn 0.36510562896728516 0.20098526775836945 -0.9090120196342468
vn 0.5844394564628601 0.03268473222851753 -0.810778796672821
vn 0.4756529927253723 -0.07417883723974228 -0.8764997124671936
vn 0.5844394564628601 0.03268473222851753 -0.810778796672821
vn 0.5809299945831299 -0.10608434677124023 -0.8070108294487
vn 0.4756529927253723 -0.07417883723974228 -0.8764997124671936
vn 0.4756529927253723 -0.07417883723974228 -0.8764997124671936
vn 0.15729960799217224 0.0011638607829809189 -0.9875501990318298
vn 0.36510562896728516 0.20098526775836945 -0.9090120196342468
vn 0.15906867384910583 0.11595810204744339 -0.9804340600967407
vn 0.36510562896728516 0.20098526775836945 -0.9090120196342468
vn 0.15729960799217224 0.0011638607829809189 -0.9875501990318298
vn 0.15906867384910583 0.11595810204744339 -0.9804340600967407
vn 0.15729960799217224 0.0011638607829809189 -0.9875501990318298
vn 0.060115184634923935 -0.048956699669361115 -0.9969902038574219
vn 0.36510562896728516 0.20098526775836945 -0.9090120196342468
vn 0.15906867384910583 0.11595810204744339 -0.9804340600967407
vn 0.24244961142539978 0.48709848523139954 -0.8390191793441772
vn 0.44196444749832153 0.20662039518356323 -0.8729120492935181
vn 0.36510562896728516 0.20098526775836945 -0.9090120196342468
vn 0.24244961142539978 0.48709848523139954 -0.8390191793441772
vn 0.10906770080327988 0.33807191252708435 -0.9347789287567139
vn 0.44196444749832153 0.20662039518356323 -0.8729120492935181
vn 0.24244961142539978 0.48709848523139954 -0.8390191793441772
vn 0.15729960799217224 0.0011638607829809189 -0.9875501990318298
vn 0.4756529927253723 -0.07417883723974228 -0.8764997124671936
vn 0.27528759837150574 -0.14271333813667297 -0.9507100582122803
vn 0.060115184634923935 -0.048956699669361115 -0.9969902038574219
vn 0.15729960799217224 0.0011638607829809189 -0.9875501990318298
vn 0.27528759837150574 -0.14271333813667297 -0.9507100582122803
vn 0.060115184634923935 -0.048956699669361115 -0.9969902038574219
vn 0.27528759837150574 -0.14271333813667297 -0.9507100582122803
vn 0.17418619990348816 -0.14577996730804443 -0.9738620519638062
vn 0.3534276783466339 -0.2347833514213562 -0.9055195450782776
vn 0.17418619990348816 -0.14577996730804443 -0.9738620519638062
vn 0.27528759837150574 -0.14271333813667297 -0.9507100582122803
vn 0.17418619990348816 -0.14577996730804443 -0.9738620519638062
vn 0.3534276783466339 -0.2347833514213562 -0.9055195450782776
vn 0.1919734925031662 -0.06706612557172775 -0.9791058897972107
vn 0.27528759837150574 -0.14271333813667297 -0.9507100582122803
vn 0.48350003361701965 -0.2244233787059784 -0.8460862040519714
vn 0.3534276783466339 -0.2347833514213562 -0.9055195450782776
vn 0.48350003361701965 -0.2244233787059784 -0.8460862040519714
vn 0.27528759837150574 -0.14271333813667297 -0.9507100582122803
vn 0.4756529927253723 -0.07417883723974228 -0.8764997124671936
vn 0.4756529927253723 -0.07417883723974228 -0.8764997124671936
vn 0.5409311056137085 -0.18350812792778015 -0.8208034634590149
vn 0.48350003361701965 -0.2244233787059784 -0.8460862040519714
vn 0.4756529927253723 -0.07417883723974228 -0.8764997124671936
vn 0.5809299945831299 -0.10608434677124023 -0.8070108294487
vn 0.5409311056137085 -0.18350812792778015 -0.8208034634590149
vn 0.17418619990348816 -0.14577996730804443 -0.9738620519638062
vn 0.1919734925031662 -0.06706612557172775 -0.9791058897972107
vn 0.1606731414794922 -0.203179731965065 -0.9658685922622681
vn -0.6590487360954285 0.1720297485589981 -0.7321615219116211
vn -0.6567506790161133 -0.0833369642496109 -0.7494887709617615
vn -0.676999032497406 0.1510663479566574 -0.720313310623169
vn -0.6567506790161133 -0.0833369642496109 -0.7494887709617615
vn -0.6590487360954285 0.1720297485589981 -0.7321615219116211
vn -0.6380765438079834 -0.09314438700675964 -0.7643182277679443
vn -0.6380765438079834 -0.09314438700675964 -0.7643182277679443
vn -0.5769789218902588 -0.18196995556354523 -0.7962300181388855
vn -0.6567506790161133 -0.0833369642496109 -0.7494887709617615
vn -0.5769789218902588 -0.18196995556354523 -0.7962300181388855
vn -0.6380765438079834 -0.09314438700675964 -0.7643182277679443
vn -0.5327263474464417 -0.20656442642211914 -0.8206910490989685
vn -0.49150705337524414 0.2935698628425598 -0.8199008703231812
vn -0.6590487360954285 0.1720297485589981 -0.7321615219116211
vn -0.676999032497406 0.1510663479566574 -0.720313310623169
vn -0.6590487360954285 0.1720297485589981 -0.7321615219116211
vn -0.49150705337524414 0.2935698628425598 -0.8199008703231812
vn -0.46947959065437317 0.286335825920105 -0.8352249264717102
vn -0.6464107632637024 -0.020750606432557106 0.7627074122428894
vn -0.6845066547393799 -0.039315711706876755 0.7279456257820129
vn -0.7009581923484802 -0.007436650339514017 0.7131636142730713
vn -0.6845066547393799 -0.039315711706876755 0.7279456257820129
vn -0.6464107632637024 -0.020750606432557106 0.7627074122428894
vn -0.6478651762008667 -0.008698970079421997 0.7617053389549255
vn -0.6478651762008667 -0.008698970079421997 0.7617053389549255
vn -0.6286099553108215 -0.029289938509464264 0.7771689295768738
vn -0.6845066547393799 -0.039315711706876755 0.7279456257820129
vn -0.6286099553108215 -0.029289938509464264 0.7771689295768738
vn -0.6478651762008667 -0.008698970079421997 0.7617053389549255
vn -0.6257014870643616 0.043190114200115204 0.7788659930229187
vn -0.7661516666412354 -0.04506848752498627 0.6410775184631348
vn -0.7009581923484802 -0.007436650339514017 0.7131636142730713
vn -0.6845066547393799 -0.039315711706876755 0.7279456257820129
vn -0.7009581923484802 -0.007436650339514017 0.7131636142730713
vn -0.7661516666412354 -0.04506848752498627 0.6410775184631348
vn -0.7552728652954102 -0.008051867596805096 0.6553610563278198
vn -0.6896164417266846 -0.03713029995560646 0.7232223153114319
vn -0.6478651762008667 -0.008698970079421997 0.7617053389549255
vn -0.6464107632637024 -0.020750606432557106 0.7627074122428894
vn -0.49275603890419006 0.30557936429977417 0.8147470355033875
vn -0.6478651762008667 -0.008698970079421997 0.7617053389549255
vn -0.6896164417266846 -0.03713029995560646 0.7232223153114319
vn -0.49275603890419006 0.30557936429977417 0.8147470355033875
vn -0.49141964316368103 0.18025481700897217 0.8520650267601013
vn -0.6478651762008667 -0.008698970079421997 0.7617053389549255
vn -0.49141964316368103 0.18025481700897217 0.8520650267601013
vn -0.6257014870643616 0.043190114200115204 0.7788659930229187
vn -0.6478651762008667 -0.008698970079421997 0.7617053389549255
vn -0.17891396582126617 0.07876468449831009 0.9807068109512329
vn -0.49141964316368103 0.18025481700897217 0.8520650267601013
vn -0.49275603890419006 0.30557936429977417 0.8147470355033875
vn -0.49141964316368103 0.18025481700897217 0.8520650267601013
vn -0.17891396582126617 0.07876468449831009 0.9807068109512329
vn -0.1843446046113968 0.11688428372144699 0.975886881351471
vn -0.1843446046113968 0.11688428372144699 0.975886881351471
vn -0.5154728889465332 0.15048405528068542 0.8435888886451721
vn -0.49141964316368103 0.18025481700897217 0.8520650267601013
vn -0.6257014870643616 0.043190114200115204 0.7788659930229187
vn -0.49141964316368103 0.18025481700897217 0.8520650267601013
vn -0.5154728889465332 0.15048405528068542 0.8435888886451721
vn -0.5154728889465332 0.15048405528068542 0.8435888886451721
vn -0.1843446046113968 0.11688428372144699 0.975886881351471
vn -0.2716749310493469 0.22363603115081787 0.9360446929931641
vn -0.2716749310493469 0.22363603115081787 0.9360446929931641
vn -0.5027865171432495 0.2175741046667099 0.8365806937217712
vn -0.5154728889465332 0.15048405528068542 0.8435888886451721
vn -0.5154728889465332 0.15048405528068542 0.8435888886451721
vn -0.5027865171432495 0.2175741046667099 0.8365806937217712
vn -0.6079606413841248 0.15841566026210785 0.7780027389526367
vn -0.5027865171432495 0.2175741046667099 0.8365806937217712
vn -0.2716749310493469 0.22363603115081787 0.9360446929931641
vn -0.3032485842704773 0.2392420768737793 0.9223901033401489
vn -0.05747564136981964 0.14733219146728516 0.9874156713485718
vn -0.2716749310493469 0.22363603115081787 0.9360446929931641
vn -0.1843446046113968 0.11688428372144699 0.975886881351471
vn -0.05747564136981964 0.14733219146728516 0.9874156713485718
vn -0.1843446046113968 0.11688428372144699 0.975886881351471
vn -0.17891396582126617 0.07876468449831009 0.9807068109512329
vn -0.05747564136981964 0.14733219146728516 0.9874156713485718
vn -0.13188475370407104 0.1639953851699829 0.9776052236557007
vn -0.2716749310493469 0.22363603115081787 0.9360446929931641
vn -0.13188475370407104 0.1639953851699829 0.9776052236557007
vn -0.3032485842704773 0.2392420768737793 0.9223901033401489
vn -0.2716749310493469 0.22363603115081787 0.9360446929931641
vn -0.5154728889465332 0.15048405528068542 0.8435888886451721
vn -0.6079606413841248 0.15841566026210785 0.7780027389526367
vn -0.625059187412262 0.1279032975435257 0.7700270414352417
vn -0.5154728889465332 0.15048405528068542 0.8435888886451721
vn -0.625059187412262 0.1279032975435257 0.7700270414352417
vn -0.6257014870643616 0.043190114200115204 0.7788659930229187
vn -0.3032485842704773 0.2392420768737793 0.9223901033401489
vn -0.13188475370407104 0.1639953851699829 0.9776052236557007
vn -0.1390012800693512 0.08213411271572113 0.9868802428245544
vn -0.13188475370407104 0.1639953851699829 0.9776052236557007
vn -0.11302339285612106 0.1837170571088791 0.976459801197052
vn -0.1390012800693512 0.08213411271572113 0.9868802428245544
vn 0.0031612960156053305 0.008952844887971878 0.9999549388885498
vn 0.01768690161406994 0.02220204472541809 0.9995970129966736
vn -0.006651866249740124 6.654686330875847e-7 0.9999778866767883
vn 0.01768690161406994 0.02220204472541809 0.9995970129966736
vn 0.0031612960156053305 0.008952844887971878 0.9999549388885498
vn 0.025065787136554718 0.028931625187397003 0.9992671012878418
vn 0.4947647452354431 0.3703497350215912 -0.7861608266830444
vn 0.6804267764091492 0.44551485776901245 -0.5818383693695068
vn 0.48342716693878174 0.3012184500694275 -0.8219280242919922
vn -0.9572896957397461 -0.09638899564743042 0.27259060740470886
vn -0.9571266770362854 -0.0951484814286232 0.27359703183174133
vn -0.9625678658485413 -0.17322422564029694 0.20846213400363922
vn -0.9571266770362854 -0.0951484814286232 0.27359703183174133
vn -0.9572896957397461 -0.09638899564743042 0.27259060740470886
vn -0.9440760612487793 -0.025394311174750328 0.3287484645843506
vn 0.9414865374565125 0.09473248571157455 0.32346388697624207
vn 0.9059200286865234 0.061007410287857056 0.419031023979187
vn 0.9547286033630371 0.11056546121835709 0.2761675715446472
vn 0.9059200286865234 0.061007410287857056 0.419031023979187
vn 0.9414865374565125 0.09473248571157455 0.32346388697624207
vn 0.8868939280509949 0.04589364677667618 0.4596877992153168
vn 0.31962862610816956 -0.9425300359725952 0.0973377451300621
vn 0.43161481618881226 -0.8839972019195557 0.1796039193868637
vn 0.291851669549942 -0.951715886592865 0.09518135339021683
vn 0.43161481618881226 -0.8839972019195557 0.1796039193868637
vn 0.31962862610816956 -0.9425300359725952 0.0973377451300621
vn 0.4445990025997162 -0.8623912930488586 0.2421012967824936
vn 0.5395722389221191 -0.8173282146453857 0.20208029448986053
vn 0.43161481618881226 -0.8839972019195557 0.1796039193868637
vn 0.4445990025997162 -0.8623912930488586 0.2421012967824936
vn 0.43161481618881226 -0.8839972019195557 0.1796039193868637
vn 0.5395722389221191 -0.8173282146453857 0.20208029448986053
vn 0.5562599897384644 -0.8149125576019287 0.16276481747627258
vn 0.8722259402275085 0.12190578132867813 0.47366759181022644
vn 0.9016476273536682 0.09890270978212357 0.4210103452205658
vn 0.9200036525726318 0.08255910128355026 0.383115291595459
vn 0.9016476273536682 0.09890270978212357 0.4210103452205658
vn 0.8722259402275085 0.12190578132867813 0.47366759181022644
vn 0.8514497876167297 0.1363871544599533 0.5063909292221069
vn 0.39571675658226013 -0.8856762051582336 0.24287009239196777
vn 0.321162611246109 -0.9320722222328186 0.16761863231658936
vn 0.38884663581848145 -0.8830763697624207 0.26262977719306946
vn 0.321162611246109 -0.9320722222328186 0.16761863231658936
vn 0.39571675658226013 -0.8856762051582336 0.24287009239196777
vn 0.3378051817417145 -0.9281906485557556 0.15604422986507416
vn 0.38884663581848145 -0.8830763697624207 0.26262977719306946
vn 0.5010073184967041 -0.7675679922103882 0.3997887969017029
vn 0.39571675658226013 -0.8856762051582336 0.24287009239196777
vn 0.5010073184967041 -0.7675679922103882 0.3997887969017029
vn 0.38884663581848145 -0.8830763697624207 0.26262977719306946
vn 0.5241589546203613 -0.7562214136123657 0.39164605736732483
vn 0.5241589546203613 -0.7562214136123657 0.39164605736732483
vn 0.7365314364433289 -0.583308219909668 0.342451274394989
vn 0.5010073184967041 -0.7675679922103882 0.3997887969017029
vn 0.7365314364433289 -0.583308219909668 0.342451274394989
vn 0.5241589546203613 -0.7562214136123657 0.39164605736732483
vn 0.7693890929222107 -0.5267133116722107 0.3614048957824707
vn 0.7693890929222107 -0.5267133116722107 0.3614048957824707
vn 0.7410165071487427 -0.4232565760612488 0.521294891834259
vn 0.7365314364433289 -0.583308219909668 0.342451274394989
vn 0.7410165071487427 -0.4232565760612488 0.521294891834259
vn 0.7693890929222107 -0.5267133116722107 0.3614048957824707
vn 0.7222601175308228 -0.4232428967952728 0.5469970703125
vn 0.333056777715683 0.2849256098270416 -0.898827314376831
vn 0.44196444749832153 0.20662039518356323 -0.8729120492935181
vn 0.10906770080327988 0.33807191252708435 -0.9347789287567139
vn -0.004522413015365601 0.9314005970954895 -0.3639677166938782
vn -0.004522412084043026 0.9314005970954895 -0.3639677166938782
vn -0.004522413015365601 0.9314005970954895 -0.3639677166938782
vn 0.7725577354431152 -0.522257387638092 0.36111176013946533
vn 0.8004139065742493 -0.4863552749156952 0.3504226803779602
vn 0.8214648962020874 -0.4568388760089874 0.3413117527961731
vn 0.8004139065742493 -0.4863552749156952 0.3504226803779602
vn 0.7725577354431152 -0.522257387638092 0.36111176013946533
vn 0.752547025680542 -0.5461447238922119 0.3679658770561218
vn -0.39992207288742065 0.9165201783180237 -0.0072872694581747055
vn -0.39992204308509827 0.9165201783180237 -0.0072872694581747055
vn -0.39992207288742065 0.9165201783180237 -0.0072872694581747055
vn 0.6464809775352478 -0.7402756810188293 -0.1845383197069168
vn 0.6579679250717163 -0.7428895235061646 -0.12326125055551529
vn 0.6411083340644836 -0.7383954524993896 -0.2091701626777649
vn 0.6579679250717163 -0.7428895235061646 -0.12326125055551529
vn 0.6464809775352478 -0.7402756810188293 -0.1845383197069168
vn 0.6616901755332947 -0.7431247234344482 -0.09965837746858597
vn 0.6967368125915527 0.4168700873851776 0.5837611556053162
vn 0.7904082536697388 0.4006271958351135 0.46341416239738464
vn 0.791293203830719 0.33410149812698364 0.5120851993560791
vn 0.7904082536697388 0.4006271958351135 0.46341416239738464
vn 0.6967368125915527 0.4168700873851776 0.5837611556053162
vn 0.6726270318031311 0.44551387429237366 0.590838611125946
vn 0.4842655062675476 0.3703480660915375 0.7926722168922424
vn 0.6726270318031311 0.44551387429237366 0.590838611125946
vn 0.6967368125915527 0.4168700873851776 0.5837611556053162
vn 0.4842655062675476 0.3703480660915375 0.7926722168922424
vn 0.430314838886261 0.20662035048007965 0.8787133693695068
vn 0.4724541902542114 0.30121585726737976 0.8282849788665771
vn 0.430314838886261 0.20662035048007965 0.8787133693695068
vn 0.4842655062675476 0.3703480660915375 0.7926722168922424
vn 0.3210693895816803 0.28492555022239685 0.9031787514686584
vn 0.5736036896705627 0.03268538415431976 0.8184805512428284
vn 0.4724541902542114 0.30121585726737976 0.8282849788665771
vn 0.430314838886261 0.20662035048007965 0.8787133693695068
vn 0.4724541902542114 0.30121585726737976 0.8282849788665771
vn 0.5736036896705627 0.03268538415431976 0.8184805512428284
vn 0.48290345072746277 0.12029940634965897 0.8673709630966187
vn 0.35298287868499756 0.200981006026268 0.9137886762619019
vn 0.5736036896705627 0.03268538415431976 0.8184805512428284
vn 0.430314838886261 0.20662035048007965 0.8787133693695068
vn 0.5736036896705627 0.03268538415431976 0.8184805512428284
vn 0.35298287868499756 0.200981006026268 0.9137886762619019
vn 0.46395158767700195 -0.07417824864387512 0.8827494382858276
vn 0.5736036896705627 0.03268538415431976 0.8184805512428284
vn 0.46395158767700195 -0.07417824864387512 0.8827494382858276
vn 0.57014399766922 -0.10608695447444916 0.8146664500236511
vn 0.1441505402326584 0.0011678319424390793 0.9895550608634949
vn 0.46395158767700195 -0.07417824864387512 0.8827494382858276
vn 0.35298287868499756 0.200981006026268 0.9137886762619019
vn 0.35298287868499756 0.200981006026268 0.9137886762619019
vn 0.14601494371891022 0.11595982313156128 0.9824627041816711
vn 0.1441505402326584 0.0011678319424390793 0.9895550608634949
vn 0.14601494371891022 0.11595982313156128 0.9824627041816711
vn 0.04685118794441223 -0.048955924808979034 0.9977014660835266
vn 0.1441505402326584 0.0011678319424390793 0.9895550608634949
vn 0.14601494371891022 0.11595982313156128 0.9824627041816711
vn 0.35298287868499756 0.200981006026268 0.9137886762619019
vn 0.23127250373363495 0.4870923161506653 0.8421722650527954
vn 0.430314838886261 0.20662035048007965 0.8787133693695068
vn 0.23127250373363495 0.4870923161506653 0.8421722650527954
vn 0.35298287868499756 0.200981006026268 0.9137886762619019
vn 0.0966249331831932 0.33807361125946045 0.9361462593078613
vn 0.23127250373363495 0.4870923161506653 0.8421722650527954
vn 0.430314838886261 0.20662035048007965 0.8787133693695068
vn 0.46395158767700195 -0.07417824864387512 0.8827494382858276
vn 0.1441505402326584 0.0011678319424390793 0.9895550608634949
vn 0.2626184821128845 -0.1427125185728073 0.9542875289916992
vn 0.04685118794441223 -0.048955924808979034 0.9977014660835266
vn 0.2626184821128845 -0.1427125185728073 0.9542875289916992
vn 0.1441505402326584 0.0011678319424390793 0.9895550608634949
vn 0.04685118794441223 -0.048955924808979034 0.9977014660835266
vn 0.1612165868282318 -0.14577963948249817 0.9760929942131042
vn 0.2626184821128845 -0.1427125185728073 0.9542875289916992
vn 0.1612165868282318 -0.14577963948249817 0.9760929942131042
vn 0.34135323762893677 -0.23478585481643677 0.9101393222808838
vn 0.2626184821128845 -0.1427125185728073 0.9542875289916992
vn 0.34135323762893677 -0.23478585481643677 0.9101393222808838
vn 0.1612165868282318 -0.14577963948249817 0.9760929942131042
vn 0.17893150448799133 -0.06706475466489792 0.9815731644630432
vn 0.2626184821128845 -0.1427125185728073 0.9542875289916992
vn 0.4722045958042145 -0.22442542016506195 0.8524412512779236
vn 0.46395158767700195 -0.07417824864387512 0.8827494382858276
vn 0.4722045958042145 -0.22442542016506195 0.8524412512779236
vn 0.2626184821128845 -0.1427125185728073 0.9542875289916992
vn 0.34135323762893677 -0.23478585481643677 0.9101393222808838
vn 0.46395158767700195 -0.07417824864387512 0.8827494382858276
vn 0.4722045958042145 -0.22442542016506195 0.8524412512779236
vn 0.5299651026725769 -0.18351151049137115 0.827925443649292
vn 0.46395158767700195 -0.07417824864387512 0.8827494382858276
vn 0.5299651026725769 -0.18351151049137115 0.827925443649292
vn 0.57014399766922 -0.10608695447444916 0.8146664500236511
vn 0.1612165868282318 -0.14577963948249817 0.9760929942131042
vn 0.14780932664871216 -0.20317895710468292 0.9679207801818848
vn 0.17893150448799133 -0.06706475466489792 0.9815731644630432
vn -0.6687336564064026 0.17203618586063385 0.7233248353004456
vn -0.6666622757911682 -0.08333753049373627 0.7406863570213318
vn -0.648186981678009 -0.09314526617527008 0.7557629346847534
vn -0.6666622757911682 -0.08333753049373627 0.7406863570213318
vn -0.6687336564064026 0.17203618586063385 0.7233248353004456
vn -0.686525821685791 0.1510654091835022 0.7112394571304321
vn -0.5875201225280762 -0.18196901679039001 0.7884842157363892
vn -0.648186981678009 -0.09314526617527008 0.7557629346847534
vn -0.6666622757911682 -0.08333753049373627 0.7406863570213318
vn -0.648186981678009 -0.09314526617527008 0.7557629346847534
vn -0.5875201225280762 -0.18196901679039001 0.7884842157363892
vn -0.5435972809791565 -0.2065633088350296 0.8135315179824829
vn -0.6687336564064026 0.17203618586063385 0.7233248353004456
vn -0.5023729205131531 0.2935762107372284 0.8132861852645874
vn -0.686525821685791 0.1510654091835022 0.7112394571304321
vn -0.5023729205131531 0.2935762107372284 0.8132861852645874
vn -0.6687336564064026 0.17203618586063385 0.7233248353004456
vn -0.4805513024330139 0.2863422632217407 0.828902006149292
vn -0.6362085342407227 -0.020749924704432487 -0.7712380886077881
vn -0.6747646927833557 -0.03931469842791557 -0.7369850873947144
vn -0.6376763582229614 -0.008699445053935051 -0.7702552676200867
vn -0.6747646927833557 -0.03931469842791557 -0.7369850873947144
vn -0.6362085342407227 -0.020749924704432487 -0.7712380886077881
vn -0.6914109587669373 -0.007435137871652842 -0.7224233746528625
vn -0.6182183027267456 -0.029289377853274345 -0.7854605913162231
vn -0.6376763582229614 -0.008699445053935051 -0.7702552676200867
vn -0.6747646927833557 -0.03931469842791557 -0.7369850873947144
vn -0.6376763582229614 -0.008699445053935051 -0.7702552676200867
vn -0.6182183027267456 -0.029289377853274345 -0.7854605913162231
vn -0.6152859330177307 0.043189872056245804 -0.78711998462677
vn -0.6914109587669373 -0.007435137871652842 -0.7224233746528625
vn -0.7575585842132568 -0.04506797716021538 -0.6512095332145691
vn -0.6747646927833557 -0.03931469842791557 -0.7369850873947144
vn -0.7575585842132568 -0.04506797716021538 -0.6512095332145691
vn -0.6914109587669373 -0.007435137871652842 -0.7224233746528625
vn -0.7464907169342041 -0.008051379583775997 -0.6653470396995544
vn -0.6799355745315552 -0.03712988272309303 -0.7323312163352966
vn -0.6362085342407227 -0.020749924704432487 -0.7712380886077881
vn -0.6376763582229614 -0.008699445053935051 -0.7702552676200867
vn -0.48187530040740967 0.3055759370326996 -0.8212304711341858
vn -0.6799355745315552 -0.03712988272309303 -0.7323312163352966
vn -0.6376763582229614 -0.008699445053935051 -0.7702552676200867
vn -0.48187530040740967 0.3055759370326996 -0.8212304711341858
vn -0.6376763582229614 -0.008699445053935051 -0.7702552676200867
vn -0.48004212975502014 0.1802547127008438 -0.8585265278816223
vn -0.6152859330177307 0.043189872056245804 -0.78711998462677
vn -0.48004212975502014 0.1802547127008438 -0.8585265278816223
vn -0.6376763582229614 -0.008699445053935051 -0.7702552676200867
vn -0.48004212975502014 0.1802547127008438 -0.8585265278816223
vn -0.16585442423820496 0.07876395434141159 -0.9829998016357422
vn -0.48187530040740967 0.3055759370326996 -0.8212304711341858
vn -0.16585442423820496 0.07876395434141159 -0.9829998016357422
vn -0.48004212975502014 0.1802547127008438 -0.8585265278816223
vn -0.1713494509458542 0.11688495427370071 -0.978252112865448
vn -0.504206120967865 0.1504850834608078 -0.8503707647323608
vn -0.1713494509458542 0.11688495427370071 -0.978252112865448
vn -0.48004212975502014 0.1802547127008438 -0.8585265278816223
vn -0.48004212975502014 0.1802547127008438 -0.8585265278816223
vn -0.6152859330177307 0.043189872056245804 -0.78711998462677
vn -0.504206120967865 0.1504850834608078 -0.8503707647323608
vn -0.1713494509458542 0.11688495427370071 -0.978252112865448
vn -0.504206120967865 0.1504850834608078 -0.8503707647323608
vn -0.2592013478279114 0.22363601624965668 -0.9395752549171448
vn -0.49161389470100403 0.2175719141960144 -0.8431952595710754
vn -0.2592013478279114 0.22363601624965668 -0.9395752549171448
vn -0.504206120967865 0.1504850834608078 -0.8503707647323608
vn -0.504206120967865 0.1504850834608078 -0.8503707647323608
vn -0.5975571274757385 0.15841636061668396 -0.7860214114189148
vn -0.49161389470100403 0.2175719141960144 -0.8431952595710754
vn -0.2592013478279114 0.22363601624965668 -0.9395752549171448
vn -0.49161389470100403 0.2175719141960144 -0.8431952595710754
vn -0.29095134139060974 0.23924054205417633 -0.9263429641723633
vn -0.04434090852737427 0.14733465015888214 -0.988092303276062
vn -0.1713494509458542 0.11688495427370071 -0.978252112865448
vn -0.2592013478279114 0.22363601624965668 -0.9395752549171448
vn -0.04434090852737427 0.14733465015888214 -0.988092303276062
vn -0.16585442423820496 0.07876395434141159 -0.9829998016357422
vn -0.1713494509458542 0.11688495427370071 -0.978252112865448
vn -0.04434090852737427 0.14733465015888214 -0.988092303276062
vn -0.2592013478279114 0.22363601624965668 -0.9395752549171448
vn -0.11887019127607346 0.16399551928043365 -0.9792728424072266
vn -0.29095134139060974 0.23924054205417633 -0.9263429641723633
vn -0.11887019127607346 0.16399551928043365 -0.9792728424072266
vn -0.2592013478279114 0.22363601624965668 -0.9395752549171448
vn -0.504206120967865 0.1504850834608078 -0.8503707647323608
vn -0.6147595047950745 0.1279052048921585 -0.7782743573188782
vn -0.5975571274757385 0.15841636061668396 -0.7860214114189148
vn -0.504206120967865 0.1504850834608078 -0.8503707647323608
vn -0.6152859330177307 0.043189872056245804 -0.78711998462677
vn -0.6147595047950745 0.1279052048921585 -0.7782743573188782
vn -0.11887019127607346 0.16399551928043365 -0.9792728424072266
vn -0.29095134139060974 0.23924054205417633 -0.9263429641723633
vn -0.12586170434951782 0.08213557302951813 -0.9886417984962463
vn -0.11887019127607346 0.16399551928043365 -0.9792728424072266
vn -0.12586170434951782 0.08213557302951813 -0.9886417984962463
vn -0.10002504289150238 0.18371577560901642 -0.9778770208358765
vn 0.016466019675135612 0.008953635580837727 -0.9998243451118469
vn 0.030987000092864037 0.022204192355275154 -0.9992731213569641
vn 0.038361676037311554 0.02893456071615219 -0.9988449215888977
vn 0.030987000092864037 0.022204192355275154 -0.9992731213569641
vn 0.016466019675135612 0.008953635580837727 -0.9998243451118469
vn 0.00665295822545886 4.3901391677536594e-7 -0.9999778866767883
vn 0.6726270318031311 0.44551387429237366 0.590838611125946
vn 0.4842655062675476 0.3703480660915375 0.7926722168922424
vn 0.4724541902542114 0.30121585726737976 0.8282849788665771
vn -0.9535792469978333 -0.09638849645853043 -0.2852996289730072
vn -0.9534028768539429 -0.0951482355594635 -0.2863036096096039
vn -0.9396199584007263 -0.025393852964043617 -0.3412761688232422
vn -0.9534028768539429 -0.0951482355594635 -0.2863036096096039
vn -0.9535792469978333 -0.09638849645853043 -0.2852996289730072
vn -0.9597098231315613 -0.17322425544261932 -0.22124728560447693
vn 0.9457054734230042 0.09473268687725067 -0.31091296672821045
vn 0.9114129543304443 0.06100758910179138 -0.40694528818130493
vn 0.8929293155670166 0.04589392617344856 -0.4478515386581421
vn 0.9114129543304443 0.06100758910179138 -0.40694528818130493
vn 0.9457054734230042 0.09473268687725067 -0.31091296672821045
vn 0.9583173990249634 0.11056562513113022 -0.2634445130825043
vn 0.3208908140659332 -0.9425308108329773 -0.09308420866727829
vn 0.4339666962623596 -0.8839963674545288 -0.17384850978851318
vn 0.44778329133987427 -0.8623899221420288 -0.23616470396518707
vn 0.4339666962623596 -0.8839963674545288 -0.17384850978851318
vn 0.3208908140659332 -0.9425308108329773 -0.09308420866727829
vn 0.2930842339992523 -0.9517176151275635 -0.09129729121923447
vn 0.4339666962623596 -0.8839963674545288 -0.17384850978851318
vn 0.5422119498252869 -0.8173292279243469 -0.19488230347633362
vn 0.44778329133987427 -0.8623899221420288 -0.23616470396518707
vn 0.5422119498252869 -0.8173292279243469 -0.19488230347633362
vn 0.4339666962623596 -0.8839963674545288 -0.17384850978851318
vn 0.5583747625350952 -0.8149135708808899 -0.15534958243370056
vn 0.8784505724906921 0.12190712988376617 -0.4620208442211151
vn 0.907170295715332 0.0989031046628952 -0.4089745879173279
vn 0.8581112623214722 0.13638882339000702 -0.4950184226036072
vn 0.907170295715332 0.0989031046628952 -0.4089745879173279
vn 0.8784505724906921 0.12190712988376617 -0.4620208442211151
vn 0.9250208735466003 0.08255898207426071 -0.37083739042282104
vn 0.39891597628593445 -0.8856772780418396 -0.23757468163967133
vn 0.3233601450920105 -0.932073712348938 -0.16333046555519104
vn 0.33984097838401794 -0.9281938076019287 -0.15154026448726654
vn 0.3233601450920105 -0.932073712348938 -0.16333046555519104
vn 0.39891597628593445 -0.8856772780418396 -0.23757468163967133
vn 0.39231204986572266 -0.8830770254135132 -0.25742238759994507
vn 0.5062827467918396 -0.7675689458847046 -0.393084853887558
vn 0.39231204986572266 -0.8830770254135132 -0.25742238759994507
vn 0.39891597628593445 -0.8856772780418396 -0.23757468163967133
vn 0.39231204986572266 -0.8830770254135132 -0.25742238759994507
vn 0.5062827467918396 -0.7675689458847046 -0.393084853887558
vn 0.5293232798576355 -0.756221354007721 -0.38463765382766724
vn 0.7410200834274292 -0.5833056569099426 -0.3326314389705658
vn 0.5293232798576355 -0.756221354007721 -0.38463765382766724
vn 0.5062827467918396 -0.7675689458847046 -0.393084853887558
vn 0.5293232798576355 -0.756221354007721 -0.38463765382766724
vn 0.7410200834274292 -0.5833056569099426 -0.3326314389705658
vn 0.7741259336471558 -0.5267114043235779 -0.35114678740501404
vn 0.7478850483894348 -0.42325472831726074 -0.5113934874534607
vn 0.7741259336471558 -0.5267114043235779 -0.35114678740501404
vn 0.7410200834274292 -0.5833056569099426 -0.3326314389705658
vn 0.7741259336471558 -0.5267114043235779 -0.35114678740501404
vn 0.7478850483894348 -0.42325472831726074 -0.5113934874534607
vn 0.7294726967811584 -0.42324110865592957 -0.5373421311378479
vn 0.3210693895816803 0.28492555022239685 0.9031787514686584
vn 0.0966249331831932 0.33807361125946045 0.9361462593078613
vn 0.430314838886261 0.20662035048007965 0.8787133693695068
vn -0.009378419257700443 0.931424617767334 0.36381348967552185
vn -0.009378418326377869 0.931424617767334 0.36381345987319946
vn -0.009378419257700443 0.931424617767334 0.36381348967552185
vn 0.7772948145866394 -0.5222517848014832 -0.3508074879646301
vn 0.8050041794776917 -0.4863523542881012 -0.33974945545196533
vn 0.7573785781860352 -0.5461373925209045 -0.3579268753528595
vn 0.8050041794776917 -0.4863523542881012 -0.33974945545196533
vn 0.7772948145866394 -0.5222517848014832 -0.3508074879646301
vn 0.8259308338165283 -0.45683783292770386 -0.33035966753959656
vn -0.2699644863605499 -0.923186719417572 -0.2735790014266968
vn -0.2699644863605499 -0.923186719417572 -0.2735790014266968
vn -0.26996392011642456 -0.9231868386268616 -0.27357903122901917
vn -0.2699644863605499 -0.923186719417572 -0.2735790014266968
vn -0.2699644863605499 -0.923186719417572 -0.2735790014266968
vn -0.2699650526046753 -0.9231865406036377 -0.2735790014266968
vn -0.6849347352981567 -0.22154457867145538 -0.6941054463386536
vn -0.5454243421554565 -0.6300832629203796 -0.5527271628379822
vn -0.5454243421554565 -0.6300832629203796 -0.5527271628379822
vn -0.5454243421554565 -0.6300832629203796 -0.5527271628379822
vn -0.6849347352981567 -0.22154457867145538 -0.6941054463386536
vn -0.6849347352981567 -0.22154457867145538 -0.6941054463386536
vn -0.5454243421554565 -0.6300832629203796 -0.5527271628379822
vn -0.5258418321609497 -0.6629676818847656 -0.5328829288482666
vn -0.5454243421554565 -0.6300832629203796 -0.5527271628379822
vn -0.5258418321609497 -0.6629676818847656 -0.5328829288482666
vn -0.5454243421554565 -0.6300832629203796 -0.5527271628379822
vn -0.5258421301841736 -0.662967324256897 -0.5328830480575562
vn -0.5258421301841736 -0.662967324256897 -0.5328830480575562
vn -0.68605637550354 -0.2143935263156891 -0.6952424645423889
vn -0.5258418321609497 -0.6629676818847656 -0.5328829288482666
vn -0.68605637550354 -0.2143935263156891 -0.6952424645423889
vn -0.5258421301841736 -0.662967324256897 -0.5328830480575562
vn -0.6860412955284119 -0.21449126303195953 -0.6952272057533264
vn -0.6860412955284119 -0.21449126303195953 -0.6952272057533264
vn -0.6971153616905212 -0.12230663746595383 -0.7064498066902161
vn -0.68605637550354 -0.2143935263156891 -0.6952424645423889
vn -0.6971153616905212 -0.12230663746595383 -0.7064498066902161
vn -0.6860412955284119 -0.21449126303195953 -0.6952272057533264
vn -0.697114884853363 -0.12230702489614487 -0.7064501047134399
vn -0.7117931842803955 3.0973819775681477e-7 0.7023890614509583
vn -0.7117931842803955 2.6110842554771807e-7 0.702389121055603
vn -0.7117931246757507 2.352483789991311e-7 0.702389121055603
vn -0.7117931246757507 2.352483789991311e-7 0.702389121055603
vn -0.7117931842803955 2.6110842554771807e-7 0.702389121055603
vn -0.7156593203544617 0.004615749232470989 0.6984341740608215
vn -0.7117931246757507 2.352483789991311e-7 0.702389121055603
vn -0.7156593203544617 0.004615749232470989 0.6984341740608215
vn -0.7116862535476685 0.017328768968582153 0.7022836804389954
vn -0.7156593203544617 0.004615749232470989 0.6984341740608215
vn -0.7412051558494568 -0.019798163324594498 0.6709865927696228
vn -0.7116862535476685 0.017328768968582153 0.7022836804389954
vn -0.7412051558494568 -0.019798163324594498 0.6709865927696228
vn -0.7156593203544617 0.004615749232470989 0.6984341740608215
vn -0.7422776818275452 -0.02023715153336525 0.6697867512702942
vn -0.7422776818275452 -0.02023715153336525 0.6697867512702942
vn -0.7281321287155151 -0.016590284183621407 0.6852359771728516
vn -0.7412051558494568 -0.019798163324594498 0.6709865927696228
vn -0.7281321287155151 -0.016590284183621407 0.6852359771728516
vn -0.7422776818275452 -0.02023715153336525 0.6697867512702942
vn -0.7112719416618347 0.0017790301935747266 0.7029146552085876
vn 0.7117933034896851 0 -0.7023889422416687
vn 0.718630313873291 -0.004115354269742966 -0.6953801512718201
vn 0.7117931842803955 0 -0.7023890614509583
vn 0.718630313873291 -0.004115354269742966 -0.6953801512718201
vn 0.7410845756530762 -0.005666675511747599 -0.6713876724243164
vn 0.7117931842803955 0 -0.7023890614509583
vn 0.7410845756530762 -0.005666675511747599 -0.6713876724243164
vn 0.718630313873291 -0.004115354269742966 -0.6953801512718201
vn 0.7423926591873169 -0.0019694624934345484 -0.6699621677398682
vn 0.7423926591873169 -0.0019694624934345484 -0.6699621677398682
vn 0.7296383380889893 0.022146273404359818 -0.6834745407104492
vn 0.7410845756530762 -0.005666675511747599 -0.6713876724243164
vn 0.7296383380889893 0.022146273404359818 -0.6834745407104492
vn 0.7423926591873169 -0.0019694624934345484 -0.6699621677398682
vn 0.7203001976013184 0.03041085973381996 -0.6929954886436462
vn 0.7117933034896851 0 -0.7023889422416687
vn 0.7117931842803955 0 -0.7023890614509583
vn 0.7117933034896851 -1.500123545383758e-7 -0.7023889422416687
vn 0.7117933034896851 0 -0.7023889422416687
vn 0.7117933034896851 -1.500123545383758e-7 -0.7023889422416687
vn 0.7117933630943298 -2.41605988549054e-7 -0.7023889422416687
vn -0.2735784947872162 -0.9231870174407959 0.2699640095233917
vn -0.2735784649848938 -0.9231870174407959 0.26996397972106934
vn -0.2735785245895386 -0.9231874942779541 0.2699621319770813
vn -0.2735784649848938 -0.9231870174407959 0.26996397972106934
vn -0.2735784947872162 -0.9231870174407959 0.2699640095233917
vn -0.2735784351825714 -0.9231864809989929 0.26996585726737976
vn -0.6941056251525879 -0.2215442657470703 0.6849347352981567
vn -0.5527273416519165 -0.6300832629203796 0.545424222946167
vn -0.5527274012565613 -0.6300832033157349 0.5454242825508118
vn -0.5527273416519165 -0.6300832629203796 0.545424222946167
vn -0.6941056251525879 -0.2215442657470703 0.6849347352981567
vn -0.6941055059432983 -0.22154444456100464 0.6849347352981567
vn -0.5527273416519165 -0.6300832629203796 0.545424222946167
vn -0.5329902768135071 -0.6627976894378662 0.5259473919868469
vn -0.5527274012565613 -0.6300832033157349 0.5454242825508118
vn -0.5329902768135071 -0.6627976894378662 0.5259473919868469
vn -0.5527273416519165 -0.6300832629203796 0.545424222946167
vn -0.5329905152320862 -0.6627973914146423 0.5259474515914917
vn -0.5329905152320862 -0.6627973914146423 0.5259474515914917
vn -0.6954260468482971 -0.2132205069065094 0.6862359046936035
vn -0.5329902768135071 -0.6627976894378662 0.5259473919868469
vn -0.6954260468482971 -0.2132205069065094 0.6862359046936035
vn -0.5329905152320862 -0.6627973914146423 0.5259474515914917
vn -0.6954109072685242 -0.2133173644542694 0.6862210631370544
vn -0.6954109072685242 -0.2133173644542694 0.6862210631370544
vn -0.7066187262535095 -0.12037194520235062 0.6972808241844177
vn -0.6954260468482971 -0.2132205069065094 0.6862359046936035
vn -0.7066187262535095 -0.12037194520235062 0.6972808241844177
vn -0.6954109072685242 -0.2133173644542694 0.6862210631370544
vn -0.7066185474395752 -0.12037172168493271 0.697281002998352
vn 0.7023887634277344 7.451394594681915e-7 0.7117934823036194
vn 0.7023888826370239 4.893392429039523e-7 0.7117934823036194
vn 0.7023888826370239 3.478868961792614e-7 0.7117934226989746
vn 0.7023888826370239 3.478868961792614e-7 0.7117934226989746
vn 0.7023888826370239 4.893392429039523e-7 0.7117934823036194
vn 0.6984376907348633 0.004615325015038252 0.7156559824943542
vn 0.7023888826370239 3.478868961792614e-7 0.7117934226989746
vn 0.6984376907348633 0.004615325015038252 0.7156559824943542
vn 0.7022837996482849 0.01730053871870041 0.7116868495941162
vn 0.6984376907348633 0.004615325015038252 0.7156559824943542
vn 0.67098069190979 -0.019560495391488075 0.741216778755188
vn 0.7022837996482849 0.01730053871870041 0.7116868495941162
vn 0.67098069190979 -0.019560495391488075 0.741216778755188
vn 0.6984376907348633 0.004615325015038252 0.7156559824943542
vn 0.6697366237640381 -0.020155450329184532 0.7423251867294312
vn 0.6697366237640381 -0.020155450329184532 0.7423251867294312
vn 0.6854057908058167 -0.016227606683969498 0.7279804944992065
vn 0.67098069190979 -0.019560495391488075 0.741216778755188
vn 0.6854057908058167 -0.016227606683969498 0.7279804944992065
vn 0.6697366237640381 -0.020155450329184532 0.7423251867294312
vn 0.7029054164886475 0.0017485191347077489 0.7112811803817749
vn -0.7023888826370239 -1.141382668379265e-7 -0.7117934226989746
vn -0.6953896880149841 -0.004103364422917366 -0.7186210751533508
vn -0.7023889422416687 0 -0.7117933034896851
vn -0.6953896880149841 -0.004103364422917366 -0.7186210751533508
vn -0.6713708639144897 -0.005687775555998087 -0.7410997152328491
vn -0.7023889422416687 0 -0.7117933034896851
vn -0.6713708639144897 -0.005687775555998087 -0.7410997152328491
vn -0.6953896880149841 -0.004103364422917366 -0.7186210751533508
vn -0.6699050664901733 -0.0021437895484268665 -0.7424436807632446
vn -0.6699050664901733 -0.0021437895484268665 -0.7424436807632446
vn -0.6836745738983154 0.021965516731142998 -0.72945636510849
vn -0.6713708639144897 -0.005687775555998087 -0.7410997152328491
vn -0.6836745738983154 0.021965516731142998 -0.72945636510849
vn -0.6699050664901733 -0.0021437895484268665 -0.7424436807632446
vn -0.6931167244911194 0.030031707137823105 -0.7201994061470032
vn -0.7023888826370239 -1.141382668379265e-7 -0.7117934226989746
vn -0.7023889422416687 0 -0.7117933034896851
vn -0.7023888826370239 -3.194727753452753e-7 -0.7117934226989746
vn -0.7023888826370239 -1.141382668379265e-7 -0.7117934226989746
vn -0.7023888826370239 -3.194727753452753e-7 -0.7117934226989746
vn -0.7023886442184448 -7.320733175220084e-7 -0.7117936611175537
vn -0.8545435667037964 -0.14349110424518585 -0.499164879322052
vn -0.9901291728019714 -0.14015799760818481 -5.5656096265011e-7
vn -0.9902380704879761 -0.13938668370246887 -5.629948418572894e-7
vn -0.9901291728019714 -0.14015799760818481 -5.5656096265011e-7
vn -0.8545435667037964 -0.14349110424518585 -0.499164879322052
vn -0.8545214533805847 -0.14388662576675415 -0.49908891320228577
vn -0.48915696144104004 -0.14389154314994812 -0.8602445721626282
vn -0.8545214533805847 -0.14388662576675415 -0.49908891320228577
vn -0.8545435667037964 -0.14349110424518585 -0.499164879322052
vn -0.8545214533805847 -0.14388662576675415 -0.49908891320228577
vn -0.48915696144104004 -0.14389154314994812 -0.8602445721626282
vn -0.48909467458724976 -0.14383019506931305 -0.8602902293205261
vn -0.9901291728019714 -0.14015799760818481 -5.5656096265011e-7
vn -0.8545441627502441 -0.14349104464054108 0.4991638660430908
vn -0.9902380704879761 -0.13938668370246887 -5.629948418572894e-7
vn -0.8545441627502441 -0.14349104464054108 0.4991638660430908
vn -0.9901291728019714 -0.14015799760818481 -5.5656096265011e-7
vn -0.8545220494270325 -0.143886536359787 0.499087929725647
vn -0.8545220494270325 -0.143886536359787 0.499087929725647
vn -0.48915809392929077 -0.14389120042324066 0.8602439761161804
vn -0.8545441627502441 -0.14349104464054108 0.4991638660430908
vn -0.48915809392929077 -0.14389120042324066 0.8602439761161804
vn -0.8545220494270325 -0.143886536359787 0.499087929725647
vn -0.4890957474708557 -0.14382986724376678 0.8602896928787231
vn -0.4890957474708557 -0.14382986724376678 0.8602896928787231
vn 0.006501710973680019 -0.1431712657213211 0.9896765351295471
vn -0.48915809392929077 -0.14389120042324066 0.8602439761161804
vn 0.006501710973680019 -0.1431712657213211 0.9896765351295471
vn -0.4890957474708557 -0.14382986724376678 0.8602896928787231
vn 0.006499073933809996 -0.1431696116924286 0.989676833152771
vn 0.006499073933809996 -0.1431696116924286 0.989676833152771
vn 0.5006274580955505 -0.14381882548332214 0.8536324501037598
vn 0.006501710973680019 -0.1431712657213211 0.9896765351295471
vn 0.5006274580955505 -0.14381882548332214 0.8536324501037598
vn 0.006499073933809996 -0.1431696116924286 0.989676833152771
vn 0.5005661845207214 -0.1438823640346527 0.8536576628684998
vn 0.006502807140350342 -0.1431712955236435 -0.9896765351295471
vn -0.48909467458724976 -0.14383019506931305 -0.8602902293205261
vn -0.48915696144104004 -0.14389154314994812 -0.8602445721626282
vn -0.48909467458724976 -0.14383019506931305 -0.8602902293205261
vn 0.006502807140350342 -0.1431712955236435 -0.9896765351295471
vn 0.0065001375041902065 -0.143169566988945 -0.989676833152771
vn 0.5006284713745117 -0.14381855726242065 -0.8536319136619568
vn 0.0065001375041902065 -0.143169566988945 -0.989676833152771
vn 0.006502807140350342 -0.1431712955236435 -0.9896765351295471
vn 0.0065001375041902065 -0.143169566988945 -0.989676833152771
vn 0.5006284713745117 -0.14381855726242065 -0.8536319136619568
vn 0.5005671977996826 -0.14388197660446167 -0.8536571264266968
vn 0.8594603538513184 -0.1438780128955841 -0.49053746461868286
vn 0.5005671977996826 -0.14388197660446167 -0.8536571264266968
vn 0.5006284713745117 -0.14381855726242065 -0.8536319136619568
vn 0.5005671977996826 -0.14388197660446167 -0.8536571264266968
vn 0.8594603538513184 -0.1438780128955841 -0.49053746461868286
vn 0.8594667315483093 -0.1438150703907013 -0.49054479598999023
vn 0.9896901845932007 -0.14322485029697418 7.053128001643927e-7
vn 0.8594667315483093 -0.1438150703907013 -0.49054479598999023
vn 0.8594603538513184 -0.1438780128955841 -0.49053746461868286
vn 0.8594667315483093 -0.1438150703907013 -0.49054479598999023
vn 0.9896901845932007 -0.14322485029697418 7.053128001643927e-7
vn 0.9897087812423706 -0.14309588074684143 7.377444717349135e-7
vn 0.9896901845932007 -0.14322485029697418 7.053128001643927e-7
vn 0.859466016292572 -0.1438160389661789 0.49054574966430664
vn 0.9897087812423706 -0.14309588074684143 7.377444717349135e-7
vn 0.859466016292572 -0.1438160389661789 0.49054574966430664
vn 0.9896901845932007 -0.14322485029697418 7.053128001643927e-7
vn 0.8594596982002258 -0.1438789963722229 0.4905382990837097
vn 0.8594596982002258 -0.1438789963722229 0.4905382990837097
vn 0.5005661845207214 -0.1438823640346527 0.8536576628684998
vn 0.859466016292572 -0.1438160389661789 0.49054574966430664
vn 0.5005661845207214 -0.1438823640346527 0.8536576628684998
vn 0.8594596982002258 -0.1438789963722229 0.4905382990837097
vn 0.5006274580955505 -0.14381882548332214 0.8536324501037598
vn -0.9828602075576782 -0.18435247242450714 -5.753894356530509e-7
vn -0.9046177268028259 -0.18156962096691132 -0.38561537861824036
vn -0.9891597032546997 0.007230293937027454 -0.14666590094566345
vn -0.9654304385185242 -0.2606607973575592 -5.103258331473626e-7
vn -0.9046177268028259 -0.18156962096691132 -0.38561537861824036
vn -0.9828602075576782 -0.18435247242450714 -5.753894356530509e-7
vn -0.9046177268028259 -0.18156962096691132 -0.38561537861824036
vn -0.9654304385185242 -0.2606607973575592 -5.103258331473626e-7
vn -0.8692387342453003 -0.20192821323871613 -0.45127493143081665
vn -0.9502435922622681 -0.3115079402923584 -6.169032644720573e-7
vn -0.8692387342453003 -0.20192821323871613 -0.45127493143081665
vn -0.9654304385185242 -0.2606607973575592 -5.103258331473626e-7
vn -0.8692387342453003 -0.20192821323871613 -0.45127493143081665
vn -0.9502435922622681 -0.3115079402923584 -6.169032644720573e-7
vn -0.8274142146110535 -0.287730872631073 -0.48228275775909424
vn -0.9828602075576782 -0.18435247242450714 -5.753894356530509e-7
vn -0.9891597032546997 0.007230293937027454 -0.14666590094566345
vn -0.9998961091041565 0.014414524659514427 -2.8366673632262973e-7
vn -0.9891597032546997 0.007230293937027454 -0.14666590094566345
vn -0.9751988053321838 0.22133086621761322 -6.538372190334485e-7
vn -0.9998961091041565 0.014414524659514427 -2.8366673632262973e-7
vn -0.9751988053321838 0.22133086621761322 -6.538372190334485e-7
vn -0.9891597032546997 0.007230293937027454 -0.14666590094566345
vn -0.9482961297035217 0.21045583486557007 -0.23757682740688324
vn -0.9482961297035217 0.21045583486557007 -0.23757682740688324
vn -0.9556404948234558 0.2945355772972107 -8.040493071348465e-7
vn -0.9751988053321838 0.22133086621761322 -6.538372190334485e-7
vn -0.9556404948234558 0.2945355772972107 -8.040493071348465e-7
vn -0.9482961297035217 0.21045583486557007 -0.23757682740688324
vn -0.9346444606781006 0.28844133019447327 -0.20794546604156494
vn -0.9217285513877869 -0.021695362403988838 -0.3872283697128296
vn -0.9482961297035217 0.21045583486557007 -0.23757682740688324
vn -0.9891597032546997 0.007230293937027454 -0.14666590094566345
vn -0.9891597032546997 0.007230293937027454 -0.14666590094566345
vn -0.9046177268028259 -0.18156962096691132 -0.38561537861824036
vn -0.9217285513877869 -0.021695362403988838 -0.3872283697128296
vn -0.9482961297035217 0.21045583486557007 -0.23757682740688324
vn -0.9217285513877869 -0.021695362403988838 -0.3872283697128296
vn -0.893471360206604 0.1391131430864334 -0.42703211307525635
vn -0.9346444606781006 0.28844133019447327 -0.20794546604156494
vn -0.9482961297035217 0.21045583486557007 -0.23757682740688324
vn -0.893471360206604 0.1391131430864334 -0.42703211307525635
vn -0.9217285513877869 -0.021695362403988838 -0.3872283697128296
vn -0.8032023906707764 0.10744546353816986 -0.5859363675117493
vn -0.893471360206604 0.1391131430864334 -0.42703211307525635
vn -0.8032023906707764 0.10744546353816986 -0.5859363675117493
vn -0.9217285513877869 -0.021695362403988838 -0.3872283697128296
vn -0.8119474053382874 -0.027462678030133247 -0.5830842852592468
vn -0.9046177268028259 -0.18156962096691132 -0.38561537861824036
vn -0.8119474053382874 -0.027462678030133247 -0.5830842852592468
vn -0.9217285513877869 -0.021695362403988838 -0.3872283697128296
vn -0.9751988053321838 0.22133086621761322 -6.538372190334485e-7
vn -0.989159882068634 0.007230384275317192 0.14666473865509033
vn -0.9998961091041565 0.014414524659514427 -2.8366673632262973e-7
vn -0.989159882068634 0.007230384275317192 0.14666473865509033
vn -0.9751988053321838 0.22133086621761322 -6.538372190334485e-7
vn -0.9482964277267456 0.21045593917369843 0.2375756949186325
vn -0.9556404948234558 0.2945355772972107 -8.040493071348465e-7
vn -0.9482964277267456 0.21045593917369843 0.2375756949186325
vn -0.9751988053321838 0.22133086621761322 -6.538372190334485e-7
vn -0.9482964277267456 0.21045593917369843 0.2375756949186325
vn -0.9556404948234558 0.2945355772972107 -8.040493071348465e-7
vn -0.9346447587013245 0.28844133019447327 0.20794419944286346
vn -0.8692392706871033 -0.20192831754684448 0.4512738287448883
vn -0.9502435922622681 -0.3115079402923584 -6.169032644720573e-7
vn -0.9654304385185242 -0.2606607973575592 -5.103258331473626e-7
vn -0.9654304385185242 -0.2606607973575592 -5.103258331473626e-7
vn -0.9046182036399841 -0.18156971037387848 0.38561418652534485
vn -0.8692392706871033 -0.20192831754684448 0.4512738287448883
vn -0.9828602075576782 -0.18435247242450714 -5.753894356530509e-7
vn -0.989159882068634 0.007230384275317192 0.14666473865509033
vn -0.9046182036399841 -0.18156971037387848 0.38561418652534485
vn -0.9046182036399841 -0.18156971037387848 0.38561418652534485
vn -0.9654304385185242 -0.2606607973575592 -5.103258331473626e-7
vn -0.9828602075576782 -0.18435247242450714 -5.753894356530509e-7
vn -0.9828602075576782 -0.18435247242450714 -5.753894356530509e-7
vn -0.9998961091041565 0.014414524659514427 -2.8366673632262973e-7
vn -0.989159882068634 0.007230384275317192 0.14666473865509033
vn -0.5691976547241211 -0.1340767741203308 0.8111950755119324
vn -0.8692392706871033 -0.20192831754684448 0.4512738287448883
vn -0.9046182036399841 -0.18156971037387848 0.38561418652534485
vn -0.9046182036399841 -0.18156971037387848 0.38561418652534485
vn -0.8119481801986694 -0.027462609112262726 0.5830831527709961
vn -0.5691976547241211 -0.1340767741203308 0.8111950755119324
vn -0.8692392706871033 -0.20192831754684448 0.4512738287448883
vn -0.5691976547241211 -0.1340767741203308 0.8111950755119324
vn -0.4969097971916199 -0.1427834928035736 0.8559752106666565
vn -0.4969097971916199 -0.1427834928035736 0.8559752106666565
vn -0.8274146914482117 -0.28773096203804016 0.48228180408477783
vn -0.8692392706871033 -0.20192831754684448 0.4512738287448883
vn -0.9502435922622681 -0.3115079402923584 -6.169032644720573e-7
vn -0.8692392706871033 -0.20192831754684448 0.4512738287448883
vn -0.8274146914482117 -0.28773096203804016 0.48228180408477783
vn -0.8274146914482117 -0.28773096203804016 0.48228180408477783
vn -0.918623685836792 -0.39513343572616577 -5.666865376952046e-7
vn -0.9502435922622681 -0.3115079402923584 -6.169032644720573e-7
vn -0.918623685836792 -0.39513343572616577 -5.666865376952046e-7
vn -0.8274146914482117 -0.28773096203804016 0.48228180408477783
vn -0.795927882194519 -0.4045220911502838 0.4504004716873169
vn -0.47006216645240784 -0.2903626561164856 0.8335052728652954
vn -0.795927882194519 -0.4045220911502838 0.4504004716873169
vn -0.8274146914482117 -0.28773096203804016 0.48228180408477783
vn -0.8274146914482117 -0.28773096203804016 0.48228180408477783
vn -0.4969097971916199 -0.1427834928035736 0.8559752106666565
vn -0.47006216645240784 -0.2903626561164856 0.8335052728652954
vn -0.795927882194519 -0.4045220911502838 0.4504004716873169
vn -0.47006216645240784 -0.2903626561164856 0.8335052728652954
vn -0.45567795634269714 -0.397762268781662 0.7963308691978455
vn 0.010109149850904942 -0.2909758985042572 0.9566770195960999
vn -0.45567795634269714 -0.397762268781662 0.7963308691978455
vn -0.47006216645240784 -0.2903626561164856 0.8335052728652954
vn -0.45567795634269714 -0.397762268781662 0.7963308691978455
vn 0.010109149850904942 -0.2909758985042572 0.9566770195960999
vn 0.003074956825003028 -0.38860487937927246 0.9213993549346924
vn 0.4866001009941101 -0.29132238030433655 0.8236210942268372
vn 0.003074956825003028 -0.38860487937927246 0.9213993549346924
vn 0.010109149850904942 -0.2909758985042572 0.9566770195960999
vn 0.003074956825003028 -0.38860487937927246 0.9213993549346924
vn 0.4866001009941101 -0.29132238030433655 0.8236210942268372
vn 0.465672105550766 -0.37918251752853394 0.7996062636375427
vn 0.8215977549552917 -0.29815495014190674 0.48588138818740845
vn 0.465672105550766 -0.37918251752853394 0.7996062636375427
vn 0.4866001009941101 -0.29132238030433655 0.8236210942268372
vn 0.465672105550766 -0.37918251752853394 0.7996062636375427
vn 0.8215977549552917 -0.29815495014190674 0.48588138818740845
vn 0.778900682926178 -0.3722696304321289 0.5047069787979126
vn 0.0027932217344641685 -0.13793067634105682 0.9904379844665527
vn -0.47006216645240784 -0.2903626561164856 0.8335052728652954
vn -0.4969097971916199 -0.1427834928035736 0.8559752106666565
vn -0.47006216645240784 -0.2903626561164856 0.8335052728652954
vn 0.0027932217344641685 -0.13793067634105682 0.9904379844665527
vn 0.010109149850904942 -0.2909758985042572 0.9566770195960999
vn 0.5055649280548096 -0.1533544957637787 0.8490504026412964
vn 0.010109149850904942 -0.2909758985042572 0.9566770195960999
vn 0.0027932217344641685 -0.13793067634105682 0.9904379844665527
vn 0.010109149850904942 -0.2909758985042572 0.9566770195960999
vn 0.5055649280548096 -0.1533544957637787 0.8490504026412964
vn 0.4866001009941101 -0.29132238030433655 0.8236210942268372
vn 0.8215977549552917 -0.29815495014190674 0.48588138818740845
vn 0.8711683750152588 -0.38112905621528625 0.3095257580280304
vn 0.778900682926178 -0.3722696304321289 0.5047069787979126
vn 0.8711683750152588 -0.38112905621528625 0.3095257580280304
vn 0.8215977549552917 -0.29815495014190674 0.48588138818740845
vn 0.9152577519416809 -0.31388670206069946 0.2525438368320465
vn 0.8529468178749084 -0.17787139117717743 0.49075809121131897
vn 0.9152577519416809 -0.31388670206069946 0.2525438368320465
vn 0.8215977549552917 -0.29815495014190674 0.48588138818740845
vn 0.8529468178749084 -0.17787139117717743 0.49075809121131897
vn 0.4866001009941101 -0.29132238030433655 0.8236210942268372
vn 0.5055649280548096 -0.1533544957637787 0.8490504026412964
vn 0.4866001009941101 -0.29132238030433655 0.8236210942268372
vn 0.8529468178749084 -0.17787139117717743 0.49075809121131897
vn 0.8215977549552917 -0.29815495014190674 0.48588138818740845
vn 0.9152577519416809 -0.31388670206069946 0.2525438368320465
vn 0.8529468178749084 -0.17787139117717743 0.49075809121131897
vn 0.9478419423103333 -0.18087400496006012 0.26245054602622986
vn 0.8525950312614441 -0.2728738784790039 0.44566982984542847
vn 0.9478419423103333 -0.18087400496006012 0.26245054602622986
vn 0.8529468178749084 -0.17787139117717743 0.49075809121131897
vn 0.8529468178749084 -0.17787139117717743 0.49075809121131897
vn 0.7168831825256348 -0.3044191598892212 0.6272220611572266
vn 0.8525950312614441 -0.2728738784790039 0.44566982984542847
vn 0.5055649280548096 -0.1533544957637787 0.8490504026412964
vn 0.7168831825256348 -0.3044191598892212 0.6272220611572266
vn 0.8529468178749084 -0.17787139117717743 0.49075809121131897
vn 0.9478419423103333 -0.18087400496006012 0.26245054602622986
vn 0.8525950312614441 -0.2728738784790039 0.44566982984542847
vn 0.9346862435340881 -0.1854904443025589 0.3032408356666565
vn 0.6924148797988892 -0.37946513295173645 0.6136512160301208
vn 0.8525950312614441 -0.2728738784790039 0.44566982984542847
vn 0.7168831825256348 -0.3044191598892212 0.6272220611572266
vn 0.8525950312614441 -0.2728738784790039 0.44566982984542847
vn 0.6924148797988892 -0.37946513295173645 0.6136512160301208
vn 0.8414251804351807 -0.28758755326271057 0.4574899673461914
vn 0.8414251804351807 -0.28758755326271057 0.4574899673461914
vn 0.9346862435340881 -0.1854904443025589 0.3032408356666565
vn 0.8525950312614441 -0.2728738784790039 0.44566982984542847
vn 0.8414251804351807 -0.28758755326271057 0.4574899673461914
vn 0.826767086982727 -0.15494737029075623 0.5407842397689819
vn 0.9346862435340881 -0.1854904443025589 0.3032408356666565
vn 0.826767086982727 -0.15494737029075623 0.5407842397689819
vn 0.8414251804351807 -0.28758755326271057 0.4574899673461914
vn 0.7343493103981018 0.05949681997299194 0.676159143447876
vn 0.826767086982727 -0.15494737029075623 0.5407842397689819
vn 0.7343493103981018 0.05949681997299194 0.676159143447876
vn 0.6748008728027344 0.1811753213405609 0.7154154777526855
vn 0.7343493103981018 0.05949681997299194 0.676159143447876
vn 0.7693786025047302 0.008978843688964844 0.638729989528656
vn 0.6748008728027344 0.1811753213405609 0.7154154777526855
vn 0.7693786025047302 0.008978843688964844 0.638729989528656
vn 0.7343493103981018 0.05949681997299194 0.676159143447876
vn 0.6798245310783386 0.012714184820652008 0.7332645654678345
vn 0.8267069458961487 0.11308687180280685 0.5511506795883179
vn 0.7693786025047302 0.008978843688964844 0.638729989528656
vn 0.6798245310783386 0.012714184820652008 0.7332645654678345
vn 0.8267069458961487 0.11308687180280685 0.5511506795883179
vn 0.6798245310783386 0.012714184820652008 0.7332645654678345
vn 0.588703989982605 0.13297398388385773 0.7973364591598511
vn 0.3066796660423279 0.018171578645706177 0.9516392946243286
vn 0.588703989982605 0.13297398388385773 0.7973364591598511
vn 0.6798245310783386 0.012714184820652008 0.7332645654678345
vn 0.588703989982605 0.13297398388385773 0.7973364591598511
vn 0.3066796660423279 0.018171578645706177 0.9516392946243286
vn 0.2732316553592682 0.1121436059474945 0.9553890824317932
vn 0.2732316553592682 0.1121436059474945 0.9553890824317932
vn 0.48881736397743225 0.29983314871788025 0.8192421197891235
vn 0.588703989982605 0.13297398388385773 0.7973364591598511
vn 0.8348459601402283 0.2694441080093384 0.4800334870815277
vn 0.588703989982605 0.13297398388385773 0.7973364591598511
vn 0.48881736397743225 0.29983314871788025 0.8192421197891235
vn 0.588703989982605 0.13297398388385773 0.7973364591598511
vn 0.8348459601402283 0.2694441080093384 0.4800334870815277
vn 0.8579252362251282 0.17459021508693695 0.4832002520561218
vn 0.8267069458961487 0.11308687180280685 0.5511506795883179
vn 0.588703989982605 0.13297398388385773 0.7973364591598511
vn 0.8579252362251282 0.17459021508693695 0.4832002520561218
vn 0.48881736397743225 0.29983314871788025 0.8192421197891235
vn 0.736709713935852 0.3847062885761261 0.5561113357543945
vn 0.8348459601402283 0.2694441080093384 0.4800334870815277
vn 0.736709713935852 0.3847062885761261 0.5561113357543945
vn 0.48881736397743225 0.29983314871788025 0.8192421197891235
vn 0.28518983721733093 0.3690600097179413 0.8845685124397278
vn 0.48881736397743225 0.29983314871788025 0.8192421197891235
vn 0.16590070724487305 0.28263431787490845 0.9447723627090454
vn 0.28518983721733093 0.3690600097179413 0.8845685124397278
vn 0.48881736397743225 0.29983314871788025 0.8192421197891235
vn 0.2732316553592682 0.1121436059474945 0.9553890824317932
vn 0.16590070724487305 0.28263431787490845 0.9447723627090454
vn 0.9429858922958374 0.3328327238559723 4.261352160028764e-7
vn 0.8348459601402283 0.2694441080093384 0.4800334870815277
vn 0.736709713935852 0.3847062885761261 0.5561113357543945
vn 0.8348459601402283 0.2694441080093384 0.4800334870815277
vn 0.9429858922958374 0.3328327238559723 4.261352160028764e-7
vn 0.9701060652732849 0.24268119037151337 4.7016945359246165e-7
vn 0.8579252362251282 0.17459021508693695 0.4832002520561218
vn 0.9516162276268005 0.15012027323246002 0.2681238651275635
vn 0.8267069458961487 0.11308687180280685 0.5511506795883179
vn 0.9614717960357666 0.12613236904144287 0.2442592829465866
vn 0.9516162276268005 0.15012027323246002 0.2681238651275635
vn 0.8579252362251282 0.17459021508693695 0.4832002520561218
vn 0.8348459601402283 0.2694441080093384 0.4800334870815277
vn 0.9614717960357666 0.12613236904144287 0.2442592829465866
vn 0.8579252362251282 0.17459021508693695 0.4832002520561218
vn 0.990498423576355 0.13752397894859314 5.657419706039946e-7
vn 0.9614717960357666 0.12613236904144287 0.2442592829465866
vn 0.8348459601402283 0.2694441080093384 0.4800334870815277
vn 0.990498423576355 0.13752397894859314 5.657419706039946e-7
vn 0.8348459601402283 0.2694441080093384 0.4800334870815277
vn 0.9701060652732849 0.24268119037151337 4.7016945359246165e-7
vn 0.3066796660423279 0.018171578645706177 0.9516392946243286
vn 0.03107927180826664 0.15262258052825928 0.9877957105636597
vn 0.2732316553592682 0.1121436059474945 0.9553890824317932
vn 0.03107927180826664 0.15262258052825928 0.9877957105636597
vn 0.16590070724487305 0.28263431787490845 0.9447723627090454
vn 0.2732316553592682 0.1121436059474945 0.9553890824317932
vn 0.16590070724487305 0.28263431787490845 0.9447723627090454
vn 0.03107927180826664 0.15262258052825928 0.9877957105636597
vn -0.10067495703697205 0.27281680703163147 0.9567839503288269
vn -0.2820360064506531 0.1893356889486313 0.940535843372345
vn -0.10067495703697205 0.27281680703163147 0.9567839503288269
vn 0.03107927180826664 0.15262258052825928 0.9877957105636597
vn -0.10067495703697205 0.27281680703163147 0.9567839503288269
vn -0.2820360064506531 0.1893356889486313 0.940535843372345
vn -0.36893031001091003 0.24671000242233276 0.8961163759231567
vn -0.10067495703697205 0.27281680703163147 0.9567839503288269
vn -0.36893031001091003 0.24671000242233276 0.8961163759231567
vn -0.2615307867527008 0.3104685842990875 0.913898766040802
vn 0.16590070724487305 0.28263431787490845 0.9447723627090454
vn -0.2615307867527008 0.3104685842990875 0.913898766040802
vn 0.28518983721733093 0.3690600097179413 0.8845685124397278
vn 0.16590070724487305 0.28263431787490845 0.9447723627090454
vn -0.10067495703697205 0.27281680703163147 0.9567839503288269
vn -0.2615307867527008 0.3104685842990875 0.913898766040802
vn -0.5009706616401672 0.17348727583885193 0.8478977084159851
vn -0.36893031001091003 0.24671000242233276 0.8961163759231567
vn -0.2820360064506531 0.1893356889486313 0.940535843372345
vn -0.36893031001091003 0.24671000242233276 0.8961163759231567
vn -0.5009706616401672 0.17348727583885193 0.8478977084159851
vn -0.5577952861785889 0.22624389827251434 0.7985475063323975
vn -0.7093581557273865 0.15189599990844727 0.6882866621017456
vn -0.5577952861785889 0.22624389827251434 0.7985475063323975
vn -0.5009706616401672 0.17348727583885193 0.8478977084159851
vn -0.5577952861785889 0.22624389827251434 0.7985475063323975
vn -0.7093581557273865 0.15189599990844727 0.6882866621017456
vn -0.7424586415290833 0.19607502222061157 0.6405543088912964
vn -0.5577952861785889 0.22624389827251434 0.7985475063323975
vn -0.7424586415290833 0.19607502222061157 0.6405543088912964
vn -0.668231725692749 0.24351856112480164 0.7029688358306885
vn -0.36893031001091003 0.24671000242233276 0.8961163759231567
vn -0.668231725692749 0.24351856112480164 0.7029688358306885
vn -0.2615307867527008 0.3104685842990875 0.913898766040802
vn -0.36893031001091003 0.24671000242233276 0.8961163759231567
vn -0.5577952861785889 0.22624389827251434 0.7985475063323975
vn -0.668231725692749 0.24351856112480164 0.7029688358306885
vn -0.8537583947181702 0.1438201665878296 0.5004121661186218
vn -0.7424586415290833 0.19607502222061157 0.6405543088912964
vn -0.7093581557273865 0.15189599990844727 0.6882866621017456
vn -0.7424586415290833 0.19607502222061157 0.6405543088912964
vn -0.8537583947181702 0.1438201665878296 0.5004121661186218
vn -0.8660869598388672 0.17762255668640137 0.46727254986763
vn -0.9533201456069946 0.13539187610149384 0.2699066996574402
vn -0.8660869598388672 0.17762255668640137 0.46727254986763
vn -0.8537583947181702 0.1438201665878296 0.5004121661186218
vn -0.8660869598388672 0.17762255668640137 0.46727254986763
vn -0.9533201456069946 0.13539187610149384 0.2699066996574402
vn -0.9602175354957581 0.15698246657848358 0.23095200955867767
vn -0.8660869598388672 0.17762255668640137 0.46727254986763
vn -0.9602175354957581 0.15698246657848358 0.23095200955867767
vn -0.9057801365852356 0.1820133477449417 0.3826661705970764
vn -0.7424586415290833 0.19607502222061157 0.6405543088912964
vn -0.9057801365852356 0.1820133477449417 0.3826661705970764
vn -0.668231725692749 0.24351856112480164 0.7029688358306885
vn -0.7424586415290833 0.19607502222061157 0.6405543088912964
vn -0.8660869598388672 0.17762255668640137 0.46727254986763
vn -0.9057801365852356 0.1820133477449417 0.3826661705970764
vn -0.9921296834945679 0.1252143830060959 -6.07843048783252e-7
vn -0.9602175354957581 0.15698246657848358 0.23095200955867767
vn -0.9533201456069946 0.13539187610149384 0.2699066996574402
vn -0.9602175354957581 0.15698246657848358 0.23095200955867767
vn -0.9921296834945679 0.1252143830060959 -6.07843048783252e-7
vn -0.988078236579895 0.15395236015319824 -6.143222321952635e-7
vn -0.9921296834945679 0.1252143830060959 -6.07843048783252e-7
vn -0.9602172374725342 0.15698257088661194 -0.23095305263996124
vn -0.988078236579895 0.15395236015319824 -6.143222321952635e-7
vn -0.9602172374725342 0.15698257088661194 -0.23095305263996124
vn -0.9921296834945679 0.1252143830060959 -6.07843048783252e-7
vn -0.9533198475837708 0.13539209961891174 -0.26990774273872375
vn -0.9602172374725342 0.15698257088661194 -0.23095305263996124
vn -0.9874699115753174 0.15780749917030334 -5.639467417495325e-7
vn -0.988078236579895 0.15395236015319824 -6.143222321952635e-7
vn -0.9602175354957581 0.15698246657848358 0.23095200955867767
vn -0.9874699115753174 0.15780749917030334 -5.639467417495325e-7
vn -0.9057801365852356 0.1820133477449417 0.3826661705970764
vn -0.9602175354957581 0.15698246657848358 0.23095200955867767
vn -0.988078236579895 0.15395236015319824 -6.143222321952635e-7
vn -0.9874699115753174 0.15780749917030334 -5.639467417495325e-7
vn -0.9602172374725342 0.15698257088661194 -0.23095305263996124
vn -0.9057797193527222 0.18201351165771484 -0.3826672434806824
vn -0.9874699115753174 0.15780749917030334 -5.639467417495325e-7
vn -0.8660863637924194 0.17762276530265808 -0.467273473739624
vn -0.9057797193527222 0.18201351165771484 -0.3826672434806824
vn -0.9602172374725342 0.15698257088661194 -0.23095305263996124
vn -0.9046177268028259 -0.18156962096691132 -0.38561537861824036
vn -0.5691966414451599 -0.13407669961452484 -0.8111957907676697
vn -0.8119474053382874 -0.027462678030133247 -0.5830842852592468
vn -0.8692387342453003 -0.20192821323871613 -0.45127493143081665
vn -0.5691966414451599 -0.13407669961452484 -0.8111957907676697
vn -0.9046177268028259 -0.18156962096691132 -0.38561537861824036
vn -0.5691966414451599 -0.13407669961452484 -0.8111957907676697
vn -0.8692387342453003 -0.20192821323871613 -0.45127493143081665
vn -0.4969088137149811 -0.14278359711170197 -0.8559758067131042
vn -0.8274142146110535 -0.287730872631073 -0.48228275775909424
vn -0.4969088137149811 -0.14278359711170197 -0.8559758067131042
vn -0.8692387342453003 -0.20192821323871613 -0.45127493143081665
vn -0.4969088137149811 -0.14278359711170197 -0.8559758067131042
vn -0.8274142146110535 -0.287730872631073 -0.48228275775909424
vn -0.4700612425804138 -0.29036250710487366 -0.8335058689117432
vn -0.7959274053573608 -0.404522180557251 -0.45040130615234375
vn -0.4700612425804138 -0.29036250710487366 -0.8335058689117432
vn -0.8274142146110535 -0.287730872631073 -0.48228275775909424
vn -0.8274142146110535 -0.287730872631073 -0.48228275775909424
vn -0.918623685836792 -0.39513343572616577 -5.666865376952046e-7
vn -0.7959274053573608 -0.404522180557251 -0.45040130615234375
vn -0.918623685836792 -0.39513343572616577 -5.666865376952046e-7
vn -0.8274142146110535 -0.287730872631073 -0.48228275775909424
vn -0.9502435922622681 -0.3115079402923584 -6.169032644720573e-7
vn -0.4700612425804138 -0.29036250710487366 -0.8335058689117432
vn -0.7959274053573608 -0.404522180557251 -0.45040130615234375
vn -0.4556770622730255 -0.3977617025375366 -0.7963316440582275
vn -0.4556770622730255 -0.3977617025375366 -0.7963316440582275
vn 0.01011051144450903 -0.2909754812717438 -0.9566770792007446
vn -0.4700612425804138 -0.29036250710487366 -0.8335058689117432
vn 0.01011051144450903 -0.2909754812717438 -0.9566770792007446
vn -0.4556770622730255 -0.3977617025375366 -0.7963316440582275
vn 0.0030762189999222755 -0.38860419392585754 -0.9213996529579163
vn 0.0030762189999222755 -0.38860419392585754 -0.9213996529579163
vn 0.486601322889328 -0.2913220524787903 -0.8236204385757446
vn 0.01011051144450903 -0.2909754812717438 -0.9566770792007446
vn 0.486601322889328 -0.2913220524787903 -0.8236204385757446
vn 0.0030762189999222755 -0.38860419392585754 -0.9213996529579163
vn 0.46567288041114807 -0.3791825473308563 -0.7996057868003845
vn 0.46567288041114807 -0.3791825473308563 -0.7996057868003845
vn 0.8215985298156738 -0.2981552183628082 -0.48587992787361145
vn 0.486601322889328 -0.2913220524787903 -0.8236204385757446
vn 0.8215985298156738 -0.2981552183628082 -0.48587992787361145
vn 0.46567288041114807 -0.3791825473308563 -0.7996057868003845
vn 0.7789011597633362 -0.3722694516181946 -0.5047063827514648
vn 0.002794357016682625 -0.13793088495731354 -0.990437924861908
vn -0.4700612425804138 -0.29036250710487366 -0.8335058689117432
vn 0.01011051144450903 -0.2909754812717438 -0.9566770792007446
vn -0.4700612425804138 -0.29036250710487366 -0.8335058689117432
vn 0.002794357016682625 -0.13793088495731354 -0.990437924861908
vn -0.4969088137149811 -0.14278359711170197 -0.8559758067131042
vn 0.5055660605430603 -0.15335439145565033 -0.8490496873855591
vn 0.01011051144450903 -0.2909754812717438 -0.9566770792007446
vn 0.486601322889328 -0.2913220524787903 -0.8236204385757446
vn 0.01011051144450903 -0.2909754812717438 -0.9566770792007446
vn 0.5055660605430603 -0.15335439145565033 -0.8490496873855591
vn 0.002794357016682625 -0.13793088495731354 -0.990437924861908
vn 0.8711687326431274 -0.38112911581993103 -0.3095247447490692
vn 0.8215985298156738 -0.2981552183628082 -0.48587992787361145
vn 0.7789011597633362 -0.3722694516181946 -0.5047063827514648
vn 0.8215985298156738 -0.2981552183628082 -0.48587992787361145
vn 0.8711687326431274 -0.38112911581993103 -0.3095247447490692
vn 0.9152582287788391 -0.3138870298862457 -0.25254181027412415
vn 0.9152582287788391 -0.3138870298862457 -0.25254181027412415
vn 0.852947473526001 -0.1778711974620819 -0.4907571077346802
vn 0.8215985298156738 -0.2981552183628082 -0.48587992787361145
vn 0.852947473526001 -0.1778711974620819 -0.4907571077346802
vn 0.486601322889328 -0.2913220524787903 -0.8236204385757446
vn 0.8215985298156738 -0.2981552183628082 -0.48587992787361145
vn 0.486601322889328 -0.2913220524787903 -0.8236204385757446
vn 0.852947473526001 -0.1778711974620819 -0.4907571077346802
vn 0.5055660605430603 -0.15335439145565033 -0.8490496873855591
vn 0.852947473526001 -0.1778711974620819 -0.4907571077346802
vn 0.9152582287788391 -0.3138870298862457 -0.25254181027412415
vn 0.9478421211242676 -0.1808737814426422 -0.2624499201774597
vn 0.9478421211242676 -0.1808737814426422 -0.2624499201774597
vn 0.8525957465171814 -0.27287381887435913 -0.44566842913627625
vn 0.852947473526001 -0.1778711974620819 -0.4907571077346802
vn 0.852947473526001 -0.1778711974620819 -0.4907571077346802
vn 0.8525957465171814 -0.27287381887435913 -0.44566842913627625
vn 0.716884195804596 -0.3044195771217346 -0.627220630645752
vn 0.716884195804596 -0.3044195771217346 -0.627220630645752
vn 0.5055660605430603 -0.15335439145565033 -0.8490496873855591
vn 0.852947473526001 -0.1778711974620819 -0.4907571077346802
vn 0.8525957465171814 -0.27287381887435913 -0.44566842913627625
vn 0.9478421211242676 -0.1808737814426422 -0.2624499201774597
vn 0.9346864819526672 -0.18549039959907532 -0.30323997139930725
vn 0.8525957465171814 -0.27287381887435913 -0.44566842913627625
vn 0.6924154758453369 -0.3794654905796051 -0.6136503219604492
vn 0.716884195804596 -0.3044195771217346 -0.627220630645752
vn 0.6924154758453369 -0.3794654905796051 -0.6136503219604492
vn 0.8525957465171814 -0.27287381887435913 -0.44566842913627625
vn 0.8414255976676941 -0.28758734464645386 -0.45748934149742126
vn 0.8414255976676941 -0.28758734464645386 -0.45748934149742126
vn 0.8525957465171814 -0.27287381887435913 -0.44566842913627625
vn 0.9346864819526672 -0.18549039959907532 -0.30323997139930725
vn 0.8267672657966614 -0.1549471616744995 -0.5407838821411133
vn 0.8414255976676941 -0.28758734464645386 -0.45748934149742126
vn 0.9346864819526672 -0.18549039959907532 -0.30323997139930725
vn 0.8414255976676941 -0.28758734464645386 -0.45748934149742126
vn 0.8267672657966614 -0.1549471616744995 -0.5407838821411133
vn 0.7343497276306152 0.05949711054563522 -0.6761587262153625
vn 0.8267672657966614 -0.1549471616744995 -0.5407838821411133
vn 0.6748015284538269 0.18117578327655792 -0.7154147028923035
vn 0.7343497276306152 0.05949711054563522 -0.6761587262153625
vn 0.7693789005279541 0.008979246951639652 -0.6387296319007874
vn 0.7343497276306152 0.05949711054563522 -0.6761587262153625
vn 0.6748015284538269 0.18117578327655792 -0.7154147028923035
vn 0.7343497276306152 0.05949711054563522 -0.6761587262153625
vn 0.7693789005279541 0.008979246951639652 -0.6387296319007874
vn 0.6798254251480103 0.012714278884232044 -0.7332637310028076
vn 0.8267074823379517 0.11308681219816208 -0.551149845123291
vn 0.6798254251480103 0.012714278884232044 -0.7332637310028076
vn 0.7693789005279541 0.008979246951639652 -0.6387296319007874
vn 0.8267074823379517 0.11308681219816208 -0.551149845123291
vn 0.5887051820755005 0.1329742819070816 -0.7973355650901794
vn 0.6798254251480103 0.012714278884232044 -0.7332637310028076
vn 0.5887051820755005 0.1329742819070816 -0.7973355650901794
vn 0.3066813349723816 0.0181712843477726 -0.9516388177871704
vn 0.6798254251480103 0.012714278884232044 -0.7332637310028076
vn 0.3066813349723816 0.0181712843477726 -0.9516388177871704
vn 0.5887051820755005 0.1329742819070816 -0.7973355650901794
vn 0.2732331454753876 0.11214336007833481 -0.9553886651992798
vn 0.48881807923316956 0.2998334765434265 -0.8192415237426758
vn 0.2732331454753876 0.11214336007833481 -0.9553886651992798
vn 0.5887051820755005 0.1329742819070816 -0.7973355650901794
vn 0.5887051820755005 0.1329742819070816 -0.7973355650901794
vn 0.8348464369773865 0.26944470405578613 -0.4800323247909546
vn 0.48881807923316956 0.2998334765434265 -0.8192415237426758
vn 0.8348464369773865 0.26944470405578613 -0.4800323247909546
vn 0.5887051820755005 0.1329742819070816 -0.7973355650901794
vn 0.8579257726669312 0.17459022998809814 -0.4831993877887726
vn 0.8267074823379517 0.11308681219816208 -0.551149845123291
vn 0.8579257726669312 0.17459022998809814 -0.4831993877887726
vn 0.5887051820755005 0.1329742819070816 -0.7973355650901794
vn 0.7367101907730103 0.38470712304115295 -0.556110143661499
vn 0.48881807923316956 0.2998334765434265 -0.8192415237426758
vn 0.8348464369773865 0.26944470405578613 -0.4800323247909546
vn 0.48881807923316956 0.2998334765434265 -0.8192415237426758
vn 0.7367101907730103 0.38470712304115295 -0.556110143661499
vn 0.28519055247306824 0.3690603971481323 -0.8845680952072144
vn 0.48881807923316956 0.2998334765434265 -0.8192415237426758
vn 0.28519055247306824 0.3690603971481323 -0.8845680952072144
vn 0.16590137779712677 0.28263458609580994 -0.9447721838951111
vn 0.2732331454753876 0.11214336007833481 -0.9553886651992798
vn 0.48881807923316956 0.2998334765434265 -0.8192415237426758
vn 0.16590137779712677 0.28263458609580994 -0.9447721838951111
vn 0.8348464369773865 0.26944470405578613 -0.4800323247909546
vn 0.9429858922958374 0.3328327238559723 4.261352160028764e-7
vn 0.7367101907730103 0.38470712304115295 -0.556110143661499
vn 0.9429858922958374 0.3328327238559723 4.261352160028764e-7
vn 0.8348464369773865 0.26944470405578613 -0.4800323247909546
vn 0.9701060652732849 0.24268119037151337 4.7016945359246165e-7
vn 0.8579257726669312 0.17459022998809814 -0.4831993877887726
vn 0.8267074823379517 0.11308681219816208 -0.551149845123291
vn 0.9516165852546692 0.15012046694755554 -0.26812249422073364
vn 0.9614720940589905 0.1261323243379593 -0.24425804615020752
vn 0.8579257726669312 0.17459022998809814 -0.4831993877887726
vn 0.9516165852546692 0.15012046694755554 -0.26812249422073364
vn 0.8348464369773865 0.26944470405578613 -0.4800323247909546
vn 0.8579257726669312 0.17459022998809814 -0.4831993877887726
vn 0.9614720940589905 0.1261323243379593 -0.24425804615020752
vn 0.990498423576355 0.13752397894859314 5.657419706039946e-7
vn 0.8348464369773865 0.26944470405578613 -0.4800323247909546
vn 0.9614720940589905 0.1261323243379593 -0.24425804615020752
vn 0.990498423576355 0.13752397894859314 5.657419706039946e-7
vn 0.9701060652732849 0.24268119037151337 4.7016945359246165e-7
vn 0.8348464369773865 0.26944470405578613 -0.4800323247909546
vn 0.3066813349723816 0.0181712843477726 -0.9516388177871704
vn 0.2732331454753876 0.11214336007833481 -0.9553886651992798
vn 0.031080659478902817 0.15262240171432495 -0.9877957105636597
vn 0.16590137779712677 0.28263458609580994 -0.9447721838951111
vn 0.031080659478902817 0.15262240171432495 -0.9877957105636597
vn 0.2732331454753876 0.11214336007833481 -0.9553886651992798
vn 0.031080659478902817 0.15262240171432495 -0.9877957105636597
vn 0.16590137779712677 0.28263458609580994 -0.9447721838951111
vn -0.10067354887723923 0.2728171646595001 -0.9567840099334717
vn -0.10067354887723923 0.2728171646595001 -0.9567840099334717
vn -0.28203490376472473 0.18933576345443726 -0.9405362010002136
vn 0.031080659478902817 0.15262240171432495 -0.9877957105636597
vn -0.28203490376472473 0.18933576345443726 -0.9405362010002136
vn -0.10067354887723923 0.2728171646595001 -0.9567840099334717
vn -0.36892884969711304 0.24671043455600739 -0.8961169123649597
vn -0.10067354887723923 0.2728171646595001 -0.9567840099334717
vn -0.2615296244621277 0.3104690909385681 -0.9138989448547363
vn -0.36892884969711304 0.24671043455600739 -0.8961169123649597
vn 0.16590137779712677 0.28263458609580994 -0.9447721838951111
vn 0.28519055247306824 0.3690603971481323 -0.8845680952072144
vn -0.2615296244621277 0.3104690909385681 -0.9138989448547363
vn 0.16590137779712677 0.28263458609580994 -0.9447721838951111
vn -0.2615296244621277 0.3104690909385681 -0.9138989448547363
vn -0.10067354887723923 0.2728171646595001 -0.9567840099334717
vn -0.36892884969711304 0.24671043455600739 -0.8961169123649597
vn -0.5009698271751404 0.1734875589609146 -0.8478981256484985
vn -0.28203490376472473 0.18933576345443726 -0.9405362010002136
vn -0.5009698271751404 0.1734875589609146 -0.8478981256484985
vn -0.36892884969711304 0.24671043455600739 -0.8961169123649597
vn -0.5577942728996277 0.22624412178993225 -0.79854816198349
vn -0.5577942728996277 0.22624412178993225 -0.79854816198349
vn -0.7093573212623596 0.15189629793167114 -0.6882874965667725
vn -0.5009698271751404 0.1734875589609146 -0.8478981256484985
vn -0.7093573212623596 0.15189629793167114 -0.6882874965667725
vn -0.5577942728996277 0.22624412178993225 -0.79854816198349
vn -0.7424578070640564 0.19607530534267426 -0.6405551433563232
vn -0.5577942728996277 0.22624412178993225 -0.79854816198349
vn -0.6682307720184326 0.24351882934570312 -0.7029695510864258
vn -0.7424578070640564 0.19607530534267426 -0.6405551433563232
vn -0.36892884969711304 0.24671043455600739 -0.8961169123649597
vn -0.2615296244621277 0.3104690909385681 -0.9138989448547363
vn -0.6682307720184326 0.24351882934570312 -0.7029695510864258
vn -0.36892884969711304 0.24671043455600739 -0.8961169123649597
vn -0.6682307720184326 0.24351882934570312 -0.7029695510864258
vn -0.5577942728996277 0.22624412178993225 -0.79854816198349
vn -0.7424578070640564 0.19607530534267426 -0.6405551433563232
vn -0.6682307720184326 0.24351882934570312 -0.7029695510864258
vn -0.9057797193527222 0.18201351165771484 -0.3826672434806824
vn -0.7424578070640564 0.19607530534267426 -0.6405551433563232
vn -0.9057797193527222 0.18201351165771484 -0.3826672434806824
vn -0.8660863637924194 0.17762276530265808 -0.467273473739624
vn -0.8537578582763672 0.1438203901052475 -0.5004130005836487
vn -0.7424578070640564 0.19607530534267426 -0.6405551433563232
vn -0.8660863637924194 0.17762276530265808 -0.467273473739624
vn -0.8660863637924194 0.17762276530265808 -0.467273473739624
vn -0.9533198475837708 0.13539209961891174 -0.26990774273872375
vn -0.8537578582763672 0.1438203901052475 -0.5004130005836487
vn -0.9533198475837708 0.13539209961891174 -0.26990774273872375
vn -0.8660863637924194 0.17762276530265808 -0.467273473739624
vn -0.9602172374725342 0.15698257088661194 -0.23095305263996124
vn -0.5691966414451599 -0.13407669961452484 -0.8111957907676697
vn -0.24969658255577087 -0.04758570343255997 -0.9671542048454285
vn -0.563409686088562 -0.04660952463746071 -0.8248618245124817
vn -0.24969658255577087 -0.04758570343255997 -0.9671542048454285
vn -0.5691966414451599 -0.13407669961452484 -0.8111957907676697
vn -0.2502029538154602 -0.11533895134925842 -0.9612988233566284
vn -0.24969658255577087 -0.04758570343255997 -0.9671542048454285
vn -0.5928738713264465 0.05332028493285179 -0.8035281300544739
vn -0.563409686088562 -0.04660952463746071 -0.8248618245124817
vn -0.5928738713264465 0.05332028493285179 -0.8035281300544739
vn -0.24969658255577087 -0.04758570343255997 -0.9671542048454285
vn -0.2949953079223633 0.016287455335259438 -0.9553598761558533
vn -0.2502029538154602 -0.11533895134925842 -0.9612988233566284
vn -0.05454111471772194 -0.09272851794958115 -0.9941964745521545
vn -0.24969658255577087 -0.04758570343255997 -0.9671542048454285
vn -0.2949953079223633 0.016287455335259438 -0.9553598761558533
vn -0.24969658255577087 -0.04758570343255997 -0.9671542048454285
vn -0.05454111471772194 -0.09272851794958115 -0.9941964745521545
vn -0.05454111471772194 -0.09272851794958115 -0.9941964745521545
vn -0.2502029538154602 -0.11533895134925842 -0.9612988233566284
vn -0.008005252107977867 -0.12584249675273895 -0.9920179843902588
vn -0.008005252107977867 -0.12584249675273895 -0.9920179843902588
vn 0.21538089215755463 -0.11519385129213333 -0.9697120189666748
vn -0.05454111471772194 -0.09272851794958115 -0.9941964745521545
vn 0.21538089215755463 -0.11519385129213333 -0.9697120189666748
vn -0.008005252107977867 -0.12584249675273895 -0.9920179843902588
vn 0.2595081925392151 -0.11548227816820145 -0.9588114023208618
vn 0.002794357016682625 -0.13793088495731354 -0.990437924861908
vn -0.008005252107977867 -0.12584249675273895 -0.9920179843902588
vn -0.2502029538154602 -0.11533895134925842 -0.9612988233566284
vn 0.002794357016682625 -0.13793088495731354 -0.990437924861908
vn 0.2595081925392151 -0.11548227816820145 -0.9588114023208618
vn -0.008005252107977867 -0.12584249675273895 -0.9920179843902588
vn 0.2595081925392151 -0.11548227816820145 -0.9588114023208618
vn 0.5417042374610901 -0.11659175157546997 -0.83244389295578
vn 0.21538089215755463 -0.11519385129213333 -0.9697120189666748
vn 0.5417042374610901 -0.11659175157546997 -0.83244389295578
vn 0.2595081925392151 -0.11548227816820145 -0.9588114023208618
vn 0.5700328946113586 -0.14343363046646118 -0.8090051412582397
vn 0.5055660605430603 -0.15335439145565033 -0.8490496873855591
vn 0.5700328946113586 -0.14343363046646118 -0.8090051412582397
vn 0.2595081925392151 -0.11548227816820145 -0.9588114023208618
vn 0.5055660605430603 -0.15335439145565033 -0.8490496873855591
vn 0.2595081925392151 -0.11548227816820145 -0.9588114023208618
vn 0.002794357016682625 -0.13793088495731354 -0.990437924861908
vn 0.5700328946113586 -0.14343363046646118 -0.8090051412582397
vn 0.6924154758453369 -0.3794654905796051 -0.6136503219604492
vn 0.5417042374610901 -0.11659175157546997 -0.83244389295578
vn 0.6924154758453369 -0.3794654905796051 -0.6136503219604492
vn 0.5700328946113586 -0.14343363046646118 -0.8090051412582397
vn 0.716884195804596 -0.3044195771217346 -0.627220630645752
vn 0.5055660605430603 -0.15335439145565033 -0.8490496873855591
vn 0.716884195804596 -0.3044195771217346 -0.627220630645752
vn 0.5700328946113586 -0.14343363046646118 -0.8090051412582397
vn -0.5928738713264465 0.05332028493285179 -0.8035281300544739
vn -0.8119474053382874 -0.027462678030133247 -0.5830842852592468
vn -0.563409686088562 -0.04660952463746071 -0.8248618245124817
vn -0.8119474053382874 -0.027462678030133247 -0.5830842852592468
vn -0.5928738713264465 0.05332028493285179 -0.8035281300544739
vn -0.8032023906707764 0.10744546353816986 -0.5859363675117493
vn -0.8119474053382874 -0.027462678030133247 -0.5830842852592468
vn -0.5691966414451599 -0.13407669961452484 -0.8111957907676697
vn -0.563409686088562 -0.04660952463746071 -0.8248618245124817
vn -0.4969088137149811 -0.14278359711170197 -0.8559758067131042
vn -0.2502029538154602 -0.11533895134925842 -0.9612988233566284
vn -0.5691966414451599 -0.13407669961452484 -0.8111957907676697
vn 0.002794357016682625 -0.13793088495731354 -0.990437924861908
vn -0.2502029538154602 -0.11533895134925842 -0.9612988233566284
vn -0.4969088137149811 -0.14278359711170197 -0.8559758067131042
vn -0.12810972332954407 -0.9891838431358337 -0.0714368000626564
vn -0.12493977695703506 -0.9921643137931824 -1.225667602966496e-7
vn -0.13562354445457458 -0.9875991344451904 -0.07908379286527634
vn -0.12493977695703506 -0.9921643137931824 -1.225667602966496e-7
vn -0.12810972332954407 -0.9891838431358337 -0.0714368000626564
vn -0.10349749773740768 -0.9946297407150269 -1.2012398542537994e-7
vn -0.13562354445457458 -0.9875991344451904 -0.07908379286527634
vn -0.0775144174695015 -0.9875989556312561 -0.13652773201465607
vn -0.12810972332954407 -0.9891838431358337 -0.0714368000626564
vn -0.0775144174695015 -0.9875989556312561 -0.13652773201465607
vn -0.13562354445457458 -0.9875991344451904 -0.07908379286527634
vn -0.07748962938785553 -0.9875963926315308 -0.1365605741739273
vn -0.07748962938785553 -0.9875963926315308 -0.1365605741739273
vn 0.0010710237547755241 -0.9875702857971191 -0.1571747213602066
vn -0.0775144174695015 -0.9875989556312561 -0.13652773201465607
vn 0.0010710237547755241 -0.9875702857971191 -0.1571747213602066
vn -0.07748962938785553 -0.9875963926315308 -0.1365605741739273
vn 0.0010590400779619813 -0.9875702857971191 -0.1571744829416275
vn 0.0010590400779619813 -0.9875702857971191 -0.1571744829416275
vn 0.079310342669487 -0.9875963926315308 -0.13551121950149536
vn 0.0010710237547755241 -0.9875702857971191 -0.1571747213602066
vn 0.079310342669487 -0.9875963926315308 -0.13551121950149536
vn 0.0010590400779619813 -0.9875702857971191 -0.1571744829416275
vn 0.07927998155355453 -0.9875988960266113 -0.1355106383562088
vn 0.07927998155355453 -0.9875988960266113 -0.1355106383562088
vn 0.130656898021698 -0.987529993057251 -0.08782503008842468
vn 0.079310342669487 -0.9875963926315308 -0.13551121950149536
vn 0.130656898021698 -0.987529993057251 -0.08782503008842468
vn 0.07927998155355453 -0.9875988960266113 -0.1355106383562088
vn 0.13816402852535248 -0.9871694445610046 -0.08004529774188995
vn 0.1771484613418579 -0.9833790063858032 -0.03980192542076111
vn 0.130656898021698 -0.987529993057251 -0.08782503008842468
vn 0.13816402852535248 -0.9871694445610046 -0.08004529774188995
vn 0.13816402852535248 -0.9871694445610046 -0.08004529774188995
vn 0.16554544866085052 -0.9862021803855896 0
vn 0.1771484613418579 -0.9833790063858032 -0.03980192542076111
vn 0.16554544866085052 -0.9862021803855896 0
vn 0.13816402852535248 -0.9871694445610046 -0.08004529774188995
vn 0.15719632804393768 -0.9875673651695251 0
vn -0.1281098574399948 -0.9891838431358337 0.0714365616440773
vn -0.12493977695703506 -0.9921643137931824 -1.225667602966496e-7
vn -0.10349749773740768 -0.9946297407150269 -1.2012398542537994e-7
vn -0.12493977695703506 -0.9921643137931824 -1.225667602966496e-7
vn -0.1281098574399948 -0.9891838431358337 0.0714365616440773
vn -0.13562370836734772 -0.9875991344451904 0.07908352464437485
vn -0.0775146633386612 -0.9875989556312561 0.13652746379375458
vn -0.13562370836734772 -0.9875991344451904 0.07908352464437485
vn -0.1281098574399948 -0.9891838431358337 0.0714365616440773
vn -0.13562370836734772 -0.9875991344451904 0.07908352464437485
vn -0.0775146633386612 -0.9875989556312561 0.13652746379375458
vn -0.07748984545469284 -0.9875963926315308 0.136560320854187
vn 0.00107090943492949 -0.9875702857971191 0.15717460215091705
vn -0.07748984545469284 -0.9875963926315308 0.136560320854187
vn -0.0775146633386612 -0.9875989556312561 0.13652746379375458
vn -0.07748984545469284 -0.9875963926315308 0.136560320854187
vn 0.00107090943492949 -0.9875702857971191 0.15717460215091705
vn 0.0010588964214548469 -0.9875702857971191 0.15717440843582153
vn 0.07931020855903625 -0.9875963926315308 0.13551115989685059
vn 0.0010588964214548469 -0.9875702857971191 0.15717440843582153
vn 0.00107090943492949 -0.9875702857971191 0.15717460215091705
vn 0.0010588964214548469 -0.9875702857971191 0.15717440843582153
vn 0.07931020855903625 -0.9875963926315308 0.13551115989685059
vn 0.07927986234426498 -0.9875988960266113 0.13551057875156403
vn 0.13065701723098755 -0.987529993057251 0.08782504498958588
vn 0.07927986234426498 -0.9875988960266113 0.13551057875156403
vn 0.07931020855903625 -0.9875963926315308 0.13551115989685059
vn 0.07927986234426498 -0.9875988960266113 0.13551057875156403
vn 0.13065701723098755 -0.987529993057251 0.08782504498958588
vn 0.13816410303115845 -0.9871693849563599 0.08004538714885712
vn 0.13816410303115845 -0.9871693849563599 0.08004538714885712
vn 0.16554544866085052 -0.9862021803855896 0
vn 0.15719632804393768 -0.9875673651695251 0
vn 0.16554544866085052 -0.9862021803855896 0
vn 0.13816410303115845 -0.9871693849563599 0.08004538714885712
vn 0.1771484762430191 -0.9833790063858032 0.03980206698179245
vn 0.1771484762430191 -0.9833790063858032 0.03980206698179245
vn 0.13816410303115845 -0.9871693849563599 0.08004538714885712
vn 0.13065701723098755 -0.987529993057251 0.08782504498958588
vn 0.6842207312583923 -0.14584219455718994 -0.7145432233810425
vn 0.004785167519003153 0.6635534167289734 -0.7481136322021484
vn 0.3542797863483429 0.30524924397468567 -0.8839166760444641
vn 0.004785167519003153 0.6635534167289734 -0.7481136322021484
vn 0.02144942805171013 0.3168221414089203 -0.9482424259185791
vn 0.3542797863483429 0.30524924397468567 -0.8839166760444641
vn 0.02144942805171013 0.3168221414089203 -0.9482424259185791
vn 0.004785167519003153 0.6635534167289734 -0.7481136322021484
vn -0.22536399960517883 0.6052200198173523 -0.7634918093681335
vn 0.3542797863483429 0.30524924397468567 -0.8839166760444641
vn 0.6612258553504944 -0.4064100980758667 -0.6305640935897827
vn 0.6842207312583923 -0.14584219455718994 -0.7145432233810425
vn 0.6842207312583923 -0.14584219455718994 -0.7145432233810425
vn 0.6612258553504944 -0.4064100980758667 -0.6305640935897827
vn 0.6985535025596619 -0.2572513222694397 -0.6677161455154419
vn 0.6985535025596619 -0.2572513222694397 -0.6677161455154419
vn 0.6612258553504944 -0.4064100980758667 -0.6305640935897827
vn 0.7153409123420715 -0.3221590220928192 -0.62008136510849
vn 0.3542797863483429 0.30524924397468567 -0.8839166760444641
vn 0.436899870634079 -0.3449937701225281 -0.8307212591171265
vn 0.6612258553504944 -0.4064100980758667 -0.6305640935897827
vn 0.436899870634079 -0.3449937701225281 -0.8307212591171265
vn 0.3542797863483429 0.30524924397468567 -0.8839166760444641
vn 0.02144942805171013 0.3168221414089203 -0.9482424259185791
vn 0.6612258553504944 -0.4064100980758667 -0.6305640935897827
vn 0.6956126093864441 -0.6022799611091614 -0.39163994789123535
vn 0.7153409123420715 -0.3221590220928192 -0.62008136510849
vn -0.22536399960517883 0.6052200198173523 -0.7634918093681335
vn -0.2445606142282486 0.34552884101867676 -0.905980110168457
vn 0.02144942805171013 0.3168221414089203 -0.9482424259185791
vn -0.2445606142282486 0.34552884101867676 -0.905980110168457
vn -0.22536399960517883 0.6052200198173523 -0.7634918093681335
vn -0.4154622554779053 0.5930137038230896 -0.6897287964820862
vn -0.4154622554779053 0.5930137038230896 -0.6897287964820862
vn -0.46386921405792236 0.36063531041145325 -0.8091771006584167
vn -0.2445606142282486 0.34552884101867676 -0.905980110168457
vn -0.46386921405792236 0.36063531041145325 -0.8091771006584167
vn -0.4154622554779053 0.5930137038230896 -0.6897287964820862
vn -0.5746142864227295 0.5810267329216003 -0.57639080286026
vn -0.05374415963888168 -0.2697632908821106 -0.9614256620407104
vn -0.2445606142282486 0.34552884101867676 -0.905980110168457
vn -0.46386921405792236 0.36063531041145325 -0.8091771006584167
vn -0.2445606142282486 0.34552884101867676 -0.905980110168457
vn -0.05374415963888168 -0.2697632908821106 -0.9614256620407104
vn 0.17215777933597565 -0.2781391739845276 -0.9449869394302368
vn 0.17215777933597565 -0.2781391739845276 -0.9449869394302368
vn 0.02144942805171013 0.3168221414089203 -0.9482424259185791
vn -0.2445606142282486 0.34552884101867676 -0.905980110168457
vn 0.02144942805171013 0.3168221414089203 -0.9482424259185791
vn 0.17215777933597565 -0.2781391739845276 -0.9449869394302368
vn 0.436899870634079 -0.3449937701225281 -0.8307212591171265
vn 0.36100754141807556 -0.5245926380157471 -0.7710227370262146
vn 0.436899870634079 -0.3449937701225281 -0.8307212591171265
vn 0.17215777933597565 -0.2781391739845276 -0.9449869394302368
vn 0.436899870634079 -0.3449937701225281 -0.8307212591171265
vn 0.36100754141807556 -0.5245926380157471 -0.7710227370262146
vn 0.5537378787994385 -0.5669022798538208 -0.6099148392677307
vn 0.6612258553504944 -0.4064100980758667 -0.6305640935897827
vn 0.5537378787994385 -0.5669022798538208 -0.6099148392677307
vn 0.6956126093864441 -0.6022799611091614 -0.39163994789123535
vn 0.5537378787994385 -0.5669022798538208 -0.6099148392677307
vn 0.6612258553504944 -0.4064100980758667 -0.6305640935897827
vn 0.436899870634079 -0.3449937701225281 -0.8307212591171265
vn -0.5746142864227295 0.5810267329216003 -0.57639080286026
vn -0.668658435344696 0.38776078820228577 -0.6344584822654724
vn -0.46386921405792236 0.36063531041145325 -0.8091771006584167
vn -0.668658435344696 0.38776078820228577 -0.6344584822654724
vn -0.5746142864227295 0.5810267329216003 -0.57639080286026
vn -0.6970692276954651 0.6014986038208008 -0.3902486562728882
vn -0.6970692276954651 0.6014986038208008 -0.3902486562728882
vn -0.8148947954177856 0.41468024253845215 -0.4049529433250427
vn -0.668658435344696 0.38776078820228577 -0.6344584822654724
vn 0.17215777933597565 -0.2781391739845276 -0.9449869394302368
vn 0.18573562800884247 -0.5351739525794983 -0.8240698575973511
vn 0.36100754141807556 -0.5245926380157471 -0.7710227370262146
vn 0.18573562800884247 -0.5351739525794983 -0.8240698575973511
vn 0.17215777933597565 -0.2781391739845276 -0.9449869394302368
vn -0.05374415963888168 -0.2697632908821106 -0.9614256620407104
vn -0.05374415963888168 -0.2697632908821106 -0.9614256620407104
vn 0.0071795000694692135 -0.6004629135131836 -0.7996203303337097
vn 0.18573562800884247 -0.5351739525794983 -0.8240698575973511
vn 0.0071795000694692135 -0.6004629135131836 -0.7996203303337097
vn -0.05374415963888168 -0.2697632908821106 -0.9614256620407104
vn -0.3119444251060486 -0.28530392050743103 -0.906251847743988
vn -0.3119444251060486 -0.28530392050743103 -0.906251847743988
vn -0.46386921405792236 0.36063531041145325 -0.8091771006584167
vn -0.668658435344696 0.38776078820228577 -0.6344584822654724
vn -0.46386921405792236 0.36063531041145325 -0.8091771006584167
vn -0.3119444251060486 -0.28530392050743103 -0.906251847743988
vn -0.05374415963888168 -0.2697632908821106 -0.9614256620407104
vn -0.3119444251060486 -0.28530392050743103 -0.906251847743988
vn -0.19910553097724915 -0.6365563869476318 -0.7450858354568481
vn 0.0071795000694692135 -0.6004629135131836 -0.7996203303337097
vn -0.19910553097724915 -0.6365563869476318 -0.7450858354568481
vn -0.3119444251060486 -0.28530392050743103 -0.906251847743988
vn -0.5668168663978577 -0.2994649112224579 -0.7674890756607056
vn -0.668658435344696 0.38776078820228577 -0.6344584822654724
vn -0.5668168663978577 -0.2994649112224579 -0.7674890756607056
vn -0.3119444251060486 -0.28530392050743103 -0.906251847743988
vn -0.5668168663978577 -0.2994649112224579 -0.7674890756607056
vn -0.668658435344696 0.38776078820228577 -0.6344584822654724
vn -0.8148947954177856 0.41468024253845215 -0.4049529433250427
vn -0.5668168663978577 -0.2994649112224579 -0.7674890756607056
vn -0.4170062243938446 -0.6542364954948425 -0.6309360861778259
vn -0.19910553097724915 -0.6365563869476318 -0.7450858354568481
vn -0.4170062243938446 -0.6542364954948425 -0.6309360861778259
vn -0.5668168663978577 -0.2994649112224579 -0.7674890756607056
vn -0.778034508228302 -0.2609342038631439 -0.5714678764343262
vn -0.8148947954177856 0.41468024253845215 -0.4049529433250427
vn -0.778034508228302 -0.2609342038631439 -0.5714678764343262
vn -0.5668168663978577 -0.2994649112224579 -0.7674890756607056
vn -0.778034508228302 -0.2609342038631439 -0.5714678764343262
vn -0.8148947954177856 0.41468024253845215 -0.4049529433250427
vn -0.8357048034667969 0.4827045798301697 -0.2619039714336395
vn -0.778034508228302 -0.2609342038631439 -0.5714678764343262
vn -0.6339711546897888 -0.6349449753761292 -0.4415035843849182
vn -0.4170062243938446 -0.6542364954948425 -0.6309360861778259
vn -0.6339711546897888 -0.6349449753761292 -0.4415035843849182
vn -0.778034508228302 -0.2609342038631439 -0.5714678764343262
vn -0.8818614482879639 -0.2734815180301666 -0.3840940594673157
vn -0.8357048034667969 0.4827045798301697 -0.2619039714336395
vn -0.8818614482879639 -0.2734815180301666 -0.3840940594673157
vn -0.778034508228302 -0.2609342038631439 -0.5714678764343262
vn -0.8818614482879639 -0.2734815180301666 -0.3840940594673157
vn -0.728300929069519 -0.6852574944496155 0
vn -0.6339711546897888 -0.6349449753761292 -0.4415035843849182
vn -0.728300929069519 -0.6852574944496155 0
vn -0.8818614482879639 -0.2734815180301666 -0.3840940594673157
vn -0.9790961146354675 -0.20339837670326233 -2.7109453526463767e-7
vn -0.8818614482879639 -0.2734815180301666 -0.3840940594673157
vn -0.8357048034667969 0.4827045798301697 -0.2619039714336395
vn -0.876651406288147 0.4615413248538971 -0.13587461411952972
vn -0.8148947954177856 0.41468024253845215 -0.4049529433250427
vn -0.6970692276954651 0.6014986038208008 -0.3902486562728882
vn -0.7405393123626709 0.6549656987190247 -0.15040412545204163
vn -0.7405393123626709 0.6549656987190247 -0.15040412545204163
vn -0.8357048034667969 0.4827045798301697 -0.2619039714336395
vn -0.8148947954177856 0.41468024253845215 -0.4049529433250427
vn -0.8357048034667969 0.4827045798301697 -0.2619039714336395
vn -0.7405393123626709 0.6549656987190247 -0.15040412545204163
vn -0.6943894028663635 0.714160680770874 -0.08830481022596359
vn -0.6943894028663635 0.714160680770874 -0.08830481022596359
vn -0.876651406288147 0.4615413248538971 -0.13587461411952972
vn -0.8357048034667969 0.4827045798301697 -0.2619039714336395
vn -0.876651406288147 0.4615413248538971 -0.13587461411952972
vn -0.6943894028663635 0.714160680770874 -0.08830481022596359
vn -0.7481294274330139 0.6633570790290833 -0.016115732491016388
vn -0.7481294274330139 0.6633570790290833 -0.016115732491016388
vn -0.8784328699111938 0.4778657853603363 -8.186156037481851e-7
vn -0.876651406288147 0.4615413248538971 -0.13587461411952972
vn -0.9790961146354675 -0.20339837670326233 -2.7109453526463767e-7
vn -0.876651406288147 0.4615413248538971 -0.13587461411952972
vn -0.8784328699111938 0.4778657853603363 -8.186156037481851e-7
vn -0.876651406288147 0.4615413248538971 -0.13587461411952972
vn -0.9790961146354675 -0.20339837670326233 -2.7109453526463767e-7
vn -0.8818614482879639 -0.2734815180301666 -0.3840940594673157
vn -0.8784328699111938 0.4778657853603363 -8.186156037481851e-7
vn -0.7481294274330139 0.6633570790290833 -0.016115732491016388
vn -0.7736011147499084 0.6336729526519775 -0.0000010441970061947359
vn -0.8766512870788574 0.46154195070266724 0.13587315380573273
vn -0.9790961146354675 -0.20339837670326233 -2.7109453526463767e-7
vn -0.8784328699111938 0.4778657853603363 -8.186156037481851e-7
vn -0.9790961146354675 -0.20339837670326233 -2.7109453526463767e-7
vn -0.8766512870788574 0.46154195070266724 0.13587315380573273
vn -0.8818616271018982 -0.27348193526268005 0.38409337401390076
vn -0.8818616271018982 -0.27348193526268005 0.38409337401390076
vn -0.728300929069519 -0.6852574944496155 0
vn -0.9790961146354675 -0.20339837670326233 -2.7109453526463767e-7
vn -0.728300929069519 -0.6852574944496155 0
vn -0.8818616271018982 -0.27348193526268005 0.38409337401390076
vn -0.6339709758758545 -0.6349455118179321 0.4415031969547272
vn -0.8784328699111938 0.4778657853603363 -8.186156037481851e-7
vn -0.7481284141540527 0.6633583307266235 0.016113830730319023
vn -0.8766512870788574 0.46154195070266724 0.13587315380573273
vn -0.7481284141540527 0.6633583307266235 0.016113830730319023
vn -0.8784328699111938 0.4778657853603363 -8.186156037481851e-7
vn -0.7736011147499084 0.6336729526519775 -0.0000010441970061947359
vn -0.694388747215271 0.7141616344451904 0.08830330520868301
vn -0.8766512870788574 0.46154195070266724 0.13587315380573273
vn -0.7481284141540527 0.6633583307266235 0.016113830730319023
vn -0.8766512870788574 0.46154195070266724 0.13587315380573273
vn -0.694388747215271 0.7141616344451904 0.08830330520868301
vn -0.8357049226760864 0.48270511627197266 0.26190268993377686
vn -0.8357049226760864 0.48270511627197266 0.26190268993377686
vn -0.8818616271018982 -0.27348193526268005 0.38409337401390076
vn -0.8766512870788574 0.46154195070266724 0.13587315380573273
vn -0.7405397891998291 0.6549655795097351 0.1504027247428894
vn -0.8357049226760864 0.48270511627197266 0.26190268993377686
vn -0.694388747215271 0.7141616344451904 0.08830330520868301
vn -0.8357049226760864 0.48270511627197266 0.26190268993377686
vn -0.7405397891998291 0.6549655795097351 0.1504027247428894
vn -0.814895749092102 0.4146801233291626 0.40495094656944275
vn -0.6970700025558472 0.6014987826347351 0.3902468681335449
vn -0.814895749092102 0.4146801233291626 0.40495094656944275
vn -0.7405397891998291 0.6549655795097351 0.1504027247428894
vn -0.814895749092102 0.4146801233291626 0.40495094656944275
vn -0.6970700025558472 0.6014987826347351 0.3902468681335449
vn -0.6686592698097229 0.3877607583999634 0.6344574689865112
vn -0.814895749092102 0.4146801233291626 0.40495094656944275
vn -0.7780352234840393 -0.260934442281723 0.5714669823646545
vn -0.8357049226760864 0.48270511627197266 0.26190268993377686
vn -0.7780352234840393 -0.260934442281723 0.5714669823646545
vn -0.6339709758758545 -0.6349455118179321 0.4415031969547272
vn -0.8818616271018982 -0.27348193526268005 0.38409337401390076
vn -0.8818616271018982 -0.27348193526268005 0.38409337401390076
vn -0.8357049226760864 0.48270511627197266 0.26190268993377686
vn -0.7780352234840393 -0.260934442281723 0.5714669823646545
vn -0.7780352234840393 -0.260934442281723 0.5714669823646545
vn -0.814895749092102 0.4146801233291626 0.40495094656944275
vn -0.5668179392814636 -0.2994651794433594 0.7674881219863892
vn -0.6686592698097229 0.3877607583999634 0.6344574689865112
vn -0.5668179392814636 -0.2994651794433594 0.7674881219863892
vn -0.814895749092102 0.4146801233291626 0.40495094656944275
vn -0.5668179392814636 -0.2994651794433594 0.7674881219863892
vn -0.41700658202171326 -0.6542369723320007 0.6309354305267334
vn -0.7780352234840393 -0.260934442281723 0.5714669823646545
vn -0.6339709758758545 -0.6349455118179321 0.4415031969547272
vn -0.7780352234840393 -0.260934442281723 0.5714669823646545
vn -0.41700658202171326 -0.6542369723320007 0.6309354305267334
vn -0.41700658202171326 -0.6542369723320007 0.6309354305267334
vn -0.5668179392814636 -0.2994651794433594 0.7674881219863892
vn -0.19910702109336853 -0.6365561485290527 0.7450857162475586
vn -0.5746142864227295 0.5810256004333496 0.5763919949531555
vn -0.6686592698097229 0.3877607583999634 0.6344574689865112
vn -0.6970700025558472 0.6014987826347351 0.3902468681335449
vn -0.6686592698097229 0.3877607583999634 0.6344574689865112
vn -0.5746142864227295 0.5810256004333496 0.5763919949531555
vn -0.4638693630695343 0.3606342375278473 0.8091774582862854
vn -0.4154619872570038 0.5930120348930359 0.6897304058074951
vn -0.4638693630695343 0.3606342375278473 0.8091774582862854
vn -0.5746142864227295 0.5810256004333496 0.5763919949531555
vn -0.4638693630695343 0.3606342375278473 0.8091774582862854
vn -0.4154619872570038 0.5930120348930359 0.6897304058074951
vn -0.24456077814102173 0.34552711248397827 0.9059807062149048
vn -0.24456077814102173 0.34552711248397827 0.9059807062149048
vn -0.05374421179294586 -0.2697655260562897 0.9614250659942627
vn -0.4638693630695343 0.3606342375278473 0.8091774582862854
vn -0.05374421179294586 -0.2697655260562897 0.9614250659942627
vn -0.24456077814102173 0.34552711248397827 0.9059807062149048
vn 0.17215655744075775 -0.27813974022865295 0.9449869990348816
vn -0.2253633439540863 0.6052177548408508 0.7634938359260559
vn -0.24456077814102173 0.34552711248397827 0.9059807062149048
vn -0.4154619872570038 0.5930120348930359 0.6897304058074951
vn -0.24456077814102173 0.34552711248397827 0.9059807062149048
vn -0.2253633439540863 0.6052177548408508 0.7634938359260559
vn 0.021449144929647446 0.31682083010673523 0.9482428431510925
vn 0.021449144929647446 0.31682083010673523 0.9482428431510925
vn 0.17215655744075775 -0.27813974022865295 0.9449869990348816
vn -0.24456077814102173 0.34552711248397827 0.9059807062149048
vn 0.004783103242516518 0.663555383682251 0.74811190366745
vn 0.021449144929647446 0.31682083010673523 0.9482428431510925
vn -0.2253633439540863 0.6052177548408508 0.7634938359260559
vn 0.021449144929647446 0.31682083010673523 0.9482428431510925
vn 0.004783103242516518 0.663555383682251 0.74811190366745
vn 0.3542773425579071 0.3052515983581543 0.8839168548583984
vn 0.6842195391654968 -0.14584174752235413 0.7145444750785828
vn 0.3542773425579071 0.3052515983581543 0.8839168548583984
vn 0.004783103242516518 0.663555383682251 0.74811190366745
vn 0.3542773425579071 0.3052515983581543 0.8839168548583984
vn 0.6842195391654968 -0.14584174752235413 0.7145444750785828
vn 0.6612247824668884 -0.40641075372695923 0.6305649280548096
vn 0.6612247824668884 -0.40641075372695923 0.6305649280548096
vn 0.6842195391654968 -0.14584174752235413 0.7145444750785828
vn 0.6985524892807007 -0.2572513222694397 0.6677171587944031
vn 0.6612247824668884 -0.40641075372695923 0.6305649280548096
vn 0.6985524892807007 -0.2572513222694397 0.6677171587944031
vn 0.7153400182723999 -0.32215967774391174 0.6200820803642273
vn 0.3542773425579071 0.3052515983581543 0.8839168548583984
vn 0.436898797750473 -0.34499314427375793 0.8307220935821533
vn 0.021449144929647446 0.31682083010673523 0.9482428431510925
vn 0.436898797750473 -0.34499314427375793 0.8307220935821533
vn 0.3542773425579071 0.3052515983581543 0.8839168548583984
vn 0.6612247824668884 -0.40641075372695923 0.6305649280548096
vn 0.17215655744075775 -0.27813974022865295 0.9449869990348816
vn 0.021449144929647446 0.31682083010673523 0.9482428431510925
vn 0.436898797750473 -0.34499314427375793 0.8307220935821533
vn 0.436898797750473 -0.34499314427375793 0.8307220935821533
vn 0.3610066771507263 -0.524592399597168 0.7710233926773071
vn 0.17215655744075775 -0.27813974022865295 0.9449869990348816
vn 0.3610066771507263 -0.524592399597168 0.7710233926773071
vn 0.436898797750473 -0.34499314427375793 0.8307220935821533
vn 0.5537368655204773 -0.5669018626213074 0.6099161505699158
vn 0.6612247824668884 -0.40641075372695923 0.6305649280548096
vn 0.5537368655204773 -0.5669018626213074 0.6099161505699158
vn 0.436898797750473 -0.34499314427375793 0.8307220935821533
vn 0.6612247824668884 -0.40641075372695923 0.6305649280548096
vn 0.7153400182723999 -0.32215967774391174 0.6200820803642273
vn 0.6956113576889038 -0.6022818088531494 0.3916394114494324
vn 0.5537368655204773 -0.5669018626213074 0.6099161505699158
vn 0.6612247824668884 -0.40641075372695923 0.6305649280548096
vn 0.6956113576889038 -0.6022818088531494 0.3916394114494324
vn 0.17215655744075775 -0.27813974022865295 0.9449869990348816
vn 0.18573565781116486 -0.5351769924163818 0.8240678906440735
vn -0.05374421179294586 -0.2697655260562897 0.9614250659942627
vn 0.18573565781116486 -0.5351769924163818 0.8240678906440735
vn 0.17215655744075775 -0.27813974022865295 0.9449869990348816
vn 0.3610066771507263 -0.524592399597168 0.7710233926773071
vn 0.007178142666816711 -0.6004610061645508 0.7996217608451843
vn -0.05374421179294586 -0.2697655260562897 0.9614250659942627
vn 0.18573565781116486 -0.5351769924163818 0.8240678906440735
vn -0.05374421179294586 -0.2697655260562897 0.9614250659942627
vn 0.007178142666816711 -0.6004610061645508 0.7996217608451843
vn -0.3119460344314575 -0.28530222177505493 0.9062517881393433
vn -0.19910702109336853 -0.6365561485290527 0.7450857162475586
vn -0.3119460344314575 -0.28530222177505493 0.9062517881393433
vn 0.007178142666816711 -0.6004610061645508 0.7996217608451843
vn -0.3119460344314575 -0.28530222177505493 0.9062517881393433
vn -0.19910702109336853 -0.6365561485290527 0.7450857162475586
vn -0.5668179392814636 -0.2994651794433594 0.7674881219863892
vn -0.5668179392814636 -0.2994651794433594 0.7674881219863892
vn -0.6686592698097229 0.3877607583999634 0.6344574689865112
vn -0.3119460344314575 -0.28530222177505493 0.9062517881393433
vn -0.4638693630695343 0.3606342375278473 0.8091774582862854
vn -0.3119460344314575 -0.28530222177505493 0.9062517881393433
vn -0.6686592698097229 0.3877607583999634 0.6344574689865112
vn -0.3119460344314575 -0.28530222177505493 0.9062517881393433
vn -0.4638693630695343 0.3606342375278473 0.8091774582862854
vn -0.05374421179294586 -0.2697655260562897 0.9614250659942627
vn 0.6157182455062866 -0.7879663705825806 4.54479703648758e-7
vn 0.31209027767181396 -0.48026779294013977 -0.819720983505249
vn 0.6264412999153137 -0.7794685959815979 7.696419288549805e-7
vn 0.31209027767181396 -0.48026779294013977 -0.819720983505249
vn 0.6157182455062866 -0.7879663705825806 4.54479703648758e-7
vn 0.2977396249771118 -0.4996867775917053 -0.8134275078773499
vn 0.08816155046224594 0.7289985418319702 -0.6788142323493958
vn 0.21252192556858063 0.547308087348938 -0.8094987273216248
vn 0.018039492890238762 0.783389687538147 -0.6212690472602844
vn 0.21252192556858063 0.547308087348938 -0.8094987273216248
vn 0.08816155046224594 0.7289985418319702 -0.6788142323493958
vn 0.23518413305282593 0.5426577925682068 -0.8063566088676453
vn 0.22323520481586456 0.33551737666130066 -0.9152016639709473
vn 0.21252192556858063 0.547308087348938 -0.8094987273216248
vn 0.23518413305282593 0.5426577925682068 -0.8063566088676453
vn 0.21252192556858063 0.547308087348938 -0.8094987273216248
vn 0.22323520481586456 0.33551737666130066 -0.9152016639709473
vn 0.23034919798374176 0.29393577575683594 -0.9276534914970398
vn 0.2737230956554413 0.0484112873673439 -0.9605894088745117
vn 0.23034919798374176 0.29393577575683594 -0.9276534914970398
vn 0.22323520481586456 0.33551737666130066 -0.9152016639709473
vn 0.23034919798374176 0.29393577575683594 -0.9276534914970398
vn 0.2737230956554413 0.0484112873673439 -0.9605894088745117
vn 0.27977681159973145 0.03073977679014206 -0.9595728516578674
vn 0.23080477118492126 -0.10591214895248413 -0.9672185778617859
vn 0.27977681159973145 0.03073977679014206 -0.9595728516578674
vn 0.2737230956554413 0.0484112873673439 -0.9605894088745117
vn 0.27977681159973145 0.03073977679014206 -0.9595728516578674
vn 0.23080477118492126 -0.10591214895248413 -0.9672185778617859
vn 0.24321486055850983 -0.10205119103193283 -0.9645890593528748
vn 0.3744190037250519 -0.1998024880886078 -0.9054774045944214
vn 0.24321486055850983 -0.10205119103193283 -0.9645890593528748
vn 0.23080477118492126 -0.10591214895248413 -0.9672185778617859
vn 0.24321486055850983 -0.10205119103193283 -0.9645890593528748
vn 0.3744190037250519 -0.1998024880886078 -0.9054774045944214
vn 0.385048508644104 -0.21716879308223724 -0.8969812393188477
vn 0.3654593527317047 -0.2903980314731598 -0.8843690156936646
vn 0.385048508644104 -0.21716879308223724 -0.8969812393188477
vn 0.3744190037250519 -0.1998024880886078 -0.9054774045944214
vn 0.385048508644104 -0.21716879308223724 -0.8969812393188477
vn 0.3654593527317047 -0.2903980314731598 -0.8843690156936646
vn 0.3641856014728546 -0.29031381011009216 -0.8849218487739563
vn 0.9963362216949463 -0.08552249521017075 6.739092555108073e-7
vn 0.9861698746681213 -0.1657377928495407 8.544251954845095e-7
vn 0.8267972469329834 -0.18515637516975403 -0.5311529636383057
vn 0.8202878832817078 -0.25027430057525635 -0.5142865180969238
vn 0.9963362216949463 -0.08552249521017075 6.739092555108073e-7
vn 0.8267972469329834 -0.18515637516975403 -0.5311529636383057
vn 0.8401298522949219 -0.09520679712295532 -0.5339639186859131
vn 0.9963362216949463 -0.08552249521017075 6.739092555108073e-7
vn 0.8202878832817078 -0.25027430057525635 -0.5142865180969238
vn 0.9963362216949463 -0.08552249521017075 6.739092555108073e-7
vn 0.8401298522949219 -0.09520679712295532 -0.5339639186859131
vn 0.8751223087310791 0.08355017006397247 -0.4766343832015991
vn 0.9928708076477051 0.11919507384300232 7.297031743291882e-7
vn 0.9963362216949463 -0.08552249521017075 6.739092555108073e-7
vn 0.8751223087310791 0.08355017006397247 -0.4766343832015991
vn 0.9861698746681213 -0.1657377928495407 8.544251954845095e-7
vn 0.8696871399879456 -0.10847378522157669 -0.48153677582740784
vn 0.8267972469329834 -0.18515637516975403 -0.5311529636383057
vn 0.8696871399879456 -0.10847378522157669 -0.48153677582740784
vn 0.9861698746681213 -0.1657377928495407 8.544251954845095e-7
vn 0.876211941242218 -0.11584972590208054 -0.467794269323349
vn 0.8267972469329834 -0.18515637516975403 -0.5311529636383057
vn 0.8341880440711975 -0.18300274014472961 -0.5202309489250183
vn 0.8202878832817078 -0.25027430057525635 -0.5142865180969238
vn 0.8341880440711975 -0.18300274014472961 -0.5202309489250183
vn 0.8267972469329834 -0.18515637516975403 -0.5311529636383057
vn 0.8696871399879456 -0.10847378522157669 -0.48153677582740784
vn 0.8202878832817078 -0.25027430057525635 -0.5142865180969238
vn 0.8341880440711975 -0.18300274014472961 -0.5202309489250183
vn 0.8401298522949219 -0.09520679712295532 -0.5339639186859131
vn 0.8442041873931885 0.0039234342984855175 -0.536007285118103
vn 0.8751223087310791 0.08355017006397247 -0.4766343832015991
vn 0.8401298522949219 -0.09520679712295532 -0.5339639186859131
vn 0.8751223087310791 0.08355017006397247 -0.4766343832015991
vn 0.8442041873931885 0.0039234342984855175 -0.536007285118103
vn 0.9090253710746765 -0.0359138585627079 -0.41519033908843994
vn 0.8751223087310791 0.08355017006397247 -0.4766343832015991
vn 0.9951035380363464 -0.09883753955364227 7.150006808842591e-7
vn 0.9928708076477051 0.11919507384300232 7.297031743291882e-7
vn 0.9951035380363464 -0.09883753955364227 7.150006808842591e-7
vn 0.8751223087310791 0.08355017006397247 -0.4766343832015991
vn 0.9090253710746765 -0.0359138585627079 -0.41519033908843994
vn 0.9951035380363464 -0.09883753955364227 7.150006808842591e-7
vn 0.9090253710746765 -0.0359138585627079 -0.41519033908843994
vn 0.9694803357124329 -0.15487639605998993 -0.19005560874938965
vn 0.9608162045478821 -0.18144848942756653 -0.20954397320747375
vn 0.9951035380363464 -0.09883753955364227 7.150006808842591e-7
vn 0.9694803357124329 -0.15487639605998993 -0.19005560874938965
vn 0.9951035380363464 -0.09883753955364227 7.150006808842591e-7
vn 0.9608162045478821 -0.18144848942756653 -0.20954397320747375
vn 0.9807794094085693 -0.1951197385787964 4.969070346305671e-7
vn 0.9051187038421631 -0.324039101600647 -0.2752431631088257
vn 0.9807794094085693 -0.1951197385787964 4.969070346305671e-7
vn 0.9608162045478821 -0.18144848942756653 -0.20954397320747375
vn 0.9807794094085693 -0.1951197385787964 4.969070346305671e-7
vn 0.9051187038421631 -0.324039101600647 -0.2752431631088257
vn 0.9403196573257446 -0.34029242396354675 4.272579872122151e-7
vn 0.880545973777771 -0.40268316864967346 -0.24997025728225708
vn 0.9403196573257446 -0.34029242396354675 4.272579872122151e-7
vn 0.9051187038421631 -0.324039101600647 -0.2752431631088257
vn 0.9403196573257446 -0.34029242396354675 4.272579872122151e-7
vn 0.880545973777771 -0.40268316864967346 -0.24997025728225708
vn 0.9139577746391296 -0.40580934286117554 5.327626126927498e-7
vn 0.8401298522949219 -0.09520679712295532 -0.5339639186859131
vn 0.8109431266784668 -0.09975896775722504 -0.5765582323074341
vn 0.8442041873931885 0.0039234342984855175 -0.536007285118103
vn 0.8341880440711975 -0.18300274014472961 -0.5202309489250183
vn 0.8109431266784668 -0.09975896775722504 -0.5765582323074341
vn 0.8401298522949219 -0.09520679712295532 -0.5339639186859131
vn 0.960815966129303 -0.18144860863685608 0.2095450460910797
vn 0.9951035380363464 -0.09883753955364227 7.150006808842591e-7
vn 0.9807794094085693 -0.1951197385787964 4.969070346305671e-7
vn 0.9951035380363464 -0.09883753955364227 7.150006808842591e-7
vn 0.960815966129303 -0.18144860863685608 0.2095450460910797
vn 0.969480037689209 -0.15487655997276306 0.19005706906318665
vn 0.9807794094085693 -0.1951197385787964 4.969070346305671e-7
vn 0.905118465423584 -0.324039101600647 0.27524396777153015
vn 0.960815966129303 -0.18144860863685608 0.2095450460910797
vn 0.905118465423584 -0.324039101600647 0.27524396777153015
vn 0.9807794094085693 -0.1951197385787964 4.969070346305671e-7
vn 0.9403196573257446 -0.34029242396354675 4.272579872122151e-7
vn 0.9403196573257446 -0.34029242396354675 4.272579872122151e-7
vn 0.8805456161499023 -0.40268316864967346 0.2499711513519287
vn 0.905118465423584 -0.324039101600647 0.27524396777153015
vn 0.8805456161499023 -0.40268316864967346 0.2499711513519287
vn 0.9403196573257446 -0.34029242396354675 4.272579872122151e-7
vn 0.9139577746391296 -0.40580934286117554 5.327626126927498e-7
vn 0.9951035380363464 -0.09883753955364227 7.150006808842591e-7
vn 0.969480037689209 -0.15487655997276306 0.19005706906318665
vn 0.9090248942375183 -0.03591371327638626 0.41519153118133545
vn 0.8751216530799866 0.08355022966861725 0.47663548588752747
vn 0.9951035380363464 -0.09883753955364227 7.150006808842591e-7
vn 0.9090248942375183 -0.03591371327638626 0.41519153118133545
vn 0.8442034125328064 0.003923775628209114 0.5360085964202881
vn 0.8751216530799866 0.08355022966861725 0.47663548588752747
vn 0.9090248942375183 -0.03591371327638626 0.41519153118133545
vn 0.8751216530799866 0.08355022966861725 0.47663548588752747
vn 0.8442034125328064 0.003923775628209114 0.5360085964202881
vn 0.8401291370391846 -0.09520735591650009 0.533964991569519
vn 0.9963362216949463 -0.08552249521017075 6.739092555108073e-7
vn 0.8751216530799866 0.08355022966861725 0.47663548588752747
vn 0.8401291370391846 -0.09520735591650009 0.533964991569519
vn 0.9928708076477051 0.11919507384300232 7.297031743291882e-7
vn 0.8751216530799866 0.08355022966861725 0.47663548588752747
vn 0.9963362216949463 -0.08552249521017075 6.739092555108073e-7
vn 0.8401291370391846 -0.09520735591650009 0.533964991569519
vn 0.8202870488166809 -0.2502747178077698 0.5142876505851746
vn 0.9963362216949463 -0.08552249521017075 6.739092555108073e-7
vn 0.8202870488166809 -0.2502747178077698 0.5142876505851746
vn 0.8267963528633118 -0.18515634536743164 0.5311543345451355
vn 0.9963362216949463 -0.08552249521017075 6.739092555108073e-7
vn 0.9963362216949463 -0.08552249521017075 6.739092555108073e-7
vn 0.8267963528633118 -0.18515634536743164 0.5311543345451355
vn 0.9861698746681213 -0.1657377928495407 8.544251954845095e-7
vn 0.8696862459182739 -0.10847430676221848 0.4815383553504944
vn 0.9861698746681213 -0.1657377928495407 8.544251954845095e-7
vn 0.8267963528633118 -0.18515634536743164 0.5311543345451355
vn 0.9861698746681213 -0.1657377928495407 8.544251954845095e-7
vn 0.8696862459182739 -0.10847430676221848 0.4815383553504944
vn 0.8762109875679016 -0.11584988981485367 0.4677959084510803
vn 0.8267963528633118 -0.18515634536743164 0.5311543345451355
vn 0.8341870903968811 -0.18300369381904602 0.5202321410179138
vn 0.8696862459182739 -0.10847430676221848 0.4815383553504944
vn 0.8341870903968811 -0.18300369381904602 0.5202321410179138
vn 0.8267963528633118 -0.18515634536743164 0.5311543345451355
vn 0.8202870488166809 -0.2502747178077698 0.5142876505851746
vn 0.8202870488166809 -0.2502747178077698 0.5142876505851746
vn 0.8401291370391846 -0.09520735591650009 0.533964991569519
vn 0.8341870903968811 -0.18300369381904602 0.5202321410179138
vn 0.9951035380363464 -0.09883753955364227 7.150006808842591e-7
vn 0.8751216530799866 0.08355022966861725 0.47663548588752747
vn 0.9928708076477051 0.11919507384300232 7.297031743291882e-7
vn 0.9861698746681213 -0.1657377928495407 8.544251954845095e-7
vn 0.8762109875679016 -0.11584988981485367 0.4677959084510803
vn 0.9918575882911682 -0.1273522675037384 7.398488151011406e-7
vn 0.9861698746681213 -0.1657377928495407 8.544251954845095e-7
vn 0.9918575882911682 -0.1273522675037384 7.398488151011406e-7
vn 0.876211941242218 -0.11584972590208054 -0.467794269323349
vn 0.8401291370391846 -0.09520735591650009 0.533964991569519
vn 0.8442034125328064 0.003923775628209114 0.5360085964202881
vn 0.8109421133995056 -0.09975949674844742 0.5765596032142639
vn 0.8341870903968811 -0.18300369381904602 0.5202321410179138
vn 0.8401291370391846 -0.09520735591650009 0.533964991569519
vn 0.8109421133995056 -0.09975949674844742 0.5765596032142639
vn 0.23039095103740692 -0.5857108235359192 -0.777086079120636
vn 0.20045197010040283 -0.6571282148361206 -0.726637065410614
vn 0.24728232622146606 -0.5745967626571655 -0.7801858186721802
vn 0.20045197010040283 -0.6571282148361206 -0.726637065410614
vn 0.23039095103740692 -0.5857108235359192 -0.777086079120636
vn 0.16485115885734558 -0.6935688257217407 -0.7012748718261719
vn 0.24728232622146606 -0.5745967626571655 -0.7801858186721802
vn 0.2977396249771118 -0.4996867775917053 -0.8134275078773499
vn 0.23039095103740692 -0.5857108235359192 -0.777086079120636
vn 0.2977396249771118 -0.4996867775917053 -0.8134275078773499
vn 0.24728232622146606 -0.5745967626571655 -0.7801858186721802
vn 0.31209027767181396 -0.48026779294013977 -0.819720983505249
vn 0.16485115885734558 -0.6935688257217407 -0.7012748718261719
vn 0.042468056082725525 -0.741786777973175 -0.669289767742157
vn 0.20045197010040283 -0.6571282148361206 -0.726637065410614
vn 0.042468056082725525 -0.741786777973175 -0.669289767742157
vn 0.16485115885734558 -0.6935688257217407 -0.7012748718261719
vn 0.0017040042439475656 -0.7416850328445435 -0.6707461476325989
vn -0.7424578070640564 0.19607530534267426 -0.6405551433563232
vn -0.8537578582763672 0.1438203901052475 -0.5004130005836487
vn -0.7093573212623596 0.15189629793167114 -0.6882874965667725
vn -0.5691976547241211 -0.1340767741203308 0.8111950755119324
vn -0.24969789385795593 -0.047585953027009964 0.9671538472175598
vn -0.25020405650138855 -0.11533902585506439 0.9612985253334045
vn -0.24969789385795593 -0.047585953027009964 0.9671538472175598
vn -0.5691976547241211 -0.1340767741203308 0.8111950755119324
vn -0.5634108185768127 -0.04660995304584503 0.8248611092567444
vn -0.5928751826286316 0.05332028493285179 0.8035272359848022
vn -0.24969789385795593 -0.047585953027009964 0.9671538472175598
vn -0.5634108185768127 -0.04660995304584503 0.8248611092567444
vn -0.24969789385795593 -0.047585953027009964 0.9671538472175598
vn -0.5928751826286316 0.05332028493285179 0.8035272359848022
vn -0.29499682784080505 0.01628742925822735 0.9553593993186951
vn -0.05454205721616745 -0.09272874891757965 0.9941964149475098
vn -0.25020405650138855 -0.11533902585506439 0.9612985253334045
vn -0.24969789385795593 -0.047585953027009964 0.9671538472175598
vn -0.29499682784080505 0.01628742925822735 0.9553593993186951
vn -0.05454205721616745 -0.09272874891757965 0.9941964149475098
vn -0.24969789385795593 -0.047585953027009964 0.9671538472175598
vn -0.25020405650138855 -0.11533902585506439 0.9612985253334045
vn -0.05454205721616745 -0.09272874891757965 0.9941964149475098
vn -0.008006352931261063 -0.12584269046783447 0.992017924785614
vn 0.21538008749485016 -0.1151944249868393 0.9697121381759644
vn -0.008006352931261063 -0.12584269046783447 0.992017924785614
vn -0.05454205721616745 -0.09272874891757965 0.9941964149475098
vn -0.008006352931261063 -0.12584269046783447 0.992017924785614
vn 0.21538008749485016 -0.1151944249868393 0.9697121381759644
vn 0.25950685143470764 -0.11548256874084473 0.9588117599487305
vn 0.0027932217344641685 -0.13793067634105682 0.9904379844665527
vn -0.25020405650138855 -0.11533902585506439 0.9612985253334045
vn -0.008006352931261063 -0.12584269046783447 0.992017924785614
vn 0.0027932217344641685 -0.13793067634105682 0.9904379844665527
vn -0.008006352931261063 -0.12584269046783447 0.992017924785614
vn 0.25950685143470764 -0.11548256874084473 0.9588117599487305
vn 0.5417031049728394 -0.11659236252307892 0.8324445486068726
vn 0.25950685143470764 -0.11548256874084473 0.9588117599487305
vn 0.21538008749485016 -0.1151944249868393 0.9697121381759644
vn 0.25950685143470764 -0.11548256874084473 0.9588117599487305
vn 0.5417031049728394 -0.11659236252307892 0.8324445486068726
vn 0.570032000541687 -0.14343352615833282 0.8090057969093323
vn 0.5055649280548096 -0.1533544957637787 0.8490504026412964
vn 0.25950685143470764 -0.11548256874084473 0.9588117599487305
vn 0.570032000541687 -0.14343352615833282 0.8090057969093323
vn 0.5055649280548096 -0.1533544957637787 0.8490504026412964
vn 0.0027932217344641685 -0.13793067634105682 0.9904379844665527
vn 0.25950685143470764 -0.11548256874084473 0.9588117599487305
vn 0.6924148797988892 -0.37946513295173645 0.6136512160301208
vn 0.570032000541687 -0.14343352615833282 0.8090057969093323
vn 0.5417031049728394 -0.11659236252307892 0.8324445486068726
vn 0.570032000541687 -0.14343352615833282 0.8090057969093323
vn 0.6924148797988892 -0.37946513295173645 0.6136512160301208
vn 0.7168831825256348 -0.3044191598892212 0.6272220611572266
vn 0.7168831825256348 -0.3044191598892212 0.6272220611572266
vn 0.5055649280548096 -0.1533544957637787 0.8490504026412964
vn 0.570032000541687 -0.14343352615833282 0.8090057969093323
vn -0.8119481801986694 -0.027462609112262726 0.5830831527709961
vn -0.5928751826286316 0.05332028493285179 0.8035272359848022
vn -0.5634108185768127 -0.04660995304584503 0.8248611092567444
vn -0.5928751826286316 0.05332028493285179 0.8035272359848022
vn -0.8119481801986694 -0.027462609112262726 0.5830831527709961
vn -0.803203284740448 0.10744556039571762 0.5859350562095642
vn -0.9217290878295898 -0.02169554866850376 0.38722705841064453
vn -0.803203284740448 0.10744556039571762 0.5859350562095642
vn -0.8119481801986694 -0.027462609112262726 0.5830831527709961
vn -0.803203284740448 0.10744556039571762 0.5859350562095642
vn -0.9217290878295898 -0.02169554866850376 0.38722705841064453
vn -0.893471896648407 0.13911306858062744 0.4270309805870056
vn -0.9217290878295898 -0.02169554866850376 0.38722705841064453
vn -0.9482964277267456 0.21045593917369843 0.2375756949186325
vn -0.893471896648407 0.13911306858062744 0.4270309805870056
vn -0.9482964277267456 0.21045593917369843 0.2375756949186325
vn -0.9217290878295898 -0.02169554866850376 0.38722705841064453
vn -0.989159882068634 0.007230384275317192 0.14666473865509033
vn -0.9346447587013245 0.28844133019447327 0.20794419944286346
vn -0.893471896648407 0.13911306858062744 0.4270309805870056
vn -0.9482964277267456 0.21045593917369843 0.2375756949186325
vn -0.989159882068634 0.007230384275317192 0.14666473865509033
vn -0.9217290878295898 -0.02169554866850376 0.38722705841064453
vn -0.9046182036399841 -0.18156971037387848 0.38561418652534485
vn -0.9046182036399841 -0.18156971037387848 0.38561418652534485
vn -0.9217290878295898 -0.02169554866850376 0.38722705841064453
vn -0.8119481801986694 -0.027462609112262726 0.5830831527709961
vn -0.8119481801986694 -0.027462609112262726 0.5830831527709961
vn -0.5634108185768127 -0.04660995304584503 0.8248611092567444
vn -0.5691976547241211 -0.1340767741203308 0.8111950755119324
vn -0.4969097971916199 -0.1427834928035736 0.8559752106666565
vn -0.5691976547241211 -0.1340767741203308 0.8111950755119324
vn -0.25020405650138855 -0.11533902585506439 0.9612985253334045
vn 0.0027932217344641685 -0.13793067634105682 0.9904379844665527
vn -0.4969097971916199 -0.1427834928035736 0.8559752106666565
vn -0.25020405650138855 -0.11533902585506439 0.9612985253334045
vn 0.6157182455062866 -0.7879663705825806 4.54479703648758e-7
vn 0.31208929419517517 -0.48026758432388306 0.8197214603424072
vn 0.2977387011051178 -0.499686598777771 0.8134279251098633
vn 0.31208929419517517 -0.48026758432388306 0.8197214603424072
vn 0.6157182455062866 -0.7879663705825806 4.54479703648758e-7
vn 0.6264412999153137 -0.7794685959815979 7.696419288549805e-7
vn 0.24728138744831085 -0.5745970010757446 0.7801859974861145
vn 0.2977387011051178 -0.499686598777771 0.8134279251098633
vn 0.31208929419517517 -0.48026758432388306 0.8197214603424072
vn 0.2977387011051178 -0.499686598777771 0.8134279251098633
vn 0.24728138744831085 -0.5745970010757446 0.7801859974861145
vn 0.23038990795612335 -0.5857109427452087 0.7770863175392151
vn 0.20045047998428345 -0.6571291089057922 0.7266367077827454
vn 0.23038990795612335 -0.5857109427452087 0.7770863175392151
vn 0.24728138744831085 -0.5745970010757446 0.7801859974861145
vn 0.23038990795612335 -0.5857109427452087 0.7770863175392151
vn 0.20045047998428345 -0.6571291089057922 0.7266367077827454
vn 0.16484931111335754 -0.6935698986053467 0.7012742161750793
vn 0.04246475175023079 -0.7417883276939392 0.6692882180213928
vn 0.16484931111335754 -0.6935698986053467 0.7012742161750793
vn 0.20045047998428345 -0.6571291089057922 0.7266367077827454
vn 0.16484931111335754 -0.6935698986053467 0.7012742161750793
vn 0.04246475175023079 -0.7417883276939392 0.6692882180213928
vn 0.0017002420499920845 -0.7416865229606628 0.6707444787025452
vn 0.08816087245941162 0.7289980053901672 0.6788147687911987
vn 0.21252091228961945 0.5473079085350037 0.809499204158783
vn 0.23518332839012146 0.5426574945449829 0.8063570261001587
vn 0.21252091228961945 0.5473079085350037 0.809499204158783
vn 0.08816087245941162 0.7289980053901672 0.6788147687911987
vn 0.018039194867014885 0.783389151096344 0.621269702911377
vn 0.21252091228961945 0.5473079085350037 0.809499204158783
vn 0.22323359549045563 0.3355172574520111 0.9152021408081055
vn 0.23518332839012146 0.5426574945449829 0.8063570261001587
vn 0.22323359549045563 0.3355172574520111 0.9152021408081055
vn 0.21252091228961945 0.5473079085350037 0.809499204158783
vn 0.2303474396467209 0.2939356863498688 0.9276539087295532
vn 0.2303474396467209 0.2939356863498688 0.9276539087295532
vn 0.2737219035625458 0.0484110563993454 0.9605897665023804
vn 0.22323359549045563 0.3355172574520111 0.9152021408081055
vn 0.2737219035625458 0.0484110563993454 0.9605897665023804
vn 0.2303474396467209 0.2939356863498688 0.9276539087295532
vn 0.2797756493091583 0.0307395551353693 0.9595731496810913
vn 0.2797756493091583 0.0307395551353693 0.9595731496810913
vn 0.23080359399318695 -0.10591237246990204 0.9672188758850098
vn 0.2737219035625458 0.0484110563993454 0.9605897665023804
vn 0.23080359399318695 -0.10591237246990204 0.9672188758850098
vn 0.2797756493091583 0.0307395551353693 0.9595731496810913
vn 0.24321356415748596 -0.10205147415399551 0.9645893573760986
vn 0.24321356415748596 -0.10205147415399551 0.9645893573760986
vn 0.374417781829834 -0.19980251789093018 0.9054779410362244
vn 0.23080359399318695 -0.10591237246990204 0.9672188758850098
vn 0.374417781829834 -0.19980251789093018 0.9054779410362244
vn 0.24321356415748596 -0.10205147415399551 0.9645893573760986
vn 0.38504713773727417 -0.21716874837875366 0.8969818353652954
vn 0.38504713773727417 -0.21716874837875366 0.8969818353652954
vn 0.3654572367668152 -0.29039767384529114 0.8843699097633362
vn 0.374417781829834 -0.19980251789093018 0.9054779410362244
vn 0.3654572367668152 -0.29039767384529114 0.8843699097633362
vn 0.38504713773727417 -0.21716874837875366 0.8969818353652954
vn 0.3641834259033203 -0.2903134524822235 0.8849229216575623
vn 0.18462719023227692 -0.9828086495399475 1.4249690138967708e-7
vn -0.05688656121492386 -0.7926372289657593 0.607033908367157
vn -0.2642051875591278 -0.9644664525985718 -1.2630910362076975e-7
vn -0.05688656121492386 -0.7926372289657593 0.607033908367157
vn 0.18462719023227692 -0.9828086495399475 1.4249690138967708e-7
vn 0.16558291018009186 -0.8991379737854004 0.40513357520103455
vn 0.38137009739875793 -0.8956056237220764 0.22901411354541779
vn -0.05688656121492386 -0.7926372289657593 0.607033908367157
vn 0.16558291018009186 -0.8991379737854004 0.40513357520103455
vn -0.05688656121492386 -0.7926372289657593 0.607033908367157
vn 0.38137009739875793 -0.8956056237220764 0.22901411354541779
vn -0.09303124994039536 -0.7931868433952332 0.6018304228782654
vn 0.3954845368862152 -0.9163878560066223 0.061848241835832596
vn -0.09303124994039536 -0.7931868433952332 0.6018304228782654
vn 0.38137009739875793 -0.8956056237220764 0.22901411354541779
vn -0.09303124994039536 -0.7931868433952332 0.6018304228782654
vn 0.3954845368862152 -0.9163878560066223 0.061848241835832596
vn -0.12189821898937225 -0.9303308129310608 0.3458690047264099
vn 0.3954845368862152 -0.9163878560066223 0.061848241835832596
vn -0.0101925665512681 -0.8944268226623535 0.4470981955528259
vn -0.12189821898937225 -0.9303308129310608 0.3458690047264099
vn -0.0101925665512681 -0.8944268226623535 0.4470981955528259
vn 0.3954845368862152 -0.9163878560066223 0.061848241835832596
vn 0.3934839069843292 -0.9143745303153992 0.09533954411745071
vn 0.6641556024551392 -0.7364158034324646 -0.12879858911037445
vn 0.3934839069843292 -0.9143745303153992 0.09533954411745071
vn 0.3954845368862152 -0.9163878560066223 0.061848241835832596
vn 0.38137009739875793 -0.8956056237220764 0.22901411354541779
vn 0.6641556024551392 -0.7364158034324646 -0.12879858911037445
vn 0.3954845368862152 -0.9163878560066223 0.061848241835832596
vn 0.3934839069843292 -0.9143745303153992 0.09533954411745071
vn 0.6641556024551392 -0.7364158034324646 -0.12879858911037445
vn 0.6501871943473816 -0.7294418215751648 -0.21253514289855957
vn 0.43181154131889343 -0.8921447396278381 0.13272732496261597
vn -0.0101925665512681 -0.8944268226623535 0.4470981955528259
vn 0.3934839069843292 -0.9143745303153992 0.09533954411745071
vn -0.0101925665512681 -0.8944268226623535 0.4470981955528259
vn 0.43181154131889343 -0.8921447396278381 0.13272732496261597
vn 0.12489931285381317 -0.8229820132255554 0.5541666746139526
vn 0.43181154131889343 -0.8921447396278381 0.13272732496261597
vn 0.22979246079921722 -0.7533438205718994 0.6161724925041199
vn 0.12489931285381317 -0.8229820132255554 0.5541666746139526
vn 0.22979246079921722 -0.7533438205718994 0.6161724925041199
vn 0.43181154131889343 -0.8921447396278381 0.13272732496261597
vn 0.4481351673603058 -0.884213924407959 0.13168345391750336
vn 0.5958213806152344 -0.7716916799545288 -0.22246085107326508
vn 0.4481351673603058 -0.884213924407959 0.13168345391750336
vn 0.43181154131889343 -0.8921447396278381 0.13272732496261597
vn 0.5958213806152344 -0.7716916799545288 -0.22246085107326508
vn 0.3934839069843292 -0.9143745303153992 0.09533954411745071
vn 0.6501871943473816 -0.7294418215751648 -0.21253514289855957
vn 0.3934839069843292 -0.9143745303153992 0.09533954411745071
vn 0.5958213806152344 -0.7716916799545288 -0.22246085107326508
vn 0.43181154131889343 -0.8921447396278381 0.13272732496261597
vn 0.4481351673603058 -0.884213924407959 0.13168345391750336
vn 0.5958213806152344 -0.7716916799545288 -0.22246085107326508
vn 0.5364418625831604 -0.7977843880653381 -0.2752637267112732
vn 0.5011318922042847 -0.842737078666687 0.1966240555047989
vn 0.22979246079921722 -0.7533438205718994 0.6161724925041199
vn 0.4481351673603058 -0.884213924407959 0.13168345391750336
vn 0.22979246079921722 -0.7533438205718994 0.6161724925041199
vn 0.5011318922042847 -0.842737078666687 0.1966240555047989
vn 0.4272148013114929 -0.6317893862724304 0.6467841267585754
vn 0.5011318922042847 -0.842737078666687 0.1966240555047989
vn 0.5258539915084839 -0.5341167449951172 0.6619644165039062
vn 0.4272148013114929 -0.6317893862724304 0.6467841267585754
vn 0.5258539915084839 -0.5341167449951172 0.6619644165039062
vn 0.5011318922042847 -0.842737078666687 0.1966240555047989
vn 0.5268977284431458 -0.8336451649665833 0.1655733585357666
vn 0.4754875600337982 -0.8420937061309814 -0.2545384168624878
vn 0.5268977284431458 -0.8336451649665833 0.1655733585357666
vn 0.5011318922042847 -0.842737078666687 0.1966240555047989
vn 0.4754875600337982 -0.8420937061309814 -0.2545384168624878
vn 0.4481351673603058 -0.884213924407959 0.13168345391750336
vn 0.5364418625831604 -0.7977843880653381 -0.2752637267112732
vn 0.4481351673603058 -0.884213924407959 0.13168345391750336
vn 0.4754875600337982 -0.8420937061309814 -0.2545384168624878
vn 0.5011318922042847 -0.842737078666687 0.1966240555047989
vn 0.5268977284431458 -0.8336451649665833 0.1655733585357666
vn 0.4754875600337982 -0.8420937061309814 -0.2545384168624878
vn 0.4198281168937683 -0.8682794570922852 -0.26426321268081665
vn 0.5417988896369934 -0.828955888748169 0.1388746052980423
vn 0.5258539915084839 -0.5341167449951172 0.6619644165039062
vn 0.5268977284431458 -0.8336451649665833 0.1655733585357666
vn 0.5258539915084839 -0.5341167449951172 0.6619644165039062
vn 0.5417988896369934 -0.828955888748169 0.1388746052980423
vn 0.6485498547554016 -0.5242714285850525 0.5518357753753662
vn 0.5417988896369934 -0.828955888748169 0.1388746052980423
vn 0.7364165782928467 -0.4961894154548645 0.4598768651485443
vn 0.6485498547554016 -0.5242714285850525 0.5518357753753662
vn 0.7364165782928467 -0.4961894154548645 0.4598768651485443
vn 0.5417988896369934 -0.828955888748169 0.1388746052980423
vn 0.5492101907730103 -0.8299961686134338 0.09733722358942032
vn 0.36692383885383606 -0.8994210362434387 -0.23750518262386322
vn 0.5492101907730103 -0.8299961686134338 0.09733722358942032
vn 0.5417988896369934 -0.828955888748169 0.1388746052980423
vn 0.36692383885383606 -0.8994210362434387 -0.23750518262386322
vn 0.5268977284431458 -0.8336451649665833 0.1655733585357666
vn 0.4198281168937683 -0.8682794570922852 -0.26426321268081665
vn 0.5268977284431458 -0.8336451649665833 0.1655733585357666
vn 0.36692383885383606 -0.8994210362434387 -0.23750518262386322
vn 0.5417988896369934 -0.828955888748169 0.1388746052980423
vn 0.5492101907730103 -0.8299961686134338 0.09733722358942032
vn 0.36692383885383606 -0.8994210362434387 -0.23750518262386322
vn 0.31351417303085327 -0.9277922511100769 -0.20226344466209412
vn 0.3907916843891144 -0.909023642539978 0.14476829767227173
vn 0.7364165782928467 -0.4961894154548645 0.4598768651485443
vn 0.5492101907730103 -0.8299961686134338 0.09733722358942032
vn 0.7364165782928467 -0.4961894154548645 0.4598768651485443
vn 0.3907916843891144 -0.909023642539978 0.14476829767227173
vn 0.6493063569068909 -0.6443784236907959 0.4039527475833893
vn 0.21361896395683289 -0.9727807641029358 -0.08980229496955872
vn 0.5492101907730103 -0.8299961686134338 0.09733722358942032
vn 0.31351417303085327 -0.9277922511100769 -0.20226344466209412
vn 0.5492101907730103 -0.8299961686134338 0.09733722358942032
vn 0.21361896395683289 -0.9727807641029358 -0.08980229496955872
vn 0.3907916843891144 -0.909023642539978 0.14476829767227173
vn 0.3907916843891144 -0.909023642539978 0.14476829767227173
vn 0.21361896395683289 -0.9727807641029358 -0.08980229496955872
vn 0.37537601590156555 -0.8864028453826904 0.2708926796913147
vn 0.22360633313655853 -0.9746776223182678 0.0019343615276739001
vn 0.37537601590156555 -0.8864028453826904 0.2708926796913147
vn 0.21361896395683289 -0.9727807641029358 -0.08980229496955872
vn 0.4754875600337982 -0.8420937061309814 -0.2545384168624878
vn 0.5001630783081055 -0.8659312129020691 2.560605310009123e-7
vn 0.4198281168937683 -0.8682794570922852 -0.26426321268081665
vn 0.36692383885383606 -0.8994210362434387 -0.23750518262386322
vn 0.5001630783081055 -0.8659312129020691 2.560605310009123e-7
vn 0.31351417303085327 -0.9277922511100769 -0.20226344466209412
vn 0.31351417303085327 -0.9277922511100769 -0.20226344466209412
vn 0.5001630783081055 -0.8659312129020691 2.560605310009123e-7
vn 0.21361896395683289 -0.9727807641029358 -0.08980229496955872
vn 0.4198281168937683 -0.8682794570922852 -0.26426321268081665
vn 0.5001630783081055 -0.8659312129020691 2.560605310009123e-7
vn 0.36692383885383606 -0.8994210362434387 -0.23750518262386322
vn 0.21361896395683289 -0.9727807641029358 -0.08980229496955872
vn 0.5001630783081055 -0.8659312129020691 2.560605310009123e-7
vn 0.22360633313655853 -0.9746776223182678 0.0019343615276739001
vn 0.5364418625831604 -0.7977843880653381 -0.2752637267112732
vn 0.5001630783081055 -0.8659312129020691 2.560605310009123e-7
vn 0.4754875600337982 -0.8420937061309814 -0.2545384168624878
vn 0.5958213806152344 -0.7716916799545288 -0.22246085107326508
vn 0.5001630783081055 -0.8659312129020691 2.560605310009123e-7
vn 0.5364418625831604 -0.7977843880653381 -0.2752637267112732
vn 0.6501871943473816 -0.7294418215751648 -0.21253514289855957
vn 0.5001630783081055 -0.8659312129020691 2.560605310009123e-7
vn 0.5958213806152344 -0.7716916799545288 -0.22246085107326508
vn 0.6641556024551392 -0.7364158034324646 -0.12879858911037445
vn 0.5001630783081055 -0.8659312129020691 2.560605310009123e-7
vn 0.6501871943473816 -0.7294418215751648 -0.21253514289855957
vn 0.6609387993812561 -0.7492901682853699 -0.04152316972613335
vn 0.5001630783081055 -0.8659312129020691 2.560605310009123e-7
vn 0.6641556024551392 -0.7364158034324646 -0.12879858911037445
vn 0.6641556024551392 -0.7364158034324646 -0.12879858911037445
vn 0.38137009739875793 -0.8956056237220764 0.22901411354541779
vn 0.6609387993812561 -0.7492901682853699 -0.04152316972613335
vn 0.38137009739875793 -0.8956056237220764 0.22901411354541779
vn 0.6787940859794617 -0.7343286871910095 5.120447781337134e-7
vn 0.6609387993812561 -0.7492901682853699 -0.04152316972613335
vn 0.6787940859794617 -0.7343286871910095 5.120447781337134e-7
vn 0.5001630783081055 -0.8659312129020691 2.560605310009123e-7
vn 0.6609387993812561 -0.7492901682853699 -0.04152316972613335
vn 0.6787940859794617 -0.7343286871910095 5.120447781337134e-7
vn 0.38137009739875793 -0.8956056237220764 0.22901411354541779
vn 0.6213463544845581 -0.7835360169410706 4.6694185584783554e-7
vn 0.6213463544845581 -0.7835360169410706 4.6694185584783554e-7
vn 0.38137009739875793 -0.8956056237220764 0.22901411354541779
vn 0.16558291018009186 -0.8991379737854004 0.40513357520103455
vn 0.6213463544845581 -0.7835360169410706 4.6694185584783554e-7
vn 0.16558291018009186 -0.8991379737854004 0.40513357520103455
vn 0.6404109597206116 -0.768032431602478 4.850105597142829e-7
vn 0.16558291018009186 -0.8991379737854004 0.40513357520103455
vn 0.18462719023227692 -0.9828086495399475 1.4249690138967708e-7
vn 0.6404109597206116 -0.768032431602478 4.850105597142829e-7
vn 0.22360633313655853 -0.9746776223182678 0.0019343615276739001
vn 0.5001630783081055 -0.8659312129020691 2.560605310009123e-7
vn 0.021614328026771545 -0.9997663497924805 0
vn 0.021614328026771545 -0.9997663497924805 0
vn 0.37537601590156555 -0.8864028453826904 0.2708926796913147
vn 0.22360633313655853 -0.9746776223182678 0.0019343615276739001
vn -0.4929984509944916 -0.8700302243232727 -3.62468313142017e-7
vn 0.37537601590156555 -0.8864028453826904 0.2708926796913147
vn 0.021614328026771545 -0.9997663497924805 0
vn -0.4929984509944916 -0.8700302243232727 -3.62468313142017e-7
vn -0.0016706896713003516 -0.8070728778839111 0.5904495120048523
vn 0.37537601590156555 -0.8864028453826904 0.2708926796913147
vn -0.0016706896713003516 -0.8070728778839111 0.5904495120048523
vn 0.6520384550094604 -0.5364628434181213 0.5357736349105835
vn 0.37537601590156555 -0.8864028453826904 0.2708926796913147
vn 0.37537601590156555 -0.8864028453826904 0.2708926796913147
vn 0.6520384550094604 -0.5364628434181213 0.5357736349105835
vn 0.7336375117301941 -0.5065242648124695 0.4530002176761627
vn 0.7336375117301941 -0.5065242648124695 0.4530002176761627
vn 0.3907916843891144 -0.909023642539978 0.14476829767227173
vn 0.37537601590156555 -0.8864028453826904 0.2708926796913147
vn 0.3907916843891144 -0.909023642539978 0.14476829767227173
vn 0.7336375117301941 -0.5065242648124695 0.4530002176761627
vn 0.6493063569068909 -0.6443784236907959 0.4039527475833893
vn 0.6520384550094604 -0.5364628434181213 0.5357736349105835
vn 0.8464986085891724 -0.2623477876186371 0.46326419711112976
vn 0.7336375117301941 -0.5065242648124695 0.4530002176761627
vn 0.7076253890991211 -0.32039564847946167 0.6297721862792969
vn 0.8464986085891724 -0.2623477876186371 0.46326419711112976
vn 0.6520384550094604 -0.5364628434181213 0.5357736349105835
vn 0.8726109862327576 -0.48841583728790283 6.263901468628319e-7
vn 0.7076253890991211 -0.32039564847946167 0.6297721862792969
vn 0.6520384550094604 -0.5364628434181213 0.5357736349105835
vn 0.8726109862327576 -0.48841583728790283 6.263901468628319e-7
vn 0.74748295545578 0.0219129528850317 0.6639195084571838
vn 0.7076253890991211 -0.32039564847946167 0.6297721862792969
vn 0.74748295545578 0.0219129528850317 0.6639195084571838
vn 0.6087111234664917 -0.37346071004867554 0.6999985575675964
vn 0.7076253890991211 -0.32039564847946167 0.6297721862792969
vn 0.8464986085891724 -0.2623477876186371 0.46326419711112976
vn 0.7076253890991211 -0.32039564847946167 0.6297721862792969
vn 0.6087111234664917 -0.37346071004867554 0.6999985575675964
vn 0.74748295545578 0.0219129528850317 0.6639195084571838
vn 0.8726109862327576 -0.48841583728790283 6.263901468628319e-7
vn 0.9979044795036316 -0.06470447778701782 8.633197694507544e-7
vn 0.9979044795036316 -0.06470447778701782 8.633197694507544e-7
vn 0.5135383009910583 0.5731016993522644 0.6386179327964783
vn 0.74748295545578 0.0219129528850317 0.6639195084571838
vn 0.5135383009910583 0.5731016993522644 0.6386179327964783
vn 0.410365492105484 0.09101083129644394 0.9073683023452759
vn 0.74748295545578 0.0219129528850317 0.6639195084571838
vn 0.410365492105484 0.09101083129644394 0.9073683023452759
vn 0.6087111234664917 -0.37346071004867554 0.6999985575675964
vn 0.74748295545578 0.0219129528850317 0.6639195084571838
vn 0.5135383009910583 0.5731016993522644 0.6386179327964783
vn 0.9979044795036316 -0.06470447778701782 8.633197694507544e-7
vn 0.8082043528556824 0.5889021158218384 7.154710601753322e-7
vn 0.5055701732635498 0.8627854585647583 7.728761488579039e-7
vn 0.5135383009910583 0.5731016993522644 0.6386179327964783
vn 0.8082043528556824 0.5889021158218384 7.154710601753322e-7
vn 0.5687045454978943 -0.5289520621299744 0.629908561706543
vn 0.8726109862327576 -0.48841583728790283 6.263901468628319e-7
vn 0.6520384550094604 -0.5364628434181213 0.5357736349105835
vn 0.8726109862327576 -0.48841583728790283 6.263901468628319e-7
vn 0.5687045454978943 -0.5289520621299744 0.629908561706543
vn 0.9228261113166809 -0.3852168917655945 6.211714662640588e-7
vn 0.9228261113166809 -0.3852168917655945 6.211714662640588e-7
vn 0.5687045454978943 -0.5289520621299744 0.629908561706543
vn 0.6935657262802124 -0.7203933000564575 4.0764189179753885e-7
vn 0.5687045454978943 -0.5289520621299744 0.629908561706543
vn 0.42727988958358765 -0.9041194319725037 3.2790771342661174e-7
vn 0.6935657262802124 -0.7203933000564575 4.0764189179753885e-7
vn 0.6087111234664917 -0.37346071004867554 0.6999985575675964
vn 0.410365492105484 0.09101083129644394 0.9073683023452759
vn 0.15171177685260773 0.2703818380832672 0.9507246017456055
vn 0.410365492105484 0.09101083129644394 0.9073683023452759
vn 0.5135383009910583 0.5731016993522644 0.6386179327964783
vn 0.15171177685260773 0.2703818380832672 0.9507246017456055
vn 0.8726109862327576 -0.48841583728790283 6.263901468628319e-7
vn 0.7474838495254517 0.021912960335612297 -0.6639184951782227
vn 0.9979044795036316 -0.06470447778701782 8.633197694507544e-7
vn 0.7474838495254517 0.021912960335612297 -0.6639184951782227
vn 0.8726109862327576 -0.48841583728790283 6.263901468628319e-7
vn 0.707626223564148 -0.3203955590724945 -0.6297712326049805
vn 0.8726109862327576 -0.48841583728790283 6.263901468628319e-7
vn 0.6520392894744873 -0.5364631414413452 -0.535772442817688
vn 0.707626223564148 -0.3203955590724945 -0.6297712326049805
vn 0.7474838495254517 0.021912960335612297 -0.6639184951782227
vn 0.707626223564148 -0.3203955590724945 -0.6297712326049805
vn 0.6087120175361633 -0.37346023321151733 -0.6999979019165039
vn 0.41036638617515564 0.0910109207034111 -0.9073678255081177
vn 0.7474838495254517 0.021912960335612297 -0.6639184951782227
vn 0.6087120175361633 -0.37346023321151733 -0.6999979019165039
vn 0.8464994430541992 -0.262347936630249 -0.463262677192688
vn 0.6087120175361633 -0.37346023321151733 -0.6999979019165039
vn 0.707626223564148 -0.3203955590724945 -0.6297712326049805
vn 0.707626223564148 -0.3203955590724945 -0.6297712326049805
vn 0.6520392894744873 -0.5364631414413452 -0.535772442817688
vn 0.8464994430541992 -0.262347936630249 -0.463262677192688
vn 0.9228261113166809 -0.3852168917655945 6.211714662640588e-7
vn 0.6935657262802124 -0.7203933000564575 4.0764189179753885e-7
vn 0.5687054395675659 -0.5289519429206848 -0.6299079060554504
vn 0.5687054395675659 -0.5289519429206848 -0.6299079060554504
vn 0.6935657262802124 -0.7203933000564575 4.0764189179753885e-7
vn 0.42727988958358765 -0.9041194319725037 3.2790771342661174e-7
vn 0.6520392894744873 -0.5364631414413452 -0.535772442817688
vn 0.7336380481719971 -0.5065245032310486 -0.4529990255832672
vn 0.8464994430541992 -0.262347936630249 -0.463262677192688
vn 0.37537631392478943 -0.88640296459198 -0.27089205384254456
vn 0.7336380481719971 -0.5065245032310486 -0.4529990255832672
vn 0.6520392894744873 -0.5364631414413452 -0.535772442817688
vn 0.39079153537750244 -0.9090237617492676 -0.14476798474788666
vn 0.7336380481719971 -0.5065245032310486 -0.4529990255832672
vn 0.37537631392478943 -0.88640296459198 -0.27089205384254456
vn 0.39079153537750244 -0.9090237617492676 -0.14476798474788666
vn 0.37537631392478943 -0.88640296459198 -0.27089205384254456
vn 0.21361885964870453 -0.9727808237075806 0.08980228006839752
vn 0.21361885964870453 -0.9727808237075806 0.08980228006839752
vn 0.5492101311683655 -0.8299962878227234 -0.0973367914557457
vn 0.39079153537750244 -0.9090237617492676 -0.14476798474788666
vn 0.7364169955253601 -0.49618932604789734 -0.45987623929977417
vn 0.39079153537750244 -0.9090237617492676 -0.14476798474788666
vn 0.5492101311683655 -0.8299962878227234 -0.0973367914557457
vn 0.541799008846283 -0.8289559483528137 -0.1388738602399826
vn 0.7364169955253601 -0.49618932604789734 -0.45987623929977417
vn 0.5492101311683655 -0.8299962878227234 -0.0973367914557457
vn 0.7364169955253601 -0.49618932604789734 -0.45987623929977417
vn 0.541799008846283 -0.8289559483528137 -0.1388738602399826
vn 0.6485506296157837 -0.5242708921432495 -0.5518352389335632
vn 0.5492101311683655 -0.8299962878227234 -0.0973367914557457
vn 0.36692342162132263 -0.8994210362434387 0.23750577867031097
vn 0.541799008846283 -0.8289559483528137 -0.1388738602399826
vn 0.36692342162132263 -0.8994210362434387 0.23750577867031097
vn 0.5492101311683655 -0.8299962878227234 -0.0973367914557457
vn 0.31351372599601746 -0.9277923107147217 0.20226360857486725
vn 0.5492101311683655 -0.8299962878227234 -0.0973367914557457
vn 0.21361885964870453 -0.9727808237075806 0.08980228006839752
vn 0.31351372599601746 -0.9277923107147217 0.20226360857486725
vn 0.39079153537750244 -0.9090237617492676 -0.14476798474788666
vn 0.7364169955253601 -0.49618932604789734 -0.45987623929977417
vn 0.6493064761161804 -0.6443784236907959 -0.4039522409439087
vn 0.7336380481719971 -0.5065245032310486 -0.4529990255832672
vn 0.39079153537750244 -0.9090237617492676 -0.14476798474788666
vn 0.6493064761161804 -0.6443784236907959 -0.4039522409439087
vn 0.541799008846283 -0.8289559483528137 -0.1388738602399826
vn 0.5258551239967346 -0.534116268157959 -0.661963939666748
vn 0.6485506296157837 -0.5242708921432495 -0.5518352389335632
vn 0.5258551239967346 -0.534116268157959 -0.661963939666748
vn 0.541799008846283 -0.8289559483528137 -0.1388738602399826
vn 0.526898205280304 -0.8336449861526489 -0.16557280719280243
vn 0.36692342162132263 -0.8994210362434387 0.23750577867031097
vn 0.526898205280304 -0.8336449861526489 -0.16557280719280243
vn 0.541799008846283 -0.8289559483528137 -0.1388738602399826
vn 0.5011324286460876 -0.8427368998527527 -0.19662365317344666
vn 0.5258551239967346 -0.534116268157959 -0.661963939666748
vn 0.526898205280304 -0.8336449861526489 -0.16557280719280243
vn 0.5258551239967346 -0.534116268157959 -0.661963939666748
vn 0.5011324286460876 -0.8427368998527527 -0.19662365317344666
vn 0.4272156357765198 -0.6317886710166931 -0.6467843055725098
vn 0.526898205280304 -0.8336449861526489 -0.16557280719280243
vn 0.47548744082450867 -0.8420935869216919 0.25453898310661316
vn 0.5011324286460876 -0.8427368998527527 -0.19662365317344666
vn 0.47548744082450867 -0.8420935869216919 0.25453898310661316
vn 0.526898205280304 -0.8336449861526489 -0.16557280719280243
vn 0.419827938079834 -0.8682795166969299 0.2642635405063629
vn 0.526898205280304 -0.8336449861526489 -0.16557280719280243
vn 0.36692342162132263 -0.8994210362434387 0.23750577867031097
vn 0.419827938079834 -0.8682795166969299 0.2642635405063629
vn 0.5011324286460876 -0.8427368998527527 -0.19662365317344666
vn 0.22979308664798737 -0.7533435821533203 -0.6161725521087646
vn 0.4272156357765198 -0.6317886710166931 -0.6467843055725098
vn 0.22979308664798737 -0.7533435821533203 -0.6161725521087646
vn 0.5011324286460876 -0.8427368998527527 -0.19662365317344666
vn 0.4481353461742401 -0.8842138648033142 -0.13168323040008545
vn 0.47548744082450867 -0.8420935869216919 0.25453898310661316
vn 0.4481353461742401 -0.8842138648033142 -0.13168323040008545
vn 0.5011324286460876 -0.8427368998527527 -0.19662365317344666
vn 0.4318118095397949 -0.8921446800231934 -0.13272687792778015
vn 0.22979308664798737 -0.7533435821533203 -0.6161725521087646
vn 0.4481353461742401 -0.8842138648033142 -0.13168323040008545
vn 0.22979308664798737 -0.7533435821533203 -0.6161725521087646
vn 0.4318118095397949 -0.8921446800231934 -0.13272687792778015
vn 0.12489968538284302 -0.8229818344116211 -0.554166853427887
vn 0.4481353461742401 -0.8842138648033142 -0.13168323040008545
vn 0.5958210825920105 -0.7716916799545288 0.22246153652668
vn 0.4318118095397949 -0.8921446800231934 -0.13272687792778015
vn 0.5958210825920105 -0.7716916799545288 0.22246153652668
vn 0.4481353461742401 -0.8842138648033142 -0.13168323040008545
vn 0.5364418625831604 -0.7977842688560486 0.2752642333507538
vn 0.4481353461742401 -0.8842138648033142 -0.13168323040008545
vn 0.47548744082450867 -0.8420935869216919 0.25453898310661316
vn 0.5364418625831604 -0.7977842688560486 0.2752642333507538
vn 0.4318118095397949 -0.8921446800231934 -0.13272687792778015
vn -0.010191931389272213 -0.8944267630577087 -0.4470982551574707
vn 0.12489968538284302 -0.8229818344116211 -0.554166853427887
vn -0.010191931389272213 -0.8944267630577087 -0.4470982551574707
vn 0.4318118095397949 -0.8921446800231934 -0.13272687792778015
vn 0.39348408579826355 -0.9143745303153992 -0.09533888846635818
vn 0.5958210825920105 -0.7716916799545288 0.22246153652668
vn 0.39348408579826355 -0.9143745303153992 -0.09533888846635818
vn 0.4318118095397949 -0.8921446800231934 -0.13272687792778015
vn 0.3954845666885376 -0.9163879156112671 -0.06184787675738335
vn -0.010191931389272213 -0.8944267630577087 -0.4470982551574707
vn 0.39348408579826355 -0.9143745303153992 -0.09533888846635818
vn -0.010191931389272213 -0.8944267630577087 -0.4470982551574707
vn 0.3954845666885376 -0.9163879156112671 -0.06184787675738335
vn -0.1218978688120842 -0.9303308129310608 -0.34586912393569946
vn 0.39348408579826355 -0.9143745303153992 -0.09533888846635818
vn 0.6641555428504944 -0.736415684223175 0.1287994682788849
vn 0.3954845666885376 -0.9163879156112671 -0.06184787675738335
vn 0.6641555428504944 -0.736415684223175 0.1287994682788849
vn 0.39348408579826355 -0.9143745303153992 -0.09533888846635818
vn 0.6501870155334473 -0.7294417023658752 0.21253623068332672
vn 0.39348408579826355 -0.9143745303153992 -0.09533888846635818
vn 0.5958210825920105 -0.7716916799545288 0.22246153652668
vn 0.6501870155334473 -0.7294417023658752 0.21253623068332672
vn 0.3954845666885376 -0.9163879156112671 -0.06184787675738335
vn -0.09303049743175507 -0.7931867837905884 -0.6018306016921997
vn -0.1218978688120842 -0.9303308129310608 -0.34586912393569946
vn -0.09303049743175507 -0.7931867837905884 -0.6018306016921997
vn 0.3954845666885376 -0.9163879156112671 -0.06184787675738335
vn 0.3813704252243042 -0.8956055641174316 -0.2290135622024536
vn 0.6641555428504944 -0.736415684223175 0.1287994682788849
vn 0.3813704252243042 -0.8956055641174316 -0.2290135622024536
vn 0.3954845666885376 -0.9163879156112671 -0.06184787675738335
vn 0.3813704252243042 -0.8956055641174316 -0.2290135622024536
vn 0.6641555428504944 -0.736415684223175 0.1287994682788849
vn 0.6609388589859009 -0.7492901086807251 0.04152406379580498
vn 0.6787940859794617 -0.7343286871910095 5.120447781337134e-7
vn 0.3813704252243042 -0.8956055641174316 -0.2290135622024536
vn 0.6609388589859009 -0.7492901086807251 0.04152406379580498
vn 0.3813704252243042 -0.8956055641174316 -0.2290135622024536
vn 0.6787940859794617 -0.7343286871910095 5.120447781337134e-7
vn 0.6213463544845581 -0.7835360169410706 4.6694185584783554e-7
vn 0.3813704252243042 -0.8956055641174316 -0.2290135622024536
vn -0.05688581243157387 -0.7926372289657593 -0.6070340275764465
vn -0.09303049743175507 -0.7931867837905884 -0.6018306016921997
vn -0.05688581243157387 -0.7926372289657593 -0.6070340275764465
vn 0.3813704252243042 -0.8956055641174316 -0.2290135622024536
vn 0.16558344662189484 -0.8991379737854004 -0.40513336658477783
vn 0.6213463544845581 -0.7835360169410706 4.6694185584783554e-7
vn 0.16558344662189484 -0.8991379737854004 -0.40513336658477783
vn 0.3813704252243042 -0.8956055641174316 -0.2290135622024536
vn 0.18462719023227692 -0.9828086495399475 1.4249690138967708e-7
vn -0.05688581243157387 -0.7926372289657593 -0.6070340275764465
vn 0.16558344662189484 -0.8991379737854004 -0.40513336658477783
vn -0.05688581243157387 -0.7926372289657593 -0.6070340275764465
vn 0.18462719023227692 -0.9828086495399475 1.4249690138967708e-7
vn -0.2642051875591278 -0.9644664525985718 -1.2630910362076975e-7
vn 0.6213463544845581 -0.7835360169410706 4.6694185584783554e-7
vn 0.6404109597206116 -0.768032431602478 4.850105597142829e-7
vn 0.16558344662189484 -0.8991379737854004 -0.40513336658477783
vn 0.16558344662189484 -0.8991379737854004 -0.40513336658477783
vn 0.6404109597206116 -0.768032431602478 4.850105597142829e-7
vn 0.18462719023227692 -0.9828086495399475 1.4249690138967708e-7
vn 0.6787940859794617 -0.7343286871910095 5.120447781337134e-7
vn 0.6609388589859009 -0.7492901086807251 0.04152406379580498
vn 0.5001630783081055 -0.8659312129020691 2.560605310009123e-7
vn 0.6641555428504944 -0.736415684223175 0.1287994682788849
vn 0.6501870155334473 -0.7294417023658752 0.21253623068332672
vn 0.5001630783081055 -0.8659312129020691 2.560605310009123e-7
vn 0.6609388589859009 -0.7492901086807251 0.04152406379580498
vn 0.6641555428504944 -0.736415684223175 0.1287994682788849
vn 0.5001630783081055 -0.8659312129020691 2.560605310009123e-7
vn 0.6501870155334473 -0.7294417023658752 0.21253623068332672
vn 0.5958210825920105 -0.7716916799545288 0.22246153652668
vn 0.5001630783081055 -0.8659312129020691 2.560605310009123e-7
vn 0.5958210825920105 -0.7716916799545288 0.22246153652668
vn 0.5364418625831604 -0.7977842688560486 0.2752642333507538
vn 0.5001630783081055 -0.8659312129020691 2.560605310009123e-7
vn 0.5364418625831604 -0.7977842688560486 0.2752642333507538
vn 0.47548744082450867 -0.8420935869216919 0.25453898310661316
vn 0.5001630783081055 -0.8659312129020691 2.560605310009123e-7
vn 0.47548744082450867 -0.8420935869216919 0.25453898310661316
vn 0.419827938079834 -0.8682795166969299 0.2642635405063629
vn 0.5001630783081055 -0.8659312129020691 2.560605310009123e-7
vn 0.419827938079834 -0.8682795166969299 0.2642635405063629
vn 0.36692342162132263 -0.8994210362434387 0.23750577867031097
vn 0.5001630783081055 -0.8659312129020691 2.560605310009123e-7
vn 0.36692342162132263 -0.8994210362434387 0.23750577867031097
vn 0.31351372599601746 -0.9277923107147217 0.20226360857486725
vn 0.5001630783081055 -0.8659312129020691 2.560605310009123e-7
vn 0.31351372599601746 -0.9277923107147217 0.20226360857486725
vn 0.21361885964870453 -0.9727808237075806 0.08980228006839752
vn 0.5001630783081055 -0.8659312129020691 2.560605310009123e-7
vn 0.21361885964870453 -0.9727808237075806 0.08980228006839752
vn 0.2236061990261078 -0.9746776223182678 -0.001934130908921361
vn 0.5001630783081055 -0.8659312129020691 2.560605310009123e-7
vn 0.2236061990261078 -0.9746776223182678 -0.001934130908921361
vn 0.21361885964870453 -0.9727808237075806 0.08980228006839752
vn 0.37537631392478943 -0.88640296459198 -0.27089205384254456
vn 0.2236061990261078 -0.9746776223182678 -0.001934130908921361
vn 0.021614328026771545 -0.9997663497924805 0
vn 0.5001630783081055 -0.8659312129020691 2.560605310009123e-7
vn 0.021614328026771545 -0.9997663497924805 0
vn 0.2236061990261078 -0.9746776223182678 -0.001934130908921361
vn 0.37537631392478943 -0.88640296459198 -0.27089205384254456
vn -0.4929984509944916 -0.8700302243232727 -3.62468313142017e-7
vn 0.021614328026771545 -0.9997663497924805 0
vn 0.37537631392478943 -0.88640296459198 -0.27089205384254456
vn -0.4929984509944916 -0.8700302243232727 -3.62468313142017e-7
vn 0.37537631392478943 -0.88640296459198 -0.27089205384254456
vn -0.0016704235458746552 -0.8070727586746216 -0.5904496312141418
vn -0.0016704235458746552 -0.8070727586746216 -0.5904496312141418
vn 0.37537631392478943 -0.88640296459198 -0.27089205384254456
vn 0.6520392894744873 -0.5364631414413452 -0.535772442817688
vn 0.8726109862327576 -0.48841583728790283 6.263901468628319e-7
vn 0.5687054395675659 -0.5289519429206848 -0.6299079060554504
vn 0.6520392894744873 -0.5364631414413452 -0.535772442817688
vn 0.5687054395675659 -0.5289519429206848 -0.6299079060554504
vn 0.8726109862327576 -0.48841583728790283 6.263901468628319e-7
vn 0.9228261113166809 -0.3852168917655945 6.211714662640588e-7
vn -0.9959340691566467 -0.0900849997997284 -6.848740667919628e-7
vn -0.9007772207260132 0.10301335901021957 0.42188698053359985
vn -0.958991289138794 -0.0106450030580163 0.28323572874069214
vn -0.9007772207260132 0.10301335901021957 0.42188698053359985
vn -0.9959340691566467 -0.0900849997997284 -6.848740667919628e-7
vn -0.9258824586868286 0.3778117299079895 -6.63840296510898e-7
vn -0.8393926024436951 0.06359724700450897 0.5397920608520508
vn -0.958991289138794 -0.0106450030580163 0.28323572874069214
vn -0.9007772207260132 0.10301335901021957 0.42188698053359985
vn -0.875908374786377 -0.06275023519992828 0.4783795177936554
vn -0.8393926024436951 0.06359724700450897 0.5397920608520508
vn -0.9007772207260132 0.10301335901021957 0.42188698053359985
vn -0.7362682819366455 0.08764942735433578 0.6709892153739929
vn -0.8393926024436951 0.06359724700450897 0.5397920608520508
vn -0.875908374786377 -0.06275023519992828 0.4783795177936554
vn -0.8393926024436951 0.06359724700450897 0.5397920608520508
vn -0.7362682819366455 0.08764942735433578 0.6709892153739929
vn -0.6583693027496338 0.16183701157569885 0.7350908517837524
vn -0.6762953400611877 0.07511325925588608 0.732791006565094
vn -0.875908374786377 -0.06275023519992828 0.4783795177936554
vn -0.9007772207260132 0.10301335901021957 0.42188698053359985
vn -0.7029911279678345 0.17236554622650146 0.6899954676628113
vn -0.6583693027496338 0.16183701157569885 0.7350908517837524
vn -0.7362682819366455 0.08764942735433578 0.6709892153739929
vn -0.7362682819366455 0.08764942735433578 0.6709892153739929
vn -0.6518486142158508 0.17285722494125366 0.7383859157562256
vn -0.7029911279678345 0.17236554622650146 0.6899954676628113
vn -0.6518486142158508 0.17285722494125366 0.7383859157562256
vn -0.6442705392837524 0.08233582973480225 0.7603527307510376
vn -0.7029911279678345 0.17236554622650146 0.6899954676628113
vn -0.6518486142158508 0.17285722494125366 0.7383859157562256
vn -0.35485509037971497 0.10097836703062057 0.929452121257782
vn -0.6442705392837524 0.08233582973480225 0.7603527307510376
vn -0.35485509037971497 0.10097836703062057 0.929452121257782
vn -0.2737872302532196 0.019738953560590744 0.9615877270698547
vn -0.6442705392837524 0.08233582973480225 0.7603527307510376
vn -0.6518486142158508 0.17285722494125366 0.7383859157562256
vn -0.3916952311992645 0.08257083594799042 0.9163824915885925
vn -0.35485509037971497 0.10097836703062057 0.929452121257782
vn -0.6583693027496338 0.16183701157569885 0.7350908517837524
vn -0.7909795045852661 0.1542959064245224 0.5920677781105042
vn -0.8393926024436951 0.06359724700450897 0.5397920608520508
vn -0.8393926024436951 0.06359724700450897 0.5397920608520508
vn -0.7909795045852661 0.1542959064245224 0.5920677781105042
vn -0.958991289138794 -0.0106450030580163 0.28323572874069214
vn -0.9959340691566467 -0.0900849997997284 -6.848740667919628e-7
vn -0.9007766842842102 0.10301347821950912 -0.4218880832195282
vn -0.9258824586868286 0.3778117299079895 -6.63840296510898e-7
vn -0.9007766842842102 0.10301347821950912 -0.4218880832195282
vn -0.9959340691566467 -0.0900849997997284 -6.848740667919628e-7
vn -0.9589908719062805 -0.010644657537341118 -0.2832368016242981
vn -0.8393920660018921 0.06359738111495972 -0.5397927761077881
vn -0.9007766842842102 0.10301347821950912 -0.4218880832195282
vn -0.9589908719062805 -0.010644657537341118 -0.2832368016242981
vn -0.8759077787399292 -0.0627501830458641 -0.47838056087493896
vn -0.9007766842842102 0.10301347821950912 -0.4218880832195282
vn -0.8393920660018921 0.06359738111495972 -0.5397927761077881
vn -0.8393920660018921 0.06359738111495972 -0.5397927761077881
vn -0.7362675070762634 0.08764957636594772 -0.6709901094436646
vn -0.8759077787399292 -0.0627501830458641 -0.47838056087493896
vn -0.7362675070762634 0.08764957636594772 -0.6709901094436646
vn -0.8393920660018921 0.06359738111495972 -0.5397927761077881
vn -0.6583684682846069 0.1618371456861496 -0.7350916266441345
vn -0.6762945055961609 0.07511335611343384 -0.7327917814254761
vn -0.9007766842842102 0.10301347821950912 -0.4218880832195282
vn -0.8759077787399292 -0.0627501830458641 -0.47838056087493896
vn -0.7029904127120972 0.17236556112766266 -0.689996063709259
vn -0.7362675070762634 0.08764957636594772 -0.6709901094436646
vn -0.6583684682846069 0.1618371456861496 -0.7350916266441345
vn -0.7362675070762634 0.08764957636594772 -0.6709901094436646
vn -0.7029904127120972 0.17236556112766266 -0.689996063709259
vn -0.6518477201461792 0.17285722494125366 -0.7383867502212524
vn -0.6518477201461792 0.17285722494125366 -0.7383867502212524
vn -0.7029904127120972 0.17236556112766266 -0.689996063709259
vn -0.6442697644233704 0.08233589679002762 -0.7603533864021301
vn -0.6518477201461792 0.17285722494125366 -0.7383867502212524
vn -0.6442697644233704 0.08233589679002762 -0.7603533864021301
vn -0.35485386848449707 0.10097847133874893 -0.9294525980949402
vn -0.35485386848449707 0.10097847133874893 -0.9294525980949402
vn -0.6442697644233704 0.08233589679002762 -0.7603533864021301
vn -0.273785799741745 0.01973925158381462 -0.9615880846977234
vn 0.0049586789682507515 0.1673736423254013 -0.9858810901641846
vn -0.35485386848449707 0.10097847133874893 -0.9294525980949402
vn -0.273785799741745 0.01973925158381462 -0.9615880846977234
vn -0.6518477201461792 0.17285722494125366 -0.7383867502212524
vn -0.35485386848449707 0.10097847133874893 -0.9294525980949402
vn -0.3916941285133362 0.08257056772708893 -0.9163830280303955
vn -0.3916941285133362 0.08257056772708893 -0.9163830280303955
vn -0.35485386848449707 0.10097847133874893 -0.9294525980949402
vn -0.12169814109802246 0.2043771594762802 -0.9712978601455688
vn -0.12169814109802246 0.2043771594762802 -0.9712978601455688
vn -0.35485386848449707 0.10097847133874893 -0.9294525980949402
vn 0.0049586789682507515 0.1673736423254013 -0.9858810901641846
vn 0.0049586789682507515 0.1673736423254013 -0.9858810901641846
vn 0.14753901958465576 0.2546922266483307 -0.9557008147239685
vn -0.12169814109802246 0.2043771594762802 -0.9712978601455688
vn 0.14753901958465576 0.2546922266483307 -0.9557008147239685
vn 0.0049586789682507515 0.1673736423254013 -0.9858810901641846
vn 0.20200850069522858 0.2584344446659088 -0.9446714520454407
vn 0.20200850069522858 0.2584344446659088 -0.9446714520454407
vn 0.3924632966518402 0.2414650321006775 -0.8875061273574829
vn 0.14753901958465576 0.2546922266483307 -0.9557008147239685
vn 0.3924632966518402 0.2414650321006775 -0.8875061273574829
vn 0.20200850069522858 0.2584344446659088 -0.9446714520454407
vn 0.46805548667907715 0.2303687334060669 -0.8531437516212463
vn 0.46805548667907715 0.2303687334060669 -0.8531437516212463
vn 0.6291027665138245 0.2274850755929947 -0.7432901263237
vn 0.3924632966518402 0.2414650321006775 -0.8875061273574829
vn 0.6291027665138245 0.2274850755929947 -0.7432901263237
vn 0.46805548667907715 0.2303687334060669 -0.8531437516212463
vn 0.6603256464004517 0.24981406331062317 -0.7082110643386841
vn 0.6603256464004517 0.24981406331062317 -0.7082110643386841
vn 0.6389039158821106 0.2906687259674072 -0.7122594714164734
vn 0.6291027665138245 0.2274850755929947 -0.7432901263237
vn 0.6389039158821106 0.2906687259674072 -0.7122594714164734
vn 0.6603256464004517 0.24981406331062317 -0.7082110643386841
vn 0.7166056632995605 0.32857546210289 -0.6152353286743164
vn 0.6389039158821106 0.2906687259674072 -0.7122594714164734
vn 0.7166056632995605 0.32857546210289 -0.6152353286743164
vn 0.6436495780944824 0.36576560139656067 -0.6722579598426819
vn 0.6436495780944824 0.36576560139656067 -0.6722579598426819
vn 0.5966819524765015 0.40437039732933044 -0.6931487917900085
vn 0.6389039158821106 0.2906687259674072 -0.7122594714164734
vn 0.5966819524765015 0.40437039732933044 -0.6931487917900085
vn 0.6436495780944824 0.36576560139656067 -0.6722579598426819
vn 0.6599268913269043 0.5202142000198364 -0.5421010851860046
vn 0.6599268913269043 0.5202142000198364 -0.5421010851860046
vn 0.5548267960548401 0.659599244594574 -0.5070463418960571
vn 0.5966819524765015 0.40437039732933044 -0.6931487917900085
vn -0.03784104436635971 0.9992837905883789 0
vn 0.5548267960548401 0.659599244594574 -0.5070463418960571
vn 0.6599268913269043 0.5202142000198364 -0.5421010851860046
vn 0.004957288037985563 0.16737309098243713 0.9858812093734741
vn 0.14753776788711548 0.25469186902046204 0.9557011723518372
vn 0.20200709998607635 0.258434534072876 0.9446717500686646
vn 0.14753776788711548 0.25469186902046204 0.9557011723518372
vn 0.004957288037985563 0.16737309098243713 0.9858812093734741
vn -0.12169928848743439 0.2043764442205429 0.9712978601455688
vn 0.3924619257450104 0.2414655238389969 0.8875066637992859
vn 0.20200709998607635 0.258434534072876 0.9446717500686646
vn 0.14753776788711548 0.25469186902046204 0.9557011723518372
vn 0.20200709998607635 0.258434534072876 0.9446717500686646
vn 0.3924619257450104 0.2414655238389969 0.8875066637992859
vn 0.4680543541908264 0.2303691804409027 0.8531442880630493
vn 0.6291017532348633 0.22748501598834991 0.7432909607887268
vn 0.4680543541908264 0.2303691804409027 0.8531442880630493
vn 0.3924619257450104 0.2414655238389969 0.8875066637992859
vn 0.4680543541908264 0.2303691804409027 0.8531442880630493
vn 0.6291017532348633 0.22748501598834991 0.7432909607887268
vn 0.6603246331214905 0.24981394410133362 0.7082120776176453
vn 0.6389031410217285 0.2906687259674072 0.7122600674629211
vn 0.6603246331214905 0.24981394410133362 0.7082120776176453
vn 0.6291017532348633 0.22748501598834991 0.7432909607887268
vn 0.6603246331214905 0.24981394410133362 0.7082120776176453
vn 0.6389031410217285 0.2906687259674072 0.7122600674629211
vn 0.7166047096252441 0.32857540249824524 0.6152364015579224
vn 0.6389031410217285 0.2906687259674072 0.7122600674629211
vn 0.6436488032341003 0.36576542258262634 0.672258734703064
vn 0.7166047096252441 0.32857540249824524 0.6152364015579224
vn 0.5966814160346985 0.4043702185153961 0.6931493878364563
vn 0.6436488032341003 0.36576542258262634 0.672258734703064
vn 0.6389031410217285 0.2906687259674072 0.7122600674629211
vn 0.6436488032341003 0.36576542258262634 0.672258734703064
vn 0.5966814160346985 0.4043702185153961 0.6931493878364563
vn 0.6599265933036804 0.5202137231826782 0.5421019792556763
vn -0.12169928848743439 0.2043764442205429 0.9712978601455688
vn 0.004957288037985563 0.16737309098243713 0.9858812093734741
vn -0.35485509037971497 0.10097836703062057 0.929452121257782
vn -0.3916952311992645 0.08257083594799042 0.9163824915885925
vn -0.12169928848743439 0.2043764442205429 0.9712978601455688
vn -0.35485509037971497 0.10097836703062057 0.929452121257782
vn 0.004957288037985563 0.16737309098243713 0.9858812093734741
vn -0.2737872302532196 0.019738953560590744 0.9615877270698547
vn -0.35485509037971497 0.10097836703062057 0.929452121257782
vn 0.6599265933036804 0.5202137231826782 0.5421019792556763
vn 0.5966814160346985 0.4043702185153961 0.6931493878364563
vn 0.5548263788223267 0.6595990061759949 0.5070472359657288
vn -0.03784104436635971 0.9992837905883789 0
vn 0.6599265933036804 0.5202137231826782 0.5421019792556763
vn 0.5548263788223267 0.6595990061759949 0.5070472359657288
vn -0.9575291275978088 0.2883366048336029 -7.273357027770544e-7
vn -0.8118087649345398 0.1349182277917862 0.5681228041648865
vn -0.7327181100845337 0.4608759880065918 0.5007169842720032
vn -0.8118087649345398 0.1349182277917862 0.5681228041648865
vn -0.9575291275978088 0.2883366048336029 -7.273357027770544e-7
vn -0.9996973872184753 -0.02459796704351902 -7.865767202019924e-7
vn -0.6762953400611877 0.07511325925588608 0.732791006565094
vn -0.7327181100845337 0.4608759880065918 0.5007169842720032
vn -0.8118087649345398 0.1349182277917862 0.5681228041648865
vn -0.7327181100845337 0.4608759880065918 0.5007169842720032
vn -0.6762953400611877 0.07511325925588608 0.732791006565094
vn -0.9007772207260132 0.10301335901021957 0.42188698053359985
vn -0.9007772207260132 0.10301335901021957 0.42188698053359985
vn -0.9258824586868286 0.3778117299079895 -6.63840296510898e-7
vn -0.7327181100845337 0.4608759880065918 0.5007169842720032
vn -0.9258824586868286 0.3778117299079895 -6.63840296510898e-7
vn -0.9575291275978088 0.2883366048336029 -7.273357027770544e-7
vn -0.7327181100845337 0.4608759880065918 0.5007169842720032
vn -0.9575291275978088 0.2883366048336029 -7.273357027770544e-7
vn -0.8118080496788025 0.13491828739643097 -0.5681238770484924
vn -0.9996973872184753 -0.02459796704351902 -7.865767202019924e-7
vn -0.8118080496788025 0.13491828739643097 -0.5681238770484924
vn -0.9575291275978088 0.2883366048336029 -7.273357027770544e-7
vn -0.7327175736427307 0.46087589859962463 -0.5007178783416748
vn -0.9258824586868286 0.3778117299079895 -6.63840296510898e-7
vn -0.7327175736427307 0.46087589859962463 -0.5007178783416748
vn -0.9575291275978088 0.2883366048336029 -7.273357027770544e-7
vn -0.7327175736427307 0.46087589859962463 -0.5007178783416748
vn -0.6762945055961609 0.07511335611343384 -0.7327917814254761
vn -0.8118080496788025 0.13491828739643097 -0.5681238770484924
vn -0.6762945055961609 0.07511335611343384 -0.7327917814254761
vn -0.7327175736427307 0.46087589859962463 -0.5007178783416748
vn -0.9007766842842102 0.10301347821950912 -0.4218880832195282
vn -0.9007766842842102 0.10301347821950912 -0.4218880832195282
vn -0.7327175736427307 0.46087589859962463 -0.5007178783416748
vn -0.9258824586868286 0.3778117299079895 -6.63840296510898e-7
vn -0.16836173832416534 -0.6531320810317993 0.7382904887199402
vn -0.33345556259155273 -0.9427658319473267 -4.5033874584987643e-7
vn 0.42727988958358765 -0.9041194319725037 3.2790771342661174e-7
vn 0.42727988958358765 -0.9041194319725037 3.2790771342661174e-7
vn 0.5687045454978943 -0.5289520621299744 0.629908561706543
vn -0.16836173832416534 -0.6531320810317993 0.7382904887199402
vn -0.16836173832416534 -0.6531320810317993 0.7382904887199402
vn 0.5687045454978943 -0.5289520621299744 0.629908561706543
vn 0.6520384550094604 -0.5364628434181213 0.5357736349105835
vn -0.16836057603359222 -0.6531322002410889 -0.7382906675338745
vn 0.42727988958358765 -0.9041194319725037 3.2790771342661174e-7
vn -0.33345556259155273 -0.9427658319473267 -4.5033874584987643e-7
vn 0.42727988958358765 -0.9041194319725037 3.2790771342661174e-7
vn -0.16836057603359222 -0.6531322002410889 -0.7382906675338745
vn 0.5687054395675659 -0.5289519429206848 -0.6299079060554504
vn -0.16836057603359222 -0.6531322002410889 -0.7382906675338745
vn 0.6520392894744873 -0.5364631414413452 -0.535772442817688
vn 0.5687054395675659 -0.5289519429206848 -0.6299079060554504
vn -0.0016706896713003516 -0.8070728778839111 0.5904495120048523
vn -0.4929984509944916 -0.8700302243232727 -3.62468313142017e-7
vn -0.33345556259155273 -0.9427658319473267 -4.5033874584987643e-7
vn -0.33345556259155273 -0.9427658319473267 -4.5033874584987643e-7
vn -0.16836173832416534 -0.6531320810317993 0.7382904887199402
vn -0.0016706896713003516 -0.8070728778839111 0.5904495120048523
vn -0.16836173832416534 -0.6531320810317993 0.7382904887199402
vn 0.6520384550094604 -0.5364628434181213 0.5357736349105835
vn -0.0016706896713003516 -0.8070728778839111 0.5904495120048523
vn -0.9810612797737122 -0.19369767606258392 -6.860704502287263e-7
vn -0.9984070062637329 0.05642170086503029 -7.501704430978862e-7
vn -0.5859715938568115 0.22285786271095276 0.7790838479995728
vn -0.6656054854393005 0.7463037967681885 -3.6699262295769586e-7
vn -0.5859715938568115 0.22285786271095276 0.7790838479995728
vn -0.9984070062637329 0.05642170086503029 -7.501704430978862e-7
vn -0.5859715938568115 0.22285786271095276 0.7790838479995728
vn -0.6656054854393005 0.7463037967681885 -3.6699262295769586e-7
vn -0.29128071665763855 0.5268339514732361 0.798499584197998
vn -0.03784104436635971 0.9992837905883789 0
vn -0.29128071665763855 0.5268339514732361 0.798499584197998
vn -0.6656054854393005 0.7463037967681885 -3.6699262295769586e-7
vn -0.29128071665763855 0.5268339514732361 0.798499584197998
vn -0.03784104436635971 0.9992837905883789 0
vn 0.16197437047958374 0.7415624856948853 0.6510371565818787
vn 0.16197437047958374 0.7415624856948853 0.6510371565818787
vn -0.03784104436635971 0.9992837905883789 0
vn 0.5548263788223267 0.6595990061759949 0.5070472359657288
vn 0.5548263788223267 0.6595990061759949 0.5070472359657288
vn 0.2787432074546814 0.28783494234085083 0.9162168502807617
vn 0.16197437047958374 0.7415624856948853 0.6510371565818787
vn 0.16197437047958374 0.7415624856948853 0.6510371565818787
vn 0.2787432074546814 0.28783494234085083 0.9162168502807617
vn -0.29128071665763855 0.5268339514732361 0.798499584197998
vn 0.2787432074546814 0.28783494234085083 0.9162168502807617
vn 0.5548263788223267 0.6595990061759949 0.5070472359657288
vn 0.4629081189632416 0.41192740201950073 0.7848770022392273
vn 0.4629081189632416 0.41192740201950073 0.7848770022392273
vn 0.5548263788223267 0.6595990061759949 0.5070472359657288
vn 0.5966814160346985 0.4043702185153961 0.6931493878364563
vn -0.6583684682846069 0.1618371456861496 -0.7350916266441345
vn -0.8393920660018921 0.06359738111495972 -0.5397927761077881
vn -0.7909789085388184 0.1542961299419403 -0.5920685529708862
vn -0.8393920660018921 0.06359738111495972 -0.5397927761077881
vn -0.9589908719062805 -0.010644657537341118 -0.2832368016242981
vn -0.7909789085388184 0.1542961299419403 -0.5920685529708862
vn -0.0016704235458746552 -0.8070727586746216 -0.5904496312141418
vn -0.33345556259155273 -0.9427658319473267 -4.5033874584987643e-7
vn -0.4929984509944916 -0.8700302243232727 -3.62468313142017e-7
vn -0.33345556259155273 -0.9427658319473267 -4.5033874584987643e-7
vn -0.0016704235458746552 -0.8070727586746216 -0.5904496312141418
vn -0.16836057603359222 -0.6531322002410889 -0.7382906675338745
vn -0.16836057603359222 -0.6531322002410889 -0.7382906675338745
vn -0.0016704235458746552 -0.8070727586746216 -0.5904496312141418
vn 0.6520392894744873 -0.5364631414413452 -0.535772442817688
vn -0.9810612797737122 -0.19369767606258392 -6.860704502287263e-7
vn -0.5859704613685608 0.22285814583301544 -0.7790846824645996
vn -0.9984070062637329 0.05642170086503029 -7.501704430978862e-7
vn -0.5859704613685608 0.22285814583301544 -0.7790846824645996
vn -0.6656054854393005 0.7463037967681885 -3.6699262295769586e-7
vn -0.9984070062637329 0.05642170086503029 -7.501704430978862e-7
vn -0.6656054854393005 0.7463037967681885 -3.6699262295769586e-7
vn -0.5859704613685608 0.22285814583301544 -0.7790846824645996
vn -0.29127970337867737 0.5268341302871704 -0.7984997630119324
vn -0.29127970337867737 0.5268341302871704 -0.7984997630119324
vn -0.03784104436635971 0.9992837905883789 0
vn -0.6656054854393005 0.7463037967681885 -3.6699262295769586e-7
vn -0.03784104436635971 0.9992837905883789 0
vn -0.29127970337867737 0.5268341302871704 -0.7984997630119324
vn 0.1619752198457718 0.7415627837181091 -0.6510366797447205
vn 0.1619752198457718 0.7415627837181091 -0.6510366797447205
vn 0.5548267960548401 0.659599244594574 -0.5070463418960571
vn -0.03784104436635971 0.9992837905883789 0
vn 0.27874433994293213 0.28783532977104187 -0.9162163734436035
vn 0.5548267960548401 0.659599244594574 -0.5070463418960571
vn 0.1619752198457718 0.7415627837181091 -0.6510366797447205
vn 0.1619752198457718 0.7415627837181091 -0.6510366797447205
vn -0.29127970337867737 0.5268341302871704 -0.7984997630119324
vn 0.27874433994293213 0.28783532977104187 -0.9162163734436035
vn 0.5548267960548401 0.659599244594574 -0.5070463418960571
vn 0.27874433994293213 0.28783532977104187 -0.9162163734436035
vn 0.46290916204452515 0.41192781925201416 -0.7848761677742004
vn 0.46290916204452515 0.41192781925201416 -0.7848761677742004
vn 0.5966819524765015 0.40437039732933044 -0.6931487917900085
vn 0.5548267960548401 0.659599244594574 -0.5070463418960571
vn 0.5055701732635498 0.8627854585647583 7.728761488579039e-7
vn 0.8082043528556824 0.5889021158218384 7.154710601753322e-7
vn 0.51353919506073 0.5731019377708435 -0.6386170387268066
vn 0.9979044795036316 -0.06470447778701782 8.633197694507544e-7
vn 0.51353919506073 0.5731019377708435 -0.6386170387268066
vn 0.8082043528556824 0.5889021158218384 7.154710601753322e-7
vn 0.51353919506073 0.5731019377708435 -0.6386170387268066
vn 0.9979044795036316 -0.06470447778701782 8.633197694507544e-7
vn 0.7474838495254517 0.021912960335612297 -0.6639184951782227
vn 0.51353919506073 0.5731019377708435 -0.6386170387268066
vn 0.7474838495254517 0.021912960335612297 -0.6639184951782227
vn 0.41036638617515564 0.0910109207034111 -0.9073678255081177
vn 0.41036638617515564 0.0910109207034111 -0.9073678255081177
vn 0.15171289443969727 0.27038195729255676 -0.9507243037223816
vn 0.51353919506073 0.5731019377708435 -0.6386170387268066
vn 0.6087120175361633 -0.37346023321151733 -0.6999979019165039
vn 0.15171289443969727 0.27038195729255676 -0.9507243037223816
vn 0.41036638617515564 0.0910109207034111 -0.9073678255081177
vn 0.6943394541740417 0.7011497020721436 -0.1621169000864029
vn 0.8203541040420532 0.19693675637245178 0.536875307559967
vn 0.9286469221115112 0.09995098412036896 -0.35724592208862305
vn 0.8978923559188843 -0.4012935161590576 0.18097756803035736
vn 0.9286469221115112 0.09995098412036896 -0.35724592208862305
vn 0.8203541040420532 0.19693675637245178 0.536875307559967
vn 0.8203541040420532 0.19693675637245178 0.536875307559967
vn -0.04533853754401207 -0.38608694076538086 0.9213475584983826
vn 0.8978923559188843 -0.4012935161590576 0.18097756803035736
vn 0.8203541040420532 0.19693675637245178 0.536875307559967
vn -0.15927118062973022 0.2707032263278961 0.9493958353996277
vn -0.04533853754401207 -0.38608694076538086 0.9213475584983826
vn 0.8203541040420532 0.19693675637245178 0.536875307559967
vn -0.08546909689903259 0.9962982535362244 0.00921393558382988
vn -0.15927118062973022 0.2707032263278961 0.9493958353996277
vn 0.6943394541740417 0.7011497020721436 -0.1621169000864029
vn -0.08546909689903259 0.9962982535362244 0.00921393558382988
vn 0.8203541040420532 0.19693675637245178 0.536875307559967
vn -0.04533853754401207 -0.38608694076538086 0.9213475584983826
vn 0.06747826188802719 -0.9769060015678406 0.20273472368717194
vn 0.8978923559188843 -0.4012935161590576 0.18097756803035736
vn -0.08546909689903259 0.9962982535362244 0.00921393558382988
vn -0.3853095769882202 0.6004042625427246 -0.7007505297660828
vn -0.9343748092651367 0.11897500604391098 0.33584028482437134
vn -0.08546909689903259 0.9962982535362244 0.00921393558382988
vn -0.9343748092651367 0.11897500604391098 0.33584028482437134
vn -0.15927118062973022 0.2707032263278961 0.9493958353996277
vn -0.9343748092651367 0.11897500604391098 0.33584028482437134
vn -0.3853095769882202 0.6004042625427246 -0.7007505297660828
vn -0.7797898054122925 0.05026335269212723 -0.6240203976631165
vn -0.8886492252349854 -0.4194202423095703 0.18544329702854156
vn -0.9343748092651367 0.11897500604391098 0.33584028482437134
vn -0.7797898054122925 0.05026335269212723 -0.6240203976631165
vn -0.8886492252349854 -0.4194202423095703 0.18544329702854156
vn -0.15927118062973022 0.2707032263278961 0.9493958353996277
vn -0.9343748092651367 0.11897500604391098 0.33584028482437134
vn -0.5542193055152893 -0.5315650701522827 -0.6405306458473206
vn -0.8886492252349854 -0.4194202423095703 0.18544329702854156
vn -0.7797898054122925 0.05026335269212723 -0.6240203976631165
vn -0.8886492252349854 -0.4194202423095703 0.18544329702854156
vn -0.5542193055152893 -0.5315650701522827 -0.6405306458473206
vn 0.06747826188802719 -0.9769060015678406 0.20273472368717194
vn -0.04533853754401207 -0.38608694076538086 0.9213475584983826
vn -0.8886492252349854 -0.4194202423095703 0.18544329702854156
vn 0.06747826188802719 -0.9769060015678406 0.20273472368717194
vn -0.15927118062973022 0.2707032263278961 0.9493958353996277
vn -0.8886492252349854 -0.4194202423095703 0.18544329702854156
vn -0.04533853754401207 -0.38608694076538086 0.9213475584983826
vn 0.4267849326133728 -0.48134005069732666 -0.7656150460243225
vn 0.06747826188802719 -0.9769060015678406 0.20273472368717194
vn -0.5542193055152893 -0.5315650701522827 -0.6405306458473206
vn -0.7797898054122925 0.05026335269212723 -0.6240203976631165
vn 0.4267849326133728 -0.48134005069732666 -0.7656150460243225
vn -0.5542193055152893 -0.5315650701522827 -0.6405306458473206
vn 0.4267849326133728 -0.48134005069732666 -0.7656150460243225
vn -0.7797898054122925 0.05026335269212723 -0.6240203976631165
vn 0.2457214891910553 0.08883818238973618 -0.9652609825134277
vn 0.2457214891910553 0.08883818238973618 -0.9652609825134277
vn -0.7797898054122925 0.05026335269212723 -0.6240203976631165
vn -0.3853095769882202 0.6004042625427246 -0.7007505297660828
vn 0.2457214891910553 0.08883818238973618 -0.9652609825134277
vn 0.8978923559188843 -0.4012935161590576 0.18097756803035736
vn 0.4267849326133728 -0.48134005069732666 -0.7656150460243225
vn 0.8978923559188843 -0.4012935161590576 0.18097756803035736
vn 0.2457214891910553 0.08883818238973618 -0.9652609825134277
vn 0.9286469221115112 0.09995098412036896 -0.35724592208862305
vn 0.2457214891910553 0.08883818238973618 -0.9652609825134277
vn 0.6943394541740417 0.7011497020721436 -0.1621169000864029
vn 0.9286469221115112 0.09995098412036896 -0.35724592208862305
vn 0.6943394541740417 0.7011497020721436 -0.1621169000864029
vn 0.2457214891910553 0.08883818238973618 -0.9652609825134277
vn -0.3853095769882202 0.6004042625427246 -0.7007505297660828
vn 0.6943394541740417 0.7011497020721436 -0.1621169000864029
vn -0.3853095769882202 0.6004042625427246 -0.7007505297660828
vn -0.08546909689903259 0.9962982535362244 0.00921393558382988
vn 0.4267849326133728 -0.48134005069732666 -0.7656150460243225
vn 0.8978923559188843 -0.4012935161590576 0.18097756803035736
vn 0.06747826188802719 -0.9769060015678406 0.20273472368717194
f 1/1/1 2/2/2 3/3/3
f 4/4/4 5/5/5 6/6/6
f 7/7/7 8/8/8 9/9/9
f 10/10/10 11/11/11 12/12/12
f 13/13/13 14/14/14 15/15/15
f 16/16/16 17/17/17 18/18/18
f 19/19/19 20/20/20 21/21/21
f 22/22/22 23/23/23 24/24/24
f 25/25/25 26/26/26 27/27/27
f 28/28/28 29/29/29 30/30/30
f 31/31/31 32/32/32 33/33/33
f 34/34/34 35/35/35 36/36/36
f 37/37/37 38/38/38 39/39/39
f 40/40/40 41/41/41 42/42/42
f 43/43/43 44/44/44 45/45/45
f 46/46/46 47/47/47 48/48/48
f 49/49/49 50/50/50 51/51/51
f 52/52/52 53/53/53 54/54/54
f 55/55/55 56/56/56 57/57/57
f 58/58/58 59/59/59 60/60/60
f 61/61/61 62/62/62 63/63/63
f 64/64/64 65/65/65 66/66/66
f 67/67/67 68/68/68 69/69/69
f 70/70/70 71/71/71 72/72/72
f 73/73/73 74/74/74 75/75/75
f 76/76/76 77/77/77 78/78/78
f 79/79/79 80/80/80 81/81/81
f 82/82/82 83/83/83 84/84/84
f 85/85/85 86/86/86 87/87/87
f 88/88/88 89/89/89 90/90/90
f 91/91/91 92/92/92 93/93/93
f 94/94/94 95/95/95 96/96/96
f 97/97/97 98/98/98 99/99/99
f 100/100/100 101/101/101 102/102/102
f 103/103/103 104/104/104 105/105/105
f 106/106/106 107/107/107 108/108/108
f 109/109/109 110/110/110 111/111/111
f 112/112/112 113/113/113 114/114/114
f 115/115/115 116/116/116 117/117/117
f 118/118/118 119/119/119 120/120/120
f 121/121/121 122/122/122 123/123/123
f 124/124/124 125/125/125 126/126/126
f 127/127/127 128/128/128 129/129/129
f 130/130/130 131/131/131 132/132/132
f 133/133/133 134/134/134 135/135/135
f 136/136/136 137/137/137 138/138/138
f 139/139/139 140/140/140 141/141/141
f 142/142/142 143/143/143 144/144/144
f 145/145/145 146/146/146 147/147/147
f 148/148/148 149/149/149 150/150/150
f 151/151/151 152/152/152 153/153/153
f 154/154/154 155/155/155 156/156/156
f 157/157/157 158/158/158 159/159/159
f 160/160/160 161/161/161 162/162/162
f 163/163/163 164/164/164 165/165/165
f 166/166/166 167/167/167 168/168/168
f 169/169/169 170/170/170 171/171/171
f 172/172/172 173/173/173 174/174/174
f 175/175/175 176/176/176 177/177/177
f 178/178/178 179/179/179 180/180/180
f 181/181/181 182/182/182 183/183/183
f 184/184/184 185/185/185 186/186/186
f 187/187/187 188/188/188 189/189/189
f 190/190/190 191/191/191 192/192/192
f 193/193/193 194/194/194 195/195/195
f 196/196/196 197/197/197 198/198/198
f 199/199/199 200/200/200 201/201/201
f 202/202/202 203/203/203 204/204/204
f 205/205/205 206/206/206 207/207/207
f 208/208/208 209/209/209 210/210/210
f 211/211/211 212/212/212 213/213/213
f 214/214/214 215/215/215 216/216/216
f 217/217/217 218/218/218 219/219/219
f 220/220/220 221/221/221 222/222/222
f 223/223/223 224/224/224 225/225/225
f 226/226/226 227/227/227 228/228/228
f 229/229/229 230/230/230 231/231/231
f 232/232/232 233/233/233 234/234/234
f 235/235/235 236/236/236 237/237/237
f 238/238/238 239/239/239 240/240/240
f 241/241/241 242/242/242 243/243/243
f 244/244/244 245/245/245 246/246/246
f 247/247/247 248/248/248 249/249/249
f 250/250/250 251/251/251 252/252/252
f 253/253/253 254/254/254 255/255/255
f 256/256/256 257/257/257 258/258/258
f 259/259/259 260/260/260 261/261/261
f 262/262/262 263/263/263 264/264/264
f 265/265/265 266/266/266 267/267/267
f 268/268/268 269/269/269 270/270/270
f 271/271/271 272/272/272 273/273/273
f 274/274/274 275/275/275 276/276/276
f 277/277/277 278/278/278 279/279/279
f 280/280/280 281/281/281 282/282/282
f 283/283/283 284/284/284 285/285/285
f 286/286/286 287/287/287 288/288/288
f 289/289/289 290/290/290 291/291/291
f 292/292/292 293/293/293 294/294/294
f 295/295/295 296/296/296 297/297/297
f 298/298/298 299/299/299 300/300/300
f 301/301/301 302/302/302 303/303/303
f 304/304/304 305/305/305 306/306/306
f 307/307/307 308/308/308 309/309/309
f 310/310/310 311/311/311 312/312/312
f 313/313/313 314/314/314 315/315/315
f 316/316/316 317/317/317 318/318/318
f 319/319/319 320/320/320 321/321/321
f 322/322/322 323/323/323 324/324/324
f 325/325/325 326/326/326 327/327/327
f 328/328/328 329/329/329 330/330/330
f 331/331/331 332/332/332 333/333/333
f 334/334/334 335/335/335 336/336/336
f 337/337/337 338/338/338 339/339/339
f 340/340/340 341/341/341 342/342/342
f 343/343/343 344/344/344 345/345/345
f 346/346/346 347/347/347 348/348/348
f 349/349/349 350/350/350 351/351/351
f 352/352/352 353/353/353 354/354/354
f 355/355/355 356/356/356 357/357/357
f 358/358/358 359/359/359 360/360/360
f 361/361/361 362/362/362 363/363/363
f 364/364/364 365/365/365 366/366/366
f 367/367/367 368/368/368 369/369/369
f 370/370/370 371/371/371 372/372/372
f 373/373/373 374/374/374 375/375/375
f 376/376/376 377/377/377 378/378/378
f 379/379/379 380/380/380 381/381/381
f 382/382/382 383/383/383 384/384/384
f 385/385/385 386/386/386 387/387/387
f 388/388/388 389/389/389 390/390/390
f 391/391/391 392/392/392 393/393/393
f 394/394/394 395/395/395 396/396/396
f 397/397/397 398/398/398 399/399/399
f 400/400/400 401/401/401 402/402/402
f 403/403/403 404/404/404 405/405/405
f 406/406/406 407/407/407 408/408/408
f 409/409/409 410/410/410 411/411/411
f 412/412/412 413/413/413 414/414/414
f 415/415/415 416/416/416 417/417/417
f 418/418/418 419/419/419 420/420/420
f 421/421/421 422/422/422 423/423/423
f 424/424/424 425/425/425 426/426/426
f 427/427/427 428/428/428 429/429/429
f 430/430/430 431/431/431 432/432/432
f 433/433/433 434/434/434 435/435/435
f 436/436/436 437/437/437 438/438/438
f 439/439/439 440/440/440 441/441/441
f 442/442/442 443/443/443 444/444/444
f 445/445/445 446/446/446 447/447/447
f 448/448/448 449/449/449 450/450/450
f 451/451/451 452/452/452 453/453/453
f 454/454/454 455/455/455 456/456/456
f 457/457/457 458/458/458 459/459/459
f 460/460/460 461/461/461 462/462/462
f 463/463/463 464/464/464 465/465/465
f 466/466/466 467/467/467 468/468/468
f 469/469/469 470/470/470 471/471/471
f 472/472/472 473/473/473 474/474/474
f 475/475/475 476/476/476 477/477/477
f 478/478/478 479/479/479 480/480/480
f 481/481/481 482/482/482 483/483/483
f 484/484/484 485/485/485 486/486/486
f 487/487/487 488/488/488 489/489/489
f 490/490/490 491/491/491 492/492/492
f 493/493/493 494/494/494 495/495/495
f 496/496/496 497/497/497 498/498/498
f 499/499/499 500/500/500 501/501/501
f 502/502/502 503/503/503 504/504/504
f 505/505/505 506/506/506 507/507/507
f 508/508/508 509/509/509 510/510/510
f 511/511/511 512/512/512 513/513/513
f 514/514/514 515/515/515 516/516/516
f 517/517/517 518/518/518 519/519/519
f 520/520/520 521/521/521 522/522/522
f 523/523/523 524/524/524 525/525/525
f 526/526/526 527/527/527 528/528/528
f 529/529/529 530/530/530 531/531/531
f 532/532/532 533/533/533 534/534/534
f 535/535/535 536/536/536 537/537/537
f 538/538/538 539/539/539 540/540/540
f 541/541/541 542/542/542 543/543/543
f 544/544/544 545/545/545 546/546/546
f 547/547/547 548/548/548 549/549/549
f 550/550/550 551/551/551 552/552/552
f 553/553/553 554/554/554 555/555/555
f 556/556/556 557/557/557 558/558/558
f 559/559/559 560/560/560 561/561/561
f 562/562/562 563/563/563 564/564/564
f 565/565/565 566/566/566 567/567/567
f 568/568/568 569/569/569 570/570/570
f 571/571/571 572/572/572 573/573/573
f 574/574/574 575/575/575 576/576/576
f 577/577/577 578/578/578 579/579/579
f 580/580/580 581/581/581 582/582/582
f 583/583/583 584/584/584 585/585/585
f 586/586/586 587/587/587 588/588/588
f 589/589/589 590/590/590 591/591/591
f 592/592/592 593/593/593 594/594/594
f 595/595/595 596/596/596 597/597/597
f 598/598/598 599/599/599 600/600/600
f 601/601/601 602/602/602 603/603/603
f 604/604/604 605/605/605 606/606/606
f 607/607/607 608/608/608 609/609/609
f 610/610/610 611/611/611 612/612/612
f 613/613/613 614/614/614 615/615/615
f 616/616/616 617/617/617 618/618/618
f 619/619/619 620/620/620 621/621/621
f 622/622/622 623/623/623 624/624/624
f 625/625/625 626/626/626 627/627/627
f 628/628/628 629/629/629 630/630/630
f 631/631/631 632/632/632 633/633/633
f 634/634/634 635/635/635 636/636/636
f 637/637/637 638/638/638 639/639/639
f 640/640/640 641/641/641 642/642/642
f 643/643/643 644/644/644 645/645/645
f 646/646/646 647/647/647 648/648/648
f 649/649/649 650/650/650 651/651/651
f 652/652/652 653/653/653 654/654/654
f 655/655/655 656/656/656 657/657/657
f 658/658/658 659/659/659 660/660/660
f 661/661/661 662/662/662 663/663/663
f 664/664/664 665/665/665 666/666/666
f 667/667/667 668/668/668 669/669/669
f 670/670/670 671/671/671 672/672/672
f 673/673/673 674/674/674 675/675/675
f 676/676/676 677/677/677 678/678/678
f 679/679/679 680/680/680 681/681/681
f 682/682/682 683/683/683 684/684/684
f 685/685/685 686/686/686 687/687/687
f 688/688/688 689/689/689 690/690/690
f 691/691/691 692/692/692 693/693/693
f 694/694/694 695/695/695 696/696/696
f 697/697/697 698/698/698 699/699/699
f 700/700/700 701/701/701 702/702/702
f 703/703/703 704/704/704 705/705/705
f 706/706/706 707/707/707 708/708/708
f 709/709/709 710/710/710 711/711/711
f 712/712/712 713/713/713 714/714/714
f 715/715/715 716/716/716 717/717/717
f 718/718/718 719/719/719 720/720/720
f 721/721/721 722/722/722 723/723/723
f 724/724/724 725/725/725 726/726/726
f 727/727/727 728/728/728 729/729/729
f 730/730/730 731/731/731 732/732/732
f 733/733/733 734/734/734 735/735/735
f 736/736/736 737/737/737 738/738/738
f 739/739/739 740/740/740 741/741/741
f 742/742/742 743/743/743 744/744/744
f 745/745/745 746/746/746 747/747/747
f 748/748/748 749/749/749 750/750/750
f 751/751/751 752/752/752 753/753/753
f 754/754/754 755/755/755 756/756/756
f 757/757/757 758/758/758 759/759/759
f 760/760/760 761/761/761 762/762/762
f 763/763/763 764/764/764 765/765/765
f 766/766/766 767/767/767 768/768/768
f 769/769/769 770/770/770 771/771/771
f 772/772/772 773/773/773 774/774/774
f 775/775/775 776/776/776 777/777/777
f 778/778/778 779/779/779 780/780/780
f 781/781/781 782/782/782 783/783/783
f 784/784/784 785/785/785 786/786/786
f 787/787/787 788/788/788 789/789/789
f 790/790/790 791/791/791 792/792/792
f 793/793/793 794/794/794 795/795/795
f 796/796/796 797/797/797 798/798/798
f 799/799/799 800/800/800 801/801/801
f 802/802/802 803/803/803 804/804/804
f 805/805/805 806/806/806 807/807/807
f 808/808/808 809/809/809 810/810/810
f 811/811/811 812/812/812 813/813/813
f 814/814/814 815/815/815 816/816/816
f 817/817/817 818/818/818 819/819/819
f 820/820/820 821/821/821 822/822/822
f 823/823/823 824/824/824 825/825/825
f 826/826/826 827/827/827 828/828/828
f 829/829/829 830/830/830 831/831/831
f 832/832/832 833/833/833 834/834/834
f 835/835/835 836/836/836 837/837/837
f 838/838/838 839/839/839 840/840/840
f 841/841/841 842/842/842 843/843/843
f 844/844/844 845/845/845 846/846/846
f 847/847/847 848/848/848 849/849/849
f 850/850/850 851/851/851 852/852/852
f 853/853/853 854/854/854 855/855/855
f 856/856/856 857/857/857 858/858/858
f 859/859/859 860/860/860 861/861/861
f 862/862/862 863/863/863 864/864/864
f 865/865/865 866/866/866 867/867/867
f 868/868/868 869/869/869 870/870/870
f 871/871/871 872/872/872 873/873/873
f 874/874/874 875/875/875 876/876/876
f 877/877/877 878/878/878 879/879/879
f 880/880/880 881/881/881 882/882/882
f 883/883/883 884/884/884 885/885/885
f 886/886/886 887/887/887 888/888/888
f 889/889/889 890/890/890 891/891/891
f 892/892/892 893/893/893 894/894/894
f 895/895/895 896/896/896 897/897/897
f 898/898/898 899/899/899 900/900/900
f 901/901/901 902/902/902 903/903/903
f 904/904/904 905/905/905 906/906/906
f 907/907/907 908/908/908 909/909/909
f 910/910/910 911/911/911 912/912/912
f 913/913/913 914/914/914 915/915/915
f 916/916/916 917/917/917 918/918/918
f 919/919/919 920/920/920 921/921/921
f 922/922/922 923/923/923 924/924/924
f 925/925/925 926/926/926 927/927/927
f 928/928/928 929/929/929 930/930/930
f 931/931/931 932/932/932 933/933/933
f 934/934/934 935/935/935 936/936/936
f 937/937/937 938/938/938 939/939/939
f 940/940/940 941/941/941 942/942/942
f 943/943/943 944/944/944 945/945/945
f 946/946/946 947/947/947 948/948/948
f 949/949/949 950/950/950 951/951/951
f 952/952/952 953/953/953 954/954/954
f 955/955/955 956/956/956 957/957/957
f 958/958/958 959/959/959 960/960/960
f 961/961/961 962/962/962 963/963/963
f 964/964/964 965/965/965 966/966/966
f 967/967/967 968/968/968 969/969/969
f 970/970/970 971/971/971 972/972/972
f 973/973/973 974/974/974 975/975/975
f 976/976/976 977/977/977 978/978/978
f 979/979/979 980/980/980 981/981/981
f 982/982/982 983/983/983 984/984/984
f 985/985/985 986/986/986 987/987/987
f 988/988/988 989/989/989 990/990/990
f 991/991/991 992/992/992 993/993/993
f 994/994/994 995/995/995 996/996/996
f 997/997/997 998/998/998 999/999/999
f 1000/1000/1000 1001/1001/1001 1002/1002/1002
f 1003/1003/1003 1004/1004/1004 1005/1005/1005
f 1006/1006/1006 1007/1007/1007 1008/1008/1008
f 1009/1009/1009 1010/1010/1010 1011/1011/1011
f 1012/1012/1012 1013/1013/1013 1014/1014/1014
f 1015/1015/1015 1016/1016/1016 1017/1017/1017
f 1018/1018/1018 1019/1019/1019 1020/1020/1020
f 1021/1021/1021 1022/1022/1022 1023/1023/1023
f 1024/1024/1024 1025/1025/1025 1026/1026/1026
f 1027/1027/1027 1028/1028/1028 1029/1029/1029
f 1030/1030/1030 1031/1031/1031 1032/1032/1032
f 1033/1033/1033 1034/1034/1034 1035/1035/1035
f 1036/1036/1036 1037/1037/1037 1038/1038/1038
f 1039/1039/1039 1040/1040/1040 1041/1041/1041
f 1042/1042/1042 1043/1043/1043 1044/1044/1044
f 1045/1045/1045 1046/1046/1046 1047/1047/1047
f 1048/1048/1048 1049/1049/1049 1050/1050/1050
f 1051/1051/1051 1052/1052/1052 1053/1053/1053
f 1054/1054/1054 1055/1055/1055 1056/1056/1056
f 1057/1057/1057 1058/1058/1058 1059/1059/1059
f 1060/1060/1060 1061/1061/1061 1062/1062/1062
f 1063/1063/1063 1064/1064/1064 1065/1065/1065
f 1066/1066/1066 1067/1067/1067 1068/1068/1068
f 1069/1069/1069 1070/1070/1070 1071/1071/1071
f 1072/1072/1072 1073/1073/1073 1074/1074/1074
f 1075/1075/1075 1076/1076/1076 1077/1077/1077
f 1078/1078/1078 1079/1079/1079 1080/1080/1080
f 1081/1081/1081 1082/1082/1082 1083/1083/1083
f 1084/1084/1084 1085/1085/1085 1086/1086/1086
f 1087/1087/1087 1088/1088/1088 1089/1089/1089
f 1090/1090/1090 1091/1091/1091 1092/1092/1092
f 1093/1093/1093 1094/1094/1094 1095/1095/1095
f 1096/1096/1096 1097/1097/1097 1098/1098/1098
f 1099/1099/1099 1100/1100/1100 1101/1101/1101
f 1102/1102/1102 1103/1103/1103 1104/1104/1104
f 1105/1105/1105 1106/1106/1106 1107/1107/1107
f 1108/1108/1108 1109/1109/1109 1110/1110/1110
f 1111/1111/1111 1112/1112/1112 1113/1113/1113
f 1114/1114/1114 1115/1115/1115 1116/1116/1116
f 1117/1117/1117 1118/1118/1118 1119/1119/1119
f 1120/1120/1120 1121/1121/1121 1122/1122/1122
f 1123/1123/1123 1124/1124/1124 1125/1125/1125
f 1126/1126/1126 1127/1127/1127 1128/1128/1128
f 1129/1129/1129 1130/1130/1130 1131/1131/1131
f 1132/1132/1132 1133/1133/1133 1134/1134/1134
f 1135/1135/1135 1136/1136/1136 1137/1137/1137
f 1138/1138/1138 1139/1139/1139 1140/1140/1140
f 1141/1141/1141 1142/1142/1142 1143/1143/1143
f 1144/1144/1144 1145/1145/1145 1146/1146/1146
f 1147/1147/1147 1148/1148/1148 1149/1149/1149
f 1150/1150/1150 1151/1151/1151 1152/1152/1152
f 1153/1153/1153 1154/1154/1154 1155/1155/1155
f 1156/1156/1156 1157/1157/1157 1158/1158/1158
f 1159/1159/1159 1160/1160/1160 1161/1161/1161
f 1162/1162/1162 1163/1163/1163 1164/1164/1164
f 1165/1165/1165 1166/1166/1166 1167/1167/1167
f 1168/1168/1168 1169/1169/1169 1170/1170/1170
f 1171/1171/1171 1172/1172/1172 1173/1173/1173
f 1174/1174/1174 1175/1175/1175 1176/1176/1176
f 1177/1177/1177 1178/1178/1178 1179/1179/1179
f 1180/1180/1180 1181/1181/1181 1182/1182/1182
f 1183/1183/1183 1184/1184/1184 1185/1185/1185
f 1186/1186/1186 1187/1187/1187 1188/1188/1188
f 1189/1189/1189 1190/1190/1190 1191/1191/1191
f 1192/1192/1192 1193/1193/1193 1194/1194/1194
f 1195/1195/1195 1196/1196/1196 1197/1197/1197
f 1198/1198/1198 1199/1199/1199 1200/1200/1200
f 1201/1201/1201 1202/1202/1202 1203/1203/1203
f 1204/1204/1204 1205/1205/1205 1206/1206/1206
f 1207/1207/1207 1208/1208/1208 1209/1209/1209
f 1210/1210/1210 1211/1211/1211 1212/1212/1212
f 1213/1213/1213 1214/1214/1214 1215/1215/1215
f 1216/1216/1216 1217/1217/1217 1218/1218/1218
f 1219/1219/1219 1220/1220/1220 1221/1221/1221
f 1222/1222/1222 1223/1223/1223 1224/1224/1224
f 1225/1225/1225 1226/1226/1226 1227/1227/1227
f 1228/1228/1228 1229/1229/1229 1230/1230/1230
f 1231/1231/1231 1232/1232/1232 1233/1233/1233
f 1234/1234/1234 1235/1235/1235 1236/1236/1236
f 1237/1237/1237 1238/1238/1238 1239/1239/1239
f 1240/1240/1240 1241/1241/1241 1242/1242/1242
f 1243/1243/1243 1244/1244/1244 1245/1245/1245
f 1246/1246/1246 1247/1247/1247 1248/1248/1248
f 1249/1249/1249 1250/1250/1250 1251/1251/1251
f 1252/1252/1252 1253/1253/1253 1254/1254/1254
f 1255/1255/1255 1256/1256/1256 1257/1257/1257
f 1258/1258/1258 1259/1259/1259 1260/1260/1260
f 1261/1261/1261 1262/1262/1262 1263/1263/1263
f 1264/1264/1264 1265/1265/1265 1266/1266/1266
f 1267/1267/1267 1268/1268/1268 1269/1269/1269
f 1270/1270/1270 1271/1271/1271 1272/1272/1272
f 1273/1273/1273 1274/1274/1274 1275/1275/1275
f 1276/1276/1276 1277/1277/1277 1278/1278/1278
f 1279/1279/1279 1280/1280/1280 1281/1281/1281
f 1282/1282/1282 1283/1283/1283 1284/1284/1284
f 1285/1285/1285 1286/1286/1286 1287/1287/1287
f 1288/1288/1288 1289/1289/1289 1290/1290/1290
f 1291/1291/1291 1292/1292/1292 1293/1293/1293
f 1294/1294/1294 1295/1295/1295 1296/1296/1296
f 1297/1297/1297 1298/1298/1298 1299/1299/1299
f 1300/1300/1300 1301/1301/1301 1302/1302/1302
f 1303/1303/1303 1304/1304/1304 1305/1305/1305
f 1306/1306/1306 1307/1307/1307 1308/1308/1308
f 1309/1309/1309 1310/1310/1310 1311/1311/1311
f 1312/1312/1312 1313/1313/1313 1314/1314/1314
f 1315/1315/1315 1316/1316/1316 1317/1317/1317
f 1318/1318/1318 1319/1319/1319 1320/1320/1320
f 1321/1321/1321 1322/1322/1322 1323/1323/1323
f 1324/1324/1324 1325/1325/1325 1326/1326/1326
f 1327/1327/1327 1328/1328/1328 1329/1329/1329
f 1330/1330/1330 1331/1331/1331 1332/1332/1332
f 1333/1333/1333 1334/1334/1334 1335/1335/1335
f 1336/1336/1336 1337/1337/1337 1338/1338/1338
f 1339/1339/1339 1340/1340/1340 1341/1341/1341
f 1342/1342/1342 1343/1343/1343 1344/1344/1344
f 1345/1345/1345 1346/1346/1346 1347/1347/1347
f 1348/1348/1348 1349/1349/1349 1350/1350/1350
f 1351/1351/1351 1352/1352/1352 1353/1353/1353
f 1354/1354/1354 1355/1355/1355 1356/1356/1356
f 1357/1357/1357 1358/1358/1358 1359/1359/1359
f 1360/1360/1360 1361/1361/1361 1362/1362/1362
f 1363/1363/1363 1364/1364/1364 1365/1365/1365
f 1366/1366/1366 1367/1367/1367 1368/1368/1368
f 1369/1369/1369 1370/1370/1370 1371/1371/1371
f 1372/1372/1372 1373/1373/1373 1374/1374/1374
f 1375/1375/1375 1376/1376/1376 1377/1377/1377
f 1378/1378/1378 1379/1379/1379 1380/1380/1380
f 1381/1381/1381 1382/1382/1382 1383/1383/1383
f 1384/1384/1384 1385/1385/1385 1386/1386/1386
f 1387/1387/1387 1388/1388/1388 1389/1389/1389
f 1390/1390/1390 1391/1391/1391 1392/1392/1392
f 1393/1393/1393 1394/1394/1394 1395/1395/1395
f 1396/1396/1396 1397/1397/1397 1398/1398/1398
f 1399/1399/1399 1400/1400/1400 1401/1401/1401
f 1402/1402/1402 1403/1403/1403 1404/1404/1404
f 1405/1405/1405 1406/1406/1406 1407/1407/1407
f 1408/1408/1408 1409/1409/1409 1410/1410/1410
f 1411/1411/1411 1412/1412/1412 1413/1413/1413
f 1414/1414/1414 1415/1415/1415 1416/1416/1416
f 1417/1417/1417 1418/1418/1418 1419/1419/1419
f 1420/1420/1420 1421/1421/1421 1422/1422/1422
f 1423/1423/1423 1424/1424/1424 1425/1425/1425
f 1426/1426/1426 1427/1427/1427 1428/1428/1428
f 1429/1429/1429 1430/1430/1430 1431/1431/1431
f 1432/1432/1432 1433/1433/1433 1434/1434/1434
f 1435/1435/1435 1436/1436/1436 1437/1437/1437
f 1438/1438/1438 1439/1439/1439 1440/1440/1440
f 1441/1441/1441 1442/1442/1442 1443/1443/1443
f 1444/1444/1444 1445/1445/1445 1446/1446/1446
f 1447/1447/1447 1448/1448/1448 1449/1449/1449
f 1450/1450/1450 1451/1451/1451 1452/1452/1452
f 1453/1453/1453 1454/1454/1454 1455/1455/1455
f 1456/1456/1456 1457/1457/1457 1458/1458/1458
f 1459/1459/1459 1460/1460/1460 1461/1461/1461
f 1462/1462/1462 1463/1463/1463 1464/1464/1464
f 1465/1465/1465 1466/1466/1466 1467/1467/1467
f 1468/1468/1468 1469/1469/1469 1470/1470/1470
f 1471/1471/1471 1472/1472/1472 1473/1473/1473
f 1474/1474/1474 1475/1475/1475 1476/1476/1476
f 1477/1477/1477 1478/1478/1478 1479/1479/1479
f 1480/1480/1480 1481/1481/1481 1482/1482/1482
f 1483/1483/1483 1484/1484/1484 1485/1485/1485
f 1486/1486/1486 1487/1487/1487 1488/1488/1488
f 1489/1489/1489 1490/1490/1490 1491/1491/1491
f 1492/1492/1492 1493/1493/1493 1494/1494/1494
f 1495/1495/1495 1496/1496/1496 1497/1497/1497
f 1498/1498/1498 1499/1499/1499 1500/1500/1500
f 1501/1501/1501 1502/1502/1502 1503/1503/1503
f 1504/1504/1504 1505/1505/1505 1506/1506/1506
f 1507/1507/1507 1508/1508/1508 1509/1509/1509
f 1510/1510/1510 1511/1511/1511 1512/1512/1512
f 1513/1513/1513 1514/1514/1514 1515/1515/1515
f 1516/1516/1516 1517/1517/1517 1518/1518/1518
f 1519/1519/1519 1520/1520/1520 1521/1521/1521
f 1522/1522/1522 1523/1523/1523 1524/1524/1524
f 1525/1525/1525 1526/1526/1526 1527/1527/1527
f 1528/1528/1528 1529/1529/1529 1530/1530/1530
f 1531/1531/1531 1532/1532/1532 1533/1533/1533
f 1534/1534/1534 1535/1535/1535 1536/1536/1536
f 1537/1537/1537 1538/1538/1538 1539/1539/1539
f 1540/1540/1540 1541/1541/1541 1542/1542/1542
f 1543/1543/1543 1544/1544/1544 1545/1545/1545
f 1546/1546/1546 1547/1547/1547 1548/1548/1548
f 1549/1549/1549 1550/1550/1550 1551/1551/1551
f 1552/1552/1552 1553/1553/1553 1554/1554/1554
f 1555/1555/1555 1556/1556/1556 1557/1557/1557
f 1558/1558/1558 1559/1559/1559 1560/1560/1560
f 1561/1561/1561 1562/1562/1562 1563/1563/1563
f 1564/1564/1564 1565/1565/1565 1566/1566/1566
f 1567/1567/1567 1568/1568/1568 1569/1569/1569
f 1570/1570/1570 1571/1571/1571 1572/1572/1572
f 1573/1573/1573 1574/1574/1574 1575/1575/1575
f 1576/1576/1576 1577/1577/1577 1578/1578/1578
f 1579/1579/1579 1580/1580/1580 1581/1581/1581
f 1582/1582/1582 1583/1583/1583 1584/1584/1584
f 1585/1585/1585 1586/1586/1586 1587/1587/1587
f 1588/1588/1588 1589/1589/1589 1590/1590/1590
f 1591/1591/1591 1592/1592/1592 1593/1593/1593
f 1594/1594/1594 1595/1595/1595 1596/1596/1596
f 1597/1597/1597 1598/1598/1598 1599/1599/1599
f 1600/1600/1600 1601/1601/1601 1602/1602/1602
f 1603/1603/1603 1604/1604/1604 1605/1605/1605
f 1606/1606/1606 1607/1607/1607 1608/1608/1608
f 1609/1609/1609 1610/1610/1610 1611/1611/1611
f 1612/1612/1612 1613/1613/1613 1614/1614/1614
f 1615/1615/1615 1616/1616/1616 1617/1617/1617
f 1618/1618/1618 1619/1619/1619 1620/1620/1620
f 1621/1621/1621 1622/1622/1622 1623/1623/1623
f 1624/1624/1624 1625/1625/1625 1626/1626/1626
f 1627/1627/1627 1628/1628/1628 1629/1629/1629
f 1630/1630/1630 1631/1631/1631 1632/1632/1632
f 1633/1633/1633 1634/1634/1634 1635/1635/1635
f 1636/1636/1636 1637/1637/1637 1638/1638/1638
f 1639/1639/1639 1640/1640/1640 1641/1641/1641
f 1642/1642/1642 1643/1643/1643 1644/1644/1644
f 1645/1645/1645 1646/1646/1646 1647/1647/1647
f 1648/1648/1648 1649/1649/1649 1650/1650/1650
f 1651/1651/1651 1652/1652/1652 1653/1653/1653
f 1654/1654/1654 1655/1655/1655 1656/1656/1656
f 1657/1657/1657 1658/1658/1658 1659/1659/1659
f 1660/1660/1660 1661/1661/1661 1662/1662/1662
f 1663/1663/1663 1664/1664/1664 1665/1665/1665
f 1666/1666/1666 1667/1667/1667 1668/1668/1668
f 1669/1669/1669 1670/1670/1670 1671/1671/1671
f 1672/1672/1672 1673/1673/1673 1674/1674/1674
f 1675/1675/1675 1676/1676/1676 1677/1677/1677
f 1678/1678/1678 1679/1679/1679 1680/1680/1680
f 1681/1681/1681 1682/1682/1682 1683/1683/1683
f 1684/1684/1684 1685/1685/1685 1686/1686/1686
f 1687/1687/1687 1688/1688/1688 1689/1689/1689
f 1690/1690/1690 1691/1691/1691 1692/1692/1692
f 1693/1693/1693 1694/1694/1694 1695/1695/1695
f 1696/1696/1696 1697/1697/1697 1698/1698/1698
f 1699/1699/1699 1700/1700/1700 1701/1701/1701
f 1702/1702/1702 1703/1703/1703 1704/1704/1704
f 1705/1705/1705 1706/1706/1706 1707/1707/1707
f 1708/1708/1708 1709/1709/1709 1710/1710/1710
f 1711/1711/1711 1712/1712/1712 1713/1713/1713
f 1714/1714/1714 1715/1715/1715 1716/1716/1716
f 1717/1717/1717 1718/1718/1718 1719/1719/1719
f 1720/1720/1720 1721/1721/1721 1722/1722/1722
f 1723/1723/1723 1724/1724/1724 1725/1725/1725
f 1726/1726/1726 1727/1727/1727 1728/1728/1728
f 1729/1729/1729 1730/1730/1730 1731/1731/1731
f 1732/1732/1732 1733/1733/1733 1734/1734/1734
f 1735/1735/1735 1736/1736/1736 1737/1737/1737
f 1738/1738/1738 1739/1739/1739 1740/1740/1740
f 1741/1741/1741 1742/1742/1742 1743/1743/1743
f 1744/1744/1744 1745/1745/1745 1746/1746/1746
f 1747/1747/1747 1748/1748/1748 1749/1749/1749
f 1750/1750/1750 1751/1751/1751 1752/1752/1752
f 1753/1753/1753 1754/1754/1754 1755/1755/1755
f 1756/1756/1756 1757/1757/1757 1758/1758/1758
f 1759/1759/1759 1760/1760/1760 1761/1761/1761
f 1762/1762/1762 1763/1763/1763 1764/1764/1764
f 1765/1765/1765 1766/1766/1766 1767/1767/1767
f 1768/1768/1768 1769/1769/1769 1770/1770/1770
f 1771/1771/1771 1772/1772/1772 1773/1773/1773
f 1774/1774/1774 1775/1775/1775 1776/1776/1776
f 1777/1777/1777 1778/1778/1778 1779/1779/1779
f 1780/1780/1780 1781/1781/1781 1782/1782/1782
f 1783/1783/1783 1784/1784/1784 1785/1785/1785
f 1786/1786/1786 1787/1787/1787 1788/1788/1788
f 1789/1789/1789 1790/1790/1790 1791/1791/1791
f 1792/1792/1792 1793/1793/1793 1794/1794/1794
f 1795/1795/1795 1796/1796/1796 1797/1797/1797
f 1798/1798/1798 1799/1799/1799 1800/1800/1800
f 1801/1801/1801 1802/1802/1802 1803/1803/1803
f 1804/1804/1804 1805/1805/1805 1806/1806/1806
f 1807/1807/1807 1808/1808/1808 1809/1809/1809
f 1810/1810/1810 1811/1811/1811 1812/1812/1812
f 1813/1813/1813 1814/1814/1814 1815/1815/1815
f 1816/1816/1816 1817/1817/1817 1818/1818/1818
f 1819/1819/1819 1820/1820/1820 1821/1821/1821
f 1822/1822/1822 1823/1823/1823 1824/1824/1824
f 1825/1825/1825 1826/1826/1826 1827/1827/1827
f 1828/1828/1828 1829/1829/1829 1830/1830/1830
f 1831/1831/1831 1832/1832/1832 1833/1833/1833
f 1834/1834/1834 1835/1835/1835 1836/1836/1836
f 1837/1837/1837 1838/1838/1838 1839/1839/1839
f 1840/1840/1840 1841/1841/1841 1842/1842/1842
f 1843/1843/1843 1844/1844/1844 1845/1845/1845
f 1846/1846/1846 1847/1847/1847 1848/1848/1848
f 1849/1849/1849 1850/1850/1850 1851/1851/1851
f 1852/1852/1852 1853/1853/1853 1854/1854/1854
f 1855/1855/1855 1856/1856/1856 1857/1857/1857
f 1858/1858/1858 1859/1859/1859 1860/1860/1860
f 1861/1861/1861 1862/1862/1862 1863/1863/1863
f 1864/1864/1864 1865/1865/1865 1866/1866/1866
f 1867/1867/1867 1868/1868/1868 1869/1869/1869
f 1870/1870/1870 1871/1871/1871 1872/1872/1872
f 1873/1873/1873 1874/1874/1874 1875/1875/1875
f 1876/1876/1876 1877/1877/1877 1878/1878/1878
f 1879/1879/1879 1880/1880/1880 1881/1881/1881
f 1882/1882/1882 1883/1883/1883 1884/1884/1884
f 1885/1885/1885 1886/1886/1886 1887/1887/1887
f 1888/1888/1888 1889/1889/1889 1890/1890/1890
f 1891/1891/1891 1892/1892/1892 1893/1893/1893
f 1894/1894/1894 1895/1895/1895 1896/1896/1896
f 1897/1897/1897 1898/1898/1898 1899/1899/1899
f 1900/1900/1900 1901/1901/1901 1902/1902/1902
f 1903/1903/1903 1904/1904/1904 1905/1905/1905
f 1906/1906/1906 1907/1907/1907 1908/1908/1908
f 1909/1909/1909 1910/1910/1910 1911/1911/1911
f 1912/1912/1912 1913/1913/1913 1914/1914/1914
f 1915/1915/1915 1916/1916/1916 1917/1917/1917
f 1918/1918/1918 1919/1919/1919 1920/1920/1920
f 1921/1921/1921 1922/1922/1922 1923/1923/1923
f 1924/1924/1924 1925/1925/1925 1926/1926/1926
f 1927/1927/1927 1928/1928/1928 1929/1929/1929
f 1930/1930/1930 1931/1931/1931 1932/1932/1932
f 1933/1933/1933 1934/1934/1934 1935/1935/1935
f 1936/1936/1936 1937/1937/1937 1938/1938/1938
f 1939/1939/1939 1940/1940/1940 1941/1941/1941
f 1942/1942/1942 1943/1943/1943 1944/1944/1944
f 1945/1945/1945 1946/1946/1946 1947/1947/1947
f 1948/1948/1948 1949/1949/1949 1950/1950/1950
f 1951/1951/1951 1952/1952/1952 1953/1953/1953
f 1954/1954/1954 1955/1955/1955 1956/1956/1956
f 1957/1957/1957 1958/1958/1958 1959/1959/1959
f 1960/1960/1960 1961/1961/1961 1962/1962/1962
f 1963/1963/1963 1964/1964/1964 1965/1965/1965
f 1966/1966/1966 1967/1967/1967 1968/1968/1968
f 1969/1969/1969 1970/1970/1970 1971/1971/1971
f 1972/1972/1972 1973/1973/1973 1974/1974/1974
f 1975/1975/1975 1976/1976/1976 1977/1977/1977
f 1978/1978/1978 1979/1979/1979 1980/1980/1980
f 1981/1981/1981 1982/1982/1982 1983/1983/1983
f 1984/1984/1984 1985/1985/1985 1986/1986/1986
f 1987/1987/1987 1988/1988/1988 1989/1989/1989
f 1990/1990/1990 1991/1991/1991 1992/1992/1992
f 1993/1993/1993 1994/1994/1994 1995/1995/1995
f 1996/1996/1996 1997/1997/1997 1998/1998/1998
f 1999/1999/1999 2000/2000/2000 2001/2001/2001
f 2002/2002/2002 2003/2003/2003 2004/2004/2004
f 2005/2005/2005 2006/2006/2006 2007/2007/2007
f 2008/2008/2008 2009/2009/2009 2010/2010/2010
f 2011/2011/2011 2012/2012/2012 2013/2013/2013
f 2014/2014/2014 2015/2015/2015 2016/2016/2016
f 2017/2017/2017 2018/2018/2018 2019/2019/2019
f 2020/2020/2020 2021/2021/2021 2022/2022/2022
f 2023/2023/2023 2024/2024/2024 2025/2025/2025
f 2026/2026/2026 2027/2027/2027 2028/2028/2028
f 2029/2029/2029 2030/2030/2030 2031/2031/2031
f 2032/2032/2032 2033/2033/2033 2034/2034/2034
f 2035/2035/2035 2036/2036/2036 2037/2037/2037
f 2038/2038/2038 2039/2039/2039 2040/2040/2040
f 2041/2041/2041 2042/2042/2042 2043/2043/2043
f 2044/2044/2044 2045/2045/2045 2046/2046/2046
f 2047/2047/2047 2048/2048/2048 2049/2049/2049
f 2050/2050/2050 2051/2051/2051 2052/2052/2052
f 2053/2053/2053 2054/2054/2054 2055/2055/2055
f 2056/2056/2056 2057/2057/2057 2058/2058/2058
f 2059/2059/2059 2060/2060/2060 2061/2061/2061
f 2062/2062/2062 2063/2063/2063 2064/2064/2064
f 2065/2065/2065 2066/2066/2066 2067/2067/2067
f 2068/2068/2068 2069/2069/2069 2070/2070/2070
f 2071/2071/2071 2072/2072/2072 2073/2073/2073
f 2074/2074/2074 2075/2075/2075 2076/2076/2076
f 2077/2077/2077 2078/2078/2078 2079/2079/2079
f 2080/2080/2080 2081/2081/2081 2082/2082/2082
f 2083/2083/2083 2084/2084/2084 2085/2085/2085
f 2086/2086/2086 2087/2087/2087 2088/2088/2088
f 2089/2089/2089 2090/2090/2090 2091/2091/2091
f 2092/2092/2092 2093/2093/2093 2094/2094/2094
f 2095/2095/2095 2096/2096/2096 2097/2097/2097
f 2098/2098/2098 2099/2099/2099 2100/2100/2100
f 2101/2101/2101 2102/2102/2102 2103/2103/2103
f 2104/2104/2104 2105/2105/2105 2106/2106/2106
f 2107/2107/2107 2108/2108/2108 2109/2109/2109
f 2110/2110/2110 2111/2111/2111 2112/2112/2112
f 2113/2113/2113 2114/2114/2114 2115/2115/2115
f 2116/2116/2116 2117/2117/2117 2118/2118/2118
f 2119/2119/2119 2120/2120/2120 2121/2121/2121
f 2122/2122/2122 2123/2123/2123 2124/2124/2124
f 2125/2125/2125 2126/2126/2126 2127/2127/2127
f 2128/2128/2128 2129/2129/2129 2130/2130/2130
f 2131/2131/2131 2132/2132/2132 2133/2133/2133
f 2134/2134/2134 2135/2135/2135 2136/2136/2136
f 2137/2137/2137 2138/2138/2138 2139/2139/2139
f 2140/2140/2140 2141/2141/2141 2142/2142/2142
f 2143/2143/2143 2144/2144/2144 2145/2145/2145
f 2146/2146/2146 2147/2147/2147 2148/2148/2148
f 2149/2149/2149 2150/2150/2150 2151/2151/2151
f 2152/2152/2152 2153/2153/2153 2154/2154/2154
f 2155/2155/2155 2156/2156/2156 2157/2157/2157
f 2158/2158/2158 2159/2159/2159 2160/2160/2160
f 2161/2161/2161 2162/2162/2162 2163/2163/2163
f 2164/2164/2164 2165/2165/2165 2166/2166/2166
f 2167/2167/2167 2168/2168/2168 2169/2169/2169
f 2170/2170/2170 2171/2171/2171 2172/2172/2172
f 2173/2173/2173 2174/2174/2174 2175/2175/2175
f 2176/2176/2176 2177/2177/2177 2178/2178/2178
f 2179/2179/2179 2180/2180/2180 2181/2181/2181
f 2182/2182/2182 2183/2183/2183 2184/2184/2184
f 2185/2185/2185 2186/2186/2186 2187/2187/2187
f 2188/2188/2188 2189/2189/2189 2190/2190/2190
f 2191/2191/2191 2192/2192/2192 2193/2193/2193
f 2194/2194/2194 2195/2195/2195 2196/2196/2196
f 2197/2197/2197 2198/2198/2198 2199/2199/2199
f 2200/2200/2200 2201/2201/2201 2202/2202/2202
f 2203/2203/2203 2204/2204/2204 2205/2205/2205
f 2206/2206/2206 2207/2207/2207 2208/2208/2208
f 2209/2209/2209 2210/2210/2210 2211/2211/2211
f 2212/2212/2212 2213/2213/2213 2214/2214/2214
f 2215/2215/2215 2216/2216/2216 2217/2217/2217
f 2218/2218/2218 2219/2219/2219 2220/2220/2220
f 2221/2221/2221 2222/2222/2222 2223/2223/2223
f 2224/2224/2224 2225/2225/2225 2226/2226/2226
f 2227/2227/2227 2228/2228/2228 2229/2229/2229
f 2230/2230/2230 2231/2231/2231 2232/2232/2232
f 2233/2233/2233 2234/2234/2234 2235/2235/2235
f 2236/2236/2236 2237/2237/2237 2238/2238/2238
f 2239/2239/2239 2240/2240/2240 2241/2241/2241
f 2242/2242/2242 2243/2243/2243 2244/2244/2244
f 2245/2245/2245 2246/2246/2246 2247/2247/2247
f 2248/2248/2248 2249/2249/2249 2250/2250/2250
f 2251/2251/2251 2252/2252/2252 2253/2253/2253
f 2254/2254/2254 2255/2255/2255 2256/2256/2256
f 2257/2257/2257 2258/2258/2258 2259/2259/2259
f 2260/2260/2260 2261/2261/2261 2262/2262/2262
f 2263/2263/2263 2264/2264/2264 2265/2265/2265
f 2266/2266/2266 2267/2267/2267 2268/2268/2268
f 2269/2269/2269 2270/2270/2270 2271/2271/2271
f 2272/2272/2272 2273/2273/2273 2274/2274/2274
f 2275/2275/2275 2276/2276/2276 2277/2277/2277
f 2278/2278/2278 2279/2279/2279 2280/2280/2280
f 2281/2281/2281 2282/2282/2282 2283/2283/2283
f 2284/2284/2284 2285/2285/2285 2286/2286/2286
f 2287/2287/2287 2288/2288/2288 2289/2289/2289
f 2290/2290/2290 2291/2291/2291 2292/2292/2292
f 2293/2293/2293 2294/2294/2294 2295/2295/2295
f 2296/2296/2296 2297/2297/2297 2298/2298/2298
f 2299/2299/2299 2300/2300/2300 2301/2301/2301
f 2302/2302/2302 2303/2303/2303 2304/2304/2304
f 2305/2305/2305 2306/2306/2306 2307/2307/2307
f 2308/2308/2308 2309/2309/2309 2310/2310/2310
f 2311/2311/2311 2312/2312/2312 2313/2313/2313
f 2314/2314/2314 2315/2315/2315 2316/2316/2316
f 2317/2317/2317 2318/2318/2318 2319/2319/2319
f 2320/2320/2320 2321/2321/2321 2322/2322/2322
f 2323/2323/2323 2324/2324/2324 2325/2325/2325
f 2326/2326/2326 2327/2327/2327 2328/2328/2328
f 2329/2329/2329 2330/2330/2330 2331/2331/2331
f 2332/2332/2332 2333/2333/2333 2334/2334/2334
f 2335/2335/2335 2336/2336/2336 2337/2337/2337
f 2338/2338/2338 2339/2339/2339 2340/2340/2340
f 2341/2341/2341 2342/2342/2342 2343/2343/2343
f 2344/2344/2344 2345/2345/2345 2346/2346/2346
f 2347/2347/2347 2348/2348/2348 2349/2349/2349
f 2350/2350/2350 2351/2351/2351 2352/2352/2352
f 2353/2353/2353 2354/2354/2354 2355/2355/2355
f 2356/2356/2356 2357/2357/2357 2358/2358/2358
f 2359/2359/2359 2360/2360/2360 2361/2361/2361
f 2362/2362/2362 2363/2363/2363 2364/2364/2364
f 2365/2365/2365 2366/2366/2366 2367/2367/2367
f 2368/2368/2368 2369/2369/2369 2370/2370/2370
f 2371/2371/2371 2372/2372/2372 2373/2373/2373
f 2374/2374/2374 2375/2375/2375 2376/2376/2376
f 2377/2377/2377 2378/2378/2378 2379/2379/2379
f 2380/2380/2380 2381/2381/2381 2382/2382/2382
f 2383/2383/2383 2384/2384/2384 2385/2385/2385
f 2386/2386/2386 2387/2387/2387 2388/2388/2388
f 2389/2389/2389 2390/2390/2390 2391/2391/2391
f 2392/2392/2392 2393/2393/2393 2394/2394/2394
f 2395/2395/2395 2396/2396/2396 2397/2397/2397
f 2398/2398/2398 2399/2399/2399 2400/2400/2400
f 2401/2401/2401 2402/2402/2402 2403/2403/2403
f 2404/2404/2404 2405/2405/2405 2406/2406/2406
f 2407/2407/2407 2408/2408/2408 2409/2409/2409
f 2410/2410/2410 2411/2411/2411 2412/2412/2412
f 2413/2413/2413 2414/2414/2414 2415/2415/2415
f 2416/2416/2416 2417/2417/2417 2418/2418/2418
f 2419/2419/2419 2420/2420/2420 2421/2421/2421
f 2422/2422/2422 2423/2423/2423 2424/2424/2424
f 2425/2425/2425 2426/2426/2426 2427/2427/2427
f 2428/2428/2428 2429/2429/2429 2430/2430/2430
f 2431/2431/2431 2432/2432/2432 2433/2433/2433
f 2434/2434/2434 2435/2435/2435 2436/2436/2436
f 2437/2437/2437 2438/2438/2438 2439/2439/2439
f 2440/2440/2440 2441/2441/2441 2442/2442/2442
f 2443/2443/2443 2444/2444/2444 2445/2445/2445
f 2446/2446/2446 2447/2447/2447 2448/2448/2448
f 2449/2449/2449 2450/2450/2450 2451/2451/2451
f 2452/2452/2452 2453/2453/2453 2454/2454/2454
f 2455/2455/2455 2456/2456/2456 2457/2457/2457
f 2458/2458/2458 2459/2459/2459 2460/2460/2460
f 2461/2461/2461 2462/2462/2462 2463/2463/2463
f 2464/2464/2464 2465/2465/2465 2466/2466/2466
f 2467/2467/2467 2468/2468/2468 2469/2469/2469
f 2470/2470/2470 2471/2471/2471 2472/2472/2472
f 2473/2473/2473 2474/2474/2474 2475/2475/2475
f 2476/2476/2476 2477/2477/2477 2478/2478/2478
f 2479/2479/2479 2480/2480/2480 2481/2481/2481
f 2482/2482/2482 2483/2483/2483 2484/2484/2484
f 2485/2485/2485 2486/2486/2486 2487/2487/2487
f 2488/2488/2488 2489/2489/2489 2490/2490/2490
f 2491/2491/2491 2492/2492/2492 2493/2493/2493
f 2494/2494/2494 2495/2495/2495 2496/2496/2496
f 2497/2497/2497 2498/2498/2498 2499/2499/2499
f 2500/2500/2500 2501/2501/2501 2502/2502/2502
f 2503/2503/2503 2504/2504/2504 2505/2505/2505
f 2506/2506/2506 2507/2507/2507 2508/2508/2508
f 2509/2509/2509 2510/2510/2510 2511/2511/2511
f 2512/2512/2512 2513/2513/2513 2514/2514/2514
f 2515/2515/2515 2516/2516/2516 2517/2517/2517
f 2518/2518/2518 2519/2519/2519 2520/2520/2520
f 2521/2521/2521 2522/2522/2522 2523/2523/2523
f 2524/2524/2524 2525/2525/2525 2526/2526/2526
f 2527/2527/2527 2528/2528/2528 2529/2529/2529
f 2530/2530/2530 2531/2531/2531 2532/2532/2532
f 2533/2533/2533 2534/2534/2534 2535/2535/2535
f 2536/2536/2536 2537/2537/2537 2538/2538/2538
f 2539/2539/2539 2540/2540/2540 2541/2541/2541
f 2542/2542/2542 2543/2543/2543 2544/2544/2544
f 2545/2545/2545 2546/2546/2546 2547/2547/2547
f 2548/2548/2548 2549/2549/2549 2550/2550/2550
f 2551/2551/2551 2552/2552/2552 2553/2553/2553
f 2554/2554/2554 2555/2555/2555 2556/2556/2556
f 2557/2557/2557 2558/2558/2558 2559/2559/2559
f 2560/2560/2560 2561/2561/2561 2562/2562/2562
f 2563/2563/2563 2564/2564/2564 2565/2565/2565
f 2566/2566/2566 2567/2567/2567 2568/2568/2568
f 2569/2569/2569 2570/2570/2570 2571/2571/2571
f 2572/2572/2572 2573/2573/2573 2574/2574/2574
f 2575/2575/2575 2576/2576/2576 2577/2577/2577
f 2578/2578/2578 2579/2579/2579 2580/2580/2580
f 2581/2581/2581 2582/2582/2582 2583/2583/2583
f 2584/2584/2584 2585/2585/2585 2586/2586/2586
f 2587/2587/2587 2588/2588/2588 2589/2589/2589
f 2590/2590/2590 2591/2591/2591 2592/2592/2592
f 2593/2593/2593 2594/2594/2594 2595/2595/2595
f 2596/2596/2596 2597/2597/2597 2598/2598/2598
f 2599/2599/2599 2600/2600/2600 2601/2601/2601
f 2602/2602/2602 2603/2603/2603 2604/2604/2604
f 2605/2605/2605 2606/2606/2606 2607/2607/2607
f 2608/2608/2608 2609/2609/2609 2610/2610/2610
f 2611/2611/2611 2612/2612/2612 2613/2613/2613
f 2614/2614/2614 2615/2615/2615 2616/2616/2616
f 2617/2617/2617 2618/2618/2618 2619/2619/2619
f 2620/2620/2620 2621/2621/2621 2622/2622/2622
f 2623/2623/2623 2624/2624/2624 2625/2625/2625
f 2626/2626/2626 2627/2627/2627 2628/2628/2628
f 2629/2629/2629 2630/2630/2630 2631/2631/2631
f 2632/2632/2632 2633/2633/2633 2634/2634/2634
f 2635/2635/2635 2636/2636/2636 2637/2637/2637
f 2638/2638/2638 2639/2639/2639 2640/2640/2640
f 2641/2641/2641 2642/2642/2642 2643/2643/2643
f 2644/2644/2644 2645/2645/2645 2646/2646/2646
f 2647/2647/2647 2648/2648/2648 2649/2649/2649
f 2650/2650/2650 2651/2651/2651 2652/2652/2652
f 2653/2653/2653 2654/2654/2654 2655/2655/2655
f 2656/2656/2656 2657/2657/2657 2658/2658/2658
f 2659/2659/2659 2660/2660/2660 2661/2661/2661
f 2662/2662/2662 2663/2663/2663 2664/2664/2664
f 2665/2665/2665 2666/2666/2666 2667/2667/2667
f 2668/2668/2668 2669/2669/2669 2670/2670/2670
f 2671/2671/2671 2672/2672/2672 2673/2673/2673
f 2674/2674/2674 2675/2675/2675 2676/2676/2676
f 2677/2677/2677 2678/2678/2678 2679/2679/2679
f 2680/2680/2680 2681/2681/2681 2682/2682/2682
f 2683/2683/2683 2684/2684/2684 2685/2685/2685
f 2686/2686/2686 2687/2687/2687 2688/2688/2688
f 2689/2689/2689 2690/2690/2690 2691/2691/2691
f 2692/2692/2692 2693/2693/2693 2694/2694/2694
f 2695/2695/2695 2696/2696/2696 2697/2697/2697
f 2698/2698/2698 2699/2699/2699 2700/2700/2700
f 2701/2701/2701 2702/2702/2702 2703/2703/2703
f 2704/2704/2704 2705/2705/2705 2706/2706/2706
f 2707/2707/2707 2708/2708/2708 2709/2709/2709
f 2710/2710/2710 2711/2711/2711 2712/2712/2712
f 2713/2713/2713 2714/2714/2714 2715/2715/2715
f 2716/2716/2716 2717/2717/2717 2718/2718/2718
f 2719/2719/2719 2720/2720/2720 2721/2721/2721
f 2722/2722/2722 2723/2723/2723 2724/2724/2724
f 2725/2725/2725 2726/2726/2726 2727/2727/2727
f 2728/2728/2728 2729/2729/2729 2730/2730/2730
f 2731/2731/2731 2732/2732/2732 2733/2733/2733
f 2734/2734/2734 2735/2735/2735 2736/2736/2736
f 2737/2737/2737 2738/2738/2738 2739/2739/2739
f 2740/2740/2740 2741/2741/2741 2742/2742/2742
f 2743/2743/2743 2744/2744/2744 2745/2745/2745
f 2746/2746/2746 2747/2747/2747 2748/2748/2748
f 2749/2749/2749 2750/2750/2750 2751/2751/2751
f 2752/2752/2752 2753/2753/2753 2754/2754/2754
f 2755/2755/2755 2756/2756/2756 2757/2757/2757
f 2758/2758/2758 2759/2759/2759 2760/2760/2760
f 2761/2761/2761 2762/2762/2762 2763/2763/2763
f 2764/2764/2764 2765/2765/2765 2766/2766/2766
f 2767/2767/2767 2768/2768/2768 2769/2769/2769
f 2770/2770/2770 2771/2771/2771 2772/2772/2772
f 2773/2773/2773 2774/2774/2774 2775/2775/2775
f 2776/2776/2776 2777/2777/2777 2778/2778/2778
f 2779/2779/2779 2780/2780/2780 2781/2781/2781
f 2782/2782/2782 2783/2783/2783 2784/2784/2784
f 2785/2785/2785 2786/2786/2786 2787/2787/2787
f 2788/2788/2788 2789/2789/2789 2790/2790/2790
f 2791/2791/2791 2792/2792/2792 2793/2793/2793
f 2794/2794/2794 2795/2795/2795 2796/2796/2796
f 2797/2797/2797 2798/2798/2798 2799/2799/2799
f 2800/2800/2800 2801/2801/2801 2802/2802/2802
f 2803/2803/2803 2804/2804/2804 2805/2805/2805
f 2806/2806/2806 2807/2807/2807 2808/2808/2808
f 2809/2809/2809 2810/2810/2810 2811/2811/2811
f 2812/2812/2812 2813/2813/2813 2814/2814/2814
f 2815/2815/2815 2816/2816/2816 2817/2817/2817
f 2818/2818/2818 2819/2819/2819 2820/2820/2820
f 2821/2821/2821 2822/2822/2822 2823/2823/2823
f 2824/2824/2824 2825/2825/2825 2826/2826/2826
f 2827/2827/2827 2828/2828/2828 2829/2829/2829
f 2830/2830/2830 2831/2831/2831 2832/2832/2832
f 2833/2833/2833 2834/2834/2834 2835/2835/2835
f 2836/2836/2836 2837/2837/2837 2838/2838/2838
f 2839/2839/2839 2840/2840/2840 2841/2841/2841
f 2842/2842/2842 2843/2843/2843 2844/2844/2844
f 2845/2845/2845 2846/2846/2846 2847/2847/2847
f 2848/2848/2848 2849/2849/2849 2850/2850/2850
f 2851/2851/2851 2852/2852/2852 2853/2853/2853
f 2854/2854/2854 2855/2855/2855 2856/2856/2856
f 2857/2857/2857 2858/2858/2858 2859/2859/2859
f 2860/2860/2860 2861/2861/2861 2862/2862/2862
f 2863/2863/2863 2864/2864/2864 2865/2865/2865
f 2866/2866/2866 2867/2867/2867 2868/2868/2868
f 2869/2869/2869 2870/2870/2870 2871/2871/2871
f 2872/2872/2872 2873/2873/2873 2874/2874/2874
f 2875/2875/2875 2876/2876/2876 2877/2877/2877
f 2878/2878/2878 2879/2879/2879 2880/2880/2880
f 2881/2881/2881 2882/2882/2882 2883/2883/2883
f 2884/2884/2884 2885/2885/2885 2886/2886/2886
f 2887/2887/2887 2888/2888/2888 2889/2889/2889
f 2890/2890/2890 2891/2891/2891 2892/2892/2892
f 2893/2893/2893 2894/2894/2894 2895/2895/2895
f 2896/2896/2896 2897/2897/2897 2898/2898/2898
f 2899/2899/2899 2900/2900/2900 2901/2901/2901
f 2902/2902/2902 2903/2903/2903 2904/2904/2904
f 2905/2905/2905 2906/2906/2906 2907/2907/2907
f 2908/2908/2908 2909/2909/2909 2910/2910/2910
f 2911/2911/2911 2912/2912/2912 2913/2913/2913
f 2914/2914/2914 2915/2915/2915 2916/2916/2916
f 2917/2917/2917 2918/2918/2918 2919/2919/2919
f 2920/2920/2920 2921/2921/2921 2922/2922/2922
f 2923/2923/2923 2924/2924/2924 2925/2925/2925
f 2926/2926/2926 2927/2927/2927 2928/2928/2928
f 2929/2929/2929 2930/2930/2930 2931/2931/2931
f 2932/2932/2932 2933/2933/2933 2934/2934/2934
f 2935/2935/2935 2936/2936/2936 2937/2937/2937
f 2938/2938/2938 2939/2939/2939 2940/2940/2940
f 2941/2941/2941 2942/2942/2942 2943/2943/2943
f 2944/2944/2944 2945/2945/2945 2946/2946/2946
f 2947/2947/2947 2948/2948/2948 2949/2949/2949
f 2950/2950/2950 2951/2951/2951 2952/2952/2952
f 2953/2953/2953 2954/2954/2954 2955/2955/2955
f 2956/2956/2956 2957/2957/2957 2958/2958/2958
f 2959/2959/2959 2960/2960/2960 2961/2961/2961
f 2962/2962/2962 2963/2963/2963 2964/2964/2964
f 2965/2965/2965 2966/2966/2966 2967/2967/2967
f 2968/2968/2968 2969/2969/2969 2970/2970/2970
f 2971/2971/2971 2972/2972/2972 2973/2973/2973
f 2974/2974/2974 2975/2975/2975 2976/2976/2976
f 2977/2977/2977 2978/2978/2978 2979/2979/2979
f 2980/2980/2980 2981/2981/2981 2982/2982/2982
f 2983/2983/2983 2984/2984/2984 2985/2985/2985
f 2986/2986/2986 2987/2987/2987 2988/2988/2988
f 2989/2989/2989 2990/2990/2990 2991/2991/2991
f 2992/2992/2992 2993/2993/2993 2994/2994/2994
f 2995/2995/2995 2996/2996/2996 2997/2997/2997
f 2998/2998/2998 2999/2999/2999 3000/3000/3000
f 3001/3001/3001 3002/3002/3002 3003/3003/3003
f 3004/3004/3004 3005/3005/3005 3006/3006/3006
f 3007/3007/3007 3008/3008/3008 3009/3009/3009
f 3010/3010/3010 3011/3011/3011 3012/3012/3012
f 3013/3013/3013 3014/3014/3014 3015/3015/3015
f 3016/3016/3016 3017/3017/3017 3018/3018/3018
f 3019/3019/3019 3020/3020/3020 3021/3021/3021
f 3022/3022/3022 3023/3023/3023 3024/3024/3024
f 3025/3025/3025 3026/3026/3026 3027/3027/3027
f 3028/3028/3028 3029/3029/3029 3030/3030/3030
f 3031/3031/3031 3032/3032/3032 3033/3033/3033
f 3034/3034/3034 3035/3035/3035 3036/3036/3036
f 3037/3037/3037 3038/3038/3038 3039/3039/3039
f 3040/3040/3040 3041/3041/3041 3042/3042/3042
f 3043/3043/3043 3044/3044/3044 3045/3045/3045
f 3046/3046/3046 3047/3047/3047 3048/3048/3048
f 3049/3049/3049 3050/3050/3050 3051/3051/3051
f 3052/3052/3052 3053/3053/3053 3054/3054/3054
f 3055/3055/3055 3056/3056/3056 3057/3057/3057
f 3058/3058/3058 3059/3059/3059 3060/3060/3060
f 3061/3061/3061 3062/3062/3062 3063/3063/3063
f 3064/3064/3064 3065/3065/3065 3066/3066/3066
f 3067/3067/3067 3068/3068/3068 3069/3069/3069
f 3070/3070/3070 3071/3071/3071 3072/3072/3072
f 3073/3073/3073 3074/3074/3074 3075/3075/3075
f 3076/3076/3076 3077/3077/3077 3078/3078/3078
f 3079/3079/3079 3080/3080/3080 3081/3081/3081
f 3082/3082/3082 3083/3083/3083 3084/3084/3084
f 3085/3085/3085 3086/3086/3086 3087/3087/3087
f 3088/3088/3088 3089/3089/3089 3090/3090/3090
f 3091/3091/3091 3092/3092/3092 3093/3093/3093
f 3094/3094/3094 3095/3095/3095 3096/3096/3096
f 3097/3097/3097 3098/3098/3098 3099/3099/3099
f 3100/3100/3100 3101/3101/3101 3102/3102/3102
f 3103/3103/3103 3104/3104/3104 3105/3105/3105
f 3106/3106/3106 3107/3107/3107 3108/3108/3108
f 3109/3109/3109 3110/3110/3110 3111/3111/3111
f 3112/3112/3112 3113/3113/3113 3114/3114/3114
f 3115/3115/3115 3116/3116/3116 3117/3117/3117
f 3118/3118/3118 3119/3119/3119 3120/3120/3120
f 3121/3121/3121 3122/3122/3122 3123/3123/3123
f 3124/3124/3124 3125/3125/3125 3126/3126/3126
f 3127/3127/3127 3128/3128/3128 3129/3129/3129
f 3130/3130/3130 3131/3131/3131 3132/3132/3132
f 3133/3133/3133 3134/3134/3134 3135/3135/3135
f 3136/3136/3136 3137/3137/3137 3138/3138/3138
f 3139/3139/3139 3140/3140/3140 3141/3141/3141
f 3142/3142/3142 3143/3143/3143 3144/3144/3144
f 3145/3145/3145 3146/3146/3146 3147/3147/3147
f 3148/3148/3148 3149/3149/3149 3150/3150/3150
f 3151/3151/3151 3152/3152/3152 3153/3153/3153
f 3154/3154/3154 3155/3155/3155 3156/3156/3156
f 3157/3157/3157 3158/3158/3158 3159/3159/3159
f 3160/3160/3160 3161/3161/3161 3162/3162/3162
f 3163/3163/3163 3164/3164/3164 3165/3165/3165
f 3166/3166/3166 3167/3167/3167 3168/3168/3168
f 3169/3169/3169 3170/3170/3170 3171/3171/3171
f 3172/3172/3172 3173/3173/3173 3174/3174/3174
f 3175/3175/3175 3176/3176/3176 3177/3177/3177
f 3178/3178/3178 3179/3179/3179 3180/3180/3180
f 3181/3181/3181 3182/3182/3182 3183/3183/3183
f 3184/3184/3184 3185/3185/3185 3186/3186/3186
f 3187/3187/3187 3188/3188/3188 3189/3189/3189
f 3190/3190/3190 3191/3191/3191 3192/3192/3192
f 3193/3193/3193 3194/3194/3194 3195/3195/3195
f 3196/3196/3196 3197/3197/3197 3198/3198/3198
f 3199/3199/3199 3200/3200/3200 3201/3201/3201
f 3202/3202/3202 3203/3203/3203 3204/3204/3204
f 3205/3205/3205 3206/3206/3206 3207/3207/3207
f 3208/3208/3208 3209/3209/3209 3210/3210/3210
f 3211/3211/3211 3212/3212/3212 3213/3213/3213
f 3214/3214/3214 3215/3215/3215 3216/3216/3216
f 3217/3217/3217 3218/3218/3218 3219/3219/3219
f 3220/3220/3220 3221/3221/3221 3222/3222/3222
f 3223/3223/3223 3224/3224/3224 3225/3225/3225
f 3226/3226/3226 3227/3227/3227 3228/3228/3228
f 3229/3229/3229 3230/3230/3230 3231/3231/3231
f 3232/3232/3232 3233/3233/3233 3234/3234/3234
f 3235/3235/3235 3236/3236/3236 3237/3237/3237
f 3238/3238/3238 3239/3239/3239 3240/3240/3240
f 3241/3241/3241 3242/3242/3242 3243/3243/3243
f 3244/3244/3244 3245/3245/3245 3246/3246/3246
f 3247/3247/3247 3248/3248/3248 3249/3249/3249
f 3250/3250/3250 3251/3251/3251 3252/3252/3252
f 3253/3253/3253 3254/3254/3254 3255/3255/3255
f 3256/3256/3256 3257/3257/3257 3258/3258/3258
f 3259/3259/3259 3260/3260/3260 3261/3261/3261
f 3262/3262/3262 3263/3263/3263 3264/3264/3264
f 3265/3265/3265 3266/3266/3266 3267/3267/3267
f 3268/3268/3268 3269/3269/3269 3270/3270/3270
f 3271/3271/3271 3272/3272/3272 3273/3273/3273
f 3274/3274/3274 3275/3275/3275 3276/3276/3276
f 3277/3277/3277 3278/3278/3278 3279/3279/3279
f 3280/3280/3280 3281/3281/3281 3282/3282/3282
f 3283/3283/3283 3284/3284/3284 3285/3285/3285
f 3286/3286/3286 3287/3287/3287 3288/3288/3288
f 3289/3289/3289 3290/3290/3290 3291/3291/3291
f 3292/3292/3292 3293/3293/3293 3294/3294/3294
f 3295/3295/3295 3296/3296/3296 3297/3297/3297
f 3298/3298/3298 3299/3299/3299 3300/3300/3300
f 3301/3301/3301 3302/3302/3302 3303/3303/3303
f 3304/3304/3304 3305/3305/3305 3306/3306/3306
f 3307/3307/3307 3308/3308/3308 3309/3309/3309
f 3310/3310/3310 3311/3311/3311 3312/3312/3312
f 3313/3313/3313 3314/3314/3314 3315/3315/3315
f 3316/3316/3316 3317/3317/3317 3318/3318/3318
f 3319/3319/3319 3320/3320/3320 3321/3321/3321
f 3322/3322/3322 3323/3323/3323 3324/3324/3324
f 3325/3325/3325 3326/3326/3326 3327/3327/3327
f 3328/3328/3328 3329/3329/3329 3330/3330/3330
f 3331/3331/3331 3332/3332/3332 3333/3333/3333
f 3334/3334/3334 3335/3335/3335 3336/3336/3336
f 3337/3337/3337 3338/3338/3338 3339/3339/3339
f 3340/3340/3340 3341/3341/3341 3342/3342/3342
f 3343/3343/3343 3344/3344/3344 3345/3345/3345
f 3346/3346/3346 3347/3347/3347 3348/3348/3348
f 3349/3349/3349 3350/3350/3350 3351/3351/3351
f 3352/3352/3352 3353/3353/3353 3354/3354/3354
f 3355/3355/3355 3356/3356/3356 3357/3357/3357
f 3358/3358/3358 3359/3359/3359 3360/3360/3360
f 3361/3361/3361 3362/3362/3362 3363/3363/3363
f 3364/3364/3364 3365/3365/3365 3366/3366/3366
f 3367/3367/3367 3368/3368/3368 3369/3369/3369
f 3370/3370/3370 3371/3371/3371 3372/3372/3372
f 3373/3373/3373 3374/3374/3374 3375/3375/3375
f 3376/3376/3376 3377/3377/3377 3378/3378/3378
f 3379/3379/3379 3380/3380/3380 3381/3381/3381
f 3382/3382/3382 3383/3383/3383 3384/3384/3384
f 3385/3385/3385 3386/3386/3386 3387/3387/3387
f 3388/3388/3388 3389/3389/3389 3390/3390/3390
f 3391/3391/3391 3392/3392/3392 3393/3393/3393
f 3394/3394/3394 3395/3395/3395 3396/3396/3396
f 3397/3397/3397 3398/3398/3398 3399/3399/3399
f 3400/3400/3400 3401/3401/3401 3402/3402/3402
f 3403/3403/3403 3404/3404/3404 3405/3405/3405
f 3406/3406/3406 3407/3407/3407 3408/3408/3408
f 3409/3409/3409 3410/3410/3410 3411/3411/3411
f 3412/3412/3412 3413/3413/3413 3414/3414/3414
f 3415/3415/3415 3416/3416/3416 3417/3417/3417
f 3418/3418/3418 3419/3419/3419 3420/3420/3420
f 3421/3421/3421 3422/3422/3422 3423/3423/3423
f 3424/3424/3424 3425/3425/3425 3426/3426/3426
f 3427/3427/3427 3428/3428/3428 3429/3429/3429
f 3430/3430/3430 3431/3431/3431 3432/3432/3432
f 3433/3433/3433 3434/3434/3434 3435/3435/3435
f 3436/3436/3436 3437/3437/3437 3438/3438/3438
f 3439/3439/3439 3440/3440/3440 3441/3441/3441
f 3442/3442/3442 3443/3443/3443 3444/3444/3444
f 3445/3445/3445 3446/3446/3446 3447/3447/3447
f 3448/3448/3448 3449/3449/3449 3450/3450/3450
f 3451/3451/3451 3452/3452/3452 3453/3453/3453
f 3454/3454/3454 3455/3455/3455 3456/3456/3456
f 3457/3457/3457 3458/3458/3458 3459/3459/3459
f 3460/3460/3460 3461/3461/3461 3462/3462/3462
f 3463/3463/3463 3464/3464/3464 3465/3465/3465
f 3466/3466/3466 3467/3467/3467 3468/3468/3468
f 3469/3469/3469 3470/3470/3470 3471/3471/3471
f 3472/3472/3472 3473/3473/3473 3474/3474/3474
f 3475/3475/3475 3476/3476/3476 3477/3477/3477
f 3478/3478/3478 3479/3479/3479 3480/3480/3480
f 3481/3481/3481 3482/3482/3482 3483/3483/3483
f 3484/3484/3484 3485/3485/3485 3486/3486/3486
f 3487/3487/3487 3488/3488/3488 3489/3489/3489
f 3490/3490/3490 3491/3491/3491 3492/3492/3492
f 3493/3493/3493 3494/3494/3494 3495/3495/3495
f 3496/3496/3496 3497/3497/3497 3498/3498/3498
f 3499/3499/3499 3500/3500/3500 3501/3501/3501
f 3502/3502/3502 3503/3503/3503 3504/3504/3504
